sample_id,user_id,positive_item,negative_item,item_a,item_b,flipped,ground_truth_label,pid_split,split_position
0,0,164,1744,1744,164,1,0,test,347
1,1,2530,9165,9165,2530,1,0,train,3808
2,2,5029,7873,5029,7873,0,1,train,6316
3,3,114,7242,7242,114,1,0,train,5874
4,4,6857,118,6857,118,0,1,train,6606
5,5,8805,8205,8205,8805,1,0,train,7128
6,6,3200,4286,4286,3200,1,0,test,1772
7,7,3363,746,746,3363,1,0,train,6942
8,8,3298,8128,8128,3298,1,0,test,1626
9,9,1322,3076,3076,1322,1,0,train,5785
10,10,154,7040,7040,154,1,0,train,4589
11,11,2968,5895,2968,5895,0,1,train,410
12,12,131,287,131,287,0,1,train,694
13,13,7819,5347,7819,5347,0,1,train,2220
14,14,590,1535,1535,590,1,0,train,291
15,15,164,1446,164,1446,0,1,train,7323
16,16,8589,2445,2445,8589,1,0,train,3718
17,17,1070,3221,3221,1070,1,0,train,4083
18,18,208,1639,1639,208,1,0,test,1705
19,19,377,6497,377,6497,0,1,train,7410
20,20,5666,6759,5666,6759,0,1,test,411
21,21,1082,8335,1082,8335,0,1,train,5677
22,22,4474,8873,4474,8873,0,1,train,5187
23,23,608,2927,608,2927,0,1,test,664
24,24,395,3481,3481,395,1,0,train,634
25,25,344,9281,9281,344,1,0,test,1621
26,26,5671,2272,5671,2272,0,1,test,1476
27,27,704,3408,3408,704,1,0,train,1859
28,28,733,3186,3186,733,1,0,train,2088
29,29,681,886,681,886,0,1,train,6740
30,30,7945,6293,6293,7945,1,0,train,1857
31,31,665,7168,665,7168,0,1,train,4937
32,32,5968,6529,5968,6529,0,1,train,5252
33,34,628,3508,3508,628,1,0,train,4070
34,35,7321,3246,7321,3246,0,1,train,3860
35,36,710,928,928,710,1,0,train,576
36,37,705,5543,705,5543,0,1,test,797
37,38,674,8495,674,8495,0,1,train,2615
38,39,5977,6748,5977,6748,0,1,train,3166
39,40,5969,509,5969,509,0,1,train,4711
40,41,681,1166,1166,681,1,0,train,6948
41,42,627,4492,4492,627,1,0,train,3351
42,43,652,7202,652,7202,0,1,train,1252
43,44,620,5134,620,5134,0,1,train,7227
44,45,720,3026,3026,720,1,0,train,5922
45,46,672,3992,672,3992,0,1,test,811
46,47,737,1595,1595,737,1,0,train,7644
47,48,678,9030,9030,678,1,0,train,6232
48,49,635,6350,635,6350,0,1,train,4518
49,51,629,2698,2698,629,1,0,train,7605
50,52,619,8186,8186,619,1,0,test,899
51,53,698,2231,698,2231,0,1,train,2523
52,56,734,4095,734,4095,0,1,train,448
53,57,688,5440,5440,688,1,0,train,3711
54,59,5065,7142,7142,5065,1,0,test,1149
55,60,912,8123,8123,912,1,0,test,808
56,61,883,8888,883,8888,0,1,train,5381
57,62,4128,5576,5576,4128,1,0,train,5009
58,63,316,6095,316,6095,0,1,train,2270
59,64,7492,8556,7492,8556,0,1,train,421
60,65,490,2822,490,2822,0,1,train,7113
61,66,766,6101,6101,766,1,0,train,3362
62,67,162,4295,4295,162,1,0,train,3968
63,68,3376,4084,4084,3376,1,0,train,5447
64,69,161,2218,2218,161,1,0,train,4417
65,70,4463,394,394,4463,1,0,train,3262
66,71,476,5059,5059,476,1,0,train,6411
67,72,750,1772,1772,750,1,0,test,316
68,73,316,1828,1828,316,1,0,test,1636
69,74,278,5333,278,5333,0,1,train,1263
70,75,4358,1229,4358,1229,0,1,train,5380
71,76,9057,7296,7296,9057,1,0,train,501
72,77,749,8572,8572,749,1,0,train,1471
73,78,750,3272,3272,750,1,0,train,3745
74,79,5757,5046,5757,5046,0,1,train,3689
75,80,8279,5078,5078,8279,1,0,train,3184
76,81,9024,7054,7054,9024,1,0,train,5523
77,82,340,8094,8094,340,1,0,test,157
78,83,4481,7243,7243,4481,1,0,test,1671
79,84,844,6044,6044,844,1,0,train,1996
80,85,165,4025,4025,165,1,0,test,184
81,86,3039,4395,3039,4395,0,1,train,674
82,87,865,902,865,902,0,1,test,1695
83,88,905,2292,2292,905,1,0,train,3039
84,89,208,8796,8796,208,1,0,train,6171
85,90,2991,576,2991,576,0,1,train,2029
86,91,1104,1044,1104,1044,0,1,test,861
87,92,4667,8586,8586,4667,1,0,train,3819
88,93,3612,3821,3821,3612,1,0,train,6984
89,94,3168,4163,4163,3168,1,0,train,1068
90,95,313,7000,313,7000,0,1,train,7049
91,96,3408,6003,3408,6003,0,1,test,1742
92,97,312,3453,312,3453,0,1,test,1160
93,98,106,663,106,663,0,1,train,811
94,100,747,3379,3379,747,1,0,train,6737
95,101,788,1965,1965,788,1,0,train,7575
96,102,299,8327,299,8327,0,1,test,1641
97,103,6285,7570,7570,6285,1,0,test,1856
98,104,5172,3739,3739,5172,1,0,train,5524
99,105,891,5758,891,5758,0,1,train,1534
100,106,693,7104,693,7104,0,1,train,1119
101,107,2566,56,2566,56,0,1,test,1458
102,108,5012,6833,5012,6833,0,1,test,1277
103,109,1351,871,871,1351,1,0,train,5762
104,110,3494,2411,2411,3494,1,0,train,1214
105,111,6466,5484,6466,5484,0,1,train,4425
106,112,4071,6252,4071,6252,0,1,train,1765
107,113,7318,1259,7318,1259,0,1,train,1576
108,114,1867,7909,7909,1867,1,0,train,5684
109,115,596,8265,8265,596,1,0,train,4418
110,116,8601,7816,8601,7816,0,1,test,1893
111,117,7759,2467,7759,2467,0,1,train,4705
112,118,5267,6066,5267,6066,0,1,train,1445
113,119,4705,370,4705,370,0,1,train,7544
114,120,1980,4558,1980,4558,0,1,train,2308
115,121,6429,3163,3163,6429,1,0,train,1988
116,122,4866,2281,2281,4866,1,0,train,4909
117,123,2246,1275,1275,2246,1,0,train,4504
118,124,8246,4590,8246,4590,0,1,train,7522
119,125,3766,5040,5040,3766,1,0,train,834
120,126,7892,1058,7892,1058,0,1,train,3623
121,127,2397,8841,8841,2397,1,0,train,6290
122,128,1591,1284,1284,1591,1,0,train,138
123,129,831,6384,6384,831,1,0,train,5369
124,130,2183,5812,2183,5812,0,1,train,5620
125,131,4946,2555,4946,2555,0,1,train,6014
126,132,763,2400,2400,763,1,0,train,5695
127,133,2217,6457,6457,2217,1,0,train,6095
128,134,2133,2244,2244,2133,1,0,train,6228
129,135,3974,8509,8509,3974,1,0,test,241
130,136,4843,596,4843,596,0,1,train,4926
131,137,1827,746,746,1827,1,0,train,6483
132,138,3828,263,3828,263,0,1,train,6242
133,139,2444,7546,7546,2444,1,0,train,3910
134,140,6045,6678,6678,6045,1,0,train,3605
135,141,2151,1879,1879,2151,1,0,train,7278
136,142,2129,710,710,2129,1,0,train,1258
137,143,5863,1350,5863,1350,0,1,train,6339
138,145,228,5778,228,5778,0,1,train,3112
139,146,7139,5315,5315,7139,1,0,train,2879
140,147,7931,5941,7931,5941,0,1,test,1412
141,148,9299,5988,5988,9299,1,0,train,5267
142,149,355,3537,3537,355,1,0,train,1253
143,150,1381,8956,8956,1381,1,0,train,7175
144,151,880,3697,3697,880,1,0,test,125
145,152,6723,5456,5456,6723,1,0,train,4457
146,153,4964,4756,4756,4964,1,0,train,4336
147,156,6249,6987,6249,6987,0,1,train,3683
148,157,4690,38,4690,38,0,1,train,5734
149,158,5928,8871,5928,8871,0,1,train,729
150,159,5045,4163,4163,5045,1,0,train,7090
151,160,4104,3715,4104,3715,0,1,train,6061
152,161,338,131,338,131,0,1,train,1663
153,162,305,149,149,305,1,0,train,5863
154,163,4230,4843,4230,4843,0,1,train,4246
155,164,1436,5167,1436,5167,0,1,train,4619
156,165,164,462,462,164,1,0,train,7451
157,166,3061,6459,3061,6459,0,1,train,558
158,168,2718,5556,2718,5556,0,1,train,2825
159,169,163,5418,163,5418,0,1,train,2365
160,170,444,2250,2250,444,1,0,train,4954
161,171,4424,4148,4424,4148,0,1,train,3069
162,172,1020,5511,1020,5511,0,1,train,7776
163,173,1080,794,794,1080,1,0,test,1601
164,174,4560,5111,4560,5111,0,1,train,7421
165,175,417,7991,7991,417,1,0,train,61
166,176,1098,8753,8753,1098,1,0,test,1548
167,177,226,170,170,226,1,0,train,3062
168,178,4052,6286,6286,4052,1,0,train,160
169,179,3980,9058,3980,9058,0,1,test,1018
170,180,3249,5268,3249,5268,0,1,train,1096
171,181,264,1003,1003,264,1,0,train,4878
172,182,585,5770,585,5770,0,1,train,6746
173,184,941,7320,941,7320,0,1,train,7104
174,185,3113,891,891,3113,1,0,test,521
175,186,7166,575,575,7166,1,0,train,4074
176,187,2438,3876,2438,3876,0,1,train,662
177,188,6697,7638,6697,7638,0,1,train,5565
178,189,5594,8276,8276,5594,1,0,train,385
179,190,6649,1804,1804,6649,1,0,train,4164
180,191,4566,4549,4549,4566,1,0,train,4970
181,192,3280,1854,1854,3280,1,0,train,3733
182,193,8094,4140,8094,4140,0,1,train,4955
183,194,6741,2878,2878,6741,1,0,train,4638
184,195,5671,330,5671,330,0,1,train,6769
185,196,4407,93,4407,93,0,1,train,5658
186,197,3064,103,3064,103,0,1,train,1459
187,198,2038,1901,2038,1901,0,1,train,770
188,199,337,3109,3109,337,1,0,train,2927
189,200,134,2453,134,2453,0,1,train,4190
190,201,891,5319,5319,891,1,0,train,2235
191,202,5411,3961,5411,3961,0,1,train,3744
192,203,2905,6782,2905,6782,0,1,train,3002
193,204,2621,7194,7194,2621,1,0,train,7064
194,205,255,3686,255,3686,0,1,test,60
195,206,2769,2358,2769,2358,0,1,train,6049
196,207,3064,1669,1669,3064,1,0,test,723
197,208,368,7821,368,7821,0,1,train,1144
198,209,3059,184,184,3059,1,0,train,2593
199,210,4295,494,4295,494,0,1,train,7550
200,211,2769,1191,2769,1191,0,1,train,2996
201,212,2769,9274,9274,2769,1,0,test,956
202,213,2769,9171,9171,2769,1,0,train,204
203,214,1126,5755,5755,1126,1,0,train,1731
204,215,1873,7010,1873,7010,0,1,train,6122
205,216,6765,2974,6765,2974,0,1,test,607
206,217,2754,6589,6589,2754,1,0,train,1696
207,218,1555,641,641,1555,1,0,train,1187
208,219,4519,5779,5779,4519,1,0,test,329
209,220,4527,7955,7955,4527,1,0,train,2357
210,221,489,7462,489,7462,0,1,train,2926
211,222,5621,3950,3950,5621,1,0,train,2444
212,223,582,4499,582,4499,0,1,test,1104
213,224,7997,5219,5219,7997,1,0,train,3361
214,225,321,7961,321,7961,0,1,test,1255
215,226,443,184,184,443,1,0,test,169
216,228,740,4001,740,4001,0,1,test,1250
217,229,4497,630,630,4497,1,0,train,3437
218,230,569,4340,569,4340,0,1,train,3238
219,231,491,1321,1321,491,1,0,train,2791
220,232,939,297,297,939,1,0,test,461
221,233,351,3987,3987,351,1,0,test,115
222,235,7307,5249,7307,5249,0,1,train,3045
223,236,2235,9005,2235,9005,0,1,train,1366
224,237,4733,3994,3994,4733,1,0,train,2060
225,238,1240,305,1240,305,0,1,train,963
226,239,7406,344,7406,344,0,1,train,5707
227,240,2630,3989,3989,2630,1,0,train,2955
228,241,2129,6837,6837,2129,1,0,train,6643
229,242,2355,2489,2355,2489,0,1,train,6462
230,243,6261,6395,6395,6261,1,0,train,3513
231,244,5863,6246,5863,6246,0,1,test,254
232,245,195,5342,195,5342,0,1,test,1203
233,246,2991,4904,4904,2991,1,0,train,1801
234,247,2850,4916,2850,4916,0,1,train,6703
235,248,843,3307,3307,843,1,0,train,1274
236,249,5660,8916,5660,8916,0,1,train,519
237,250,158,1083,158,1083,0,1,train,580
238,251,3008,6181,3008,6181,0,1,train,1788
239,252,8281,6767,6767,8281,1,0,train,3523
240,253,368,5547,368,5547,0,1,train,216
241,254,1914,2944,2944,1914,1,0,test,190
242,255,6966,7017,7017,6966,1,0,test,718
243,256,7042,5083,5083,7042,1,0,train,6009
244,257,9108,4245,9108,4245,0,1,train,6240
245,258,3173,7238,7238,3173,1,0,train,3374
246,259,2164,6752,6752,2164,1,0,train,5947
247,260,777,5313,777,5313,0,1,train,6387
248,261,9190,7250,7250,9190,1,0,train,4632
249,262,2749,3196,3196,2749,1,0,test,114
250,263,1879,7820,7820,1879,1,0,train,52
251,264,1357,1017,1017,1357,1,0,train,3402
252,265,2650,2068,2650,2068,0,1,train,901
253,266,3418,5784,3418,5784,0,1,train,167
254,267,6185,7626,7626,6185,1,0,train,2159
255,268,7767,1183,7767,1183,0,1,train,6902
256,269,3418,5216,5216,3418,1,0,train,5355
257,270,1934,7164,1934,7164,0,1,train,7077
258,271,2220,6714,6714,2220,1,0,train,6611
259,272,1955,771,1955,771,0,1,train,227
260,273,3733,5646,3733,5646,0,1,test,393
261,274,1674,1197,1197,1674,1,0,train,5280
262,275,1874,5685,1874,5685,0,1,train,709
263,276,6237,6517,6517,6237,1,0,train,2680
264,277,8532,3082,8532,3082,0,1,train,2598
265,278,434,7961,434,7961,0,1,train,520
266,279,3264,4980,4980,3264,1,0,train,7843
267,280,3249,1068,3249,1068,0,1,train,5460
268,281,5659,6929,6929,5659,1,0,test,168
269,282,4358,2030,2030,4358,1,0,test,139
270,283,1439,4657,4657,1439,1,0,test,383
271,284,8538,5215,8538,5215,0,1,train,6574
272,285,3249,4635,4635,3249,1,0,test,1467
273,286,4139,750,4139,750,0,1,train,4158
274,287,1878,7297,1878,7297,0,1,train,1105
275,288,7410,343,7410,343,0,1,train,6293
276,289,3016,3389,3016,3389,0,1,train,87
277,290,2772,8989,8989,2772,1,0,train,3738
278,291,4041,6605,4041,6605,0,1,train,3182
279,292,6213,8778,6213,8778,0,1,train,5834
280,293,9043,89,9043,89,0,1,test,1380
281,294,1050,6636,1050,6636,0,1,train,5114
282,295,4041,5530,4041,5530,0,1,train,5336
283,296,528,1182,1182,528,1,0,train,1693
284,297,3753,1914,3753,1914,0,1,train,7138
285,298,8300,3075,8300,3075,0,1,test,149
286,299,2039,2791,2039,2791,0,1,train,6275
287,300,1895,7945,7945,1895,1,0,test,1578
288,301,8430,524,524,8430,1,0,train,2855
289,302,4241,8122,8122,4241,1,0,train,5425
290,303,1050,4893,1050,4893,0,1,test,759
291,304,4249,2121,2121,4249,1,0,train,1800
292,305,1521,2493,2493,1521,1,0,train,5218
293,306,8181,2331,8181,2331,0,1,train,1662
294,307,1415,4763,1415,4763,0,1,train,2784
295,308,3805,1129,3805,1129,0,1,test,1439
296,309,278,8056,278,8056,0,1,train,3639
297,310,1427,305,1427,305,0,1,test,938
298,311,6595,6764,6764,6595,1,0,train,3446
299,312,923,4917,4917,923,1,0,train,3641
300,313,4323,2229,4323,2229,0,1,test,1872
301,314,1205,1313,1313,1205,1,0,train,7855
302,315,468,7436,468,7436,0,1,train,3503
303,316,253,9119,253,9119,0,1,train,4749
304,318,134,6287,134,6287,0,1,train,1309
305,319,264,2862,264,2862,0,1,train,395
306,320,441,4989,441,4989,0,1,test,1694
307,323,3011,2074,2074,3011,1,0,test,678
308,325,5713,2303,2303,5713,1,0,train,5799
309,326,374,3183,3183,374,1,0,train,2601
310,327,1446,1707,1446,1707,0,1,train,7846
311,328,585,7174,585,7174,0,1,train,3533
312,329,2040,7119,7119,2040,1,0,test,11
313,330,574,1327,574,1327,0,1,test,1799
314,331,1451,9084,1451,9084,0,1,train,4231
315,332,532,5689,532,5689,0,1,train,5936
316,333,4001,194,4001,194,0,1,train,5098
317,334,2944,8147,8147,2944,1,0,train,18
318,335,537,1696,537,1696,0,1,train,6950
319,336,308,6362,308,6362,0,1,train,5628
320,337,73,6841,6841,73,1,0,train,6690
321,338,407,4859,4859,407,1,0,train,575
322,339,327,3885,3885,327,1,0,train,4776
323,340,138,9003,9003,138,1,0,train,1316
324,341,134,5478,134,5478,0,1,train,4588
325,342,3990,6320,6320,3990,1,0,train,6444
326,343,2781,9149,9149,2781,1,0,test,47
327,344,4005,7729,7729,4005,1,0,train,7664
328,345,4558,5793,4558,5793,0,1,train,6850
329,346,435,8145,8145,435,1,0,train,3645
330,347,142,8477,142,8477,0,1,train,1178
331,348,1013,1200,1200,1013,1,0,test,730
332,349,204,4192,4192,204,1,0,train,4945
333,350,1555,7018,7018,1555,1,0,train,3657
334,351,1314,322,1314,322,0,1,train,2076
335,352,3562,2223,3562,2223,0,1,test,1871
336,353,608,2111,608,2111,0,1,test,167
337,354,3237,2792,3237,2792,0,1,train,6119
338,355,5783,1321,1321,5783,1,0,train,3130
339,356,2929,5601,5601,2929,1,0,train,3635
340,357,680,2347,680,2347,0,1,train,2631
341,358,550,5678,550,5678,0,1,train,450
342,359,372,2489,2489,372,1,0,train,962
343,360,939,1019,1019,939,1,0,train,7073
344,361,2973,9323,9323,2973,1,0,train,3930
345,362,2906,2625,2625,2906,1,0,train,720
346,364,2850,8817,8817,2850,1,0,test,56
347,366,2878,2364,2364,2878,1,0,train,1225
348,367,3135,642,642,3135,1,0,test,388
349,368,8711,7440,8711,7440,0,1,train,6238
350,369,2582,8192,8192,2582,1,0,train,3352
351,371,2951,12,2951,12,0,1,test,639
352,372,264,6417,264,6417,0,1,train,5855
353,373,3037,4800,3037,4800,0,1,train,598
354,374,4406,1486,1486,4406,1,0,train,7258
355,375,558,5659,5659,558,1,0,train,801
356,376,3994,4658,4658,3994,1,0,test,1834
357,377,437,8879,8879,437,1,0,test,295
358,378,2853,6042,2853,6042,0,1,train,2612
359,379,548,8334,8334,548,1,0,test,573
360,380,360,8494,8494,360,1,0,train,7145
361,381,7660,5908,7660,5908,0,1,test,1482
362,382,5225,5490,5490,5225,1,0,train,6708
363,383,2226,4941,4941,2226,1,0,train,5309
364,384,1723,5748,5748,1723,1,0,test,1449
365,385,4156,4964,4964,4156,1,0,train,7856
366,386,579,2439,2439,579,1,0,train,6498
367,387,8128,8372,8128,8372,0,1,train,5476
368,388,9014,9157,9157,9014,1,0,test,953
369,389,2385,749,749,2385,1,0,train,4956
370,390,3429,8096,3429,8096,0,1,train,7791
371,391,6378,2597,6378,2597,0,1,train,6770
372,393,5415,6060,6060,5415,1,0,train,1715
373,394,7527,2426,7527,2426,0,1,train,849
374,395,6313,514,514,6313,1,0,train,1781
375,396,1812,3673,1812,3673,0,1,train,512
376,397,1793,4674,4674,1793,1,0,train,3993
377,398,2380,4473,2380,4473,0,1,test,1805
378,399,5445,7778,7778,5445,1,0,train,604
379,400,1779,5149,1779,5149,0,1,train,4914
380,401,2376,1623,2376,1623,0,1,train,1708
381,402,7536,6695,7536,6695,0,1,train,7793
382,403,875,4850,875,4850,0,1,train,6382
383,404,2102,7947,7947,2102,1,0,train,7713
384,405,2380,2980,2380,2980,0,1,test,82
385,406,2775,8774,2775,8774,0,1,train,668
386,407,6105,8257,6105,8257,0,1,train,6531
387,408,5215,7195,7195,5215,1,0,train,7372
388,409,1885,3624,3624,1885,1,0,train,4887
389,410,2330,3931,3931,2330,1,0,train,1776
390,411,3549,2724,3549,2724,0,1,train,6889
391,412,4937,6921,4937,6921,0,1,train,6880
392,413,4649,4055,4055,4649,1,0,test,1336
393,414,1375,6966,6966,1375,1,0,test,662
394,415,9194,9183,9183,9194,1,0,train,5808
395,416,7875,7622,7875,7622,0,1,train,6285
396,417,3318,760,760,3318,1,0,train,949
397,418,7062,1975,1975,7062,1,0,test,1528
398,420,2376,4907,4907,2376,1,0,train,3931
399,421,4995,4829,4829,4995,1,0,test,1211
400,422,7165,2981,2981,7165,1,0,train,267
401,423,4262,7873,4262,7873,0,1,train,1912
402,424,8822,2512,2512,8822,1,0,train,3409
403,425,5029,191,191,5029,1,0,train,1310
404,427,5146,6552,5146,6552,0,1,test,1910
405,428,3452,491,3452,491,0,1,train,408
406,429,5024,1700,1700,5024,1,0,train,2350
407,430,8796,7552,8796,7552,0,1,train,1508
408,431,857,3407,857,3407,0,1,train,7476
409,432,3069,7048,3069,7048,0,1,train,3026
410,433,1205,2558,2558,1205,1,0,test,1373
411,434,4456,2433,2433,4456,1,0,train,7494
412,435,5170,644,5170,644,0,1,train,1175
413,436,3217,6566,6566,3217,1,0,test,1368
414,437,569,1241,1241,569,1,0,train,6269
415,438,268,4911,4911,268,1,0,train,3702
416,439,4411,52,4411,52,0,1,train,2035
417,440,226,9196,9196,226,1,0,train,4742
418,441,331,2018,331,2018,0,1,train,5288
419,442,2755,425,425,2755,1,0,test,20
420,443,5085,1248,5085,1248,0,1,test,74
421,444,4542,2570,2570,4542,1,0,train,7532
422,445,1492,4128,4128,1492,1,0,train,3856
423,446,3367,3814,3814,3367,1,0,train,7016
424,447,8525,652,652,8525,1,0,train,5188
425,448,242,4244,242,4244,0,1,train,3731
426,449,434,996,996,434,1,0,train,4109
427,450,7681,115,7681,115,0,1,test,1564
428,451,7838,6884,6884,7838,1,0,train,1443
429,452,209,733,733,209,1,0,train,3356
430,453,254,2310,254,2310,0,1,test,1390
431,454,3026,8938,3026,8938,0,1,train,3347
432,455,5186,7758,7758,5186,1,0,train,7029
433,456,5172,121,121,5172,1,0,train,3423
434,457,2794,1003,2794,1003,0,1,train,870
435,458,4158,6913,4158,6913,0,1,train,5823
436,459,1454,8107,1454,8107,0,1,train,1506
437,460,1371,1983,1371,1983,0,1,train,3576
438,461,134,1772,134,1772,0,1,test,845
439,462,1862,3253,1862,3253,0,1,train,195
440,463,748,2478,748,2478,0,1,train,2271
441,464,1698,2529,2529,1698,1,0,train,5017
442,465,2001,843,2001,843,0,1,train,207
443,466,9026,2831,2831,9026,1,0,test,907
444,467,1708,5430,5430,1708,1,0,train,4671
445,469,5277,5441,5441,5277,1,0,train,3300
446,471,7596,1552,7596,1552,0,1,train,1799
447,472,5443,2732,5443,2732,0,1,test,1288
448,473,308,8428,308,8428,0,1,train,4201
449,474,7862,8536,7862,8536,0,1,train,7470
450,475,3871,2752,3871,2752,0,1,train,7645
451,476,1166,7012,7012,1166,1,0,train,4755
452,477,7511,5014,5014,7511,1,0,train,7109
453,478,772,3363,772,3363,0,1,train,1719
454,479,3149,2273,2273,3149,1,0,train,3467
455,480,7026,1142,7026,1142,0,1,train,1403
456,481,7915,2859,2859,7915,1,0,train,4236
457,482,8170,677,677,8170,1,0,train,2237
458,483,2152,2877,2877,2152,1,0,test,926
459,484,2654,7123,2654,7123,0,1,train,3721
460,485,6176,2491,2491,6176,1,0,test,496
461,486,2379,4345,4345,2379,1,0,test,1552
462,487,1598,1369,1598,1369,0,1,train,7761
463,489,814,7051,814,7051,0,1,test,1712
464,490,313,1309,313,1309,0,1,train,3490
465,491,4335,4358,4358,4335,1,0,train,3338
466,492,2756,6391,2756,6391,0,1,test,1792
467,493,4932,582,4932,582,0,1,train,7035
468,494,5482,6355,5482,6355,0,1,train,6337
469,495,1907,99,1907,99,0,1,train,3099
470,496,1798,2862,1798,2862,0,1,train,3249
471,497,1352,254,1352,254,0,1,test,464
472,498,748,1993,1993,748,1,0,train,5906
473,499,8116,6874,6874,8116,1,0,train,22
474,500,1369,2143,2143,1369,1,0,train,6250
475,501,5,9300,9300,5,1,0,test,713
476,502,1352,4438,4438,1352,1,0,train,6099
477,503,4079,8869,4079,8869,0,1,train,4096
478,504,4257,3597,4257,3597,0,1,train,6701
479,505,4221,3126,3126,4221,1,0,train,5696
480,506,5536,7119,7119,5536,1,0,train,7690
481,507,4348,6922,4348,6922,0,1,train,3335
482,509,4232,502,502,4232,1,0,train,2671
483,510,2048,5735,2048,5735,0,1,train,6438
484,511,1628,736,736,1628,1,0,train,3451
485,512,319,2442,319,2442,0,1,train,4460
486,513,4443,3514,4443,3514,0,1,test,25
487,514,131,3985,131,3985,0,1,train,7141
488,515,1133,5036,1133,5036,0,1,test,1858
489,517,6652,6900,6652,6900,0,1,train,4805
490,518,761,7465,761,7465,0,1,train,412
491,519,5591,3708,5591,3708,0,1,train,4117
492,520,131,6908,6908,131,1,0,train,6799
493,521,919,2749,2749,919,1,0,train,7093
494,522,377,3760,377,3760,0,1,train,1729
495,524,1128,8090,8090,1128,1,0,test,739
496,525,917,6887,917,6887,0,1,train,1460
497,526,131,529,529,131,1,0,train,6361
498,527,4220,6679,6679,4220,1,0,train,6588
499,528,3117,2520,3117,2520,0,1,train,6058
500,529,9163,4488,9163,4488,0,1,train,667
501,530,1683,3320,1683,3320,0,1,test,477
502,531,2969,8700,8700,2969,1,0,train,892
503,532,209,7361,209,7361,0,1,train,2517
504,533,3188,7173,3188,7173,0,1,train,3541
505,534,6489,6905,6905,6489,1,0,train,7515
506,535,301,5779,5779,301,1,0,train,5238
507,536,1001,1067,1001,1067,0,1,train,2848
508,537,3391,4149,3391,4149,0,1,train,86
509,538,344,4406,4406,344,1,0,train,7318
510,539,305,5484,5484,305,1,0,train,7430
511,540,450,3215,450,3215,0,1,train,8
512,541,1005,9267,1005,9267,0,1,test,173
513,542,263,6933,263,6933,0,1,test,1259
514,543,342,3817,3817,342,1,0,train,813
515,544,596,964,964,596,1,0,test,715
516,545,321,8969,8969,321,1,0,train,1004
517,546,1320,4719,4719,1320,1,0,test,41
518,547,1417,8583,1417,8583,0,1,train,550
519,548,5068,3346,5068,3346,0,1,test,1857
520,550,1084,1190,1190,1084,1,0,test,1537
521,551,1085,6049,6049,1085,1,0,train,4989
522,552,1035,9145,9145,1035,1,0,train,1716
523,553,4669,4846,4669,4846,0,1,test,1220
524,554,1077,4346,1077,4346,0,1,test,1793
525,555,363,3798,3798,363,1,0,train,927
526,556,391,7221,7221,391,1,0,test,651
527,557,559,1648,1648,559,1,0,train,4344
528,558,230,6006,6006,230,1,0,train,190
529,559,597,6487,6487,597,1,0,train,2420
530,560,4532,9254,9254,4532,1,0,train,7559
531,561,5600,6946,5600,6946,0,1,train,6175
532,562,961,6544,961,6544,0,1,train,2119
533,563,2870,7489,2870,7489,0,1,train,1097
534,564,3217,8138,8138,3217,1,0,train,250
535,565,322,4470,4470,322,1,0,train,7151
536,566,939,2995,2995,939,1,0,train,1028
537,567,585,3892,585,3892,0,1,train,3089
538,569,471,8905,8905,471,1,0,train,4872
539,570,3407,666,666,3407,1,0,train,317
540,571,2967,949,2967,949,0,1,test,1297
541,572,138,6204,138,6204,0,1,train,1340
542,573,340,4613,340,4613,0,1,train,1235
543,574,1422,5676,1422,5676,0,1,train,6246
544,575,598,3758,598,3758,0,1,train,2878
545,576,2866,1561,2866,1561,0,1,test,1922
546,577,844,6454,844,6454,0,1,train,6408
547,578,413,3597,3597,413,1,0,test,1252
548,579,59,8733,59,8733,0,1,train,7505
549,580,1195,3602,1195,3602,0,1,train,4286
550,581,5591,7630,7630,5591,1,0,train,3175
551,582,419,7025,7025,419,1,0,train,6686
552,583,419,7409,7409,419,1,0,train,1185
553,584,585,376,585,376,0,1,test,1649
554,585,952,5988,952,5988,0,1,train,944
555,586,5583,195,5583,195,0,1,train,7246
556,587,1078,8727,1078,8727,0,1,train,5591
557,588,946,3085,946,3085,0,1,train,2203
558,590,844,4625,4625,844,1,0,train,2184
559,591,3509,4550,3509,4550,0,1,train,4182
560,592,326,5817,5817,326,1,0,train,5749
561,593,522,991,522,991,0,1,train,1548
562,594,4520,2557,2557,4520,1,0,train,1990
563,596,1323,8201,8201,1323,1,0,train,2227
564,597,5787,8255,8255,5787,1,0,train,1240
565,598,9045,3499,3499,9045,1,0,test,957
566,599,597,8328,597,8328,0,1,train,4110
567,600,2997,8265,8265,2997,1,0,test,1084
568,602,494,7406,494,7406,0,1,test,1703
569,603,597,4745,4745,597,1,0,train,7828
570,604,3381,6088,3381,6088,0,1,train,4411
571,605,249,5161,249,5161,0,1,test,1495
572,606,588,9073,9073,588,1,0,train,3372
573,607,1001,5623,5623,1001,1,0,train,302
574,608,5140,8264,8264,5140,1,0,train,1825
575,609,6510,8082,6510,8082,0,1,test,636
576,610,2911,5587,5587,2911,1,0,train,2454
577,612,597,1820,1820,597,1,0,test,560
578,613,599,7428,599,7428,0,1,train,5701
579,614,1087,8178,1087,8178,0,1,train,2736
580,615,597,5377,5377,597,1,0,test,1366
581,616,1628,1594,1594,1628,1,0,train,4024
582,617,8507,3078,8507,3078,0,1,test,1079
583,618,5260,2490,5260,2490,0,1,train,2591
584,619,6528,8541,8541,6528,1,0,train,3549
585,620,3696,2496,3696,2496,0,1,test,971
586,621,2637,7446,2637,7446,0,1,train,1520
587,622,5546,8937,8937,5546,1,0,train,4342
588,623,3439,2536,2536,3439,1,0,train,5424
589,624,3979,2775,2775,3979,1,0,train,2696
590,625,5544,8724,8724,5544,1,0,train,3191
591,626,5470,5738,5738,5470,1,0,train,7259
592,627,2753,5715,2753,5715,0,1,test,677
593,628,973,3256,973,3256,0,1,train,5349
594,629,5212,6026,5212,6026,0,1,train,4546
595,630,1341,2584,2584,1341,1,0,train,5586
596,631,1644,3738,1644,3738,0,1,train,2189
597,632,4072,4970,4970,4072,1,0,train,5720
598,633,2222,2869,2222,2869,0,1,train,2345
599,634,4217,8479,4217,8479,0,1,test,570
600,635,1786,3561,1786,3561,0,1,train,7629
601,636,6186,5656,6186,5656,0,1,train,6601
602,637,4250,5792,5792,4250,1,0,test,195
603,638,6603,3879,3879,6603,1,0,train,1539
604,639,5947,6052,5947,6052,0,1,train,244
605,640,5920,1508,1508,5920,1,0,train,6579
606,643,967,3510,3510,967,1,0,train,7202
607,644,2498,7104,2498,7104,0,1,test,1842
608,645,2622,2353,2353,2622,1,0,train,1684
609,646,5261,7345,5261,7345,0,1,test,572
610,647,5070,6054,6054,5070,1,0,train,1899
611,648,1393,8289,1393,8289,0,1,train,3170
612,649,7319,554,7319,554,0,1,test,518
613,650,6938,3512,3512,6938,1,0,train,6374
614,651,3400,2131,3400,2131,0,1,train,919
615,652,4493,754,4493,754,0,1,train,4745
616,653,2212,1667,2212,1667,0,1,train,1111
617,654,327,4885,327,4885,0,1,train,7221
618,655,4248,7698,4248,7698,0,1,train,6005
619,656,3645,3906,3645,3906,0,1,train,835
620,657,4428,3152,3152,4428,1,0,train,7646
621,658,6545,2540,6545,2540,0,1,train,5929
622,659,4335,6019,4335,6019,0,1,train,7399
623,660,777,4485,4485,777,1,0,train,7404
624,661,689,6728,6728,689,1,0,train,7316
625,662,628,6850,6850,628,1,0,train,6244
626,663,4428,5673,5673,4428,1,0,train,3873
627,664,5953,8880,5953,8880,0,1,test,1895
628,665,675,3348,3348,675,1,0,test,1585
629,666,312,6068,6068,312,1,0,train,4080
630,667,685,1953,1953,685,1,0,test,362
631,668,729,761,729,761,0,1,test,489
632,669,735,5379,5379,735,1,0,train,6369
633,670,657,5140,5140,657,1,0,train,106
634,671,621,3806,3806,621,1,0,test,1326
635,672,724,5641,724,5641,0,1,train,2032
636,673,688,7952,7952,688,1,0,train,2152
637,674,5961,3018,5961,3018,0,1,test,391
638,675,745,847,847,745,1,0,test,67
639,676,3443,8333,8333,3443,1,0,test,94
640,677,2555,1910,1910,2555,1,0,train,2310
641,678,4020,8470,8470,4020,1,0,train,2452
642,679,1123,6614,1123,6614,0,1,train,5347
643,680,4760,6404,6404,4760,1,0,train,2370
644,681,6260,1324,1324,6260,1,0,train,5776
645,682,3837,1872,3837,1872,0,1,train,1365
646,683,6793,8974,6793,8974,0,1,train,7497
647,684,1658,5647,1658,5647,0,1,train,6856
648,685,1625,649,1625,649,0,1,test,1137
649,686,3141,1578,3141,1578,0,1,train,6062
650,687,2241,3808,3808,2241,1,0,test,183
651,688,3811,1495,1495,3811,1,0,train,6050
652,689,3700,6049,6049,3700,1,0,test,553
653,690,5357,1517,5357,1517,0,1,train,6445
654,691,7990,1846,7990,1846,0,1,train,7602
655,692,1658,5727,1658,5727,0,1,train,441
656,693,1926,4659,1926,4659,0,1,train,1151
657,694,6003,6619,6619,6003,1,0,train,3582
658,695,1747,95,95,1747,1,0,train,6133
659,697,2419,6711,6711,2419,1,0,test,632
660,698,8822,3685,8822,3685,0,1,train,6025
661,699,783,5719,5719,783,1,0,train,6868
662,700,3815,7770,3815,7770,0,1,train,4535
663,701,131,1893,1893,131,1,0,train,1979
664,702,6168,1833,1833,6168,1,0,test,1767
665,703,8286,6486,8286,6486,0,1,test,1593
666,704,4264,2268,2268,4264,1,0,train,2783
667,705,7324,5518,5518,7324,1,0,train,6165
668,706,1086,1802,1086,1802,0,1,train,162
669,707,1100,4755,4755,1100,1,0,train,6394
670,708,7390,3463,3463,7390,1,0,test,614
671,709,9204,6719,6719,9204,1,0,test,590
672,710,1370,439,439,1370,1,0,train,985
673,711,5525,6480,5525,6480,0,1,train,941
674,712,4977,1099,4977,1099,0,1,train,2194
675,713,1208,6919,1208,6919,0,1,train,4907
676,714,5028,6575,5028,6575,0,1,train,7810
677,715,5888,2602,5888,2602,0,1,train,7329
678,716,6263,4100,4100,6263,1,0,train,1173
679,717,4051,6163,6163,4051,1,0,train,5555
680,718,7692,7917,7692,7917,0,1,train,2233
681,719,8083,2896,8083,2896,0,1,train,3133
682,720,1399,2844,1399,2844,0,1,train,3506
683,721,693,6704,6704,693,1,0,train,510
684,722,5466,2682,5466,2682,0,1,train,7465
685,723,1399,4584,1399,4584,0,1,train,4667
686,724,1489,2674,2674,1489,1,0,test,202
687,725,7670,2035,2035,7670,1,0,train,2823
688,727,7365,2576,2576,7365,1,0,test,95
689,728,6263,5120,6263,5120,0,1,train,3183
690,729,6265,3941,3941,6265,1,0,train,5787
691,730,5937,7117,7117,5937,1,0,train,7125
692,731,5937,2142,5937,2142,0,1,train,5951
693,732,1555,2915,2915,1555,1,0,train,7339
694,733,6034,3490,3490,6034,1,0,train,3838
695,734,5221,8429,8429,5221,1,0,train,3082
696,735,6428,357,6428,357,0,1,train,6565
697,736,5156,4232,5156,4232,0,1,train,1390
698,737,3413,1990,3413,1990,0,1,train,5573
699,738,4978,5274,5274,4978,1,0,test,1086
700,739,1937,2477,1937,2477,0,1,train,1558
701,740,4820,8652,4820,8652,0,1,test,902
702,741,3753,979,979,3753,1,0,train,2658
703,742,8652,2581,8652,2581,0,1,train,3392
704,743,8673,5068,8673,5068,0,1,train,465
705,744,2052,5340,2052,5340,0,1,train,4480
706,745,4806,1385,4806,1385,0,1,train,4484
707,746,6181,4826,4826,6181,1,0,train,1549
708,747,8780,3949,8780,3949,0,1,train,4727
709,748,2969,568,568,2969,1,0,train,2920
710,749,3405,1443,1443,3405,1,0,train,7325
711,750,7388,3483,3483,7388,1,0,train,4027
712,751,2809,5190,2809,5190,0,1,train,1095
713,752,58,7224,58,7224,0,1,test,738
714,753,6460,5429,5429,6460,1,0,train,6488
715,754,4343,8381,4343,8381,0,1,train,2091
716,755,2277,8553,8553,2277,1,0,train,5186
717,756,3354,792,792,3354,1,0,train,3709
718,757,2964,3567,2964,3567,0,1,train,7576
719,758,4409,5241,4409,5241,0,1,train,2883
720,759,4459,1275,1275,4459,1,0,train,4917
721,760,3381,310,310,3381,1,0,train,6732
722,761,7141,1037,7141,1037,0,1,test,734
723,762,497,2475,497,2475,0,1,train,5806
724,763,164,5203,164,5203,0,1,test,1170
725,764,6564,6142,6142,6564,1,0,train,6693
726,765,2872,1646,2872,1646,0,1,train,4106
727,766,1558,5819,1558,5819,0,1,train,6437
728,767,3277,3204,3204,3277,1,0,test,537
729,768,3975,1909,3975,1909,0,1,train,7088
730,770,377,1467,1467,377,1,0,train,3282
731,771,437,4620,437,4620,0,1,train,4133
732,772,4532,8999,4532,8999,0,1,train,1358
733,773,2355,4502,2355,4502,0,1,test,1312
734,774,1054,2513,2513,1054,1,0,train,3962
735,775,1677,3871,3871,1677,1,0,train,1262
736,776,2461,5406,2461,5406,0,1,test,1072
737,777,4424,5510,4424,5510,0,1,train,1037
738,778,2722,7113,7113,2722,1,0,test,1087
739,779,6476,5304,6476,5304,0,1,train,7335
740,780,576,6668,576,6668,0,1,train,5193
741,781,1294,4036,1294,4036,0,1,train,3425
742,782,323,5875,323,5875,0,1,train,2652
743,783,1610,2548,1610,2548,0,1,train,507
744,784,3287,5981,3287,5981,0,1,train,5259
745,785,4469,4666,4666,4469,1,0,train,7720
746,786,581,1316,1316,581,1,0,test,1669
747,787,5707,2867,2867,5707,1,0,test,1825
748,788,471,5599,471,5599,0,1,train,726
749,789,468,3866,3866,468,1,0,train,3293
750,790,435,8049,8049,435,1,0,train,2529
751,791,4000,2742,4000,2742,0,1,train,7263
752,792,7416,1298,1298,7416,1,0,train,5410
753,794,5019,8528,5019,8528,0,1,train,6169
754,795,2869,5772,2869,5772,0,1,train,2579
755,796,6136,170,6136,170,0,1,train,5200
756,797,2582,9221,2582,9221,0,1,train,4013
757,798,8085,3692,8085,3692,0,1,train,7833
758,799,4415,3564,4415,3564,0,1,test,1646
759,800,1166,723,723,1166,1,0,train,3465
760,801,5703,7966,7966,5703,1,0,train,4986
761,802,351,1422,1422,351,1,0,test,1789
762,803,3868,3256,3868,3256,0,1,test,18
763,804,4814,2906,2906,4814,1,0,train,5224
764,805,2683,8096,8096,2683,1,0,test,949
765,806,5801,8953,8953,5801,1,0,test,1961
766,807,2953,9106,9106,2953,1,0,train,6324
767,808,951,380,951,380,0,1,train,2394
768,809,426,1680,426,1680,0,1,train,5852
769,810,2525,652,652,2525,1,0,test,1205
770,812,7927,6997,6997,7927,1,0,train,1707
771,813,5053,1704,5053,1704,0,1,train,7347
772,814,5824,353,353,5824,1,0,train,257
773,815,4438,4640,4640,4438,1,0,train,688
774,816,7130,8952,8952,7130,1,0,train,7382
775,817,5785,1766,5785,1766,0,1,test,34
776,818,3409,2211,3409,2211,0,1,train,1869
777,820,9049,3164,3164,9049,1,0,train,5771
778,821,2836,1309,2836,1309,0,1,train,6291
779,822,449,8861,449,8861,0,1,train,6301
780,823,234,1022,1022,234,1,0,test,1681
781,824,1107,1106,1106,1107,1,0,test,1644
782,825,3237,5940,5940,3237,1,0,train,3189
783,826,604,8951,8951,604,1,0,train,6562
784,827,512,3640,512,3640,0,1,train,2641
785,828,1141,6072,1141,6072,0,1,train,2421
786,830,1168,648,1168,648,0,1,test,245
787,831,411,237,237,411,1,0,train,6075
788,832,2525,8803,2525,8803,0,1,train,3427
789,833,2969,6305,6305,2969,1,0,train,2380
790,834,3776,2566,2566,3776,1,0,test,1539
791,835,8270,5286,8270,5286,0,1,test,431
792,838,4190,6374,6374,4190,1,0,test,135
793,839,5101,382,5101,382,0,1,train,806
794,840,4071,9047,9047,4071,1,0,train,859
795,841,5841,9112,5841,9112,0,1,train,7758
796,842,5076,3169,3169,5076,1,0,train,5411
797,843,7016,7076,7076,7016,1,0,train,2714
798,844,3225,2223,2223,3225,1,0,test,1589
799,845,2796,9075,9075,2796,1,0,test,386
800,846,6706,5653,5653,6706,1,0,train,3252
801,848,1692,1295,1295,1692,1,0,train,1372
802,849,790,85,85,790,1,0,test,87
803,850,7665,2753,7665,2753,0,1,test,1351
804,851,5056,5222,5222,5056,1,0,train,4913
805,852,1674,1402,1674,1402,0,1,train,2040
806,853,6621,278,6621,278,0,1,test,401
807,854,6621,385,6621,385,0,1,test,1200
808,855,6653,6793,6653,6793,0,1,train,4323
809,856,1180,8175,1180,8175,0,1,test,1222
810,857,122,9181,122,9181,0,1,test,1898
811,858,6621,8661,8661,6621,1,0,test,1306
812,859,909,3613,909,3613,0,1,train,6829
813,860,6621,7319,7319,6621,1,0,train,1265
814,861,7864,3058,3058,7864,1,0,train,178
815,862,5589,3955,5589,3955,0,1,train,6914
816,864,5370,8728,5370,8728,0,1,train,7054
817,865,1498,7040,1498,7040,0,1,train,4421
818,866,1037,8038,8038,1037,1,0,train,2994
819,867,5545,1224,5545,1224,0,1,train,4543
820,868,7290,1979,7290,1979,0,1,train,837
821,870,3049,536,536,3049,1,0,train,323
822,871,588,6471,588,6471,0,1,train,2430
823,873,635,8182,8182,635,1,0,train,2115
824,874,619,2641,619,2641,0,1,train,228
825,875,666,7331,666,7331,0,1,train,2092
826,876,2278,4224,4224,2278,1,0,train,5779
827,877,7880,446,7880,446,0,1,train,4069
828,878,4810,5070,5070,4810,1,0,train,4598
829,879,6160,5631,5631,6160,1,0,test,1670
830,880,751,3925,751,3925,0,1,train,3547
831,881,3602,7764,7764,3602,1,0,train,4203
832,883,1692,2838,2838,1692,1,0,test,522
833,884,7908,4142,4142,7908,1,0,train,4478
834,885,944,5972,5972,944,1,0,train,1970
835,886,5239,6751,6751,5239,1,0,train,4173
836,887,7568,4465,7568,4465,0,1,train,6262
837,888,2649,3579,2649,3579,0,1,train,5274
838,889,1341,4026,4026,1341,1,0,train,569
839,890,2345,4034,4034,2345,1,0,train,6802
840,891,1948,7279,1948,7279,0,1,train,4298
841,892,3827,8064,3827,8064,0,1,test,1617
842,893,7978,3862,3862,7978,1,0,train,6895
843,894,5998,5934,5934,5998,1,0,train,209
844,895,8962,1800,8962,1800,0,1,train,1931
845,897,8630,421,421,8630,1,0,train,4409
846,898,4054,7215,4054,7215,0,1,test,146
847,899,682,1476,682,1476,0,1,train,2004
848,900,694,3520,3520,694,1,0,train,7732
849,901,742,3066,742,3066,0,1,train,6068
850,902,715,9285,9285,715,1,0,train,3762
851,905,628,4646,4646,628,1,0,train,6189
852,906,5977,32,32,5977,1,0,train,7884
853,909,249,1817,1817,249,1,0,train,4184
854,910,164,3646,164,3646,0,1,train,7422
855,912,4939,8824,8824,4939,1,0,test,1678
856,913,1730,8553,1730,8553,0,1,train,3048
857,914,1848,1863,1848,1863,0,1,train,915
858,915,1890,5298,5298,1890,1,0,train,6763
859,916,7553,2014,2014,7553,1,0,train,1195
860,917,2187,5784,5784,2187,1,0,train,6783
861,918,1937,8660,8660,1937,1,0,train,3121
862,919,2187,3943,3943,2187,1,0,train,4288
863,920,2011,5711,2011,5711,0,1,train,6205
864,921,1746,7239,7239,1746,1,0,train,6867
865,922,6209,8539,8539,6209,1,0,test,510
866,923,1345,6189,1345,6189,0,1,train,3038
867,924,567,6412,567,6412,0,1,train,4339
868,925,2038,5863,5863,2038,1,0,train,2785
869,926,498,5971,498,5971,0,1,train,5299
870,927,2388,7724,7724,2388,1,0,test,1775
871,928,6305,4414,4414,6305,1,0,train,748
872,929,1131,3177,1131,3177,0,1,train,4699
873,930,330,4220,4220,330,1,0,train,6662
874,931,2137,4185,4185,2137,1,0,train,7540
875,932,4197,63,63,4197,1,0,test,788
876,934,8101,1406,1406,8101,1,0,train,6738
877,935,5979,5506,5506,5979,1,0,test,1189
878,937,5965,5765,5965,5765,0,1,train,2209
879,940,655,703,703,655,1,0,train,4702
880,941,6788,291,6788,291,0,1,train,4112
881,942,1337,2254,1337,2254,0,1,train,7301
882,943,4524,3339,3339,4524,1,0,train,6555
883,944,453,5587,5587,453,1,0,train,4380
884,945,326,7704,326,7704,0,1,train,5901
885,946,3029,3992,3029,3992,0,1,test,534
886,947,4435,3199,3199,4435,1,0,train,392
887,949,557,941,941,557,1,0,test,515
888,950,867,6565,867,6565,0,1,train,7135
889,951,3592,5662,3592,5662,0,1,train,825
890,952,578,5850,578,5850,0,1,train,3443
891,953,923,7857,923,7857,0,1,test,1576
892,954,4440,2918,2918,4440,1,0,test,1504
893,955,590,4722,4722,590,1,0,test,895
894,956,287,8061,8061,287,1,0,train,129
895,957,255,4441,4441,255,1,0,train,6749
896,958,939,1869,1869,939,1,0,test,1399
897,959,262,6161,6161,262,1,0,train,3415
898,960,3989,4814,3989,4814,0,1,train,6852
899,961,1080,1530,1080,1530,0,1,train,880
900,962,488,5817,488,5817,0,1,train,1770
901,964,443,7999,7999,443,1,0,train,2248
902,965,584,4321,584,4321,0,1,train,2621
903,967,316,5000,5000,316,1,0,test,853
904,968,6053,4906,4906,6053,1,0,test,755
905,969,3858,5378,5378,3858,1,0,train,3806
906,970,7728,3148,7728,3148,0,1,train,701
907,971,6679,4873,6679,4873,0,1,test,1497
908,972,7724,6583,7724,6583,0,1,train,4263
909,973,3176,6835,6835,3176,1,0,train,790
910,974,7693,7390,7693,7390,0,1,test,1863
911,975,4770,7923,7923,4770,1,0,train,5535
912,976,6665,8999,8999,6665,1,0,train,7859
913,977,2157,2818,2818,2157,1,0,train,583
914,978,7561,4898,7561,4898,0,1,train,6395
915,979,2778,8374,8374,2778,1,0,train,3750
916,980,7161,2846,7161,2846,0,1,test,988
917,981,2402,7046,7046,2402,1,0,train,6556
918,982,1887,1082,1887,1082,0,1,train,5302
919,983,3082,7751,7751,3082,1,0,train,2676
920,984,3547,8713,8713,3547,1,0,train,5669
921,985,2056,4654,2056,4654,0,1,train,7359
922,986,523,9221,9221,523,1,0,train,814
923,987,8480,6979,6979,8480,1,0,train,2960
924,988,6407,8238,8238,6407,1,0,train,3846
925,989,305,1076,305,1076,0,1,train,7792
926,990,861,2500,861,2500,0,1,train,7129
927,991,6515,362,362,6515,1,0,train,4025
928,992,5553,5253,5253,5553,1,0,test,1174
929,993,1011,202,1011,202,0,1,train,5409
930,994,1017,8032,8032,1017,1,0,train,2911
931,995,3307,8143,8143,3307,1,0,train,4010
932,996,197,7804,7804,197,1,0,train,1054
933,997,453,3607,453,3607,0,1,train,6739
934,998,476,361,361,476,1,0,train,4039
935,999,5630,920,5630,920,0,1,train,925
936,1001,421,1496,421,1496,0,1,train,1958
937,1003,2803,929,2803,929,0,1,train,3491
938,1004,451,4426,4426,451,1,0,test,708
939,1005,338,7962,7962,338,1,0,train,196
940,1006,863,8719,863,8719,0,1,train,5971
941,1007,1258,5685,5685,1258,1,0,train,4436
942,1008,134,4505,134,4505,0,1,train,6784
943,1009,4409,462,462,4409,1,0,train,2471
944,1011,1890,8365,8365,1890,1,0,train,1008
945,1013,8400,1887,1887,8400,1,0,train,4751
946,1014,5591,4635,4635,5591,1,0,train,5946
947,1015,2045,9267,9267,2045,1,0,train,7005
948,1016,934,7066,934,7066,0,1,test,1565
949,1017,3869,5092,5092,3869,1,0,train,1699
950,1018,5925,3146,3146,5925,1,0,train,2582
951,1019,7416,7970,7970,7416,1,0,test,84
952,1020,4296,8097,4296,8097,0,1,train,5179
953,1021,6574,7406,7406,6574,1,0,train,1348
954,1022,986,5123,5123,986,1,0,train,6577
955,1023,2636,7592,2636,7592,0,1,train,2585
956,1024,4233,6116,6116,4233,1,0,train,6934
957,1025,5925,2843,5925,2843,0,1,train,497
958,1026,5068,6788,5068,6788,0,1,test,1401
959,1027,7655,8807,8807,7655,1,0,train,382
960,1029,1628,2399,1628,2399,0,1,train,902
961,1030,567,1294,567,1294,0,1,test,213
962,1031,1273,1616,1273,1616,0,1,train,661
963,1032,2263,1015,2263,1015,0,1,train,1091
964,1033,2925,7559,2925,7559,0,1,train,7755
965,1034,282,4906,282,4906,0,1,test,387
966,1035,196,3604,196,3604,0,1,train,6368
967,1036,1080,5940,5940,1080,1,0,test,339
968,1037,1072,4822,1072,4822,0,1,train,4912
969,1038,464,1906,464,1906,0,1,test,1654
970,1040,997,7954,997,7954,0,1,train,4038
971,1041,2905,2651,2651,2905,1,0,train,3618
972,1042,417,9135,417,9135,0,1,train,5980
973,1043,4692,2751,4692,2751,0,1,train,3572
974,1044,4074,8503,4074,8503,0,1,test,1185
975,1045,1573,7279,1573,7279,0,1,train,2923
976,1046,2161,2277,2277,2161,1,0,train,5099
977,1047,5079,3322,5079,3322,0,1,train,872
978,1048,2197,5534,5534,2197,1,0,train,313
979,1049,8433,2949,8433,2949,0,1,train,7087
980,1050,5922,8558,5922,8558,0,1,test,945
981,1051,5892,5964,5964,5892,1,0,test,494
982,1052,3883,2962,3883,2962,0,1,train,6844
983,1053,4055,6266,4055,6266,0,1,test,1430
984,1054,2573,4449,4449,2573,1,0,train,1379
985,1055,5487,2126,5487,2126,0,1,train,6961
986,1056,6224,3336,3336,6224,1,0,train,4634
987,1057,6307,4702,4702,6307,1,0,train,4664
988,1058,4423,8336,8336,4423,1,0,train,358
989,1059,4403,7454,4403,7454,0,1,train,4481
990,1060,8124,9147,8124,9147,0,1,train,4713
991,1061,4045,2286,4045,2286,0,1,test,1706
992,1062,7984,3707,7984,3707,0,1,train,2845
993,1063,8440,4682,8440,4682,0,1,test,605
994,1065,207,9266,9266,207,1,0,train,4868
995,1066,4526,6081,4526,6081,0,1,test,1093
996,1067,1005,5787,5787,1005,1,0,train,6253
997,1068,599,5587,599,5587,0,1,train,4224
998,1069,4345,3256,3256,4345,1,0,train,6076
999,1070,1303,6450,6450,1303,1,0,train,6954
1000,1071,957,7325,957,7325,0,1,train,614
1001,1072,751,2051,2051,751,1,0,test,1662
1002,1073,1160,5063,1160,5063,0,1,test,943
1003,1074,249,315,249,315,0,1,train,5082
1004,1075,443,8473,443,8473,0,1,train,1531
1005,1076,4465,6957,6957,4465,1,0,train,2685
1006,1077,254,3961,3961,254,1,0,train,3815
1007,1078,4330,4769,4330,4769,0,1,train,3215
1008,1079,598,7059,7059,598,1,0,train,5608
1009,1080,2201,8191,2201,8191,0,1,train,5079
1010,1081,4407,1753,4407,1753,0,1,train,1164
1011,1082,466,8520,466,8520,0,1,train,4163
1012,1084,435,4754,4754,435,1,0,train,6178
1013,1085,2859,4408,4408,2859,1,0,train,4439
1014,1086,136,3750,3750,136,1,0,train,2482
1015,1087,2996,2111,2996,2111,0,1,train,1384
1016,1088,334,7583,7583,334,1,0,test,1362
1017,1089,3287,909,909,3287,1,0,train,6031
1018,1090,937,2465,937,2465,0,1,train,2411
1019,1091,356,1132,1132,356,1,0,train,3705
1020,1092,7379,96,7379,96,0,1,train,1387
1021,1093,4455,396,396,4455,1,0,train,7255
1022,1094,409,8740,8740,409,1,0,train,4352
1023,1095,373,7101,373,7101,0,1,train,3610
1024,1096,842,1954,1954,842,1,0,train,4752
1025,1097,3373,7326,7326,3373,1,0,train,2756
1026,1098,513,601,513,601,0,1,test,1745
1027,1100,6547,8094,8094,6547,1,0,train,5087
1028,1101,2925,9148,9148,2925,1,0,test,563
1029,1102,4609,3958,3958,4609,1,0,train,3796
1030,1103,7996,4336,7996,4336,0,1,train,2854
1031,1104,1645,4996,4996,1645,1,0,train,2916
1032,1105,7317,1919,1919,7317,1,0,train,4826
1033,1106,7622,5110,5110,7622,1,0,train,6200
1034,1107,1873,4261,1873,4261,0,1,test,528
1035,1108,1824,5046,5046,1824,1,0,train,6694
1036,1109,2182,1824,2182,1824,0,1,train,3566
1037,1111,4392,7700,7700,4392,1,0,train,5493
1038,1113,662,13,13,662,1,0,test,687
1039,1114,619,8460,619,8460,0,1,train,2934
1040,1115,707,3269,707,3269,0,1,train,2559
1041,1117,736,7500,736,7500,0,1,test,834
1042,1118,702,2454,702,2454,0,1,test,882
1043,1119,4214,5381,4214,5381,0,1,train,7752
1044,1120,701,1662,701,1662,0,1,train,1394
1045,1122,669,8279,669,8279,0,1,train,5743
1046,1123,5337,3297,3297,5337,1,0,train,2808
1047,1124,6927,9319,6927,9319,0,1,train,7072
1048,1125,6601,959,6601,959,0,1,test,1006
1049,1126,3148,4982,4982,3148,1,0,train,1593
1050,1127,7326,8393,8393,7326,1,0,train,306
1051,1128,1118,3559,1118,3559,0,1,train,1957
1052,1129,3209,3723,3723,3209,1,0,train,2277
1053,1130,8575,5295,8575,5295,0,1,train,5756
1054,1131,6627,3700,3700,6627,1,0,train,6372
1055,1132,7627,1426,1426,7627,1,0,train,6330
1056,1133,8994,6496,6496,8994,1,0,test,372
1057,1134,4016,2514,4016,2514,0,1,test,1033
1058,1135,7457,3508,7457,3508,0,1,train,2700
1059,1136,5208,3414,3414,5208,1,0,train,493
1060,1137,5800,2628,2628,5800,1,0,train,5836
1061,1139,2225,7002,7002,2225,1,0,train,7066
1062,1140,930,8253,930,8253,0,1,train,7392
1063,1142,1628,1100,1628,1100,0,1,train,4072
1064,1143,3652,730,730,3652,1,0,train,5240
1065,1144,782,126,782,126,0,1,train,1807
1066,1145,263,6225,6225,263,1,0,train,426
1067,1146,69,7835,7835,69,1,0,train,3218
1068,1147,596,4588,596,4588,0,1,train,593
1069,1148,6335,6206,6335,6206,0,1,train,6048
1070,1149,404,6916,404,6916,0,1,train,3849
1071,1150,362,122,122,362,1,0,train,4239
1072,1151,255,8600,255,8600,0,1,train,4642
1073,1152,209,3693,209,3693,0,1,train,2983
1074,1153,5723,1004,1004,5723,1,0,train,1418
1075,1154,1102,5843,1102,5843,0,1,train,5003
1076,1155,4598,1682,1682,4598,1,0,train,4451
1077,1156,7368,1118,1118,7368,1,0,train,1023
1078,1157,4970,5844,5844,4970,1,0,test,1624
1079,1158,2066,1371,2066,1371,0,1,train,6980
1080,1159,4301,1147,4301,1147,0,1,train,2416
1081,1160,55,5408,5408,55,1,0,train,5764
1082,1161,5929,7414,7414,5929,1,0,train,4240
1083,1162,5263,2822,2822,5263,1,0,train,170
1084,1163,235,3956,235,3956,0,1,train,2702
1085,1164,1870,7066,1870,7066,0,1,test,1261
1086,1166,8116,148,148,8116,1,0,train,75
1087,1167,289,133,289,133,0,1,train,3093
1088,1168,198,1562,198,1562,0,1,train,5144
1089,1169,4297,8302,8302,4297,1,0,train,3880
1090,1171,4669,5296,4669,5296,0,1,test,1116
1091,1172,1334,2810,1334,2810,0,1,train,3810
1092,1173,969,5856,969,5856,0,1,train,4957
1093,1174,2846,5801,2846,5801,0,1,train,2957
1094,1175,4484,6405,4484,6405,0,1,test,1505
1095,1176,2358,8407,8407,2358,1,0,train,5257
1096,1177,6848,593,6848,593,0,1,test,106
1097,1178,8355,8014,8014,8355,1,0,train,4646
1098,1179,8145,3048,3048,8145,1,0,train,6055
1099,1181,3486,3128,3486,3128,0,1,test,1117
1100,1182,6805,9196,6805,9196,0,1,train,3458
1101,1183,5366,5583,5583,5366,1,0,train,4985
1102,1184,3447,5858,5858,3447,1,0,test,1331
1103,1185,5323,1495,1495,5323,1,0,train,5544
1104,1186,3716,7666,7666,3716,1,0,train,6051
1105,1187,5889,2399,5889,2399,0,1,train,6378
1106,1188,144,7992,144,7992,0,1,train,1723
1107,1189,4168,654,4168,654,0,1,test,111
1108,1190,544,7324,544,7324,0,1,train,6657
1109,1192,7418,6971,6971,7418,1,0,train,1007
1110,1193,1900,7645,1900,7645,0,1,train,4606
1111,1194,105,3142,105,3142,0,1,train,3014
1112,1195,577,8923,8923,577,1,0,train,2881
1113,1196,255,351,351,255,1,0,train,7271
1114,1197,322,1063,1063,322,1,0,train,1233
1115,1198,3051,5462,5462,3051,1,0,test,964
1116,1199,357,2610,2610,357,1,0,train,233
1117,1200,955,5560,955,5560,0,1,train,1150
1118,1201,3088,5166,5166,3088,1,0,train,2838
1119,1202,4529,5072,4529,5072,0,1,train,7039
1120,1204,2993,270,270,2993,1,0,train,5847
1121,1205,171,4470,4470,171,1,0,train,7625
1122,1206,4037,693,4037,693,0,1,test,577
1123,1207,3112,6664,3112,6664,0,1,train,3984
1124,1208,4722,7975,7975,4722,1,0,train,5850
1125,1209,748,5259,748,5259,0,1,train,2581
1126,1210,3720,3084,3720,3084,0,1,train,4495
1127,1211,8153,6499,6499,8153,1,0,train,7723
1128,1212,6201,2649,2649,6201,1,0,test,345
1129,1213,1113,2413,1113,2413,0,1,test,1314
1130,1214,771,1764,771,1764,0,1,train,5514
1131,1215,6153,4883,4883,6153,1,0,train,3116
1132,1216,1791,3166,1791,3166,0,1,train,6872
1133,1217,7734,3160,3160,7734,1,0,train,3035
1134,1218,3605,2258,2258,3605,1,0,train,6580
1135,1219,5917,1516,5917,1516,0,1,train,994
1136,1220,7323,3395,3395,7323,1,0,train,2836
1137,1221,7521,1897,1897,7521,1,0,train,285
1138,1222,6157,5417,5417,6157,1,0,train,744
1139,1223,2013,6222,6222,2013,1,0,train,4891
1140,1224,7534,2358,7534,2358,0,1,train,3053
1141,1225,8661,2648,8661,2648,0,1,train,4657
1142,1226,4810,3715,4810,3715,0,1,train,7134
1143,1227,2266,4238,4238,2266,1,0,train,5058
1144,1229,5386,1474,5386,1474,0,1,train,3260
1145,1230,2360,7692,2360,7692,0,1,train,1567
1146,1231,2146,3692,2146,3692,0,1,train,273
1147,1232,3916,5784,3916,5784,0,1,train,6022
1148,1233,5399,6089,6089,5399,1,0,train,5225
1149,1234,6158,8220,6158,8220,0,1,train,3980
1150,1235,2202,5477,5477,2202,1,0,train,5910
1151,1236,2148,2591,2148,2591,0,1,train,2101
1152,1237,91,6236,91,6236,0,1,train,4959
1153,1238,9010,2336,2336,9010,1,0,train,3642
1154,1239,1586,3308,1586,3308,0,1,train,7337
1155,1240,1390,3529,1390,3529,0,1,train,4489
1156,1242,4059,7610,7610,4059,1,0,train,4616
1157,1243,8179,6089,6089,8179,1,0,train,5873
1158,1244,2747,2606,2606,2747,1,0,train,396
1159,1245,7931,1328,1328,7931,1,0,train,2642
1160,1246,2135,2275,2275,2135,1,0,train,4509
1161,1247,4706,2878,4706,2878,0,1,train,7710
1162,1249,5026,6301,6301,5026,1,0,train,7461
1163,1250,141,2642,2642,141,1,0,test,12
1164,1251,4700,1151,4700,1151,0,1,train,7037
1165,1252,6632,6747,6632,6747,0,1,train,1742
1166,1253,4262,6971,4262,6971,0,1,test,419
1167,1254,6644,3342,6644,3342,0,1,train,5491
1168,1255,8683,7307,7307,8683,1,0,train,3741
1169,1256,6874,222,6874,222,0,1,train,4977
1170,1257,37,3784,3784,37,1,0,train,7502
1171,1258,7862,2987,2987,7862,1,0,train,6241
1172,1259,1569,8622,8622,1569,1,0,train,5630
1173,1260,4127,7908,4127,7908,0,1,test,793
1174,1261,1700,8732,1700,8732,0,1,test,1097
1175,1262,1942,5461,1942,5461,0,1,train,7694
1176,1263,1241,4305,1241,4305,0,1,train,2918
1177,1264,4103,8420,8420,4103,1,0,train,1824
1178,1265,7933,5406,7933,5406,0,1,train,4791
1179,1266,405,7022,405,7022,0,1,test,983
1180,1267,1329,9241,9241,1329,1,0,train,225
1181,1268,4176,5430,4176,5430,0,1,train,7615
1182,1269,2908,3759,3759,2908,1,0,test,444
1183,1270,1305,6203,1305,6203,0,1,train,89
1184,1271,6303,6165,6303,6165,0,1,train,5915
1185,1272,964,2451,2451,964,1,0,test,392
1186,1273,1564,4267,4267,1564,1,0,train,428
1187,1274,2813,4873,4873,2813,1,0,test,930
1188,1275,5070,7870,7870,5070,1,0,train,4122
1189,1276,4518,576,576,4518,1,0,test,476
1190,1277,5142,1576,5142,1576,0,1,train,5171
1191,1278,3251,8321,8321,3251,1,0,test,1959
1192,1279,6532,1597,6532,1597,0,1,test,62
1193,1280,1314,3398,3398,1314,1,0,train,5960
1194,1281,9109,8397,9109,8397,0,1,train,5626
1195,1282,164,3795,3795,164,1,0,train,7342
1196,1283,2209,6774,6774,2209,1,0,train,3902
1197,1284,6778,5443,5443,6778,1,0,train,7829
1198,1285,997,8267,997,8267,0,1,train,1203
1199,1286,483,3895,3895,483,1,0,train,7119
1200,1287,268,3158,268,3158,0,1,train,5074
1201,1288,4404,552,552,4404,1,0,test,760
1202,1289,317,8830,8830,317,1,0,train,7354
1203,1290,565,6747,6747,565,1,0,train,2409
1204,1291,3409,6049,6049,3409,1,0,test,1732
1205,1292,3309,2954,2954,3309,1,0,train,1717
1206,1293,1113,478,478,1113,1,0,train,5375
1207,1294,8592,1576,1576,8592,1,0,test,497
1208,1295,4618,4845,4618,4845,0,1,train,7677
1209,1296,1451,9127,1451,9127,0,1,train,6231
1210,1297,1295,8886,8886,1295,1,0,train,2024
1211,1298,1131,1855,1131,1855,0,1,train,5385
1212,1299,375,7955,375,7955,0,1,train,7533
1213,1300,5514,3235,3235,5514,1,0,train,3211
1214,1301,2432,4794,4794,2432,1,0,train,4836
1215,1302,1556,4969,1556,4969,0,1,train,2869
1216,1303,4265,724,724,4265,1,0,train,4631
1217,1304,3257,7574,7574,3257,1,0,train,446
1218,1305,3944,302,3944,302,0,1,train,6315
1219,1306,5936,7161,7161,5936,1,0,train,7865
1220,1307,380,3458,380,3458,0,1,test,1786
1221,1308,4048,4334,4334,4048,1,0,test,1406
1222,1309,2226,279,279,2226,1,0,train,1334
1223,1310,8593,9319,9319,8593,1,0,train,166
1224,1311,5024,5774,5774,5024,1,0,train,2486
1225,1312,6204,9044,9044,6204,1,0,train,5593
1226,1313,5065,6420,6420,5065,1,0,train,800
1227,1314,2155,460,2155,460,0,1,test,81
1228,1315,1547,6751,1547,6751,0,1,train,2574
1229,1316,4304,7615,7615,4304,1,0,train,3803
1230,1317,1101,2044,1101,2044,0,1,test,1332
1231,1318,6231,3441,3441,6231,1,0,train,6098
1232,1319,8072,8758,8072,8758,0,1,train,5967
1233,1320,6593,9175,6593,9175,0,1,train,1976
1234,1321,5058,619,619,5058,1,0,train,5359
1235,1322,2809,3007,2809,3007,0,1,train,669
1236,1323,4334,7483,4334,7483,0,1,train,1743
1237,1324,5521,2872,2872,5521,1,0,train,103
1238,1325,7582,444,7582,444,0,1,test,1950
1239,1326,6593,8348,6593,8348,0,1,test,693
1240,1327,4250,2079,4250,2079,0,1,test,397
1241,1328,2655,7054,7054,2655,1,0,test,1496
1242,1329,4408,220,220,4408,1,0,train,4405
1243,1330,9189,7648,9189,7648,0,1,train,6951
1244,1331,3650,5274,5274,3650,1,0,train,5644
1245,1332,6551,1333,6551,1333,0,1,train,5869
1246,1333,6671,8099,6671,8099,0,1,train,1345
1247,1334,7023,2570,2570,7023,1,0,train,3160
1248,1335,6975,1935,1935,6975,1,0,train,1099
1249,1336,7728,4674,7728,4674,0,1,train,2367
1250,1337,3378,2285,3378,2285,0,1,test,1582
1251,1338,2736,5878,5878,2736,1,0,train,6813
1252,1339,3101,4332,3101,4332,0,1,test,53
1253,1340,2395,4942,4942,2395,1,0,test,1790
1254,1341,5800,2286,5800,2286,0,1,train,5304
1255,1342,6096,289,6096,289,0,1,train,2985
1256,1343,7307,7472,7472,7307,1,0,train,4266
1257,1344,3170,5846,3170,5846,0,1,train,7542
1258,1345,1988,598,598,1988,1,0,train,3195
1259,1346,3425,5257,5257,3425,1,0,train,3551
1260,1347,1710,3954,3954,1710,1,0,train,5508
1261,1348,3895,4823,3895,4823,0,1,train,2527
1262,1349,4822,6034,4822,6034,0,1,test,1783
1263,1350,7452,2500,7452,2500,0,1,train,7026
1264,1351,5224,4281,5224,4281,0,1,train,1653
1265,1352,9050,5376,9050,5376,0,1,train,6725
1266,1353,1729,5396,5396,1729,1,0,train,5581
1267,1354,6096,7264,6096,7264,0,1,test,1592
1268,1355,6904,5591,5591,6904,1,0,train,349
1269,1356,5638,3610,3610,5638,1,0,test,132
1270,1357,3705,4581,3705,4581,0,1,train,2070
1271,1358,4492,2065,4492,2065,0,1,test,48
1272,1359,791,4860,4860,791,1,0,train,3289
1273,1360,8020,5932,5932,8020,1,0,train,2468
1274,1361,3091,5092,3091,5092,0,1,train,7558
1275,1362,2996,4726,4726,2996,1,0,test,1483
1276,1363,8589,2459,8589,2459,0,1,train,6731
1277,1364,74,3141,3141,74,1,0,train,128
1278,1365,1336,6665,6665,1336,1,0,train,737
1279,1366,438,1549,1549,438,1,0,train,332
1280,1368,9018,1277,9018,1277,0,1,train,6348
1281,1369,780,7095,7095,780,1,0,test,337
1282,1370,1123,6488,1123,6488,0,1,train,1944
1283,1371,8412,5353,5353,8412,1,0,train,2023
1284,1372,5791,3065,5791,3065,0,1,train,4454
1285,1373,4903,6138,4903,6138,0,1,train,7065
1286,1374,8155,1399,1399,8155,1,0,train,5769
1287,1375,5831,3930,5831,3930,0,1,train,4618
1288,1376,1880,6111,6111,1880,1,0,train,1523
1289,1377,4690,8187,8187,4690,1,0,train,234
1290,1378,4204,1639,4204,1639,0,1,train,3955
1291,1379,1786,8812,8812,1786,1,0,test,551
1292,1380,5884,1399,1399,5884,1,0,test,1237
1293,1381,8021,5591,8021,5591,0,1,train,3286
1294,1382,8579,7752,7752,8579,1,0,test,1655
1295,1383,7605,6667,7605,6667,0,1,train,3742
1296,1384,1786,5208,5208,1786,1,0,train,4858
1297,1385,4398,9026,4398,9026,0,1,test,70
1298,1386,8124,5030,8124,5030,0,1,train,1267
1299,1387,7605,6967,6967,7605,1,0,test,1797
1300,1388,7605,419,7605,419,0,1,train,6478
1301,1389,4250,4369,4250,4369,0,1,train,5305
1302,1390,2835,1657,1657,2835,1,0,train,6893
1303,1391,8940,8305,8305,8940,1,0,train,4943
1304,1392,3244,1385,1385,3244,1,0,train,1398
1305,1393,7136,1663,1663,7136,1,0,test,498
1306,1394,5646,4843,5646,4843,0,1,test,1608
1307,1395,3589,8507,3589,8507,0,1,train,3749
1308,1396,1358,831,831,1358,1,0,train,5232
1309,1397,1364,5377,5377,1364,1,0,train,7581
1310,1398,222,1635,1635,222,1,0,test,1417
1311,1399,4107,915,915,4107,1,0,train,141
1312,1400,4269,7781,4269,7781,0,1,train,5276
1313,1401,6,699,699,6,1,0,test,40
1314,1402,4905,6129,6129,4905,1,0,train,37
1315,1403,4564,1561,4564,1561,0,1,train,4939
1316,1404,3225,5902,3225,5902,0,1,train,4894
1317,1405,6485,4106,6485,4106,0,1,train,997
1318,1406,7113,96,7113,96,0,1,train,5283
1319,1408,941,1631,941,1631,0,1,train,6851
1320,1409,927,639,639,927,1,0,train,1932
1321,1410,248,2208,2208,248,1,0,train,3972
1322,1411,7113,5175,5175,7113,1,0,train,1484
1323,1412,2737,6993,6993,2737,1,0,test,44
1324,1413,4554,6191,4554,6191,0,1,train,3952
1325,1414,4004,8325,8325,4004,1,0,train,4244
1326,1415,1448,127,1448,127,0,1,test,260
1327,1416,771,1584,771,1584,0,1,train,938
1328,1417,7113,6485,6485,7113,1,0,train,2268
1329,1418,128,330,330,128,1,0,train,4846
1330,1419,7113,8614,8614,7113,1,0,train,3207
1331,1420,274,6947,6947,274,1,0,test,1157
1332,1421,8663,1947,1947,8663,1,0,test,991
1333,1422,466,5998,466,5998,0,1,train,3102
1334,1424,1033,7950,7950,1033,1,0,train,3297
1335,1425,7156,1719,7156,1719,0,1,train,2589
1336,1426,5569,3677,3677,5569,1,0,train,6567
1337,1427,4123,6525,6525,4123,1,0,train,2407
1338,1428,7118,2076,7118,2076,0,1,train,7642
1339,1429,2316,1254,2316,1254,0,1,train,3143
1340,1430,788,844,788,844,0,1,test,1890
1341,1431,268,6237,268,6237,0,1,test,1853
1342,1432,2972,8773,2972,8773,0,1,train,1287
1343,1433,458,2586,2586,458,1,0,train,6529
1344,1434,2852,7198,7198,2852,1,0,train,1805
1345,1435,576,1863,1863,576,1,0,train,5228
1346,1436,2737,5284,5284,2737,1,0,test,1424
1347,1437,404,5575,404,5575,0,1,train,5647
1348,1438,981,4390,981,4390,0,1,test,1763
1349,1439,208,3306,208,3306,0,1,train,5732
1350,1440,2782,3533,3533,2782,1,0,train,639
1351,1441,1128,6076,1128,6076,0,1,train,5687
1352,1442,527,9083,9083,527,1,0,train,1312
1353,1443,131,1056,1056,131,1,0,train,3510
1354,1445,2933,2754,2754,2933,1,0,train,4361
1355,1446,577,4000,4000,577,1,0,train,271
1356,1447,2678,3730,3730,2678,1,0,train,5892
1357,1448,437,2292,2292,437,1,0,train,6174
1358,1449,131,1069,1069,131,1,0,train,4661
1359,1451,9251,4688,9251,4688,0,1,train,5974
1360,1452,7238,3256,3256,7238,1,0,train,186
1361,1453,513,5305,513,5305,0,1,train,7321
1362,1454,483,9235,483,9235,0,1,train,6811
1363,1455,1092,877,877,1092,1,0,train,1152
1364,1456,205,292,205,292,0,1,test,1315
1365,1457,3002,1057,3002,1057,0,1,train,1400
1366,1458,3983,2457,3983,2457,0,1,train,2622
1367,1459,8761,3750,3750,8761,1,0,train,4485
1368,1460,577,7850,7850,577,1,0,train,5061
1369,1461,5546,1614,5546,1614,0,1,train,4212
1370,1462,6919,7516,6919,7516,0,1,train,2947
1371,1463,8580,920,920,8580,1,0,test,283
1372,1465,3240,6058,6058,3240,1,0,train,7396
1373,1466,3256,6209,6209,3256,1,0,train,6677
1374,1467,3954,3768,3954,3768,0,1,train,1086
1375,1468,2820,8900,2820,8900,0,1,train,32
1376,1469,4382,8708,4382,8708,0,1,test,666
1377,1470,2068,6480,2068,6480,0,1,train,5689
1378,1471,1917,6439,1917,6439,0,1,test,927
1379,1472,6411,6554,6411,6554,0,1,train,5889
1380,1473,4186,5946,4186,5946,0,1,train,1501
1381,1474,7590,4965,7590,4965,0,1,test,626
1382,1475,6145,2165,6145,2165,0,1,train,4269
1383,1476,7590,1842,1842,7590,1,0,train,4530
1384,1477,5416,5536,5416,5536,0,1,train,5851
1385,1479,3806,7387,3806,7387,0,1,train,7331
1386,1480,1906,5335,1906,5335,0,1,train,6789
1387,1481,6050,1185,1185,6050,1,0,test,1020
1388,1482,6931,4768,6931,4768,0,1,train,6578
1389,1483,1799,5534,5534,1799,1,0,train,2874
1390,1484,7301,937,7301,937,0,1,train,2954
1391,1485,7742,1522,7742,1522,0,1,train,5590
1392,1486,1746,8755,8755,1746,1,0,train,5575
1393,1487,1237,1996,1237,1996,0,1,train,6759
1394,1488,6894,8385,6894,8385,0,1,train,1461
1395,1489,7279,278,278,7279,1,0,train,1641
1396,1490,1575,4871,1575,4871,0,1,train,2747
1397,1491,1102,2085,2085,1102,1,0,train,7668
1398,1492,7385,3422,3422,7385,1,0,train,861
1399,1493,6470,7650,7650,6470,1,0,train,758
1400,1494,6215,679,6215,679,0,1,train,2721
1401,1495,2749,3374,2749,3374,0,1,train,1640
1402,1496,3088,54,3088,54,0,1,train,7596
1403,1497,7188,2219,7188,2219,0,1,train,7661
1404,1499,3199,5187,3199,5187,0,1,train,3174
1405,1500,6290,8772,8772,6290,1,0,train,1324
1406,1501,6322,8247,8247,6322,1,0,train,2095
1407,1502,732,1738,732,1738,0,1,test,35
1408,1503,667,5833,5833,667,1,0,train,4900
1409,1504,618,788,618,788,0,1,train,5101
1410,1505,666,8403,666,8403,0,1,train,7086
1411,1506,721,3585,721,3585,0,1,train,5420
1412,1508,729,1849,729,1849,0,1,train,7320
1413,1509,627,6687,6687,627,1,0,train,6549
1414,1510,720,5269,720,5269,0,1,train,5212
1415,1511,621,6968,621,6968,0,1,train,5303
1416,1513,698,7805,698,7805,0,1,train,5984
1417,1514,679,608,679,608,0,1,train,3628
1418,1516,720,8318,720,8318,0,1,train,1763
1419,1518,5965,3481,5965,3481,0,1,train,2891
1420,1521,4484,467,467,4484,1,0,test,1926
1421,1522,2877,8548,2877,8548,0,1,test,1778
1422,1524,5237,1081,5237,1081,0,1,train,3005
1423,1525,2370,4491,2370,4491,0,1,test,261
1424,1526,3970,340,340,3970,1,0,train,6106
1425,1527,1198,3770,3770,1198,1,0,train,2343
1426,1528,3950,4620,3950,4620,0,1,train,7857
1427,1529,1521,3204,3204,1521,1,0,train,3606
1428,1530,1382,3019,1382,3019,0,1,train,942
1429,1531,4356,1003,1003,4356,1,0,train,3400
1430,1532,7178,4332,4332,7178,1,0,train,727
1431,1533,1894,6615,1894,6615,0,1,test,1317
1432,1534,2079,326,2079,326,0,1,train,6482
1433,1535,2484,4446,4446,2484,1,0,test,54
1434,1536,7569,2091,2091,7569,1,0,train,5747
1435,1537,1844,812,812,1844,1,0,train,7638
1436,1538,2108,5785,2108,5785,0,1,train,4554
1437,1539,990,5252,990,5252,0,1,test,1295
1438,1540,1770,8188,1770,8188,0,1,train,475
1439,1541,2484,9279,9279,2484,1,0,train,3169
1440,1542,702,2341,2341,702,1,0,test,765
1441,1543,5314,2942,5314,2942,0,1,test,1223
1442,1544,8204,881,8204,881,0,1,train,1133
1443,1545,5509,8749,5509,8749,0,1,test,527
1444,1546,6168,9081,6168,9081,0,1,test,610
1445,1547,8418,8110,8418,8110,0,1,train,3371
1446,1548,1788,4403,1788,4403,0,1,train,7554
1447,1549,7525,6097,7525,6097,0,1,train,7491
1448,1550,4945,234,4945,234,0,1,train,4162
1449,1551,5354,6320,6320,5354,1,0,train,829
1450,1552,5605,9174,5605,9174,0,1,train,6869
1451,1553,8535,6751,6751,8535,1,0,train,1581
1452,1554,912,695,695,912,1,0,train,2995
1453,1555,3356,4503,4503,3356,1,0,train,4617
1454,1556,5056,6964,5056,6964,0,1,train,2788
1455,1557,3220,6528,3220,6528,0,1,train,3903
1456,1558,5815,444,5815,444,0,1,train,3258
1457,1559,3090,8679,3090,8679,0,1,train,6480
1458,1560,6631,9051,6631,9051,0,1,train,3481
1459,1561,2165,6046,6046,2165,1,0,train,6520
1460,1562,1631,2164,1631,2164,0,1,train,5440
1461,1563,2664,5012,2664,5012,0,1,train,6057
1462,1564,6396,1298,6396,1298,0,1,train,5657
1463,1566,6641,7648,6641,7648,0,1,train,4428
1464,1567,6514,2108,2108,6514,1,0,train,1306
1465,1568,4116,9163,4116,9163,0,1,train,7178
1466,1569,8140,2235,2235,8140,1,0,train,3916
1467,1570,4741,5257,5257,4741,1,0,train,3412
1468,1571,1519,6848,6848,1519,1,0,train,4384
1469,1572,7409,9164,9164,7409,1,0,test,542
1470,1573,9023,4060,4060,9023,1,0,test,1563
1471,1574,4071,5688,4071,5688,0,1,train,7144
1472,1575,7117,6051,7117,6051,0,1,train,3504
1473,1576,937,798,937,798,0,1,train,5043
1474,1577,1437,3986,3986,1437,1,0,test,143
1475,1578,3201,2353,2353,3201,1,0,train,4580
1476,1579,1127,7552,1127,7552,0,1,train,2796
1477,1580,7608,1824,7608,1824,0,1,train,3237
1478,1581,7988,8374,7988,8374,0,1,train,4988
1479,1582,127,1857,1857,127,1,0,train,4505
1480,1584,2847,6734,2847,6734,0,1,train,2075
1481,1585,303,413,413,303,1,0,train,3755
1482,1586,392,7799,392,7799,0,1,test,1653
1483,1587,1152,6204,1152,6204,0,1,test,766
1484,1588,1290,3805,3805,1290,1,0,train,2851
1485,1589,3507,8561,3507,8561,0,1,train,3715
1486,1590,1088,8897,1088,8897,0,1,test,831
1487,1591,3215,8013,8013,3215,1,0,train,2866
1488,1592,2659,1955,1955,2659,1,0,train,983
1489,1593,6784,1729,6784,1729,0,1,train,6305
1490,1594,4092,2102,2102,4092,1,0,test,294
1491,1596,5168,1063,1063,5168,1,0,train,5700
1492,1597,43,659,659,43,1,0,train,1515
1493,1598,3374,7107,3374,7107,0,1,train,4539
1494,1599,1004,3814,1004,3814,0,1,train,3784
1495,1600,3595,4739,4739,3595,1,0,train,5083
1496,1601,461,4685,461,4685,0,1,test,334
1497,1602,4452,5254,4452,5254,0,1,train,7517
1498,1603,5666,7330,7330,5666,1,0,train,7676
1499,1604,3517,4476,4476,3517,1,0,train,5567
1500,1605,2850,428,428,2850,1,0,train,2977
1501,1606,3517,3100,3100,3517,1,0,train,6885
1502,1607,3866,2326,2326,3866,1,0,train,7869
1503,1609,771,1732,771,1732,0,1,test,996
1504,1611,2229,860,860,2229,1,0,train,211
1505,1612,1125,7124,1125,7124,0,1,train,7432
1506,1613,2413,3125,2413,3125,0,1,test,1150
1507,1614,8313,7205,7205,8313,1,0,train,6654
1508,1615,648,1138,648,1138,0,1,train,118
1509,1616,5921,3817,5921,3817,0,1,train,6354
1510,1617,4557,1779,1779,4557,1,0,train,4295
1511,1619,6971,3417,3417,6971,1,0,train,5934
1512,1620,715,2615,715,2615,0,1,train,6019
1513,1621,164,8879,8879,164,1,0,train,7108
1514,1622,2653,568,568,2653,1,0,test,1267
1515,1623,4102,1851,1851,4102,1,0,train,970
1516,1624,4344,8396,8396,4344,1,0,test,1292
1517,1626,7178,4923,4923,7178,1,0,test,1268
1518,1627,296,6254,6254,296,1,0,train,3242
1519,1628,464,8525,464,8525,0,1,train,1786
1520,1629,512,5424,512,5424,0,1,test,1862
1521,1630,268,4887,4887,268,1,0,train,5583
1522,1631,7288,1276,7288,1276,0,1,train,809
1523,1633,6307,3108,6307,3108,0,1,train,3196
1524,1634,5666,4964,5666,4964,0,1,train,822
1525,1636,7087,25,7087,25,0,1,train,6663
1526,1637,2509,5860,5860,2509,1,0,train,6977
1527,1638,7172,4666,7172,4666,0,1,train,183
1528,1639,3367,7981,7981,3367,1,0,train,7604
1529,1641,604,3454,604,3454,0,1,train,230
1530,1642,4278,5332,5332,4278,1,0,train,5253
1531,1643,1394,7396,7396,1394,1,0,train,4468
1532,1644,4677,7254,7254,4677,1,0,train,6768
1533,1645,6318,6282,6318,6282,0,1,train,2716
1534,1646,483,8070,483,8070,0,1,train,2782
1535,1647,2851,1411,2851,1411,0,1,train,6311
1536,1648,2781,6138,2781,6138,0,1,train,6260
1537,1649,892,4292,4292,892,1,0,test,220
1538,1650,1542,1642,1542,1642,0,1,test,203
1539,1651,1489,1422,1422,1489,1,0,train,1648
1540,1653,6335,9111,9111,6335,1,0,train,1382
1541,1654,4223,2776,4223,2776,0,1,test,249
1542,1655,4049,373,373,4049,1,0,train,6343
1543,1657,3233,1197,1197,3233,1,0,train,6161
1544,1658,8089,6118,8089,6118,0,1,train,5443
1545,1659,1402,8228,1402,8228,0,1,test,1118
1546,1660,4222,5047,5047,4222,1,0,train,5666
1547,1661,7279,4602,4602,7279,1,0,train,4296
1548,1662,5226,7042,7042,5226,1,0,train,4724
1549,1663,5249,2144,2144,5249,1,0,test,1428
1550,1664,4115,1391,1391,4115,1,0,train,2752
1551,1665,8086,6727,8086,6727,0,1,train,1941
1552,1667,4234,8136,8136,4234,1,0,train,2243
1553,1668,7831,2209,7831,2209,0,1,train,3027
1554,1669,5448,527,527,5448,1,0,train,5313
1555,1670,9188,116,116,9188,1,0,train,2378
1556,1671,611,1189,1189,611,1,0,train,6957
1557,1672,2287,7829,2287,7829,0,1,train,5325
1558,1673,620,1810,620,1810,0,1,train,3154
1559,1674,690,85,690,85,0,1,train,1159
1560,1675,4827,4907,4907,4827,1,0,train,5245
1561,1676,707,1888,707,1888,0,1,train,34
1562,1677,687,7050,687,7050,0,1,train,4456
1563,1678,7321,6374,7321,6374,0,1,train,2537
1564,1679,696,7177,7177,696,1,0,train,2921
1565,1680,6971,8097,6971,8097,0,1,test,658
1566,1681,623,5826,5826,623,1,0,train,3419
1567,1682,4563,5164,5164,4563,1,0,train,1896
1568,1685,6971,4280,4280,6971,1,0,train,1645
1569,1689,620,6534,620,6534,0,1,train,2512
1570,1690,2449,2271,2449,2271,0,1,train,5035
1571,1691,5700,4783,5700,4783,0,1,test,652
1572,1692,5608,2501,5608,2501,0,1,train,5881
1573,1693,657,8252,657,8252,0,1,train,65
1574,1694,681,2049,681,2049,0,1,train,6371
1575,1696,5523,4418,5523,4418,0,1,test,860
1576,1697,6757,8873,8873,6757,1,0,train,110
1577,1698,577,8938,8938,577,1,0,train,1679
1578,1699,1149,5236,1149,5236,0,1,train,898
1579,1700,7396,3706,3706,7396,1,0,train,315
1580,1701,3109,6494,3109,6494,0,1,test,1027
1581,1702,4741,7118,4741,7118,0,1,train,4807
1582,1703,5607,160,160,5607,1,0,train,4062
1583,1704,4109,9288,4109,9288,0,1,test,453
1584,1705,5708,2568,5708,2568,0,1,train,4221
1585,1706,582,3768,582,3768,0,1,train,2168
1586,1709,4403,4687,4687,4403,1,0,train,5159
1587,1710,3364,9015,9015,3364,1,0,train,7067
1588,1711,3497,2689,3497,2689,0,1,test,449
1589,1713,2540,6496,6496,2540,1,0,train,827
1590,1714,2047,2119,2047,2119,0,1,train,3079
1591,1715,8992,2944,2944,8992,1,0,train,3011
1592,1716,6153,2582,6153,2582,0,1,train,7303
1593,1717,3701,7041,7041,3701,1,0,train,2644
1594,1718,3333,2337,3333,2337,0,1,train,2822
1595,1719,2263,6872,2263,6872,0,1,train,751
1596,1721,870,7174,870,7174,0,1,train,6859
1597,1722,871,9021,871,9021,0,1,test,817
1598,1723,4259,521,4259,521,0,1,train,6926
1599,1724,5154,8074,8074,5154,1,0,train,3757
1600,1725,5242,8779,8779,5242,1,0,train,5610
1601,1726,8256,8506,8506,8256,1,0,train,2862
1602,1727,4977,7921,4977,7921,0,1,train,3526
1603,1728,1333,3152,3152,1333,1,0,train,1511
1604,1729,4203,7857,4203,7857,0,1,test,1103
1605,1730,1865,8852,8852,1865,1,0,train,5678
1606,1731,5424,2528,5424,2528,0,1,test,1833
1607,1732,1342,5590,1342,5590,0,1,train,415
1608,1733,6194,4197,6194,4197,0,1,test,866
1609,1734,6163,8407,8407,6163,1,0,train,6351
1610,1735,6111,2319,6111,2319,0,1,train,6245
1611,1736,5278,4388,5278,4388,0,1,train,3643
1612,1737,1342,2956,1342,2956,0,1,train,6215
1613,1738,5890,5654,5890,5654,0,1,train,452
1614,1739,6012,4910,6012,4910,0,1,train,340
1615,1740,4977,1890,4977,1890,0,1,train,495
1616,1741,3501,778,3501,778,0,1,train,4931
1617,1742,1183,3600,1183,3600,0,1,train,2338
1618,1743,1345,8904,8904,1345,1,0,train,3989
1619,1745,5411,6459,6459,5411,1,0,train,3866
1620,1746,1342,2541,1342,2541,0,1,train,7537
1621,1747,1342,4998,4998,1342,1,0,train,3463
1622,1748,2756,4744,4744,2756,1,0,train,295
1623,1749,6134,7195,7195,6134,1,0,test,1001
1624,1750,4892,1548,4892,1548,0,1,train,7689
1625,1751,4061,9219,4061,9219,0,1,test,359
1626,1752,5871,4654,5871,4654,0,1,train,3781
1627,1753,4605,4885,4605,4885,0,1,test,1587
1628,1754,1345,7745,1345,7745,0,1,test,1432
1629,1755,3234,6212,6212,3234,1,0,test,1138
1630,1756,1342,244,244,1342,1,0,train,3107
1631,1757,5891,4381,5891,4381,0,1,test,941
1632,1758,4707,6089,6089,4707,1,0,train,696
1633,1759,5688,1936,5688,1936,0,1,train,194
1634,1760,1015,3974,1015,3974,0,1,train,7020
1635,1761,1357,1208,1357,1208,0,1,train,3009
1636,1762,2037,1463,2037,1463,0,1,test,1426
1637,1763,164,6054,6054,164,1,0,train,3719
1638,1764,3116,5266,3116,5266,0,1,train,4241
1639,1765,2081,8052,2081,8052,0,1,train,3531
1640,1766,6540,8910,8910,6540,1,0,train,1598
1641,1767,255,8474,255,8474,0,1,train,1107
1642,1768,33,997,33,997,0,1,train,628
1643,1769,568,6427,568,6427,0,1,train,2438
1644,1770,306,1294,1294,306,1,0,train,6328
1645,1771,5566,7912,5566,7912,0,1,train,6473
1646,1772,2433,7033,2433,7033,0,1,train,2027
1647,1773,3671,553,3671,553,0,1,train,7381
1648,1774,6864,3273,6864,3273,0,1,train,918
1649,1775,2551,5020,2551,5020,0,1,train,2005
1650,1776,7620,1306,1306,7620,1,0,train,7627
1651,1777,6056,2632,6056,2632,0,1,train,2626
1652,1778,3477,8792,3477,8792,0,1,test,1843
1653,1779,7064,7414,7414,7064,1,0,train,1811
1654,1780,1884,5644,1884,5644,0,1,train,2215
1655,1781,8667,473,8667,473,0,1,train,4199
1656,1782,7631,133,133,7631,1,0,train,326
1657,1783,6909,6993,6993,6909,1,0,train,4744
1658,1784,5292,4934,5292,4934,0,1,train,7061
1659,1785,4745,3258,4745,3258,0,1,train,5374
1660,1786,1674,1470,1470,1674,1,0,train,6681
1661,1787,1406,1277,1277,1406,1,0,train,3664
1662,1788,3616,2483,2483,3616,1,0,test,482
1663,1789,6349,1882,1882,6349,1,0,test,1152
1664,1790,771,8878,8878,771,1,0,train,6331
1665,1791,4851,2331,2331,4851,1,0,train,819
1666,1792,7788,8700,7788,8700,0,1,train,6167
1667,1793,8460,7012,7012,8460,1,0,train,1849
1668,1794,5101,3039,5101,3039,0,1,train,1718
1669,1795,2534,3928,2534,3928,0,1,train,1053
1670,1796,1672,353,1672,353,0,1,train,3270
1671,1797,4139,3616,3616,4139,1,0,train,6912
1672,1798,4826,7960,7960,4826,1,0,train,2603
1673,1799,3720,1187,1187,3720,1,0,train,7210
1674,1800,2762,4823,4823,2762,1,0,train,5641
1675,1801,3710,6048,6048,3710,1,0,train,1606
1676,1802,1892,1103,1103,1892,1,0,test,1598
1677,1803,6149,4041,4041,6149,1,0,train,2997
1678,1804,4026,1156,4026,1156,0,1,train,5572
1679,1805,7073,4829,7073,4829,0,1,train,1357
1680,1806,3112,5803,5803,3112,1,0,test,1154
1681,1807,7328,2938,2938,7328,1,0,train,6421
1682,1808,1969,236,236,1969,1,0,train,4896
1683,1809,578,4394,578,4394,0,1,train,3230
1684,1810,4024,6434,4024,6434,0,1,train,3403
1685,1811,2226,2701,2226,2701,0,1,train,5615
1686,1813,5193,1777,1777,5193,1,0,train,7376
1687,1814,7181,902,902,7181,1,0,test,1420
1688,1815,2587,4555,4555,2587,1,0,train,5822
1689,1816,910,5717,910,5717,0,1,test,1957
1690,1817,7672,5350,7672,5350,0,1,train,6776
1691,1818,5536,4447,5536,4447,0,1,test,989
1692,1819,4289,6820,4289,6820,0,1,train,7770
1693,1820,4484,3830,3830,4484,1,0,train,5365
1694,1821,5007,8004,8004,5007,1,0,train,4658
1695,1822,351,7695,351,7695,0,1,train,7424
1696,1823,7238,7323,7323,7238,1,0,test,1201
1697,1824,5314,2336,5314,2336,0,1,test,1045
1698,1825,4096,6676,4096,6676,0,1,train,5646
1699,1826,8261,3577,8261,3577,0,1,train,4590
1700,1828,5930,7958,5930,7958,0,1,test,454
1701,1829,918,3138,918,3138,0,1,train,4832
1702,1830,9011,5102,9011,5102,0,1,train,7083
1703,1831,5027,3124,5027,3124,0,1,train,5049
1704,1832,1382,5348,1382,5348,0,1,train,7806
1705,1833,1045,3376,1045,3376,0,1,train,4597
1706,1836,2654,2330,2654,2330,0,1,train,3301
1707,1837,1558,5969,5969,1558,1,0,train,1277
1708,1838,7155,4042,7155,4042,0,1,train,7722
1709,1839,1078,5312,5312,1078,1,0,train,7078
1710,1840,1025,6954,1025,6954,0,1,test,767
1711,1841,3070,8935,8935,3070,1,0,train,3899
1712,1842,7661,5334,7661,5334,0,1,test,1389
1713,1843,8583,8839,8839,8583,1,0,test,1854
1714,1844,2367,3257,2367,3257,0,1,train,7385
1715,1845,8287,1135,8287,1135,0,1,train,5871
1716,1846,3267,643,643,3267,1,0,train,3669
1717,1847,5580,1096,1096,5580,1,0,train,3611
1718,1848,1099,184,184,1099,1,0,test,777
1719,1849,2903,7358,2903,7358,0,1,train,5483
1720,1850,7661,4519,4519,7661,1,0,train,2933
1721,1851,1539,6109,1539,6109,0,1,train,4440
1722,1852,7648,6016,7648,6016,0,1,train,3417
1723,1853,5258,8013,8013,5258,1,0,test,1032
1724,1854,1669,4384,1669,4384,0,1,train,2139
1725,1855,8992,2712,2712,8992,1,0,train,1002
1726,1856,4933,6680,6680,4933,1,0,test,1056
1727,1857,2242,4566,2242,4566,0,1,train,3965
1728,1858,2601,3272,3272,2601,1,0,train,4170
1729,1860,3331,2031,2031,3331,1,0,train,1566
1730,1861,1909,7894,1909,7894,0,1,test,668
1731,1862,7801,190,7801,190,0,1,train,3943
1732,1863,4790,235,235,4790,1,0,train,5907
1733,1864,4626,3019,4626,3019,0,1,test,281
1734,1865,3902,4668,4668,3902,1,0,train,7287
1735,1866,5087,2639,5087,2639,0,1,train,4784
1736,1867,5288,6111,6111,5288,1,0,train,1396
1737,1868,7305,1408,1408,7305,1,0,train,2998
1738,1869,6149,9016,9016,6149,1,0,train,7488
1739,1870,6410,2003,2003,6410,1,0,train,6756
1740,1871,1670,5941,1670,5941,0,1,train,369
1741,1872,4726,2126,2126,4726,1,0,train,7871
1742,1873,1623,5137,5137,1623,1,0,test,1153
1743,1874,6359,3127,3127,6359,1,0,test,864
1744,1875,4841,5712,5712,4841,1,0,train,1692
1745,1876,1127,2043,2043,1127,1,0,train,5683
1746,1877,6620,7318,6620,7318,0,1,train,7204
1747,1878,7770,6690,6690,7770,1,0,train,359
1748,1879,7580,7767,7580,7767,0,1,train,979
1749,1880,8477,470,470,8477,1,0,test,1264
1750,1881,1927,1940,1927,1940,0,1,train,6883
1751,1882,5826,6439,6439,5826,1,0,train,1833
1752,1883,7865,7447,7865,7447,0,1,train,1584
1753,1884,8115,225,8115,225,0,1,train,3476
1754,1885,2766,2160,2766,2160,0,1,train,4371
1755,1886,1685,8125,8125,1685,1,0,train,2003
1756,1887,8602,3019,8602,3019,0,1,train,6427
1757,1888,5106,2996,2996,5106,1,0,train,2262
1758,1889,6881,8110,8110,6881,1,0,train,2864
1759,1890,8681,8458,8458,8681,1,0,train,4491
1760,1891,4821,5039,4821,5039,0,1,test,1341
1761,1892,7332,1756,1756,7332,1,0,train,5426
1762,1894,1631,6557,1631,6557,0,1,train,403
1763,1895,7560,5994,7560,5994,0,1,train,1200
1764,1896,1113,170,1113,170,0,1,train,4031
1765,1897,4922,6462,6462,4922,1,0,train,2546
1766,1898,1869,5600,1869,5600,0,1,train,4574
1767,1899,3307,3834,3307,3834,0,1,train,5137
1768,1900,5829,7449,5829,7449,0,1,train,2151
1769,1901,2009,1669,1669,2009,1,0,train,594
1770,1902,4484,3786,4484,3786,0,1,train,2691
1771,1903,7649,1580,1580,7649,1,0,train,4291
1772,1904,3503,5300,3503,5300,0,1,test,101
1773,1905,2754,1296,1296,2754,1,0,train,4773
1774,1907,4502,5522,5522,4502,1,0,test,230
1775,1908,258,8234,258,8234,0,1,train,1676
1776,1909,2894,7770,2894,7770,0,1,train,6249
1777,1910,1312,3127,3127,1312,1,0,train,656
1778,1911,8704,8078,8078,8704,1,0,train,1351
1779,1912,179,3933,3933,179,1,0,test,1207
1780,1913,450,6238,450,6238,0,1,train,6365
1781,1915,309,3115,309,3115,0,1,train,5733
1782,1916,7298,3904,3904,7298,1,0,train,5393
1783,1917,3480,6686,3480,6686,0,1,train,2489
1784,1918,9052,6060,6060,9052,1,0,train,1726
1785,1919,3856,3794,3856,3794,0,1,train,7545
1786,1920,4140,7918,4140,7918,0,1,train,5719
1787,1921,4810,1149,4810,1149,0,1,train,464
1788,1922,7876,4114,7876,4114,0,1,train,5213
1789,1923,6137,333,333,6137,1,0,train,2993
1790,1924,910,2665,2665,910,1,0,train,2748
1791,1925,2439,7965,7965,2439,1,0,train,288
1792,1926,438,1598,438,1598,0,1,train,1754
1793,1927,8547,5984,8547,5984,0,1,train,2381
1794,1928,8790,2045,2045,8790,1,0,train,5012
1795,1929,4293,8163,4293,8163,0,1,test,1471
1796,1930,3662,5066,3662,5066,0,1,train,4073
1797,1931,5840,2858,5840,2858,0,1,test,1906
1798,1932,3317,3814,3814,3317,1,0,test,847
1799,1933,585,6465,6465,585,1,0,test,1969
1800,1934,2038,2446,2446,2038,1,0,train,3999
1801,1935,6837,7702,7702,6837,1,0,train,2296
1802,1936,4319,3600,3600,4319,1,0,train,649
1803,1937,3208,3573,3208,3573,0,1,train,6637
1804,1938,5192,8346,8346,5192,1,0,test,1524
1805,1939,388,5782,5782,388,1,0,train,222
1806,1940,2867,2726,2726,2867,1,0,train,6074
1807,1941,322,2903,322,2903,0,1,train,74
1808,1942,450,6164,450,6164,0,1,train,6502
1809,1943,2996,2774,2774,2996,1,0,train,2137
1810,1944,5929,8694,5929,8694,0,1,train,7706
1811,1945,1391,676,1391,676,0,1,test,1965
1812,1946,4323,3310,3310,4323,1,0,test,274
1813,1948,8036,3141,3141,8036,1,0,train,6834
1814,1949,4463,8689,8689,4463,1,0,train,4100
1815,1950,304,3790,304,3790,0,1,test,922
1816,1951,131,6414,6414,131,1,0,train,864
1817,1952,3025,9240,3025,9240,0,1,train,5492
1818,1953,3282,3391,3282,3391,0,1,test,1746
1819,1954,657,2335,2335,657,1,0,train,7601
1820,1955,685,6366,685,6366,0,1,train,5791
1821,1956,673,1020,673,1020,0,1,train,1709
1822,1957,729,3630,729,3630,0,1,train,4003
1823,1958,724,5866,5866,724,1,0,test,154
1824,1959,1674,1679,1674,1679,0,1,train,4415
1825,1960,4643,3942,4643,3942,0,1,train,1067
1826,1961,6790,5489,6790,5489,0,1,train,6890
1827,1962,784,1009,1009,784,1,0,test,1600
1828,1963,2081,5348,2081,5348,0,1,train,4679
1829,1964,2219,2701,2219,2701,0,1,train,5509
1830,1965,2045,8691,8691,2045,1,0,train,4139
1831,1966,5969,2117,2117,5969,1,0,train,868
1832,1967,737,9157,9157,737,1,0,train,155
1833,1968,655,2071,655,2071,0,1,train,6566
1834,1969,7983,4749,4749,7983,1,0,train,5334
1835,1970,7356,9182,9182,7356,1,0,train,1802
1836,1971,8337,4462,4462,8337,1,0,train,3562
1837,1972,4686,6861,6861,4686,1,0,train,6460
1838,1973,2052,8739,2052,8739,0,1,test,1434
1839,1974,6431,1162,6431,1162,0,1,train,7305
1840,1975,4364,8003,8003,4364,1,0,train,7262
1841,1976,3852,3490,3852,3490,0,1,train,5780
1842,1977,2584,1081,1081,2584,1,0,train,2564
1843,1978,2063,3251,2063,3251,0,1,train,5672
1844,1980,8357,8320,8320,8357,1,0,train,6510
1845,1982,6288,3281,3281,6288,1,0,test,1022
1846,1983,1693,8227,1693,8227,0,1,train,2239
1847,1985,9065,1969,9065,1969,0,1,train,4042
1848,1986,5024,2856,2856,5024,1,0,train,471
1849,1987,4193,476,476,4193,1,0,train,2018
1850,1988,3883,5310,3883,5310,0,1,test,427
1851,1989,746,7321,7321,746,1,0,test,1012
1852,1990,4065,7309,4065,7309,0,1,test,1230
1853,1991,1409,2484,2484,1409,1,0,train,972
1854,1992,6423,5842,5842,6423,1,0,test,519
1855,1993,5885,8742,8742,5885,1,0,train,4309
1856,1994,1909,7322,1909,7322,0,1,test,647
1857,1995,1373,5976,1373,5976,0,1,train,3557
1858,1996,1448,526,526,1448,1,0,train,20
1859,1997,3120,2462,3120,2462,0,1,test,1690
1860,1998,2651,3223,2651,3223,0,1,train,6170
1861,1999,7508,3937,3937,7508,1,0,train,1354
1862,2000,7680,8159,7680,8159,0,1,train,2640
1863,2001,8442,2044,2044,8442,1,0,train,7348
1864,2002,4895,7268,7268,4895,1,0,test,1602
1865,2003,5531,679,5531,679,0,1,train,553
1866,2004,4272,1446,4272,1446,0,1,train,4447
1867,2005,4243,8336,4243,8336,0,1,train,5236
1868,2006,8253,7250,7250,8253,1,0,train,7530
1869,2007,8147,1281,8147,1281,0,1,train,2188
1870,2009,6154,3932,3932,6154,1,0,train,7592
1871,2010,1376,2456,1376,2456,0,1,test,128
1872,2011,4682,7711,4682,7711,0,1,test,1733
1873,2012,1420,4783,4783,1420,1,0,train,7063
1874,2013,6122,5735,5735,6122,1,0,train,6541
1875,2014,6129,2666,2666,6129,1,0,train,3384
1876,2015,7403,7596,7596,7403,1,0,train,3192
1877,2016,175,8866,175,8866,0,1,test,640
1878,2017,4225,409,4225,409,0,1,train,993
1879,2018,746,2087,2087,746,1,0,train,1141
1880,2019,4684,3779,4684,3779,0,1,train,2057
1881,2020,4232,4042,4042,4232,1,0,train,629
1882,2021,255,764,764,255,1,0,train,4965
1883,2022,1154,4892,4892,1154,1,0,train,1632
1884,2023,742,3500,742,3500,0,1,train,5637
1885,2024,1028,9120,9120,1028,1,0,train,6536
1886,2025,387,3962,3962,387,1,0,test,1968
1887,2026,1323,6772,6772,1323,1,0,test,8
1888,2027,3519,1953,3519,1953,0,1,train,6613
1889,2028,317,5141,317,5141,0,1,train,2400
1890,2029,2959,1574,2959,1574,0,1,train,1949
1891,2030,2201,2692,2692,2201,1,0,train,3231
1892,2031,2514,5618,5618,2514,1,0,train,3414
1893,2032,1079,1209,1209,1079,1,0,test,409
1894,2033,857,6604,6604,857,1,0,train,4856
1895,2034,444,2348,2348,444,1,0,test,1254
1896,2035,576,7623,7623,576,1,0,train,2451
1897,2036,1103,5865,5865,1103,1,0,train,6130
1898,2037,4252,2986,4252,2986,0,1,train,4473
1899,2038,3515,147,3515,147,0,1,train,1618
1900,2039,2962,7781,7781,2962,1,0,train,6353
1901,2041,6089,8505,8505,6089,1,0,test,215
1902,2042,6344,5954,6344,5954,0,1,test,1916
1903,2043,2031,7802,2031,7802,0,1,test,1960
1904,2044,7959,9315,7959,9315,0,1,train,5048
1905,2045,7967,4330,4330,7967,1,0,train,5323
1906,2046,3602,3912,3912,3602,1,0,train,1184
1907,2047,6466,5412,5412,6466,1,0,train,3095
1908,2048,7154,8181,7154,8181,0,1,train,7838
1909,2049,2302,1846,1846,2302,1,0,train,5230
1910,2050,1600,7157,7157,1600,1,0,test,954
1911,2051,6818,2316,6818,2316,0,1,train,3950
1912,2052,4037,5394,4037,5394,0,1,test,1717
1913,2053,7805,7885,7805,7885,0,1,train,5691
1914,2054,7915,4441,7915,4441,0,1,train,5585
1915,2055,4151,3788,4151,3788,0,1,test,1039
1916,2056,1892,7892,1892,7892,0,1,train,2445
1917,2057,5791,2138,2138,5791,1,0,train,3760
1918,2058,6884,7322,7322,6884,1,0,train,3019
1919,2059,2507,898,2507,898,0,1,train,6952
1920,2060,2071,3359,2071,3359,0,1,test,974
1921,2061,437,2624,437,2624,0,1,train,756
1922,2062,8687,7707,7707,8687,1,0,train,1855
1923,2063,4026,7507,4026,7507,0,1,test,1573
1924,2064,4032,7883,7883,4032,1,0,train,5111
1925,2065,8162,3553,8162,3553,0,1,train,1571
1926,2066,3340,1613,3340,1613,0,1,train,2877
1927,2067,1744,1371,1744,1371,0,1,test,181
1928,2068,5105,7713,7713,5105,1,0,train,2950
1929,2069,4871,6088,4871,6088,0,1,train,241
1930,2071,7863,6220,7863,6220,0,1,test,308
1931,2072,6130,6276,6276,6130,1,0,train,1479
1932,2073,1982,5978,1982,5978,0,1,train,3538
1933,2074,4136,3625,3625,4136,1,0,train,3555
1934,2075,8430,4927,4927,8430,1,0,train,2547
1935,2076,6431,3389,3389,6431,1,0,train,5798
1936,2077,7602,5103,5103,7602,1,0,test,1225
1937,2078,4175,5251,5251,4175,1,0,train,3879
1938,2079,7219,5334,7219,5334,0,1,train,2646
1939,2080,3215,8818,8818,3215,1,0,train,7651
1940,2081,1603,3056,1603,3056,0,1,test,1052
1941,2082,576,4694,576,4694,0,1,train,4290
1942,2083,3195,7870,3195,7870,0,1,train,1683
1943,2084,9263,1226,1226,9263,1,0,test,826
1944,2085,4967,8240,4967,8240,0,1,train,1402
1945,2086,4780,3861,3861,4780,1,0,train,4499
1946,2087,958,887,887,958,1,0,train,3460
1947,2088,1244,4719,1244,4719,0,1,train,3540
1948,2089,891,1517,1517,891,1,0,train,7587
1949,2090,5934,2126,5934,2126,0,1,train,2683
1950,2091,3251,6775,6775,3251,1,0,train,4757
1951,2092,1180,1420,1180,1420,0,1,train,6698
1952,2094,4951,8622,4951,8622,0,1,train,2042
1953,2095,3090,717,717,3090,1,0,train,4557
1954,2096,3103,64,64,3103,1,0,train,5765
1955,2097,438,217,217,438,1,0,train,3573
1956,2098,9102,4341,9102,4341,0,1,train,4540
1957,2099,1127,2804,1127,2804,0,1,test,276
1958,2100,954,5618,5618,954,1,0,train,4088
1959,2102,108,6223,108,6223,0,1,train,2534
1960,2103,6838,982,6838,982,0,1,train,856
1961,2104,1413,5501,1413,5501,0,1,train,3855
1962,2105,2653,650,2653,650,0,1,train,6321
1963,2106,3827,5931,5931,3827,1,0,test,1964
1964,2107,2185,5154,2185,5154,0,1,test,742
1965,2108,8569,2525,2525,8569,1,0,train,686
1966,2109,441,6954,441,6954,0,1,train,3278
1967,2110,2293,2531,2293,2531,0,1,train,1216
1968,2111,3869,7107,7107,3869,1,0,train,1196
1969,2112,8029,4778,4778,8029,1,0,test,299
1970,2113,4401,7009,7009,4401,1,0,test,1750
1971,2114,771,3937,3937,771,1,0,test,1795
1972,2115,6561,1751,1751,6561,1,0,train,560
1973,2116,9043,6908,6908,9043,1,0,train,4216
1974,2117,7628,4035,4035,7628,1,0,train,5690
1975,2118,4303,9145,4303,9145,0,1,train,4533
1976,2119,1129,8677,1129,8677,0,1,train,154
1977,2120,525,3210,525,3210,0,1,train,4651
1978,2121,1053,3320,3320,1053,1,0,train,5357
1979,2122,7800,5843,5843,7800,1,0,test,416
1980,2123,2646,8816,2646,8816,0,1,train,3807
1981,2124,1190,2506,2506,1190,1,0,train,5663
1982,2125,338,7793,338,7793,0,1,train,4130
1983,2126,5664,7128,7128,5664,1,0,train,5432
1984,2127,8544,1109,1109,8544,1,0,train,850
1985,2128,761,3990,3990,761,1,0,train,1456
1986,2129,582,2956,582,2956,0,1,train,5698
1987,2130,437,9195,9195,437,1,0,test,131
1988,2131,453,7171,453,7171,0,1,test,331
1989,2132,513,9120,513,9120,0,1,test,1640
1990,2133,352,5812,5812,352,1,0,test,43
1991,2134,1555,994,1555,994,0,1,test,1658
1992,2135,305,2356,2356,305,1,0,test,1920
1993,2136,286,36,36,286,1,0,train,824
1994,2137,1422,6582,1422,6582,0,1,test,1384
1995,2138,2336,7196,7196,2336,1,0,test,1625
1996,2139,2872,2094,2872,2094,0,1,train,3920
1997,2140,1412,7126,1412,7126,0,1,train,1441
1998,2141,1555,5802,1555,5802,0,1,train,778
1999,2143,338,6744,6744,338,1,0,train,1673
2000,2144,4519,6331,6331,4519,1,0,train,2551
2001,2145,1072,4742,1072,4742,0,1,train,4445
2002,2146,2925,9239,9239,2925,1,0,train,3795
2003,2147,333,677,677,333,1,0,train,2989
2004,2148,6525,3551,6525,3551,0,1,train,6494
2005,2149,2959,1477,2959,1477,0,1,train,7549
2006,2150,1437,843,1437,843,0,1,train,4649
2007,2151,695,4197,4197,695,1,0,train,3548
2008,2152,2869,1523,1523,2869,1,0,train,755
2009,2153,413,7818,413,7818,0,1,train,4416
2010,2154,5724,3608,5724,3608,0,1,train,1429
2011,2155,601,6747,601,6747,0,1,train,5360
2012,2156,3354,7977,3354,7977,0,1,train,935
2013,2157,4125,7033,4125,7033,0,1,test,97
2014,2160,341,8185,8185,341,1,0,train,1587
2015,2161,4967,4182,4967,4182,0,1,test,1162
2016,2162,6959,5973,5973,6959,1,0,train,1024
2017,2163,4798,3381,3381,4798,1,0,train,3487
2018,2164,426,4128,4128,426,1,0,train,1271
2019,2165,5586,5656,5586,5656,0,1,test,180
2020,2166,266,7973,7973,266,1,0,train,2686
2021,2167,5759,5716,5716,5759,1,0,train,585
2022,2168,7134,731,7134,731,0,1,train,5878
2023,2169,1198,1467,1467,1198,1,0,train,2312
2024,2170,338,4518,4518,338,1,0,train,7781
2025,2171,5794,6431,6431,5794,1,0,train,1435
2026,2172,422,7886,7886,422,1,0,train,4369
2027,2173,1152,1133,1133,1152,1,0,train,1284
2028,2174,3277,2751,2751,3277,1,0,train,7163
2029,2175,5707,8560,8560,5707,1,0,train,5546
2030,2176,566,7576,7576,566,1,0,train,1232
2031,2177,162,2835,2835,162,1,0,train,1780
2032,2178,7419,8151,8151,7419,1,0,train,1846
2033,2179,935,4457,4457,935,1,0,train,3336
2034,2180,5173,6883,6883,5173,1,0,train,2507
2035,2181,1195,2499,1195,2499,0,1,train,4697
2036,2182,4562,1260,4562,1260,0,1,train,3051
2037,2183,4519,4150,4150,4519,1,0,train,2561
2038,2184,7336,2557,2557,7336,1,0,train,2767
2039,2185,2854,4095,2854,4095,0,1,train,7237
2040,2186,340,8456,8456,340,1,0,train,6357
2041,2187,15,312,15,312,0,1,train,398
2042,2188,437,5104,437,5104,0,1,train,2648
2043,2189,4481,4334,4334,4481,1,0,train,2811
2044,2191,1628,607,1628,607,0,1,train,2853
2045,2192,5260,5730,5730,5260,1,0,train,2999
2046,2193,466,2039,2039,466,1,0,test,975
2047,2194,5195,5977,5977,5195,1,0,train,7495
2048,2195,1320,7935,1320,7935,0,1,train,1667
2049,2196,8281,2597,2597,8281,1,0,train,6323
2050,2197,3038,3705,3038,3705,0,1,train,5433
2051,2198,5067,4793,5067,4793,0,1,test,193
2052,2199,559,6404,6404,559,1,0,train,1535
2053,2200,6303,9280,6303,9280,0,1,train,3729
2054,2202,2522,8310,8310,2522,1,0,train,3961
2055,2204,7700,7196,7700,7196,0,1,train,1249
2056,2205,6803,3840,3840,6803,1,0,test,557
2057,2206,1439,8078,8078,1439,1,0,train,2052
2058,2207,451,6696,6696,451,1,0,test,133
2059,2208,7700,6901,6901,7700,1,0,train,226
2060,2209,6593,2777,2777,6593,1,0,train,5175
2061,2210,2075,3713,3713,2075,1,0,train,2156
2062,2211,8334,215,215,8334,1,0,train,1401
2063,2212,4947,4760,4760,4947,1,0,train,5467
2064,2213,4185,3314,4185,3314,0,1,train,289
2065,2214,3794,7603,3794,7603,0,1,train,4717
2066,2215,7982,7196,7982,7196,0,1,train,2054
2067,2216,5822,3682,3682,5822,1,0,train,4693
2068,2217,2392,2611,2392,2611,0,1,train,7757
2069,2218,4115,4330,4115,4330,0,1,train,1406
2070,2219,1184,8223,8223,1184,1,0,train,4414
2071,2220,4422,8237,4422,8237,0,1,train,152
2072,2222,4239,4067,4067,4239,1,0,train,3828
2073,2224,1704,5478,1704,5478,0,1,train,7513
2074,2225,9180,1167,9180,1167,0,1,train,6414
2075,2226,7510,5815,5815,7510,1,0,train,4267
2076,2227,7775,1476,1476,7775,1,0,train,3433
2077,2228,6603,226,6603,226,0,1,train,3291
2078,2229,8066,881,8066,881,0,1,train,1430
2079,2230,4225,5333,5333,4225,1,0,train,3625
2080,2231,7131,969,969,7131,1,0,train,7206
2081,2232,3431,5473,3431,5473,0,1,train,6466
2082,2233,6169,3553,3553,6169,1,0,train,802
2083,2234,1350,5570,1350,5570,0,1,train,6688
2084,2235,8233,5042,5042,8233,1,0,train,283
2085,2236,7701,5429,5429,7701,1,0,train,6128
2086,2237,1375,8993,8993,1375,1,0,train,6190
2087,2238,5525,812,812,5525,1,0,train,3992
2088,2239,6315,2352,6315,2352,0,1,train,1841
2089,2240,1242,6708,1242,6708,0,1,train,5723
2090,2241,5147,4013,4013,5147,1,0,train,6310
2091,2242,6531,4593,4593,6531,1,0,train,2123
2092,2243,9261,3431,3431,9261,1,0,train,360
2093,2244,452,3533,3533,452,1,0,train,5131
2094,2245,1224,6910,6910,1224,1,0,train,6674
2095,2247,6531,8928,6531,8928,0,1,train,4565
2096,2248,3306,8336,3306,8336,0,1,train,3911
2097,2249,1496,8682,1496,8682,0,1,train,3438
2098,2250,6584,8592,8592,6584,1,0,train,7610
2099,2251,1178,7562,1178,7562,0,1,train,5146
2100,2252,5712,4793,4793,5712,1,0,test,1181
2101,2253,5945,3363,5945,3363,0,1,train,2560
2102,2254,8138,6064,6064,8138,1,0,train,473
2103,2255,33,1942,33,1942,0,1,train,2272
2104,2256,4354,6753,6753,4354,1,0,train,1834
2105,2257,4353,1639,4353,1639,0,1,test,1007
2106,2258,519,3299,3299,519,1,0,train,7283
2107,2259,8135,7531,8135,7531,0,1,test,1806
2108,2260,444,2815,444,2815,0,1,test,599
2109,2261,176,2814,2814,176,1,0,train,7152
2110,2262,603,769,603,769,0,1,test,1787
2111,2263,209,4307,4307,209,1,0,train,7452
2112,2264,462,5911,5911,462,1,0,train,3785
2113,2265,4410,2879,2879,4410,1,0,train,1066
2114,2266,334,1242,334,1242,0,1,test,384
2115,2267,9103,6129,9103,6129,0,1,train,5437
2116,2268,501,4364,4364,501,1,0,train,556
2117,2269,53,7621,7621,53,1,0,train,7640
2118,2270,6981,497,497,6981,1,0,train,7858
2119,2271,4360,7120,7120,4360,1,0,train,4150
2120,2272,224,1631,1631,224,1,0,train,2109
2121,2273,6567,9058,9058,6567,1,0,train,7459
2122,2274,585,8762,585,8762,0,1,train,4311
2123,2275,534,8383,534,8383,0,1,train,7736
2124,2276,301,4653,4653,301,1,0,train,7019
2125,2277,5775,8057,5775,8057,0,1,train,830
2126,2278,255,4045,4045,255,1,0,train,787
2127,2279,3002,4738,4738,3002,1,0,test,1311
2128,2280,476,7150,7150,476,1,0,train,1121
2129,2281,1072,6789,6789,1072,1,0,train,6635
2130,2282,844,4450,844,4450,0,1,train,6100
2131,2283,319,4125,319,4125,0,1,train,7742
2132,2284,6595,8583,6595,8583,0,1,train,5970
2133,2285,7263,6588,7263,6588,0,1,train,7804
2134,2286,134,4205,134,4205,0,1,train,3313
2135,2287,131,8427,131,8427,0,1,test,1584
2136,2288,513,6296,6296,513,1,0,train,6217
2137,2289,196,7271,196,7271,0,1,train,6013
2138,2290,4009,8643,8643,4009,1,0,train,2281
2139,2292,516,6424,6424,516,1,0,train,3648
2140,2293,439,5810,5810,439,1,0,train,3144
2141,2294,230,5755,230,5755,0,1,train,2288
2142,2295,7852,4724,4724,7852,1,0,train,3565
2143,2296,297,8852,297,8852,0,1,test,516
2144,2297,449,3759,3759,449,1,0,train,808
2145,2298,4481,8736,4481,8736,0,1,train,3405
2146,2299,4223,2818,4223,2818,0,1,train,605
2147,2300,4945,7984,4945,7984,0,1,train,6082
2148,2301,3530,4970,4970,3530,1,0,train,6465
2149,2302,12,8722,8722,12,1,0,train,3320
2150,2303,6178,7508,7508,6178,1,0,train,3820
2151,2304,6813,6565,6565,6813,1,0,train,143
2152,2305,6803,2666,6803,2666,0,1,train,4570
2153,2306,381,8293,381,8293,0,1,train,7143
2154,2307,3275,2812,2812,3275,1,0,train,6104
2155,2308,242,3673,242,3673,0,1,test,588
2156,2309,6540,433,6540,433,0,1,test,1722
2157,2310,330,8870,330,8870,0,1,train,2653
2158,2311,1023,8322,8322,1023,1,0,train,4277
2159,2312,7572,2334,7572,2334,0,1,train,4592
2160,2313,4476,735,4476,735,0,1,test,823
2161,2314,4638,3164,4638,3164,0,1,train,518
2162,2315,3812,6788,6788,3812,1,0,train,5925
2163,2316,3017,7554,7554,3017,1,0,train,5682
2164,2317,5470,488,488,5470,1,0,train,2236
2165,2318,1538,5638,5638,1538,1,0,train,1688
2166,2319,337,4135,4135,337,1,0,train,1323
2167,2320,6251,6385,6385,6251,1,0,train,3535
2168,2321,8124,860,8124,860,0,1,train,2860
2169,2322,1015,5319,1015,5319,0,1,train,4968
2170,2323,343,596,596,343,1,0,train,3224
2171,2324,4570,4281,4570,4281,0,1,train,3081
2172,2325,5723,492,492,5723,1,0,train,6467
2173,2327,2664,2336,2336,2664,1,0,train,2039
2174,2328,1626,6100,6100,1626,1,0,test,716
2175,2329,1735,3505,3505,1735,1,0,train,1336
2176,2330,1878,8410,1878,8410,0,1,test,545
2177,2331,5369,5366,5369,5366,0,1,train,7775
2178,2332,1969,6616,6616,1969,1,0,train,7524
2179,2333,5303,7305,5303,7305,0,1,train,3804
2180,2334,7510,6118,7510,6118,0,1,train,3477
2181,2335,4812,7218,7218,4812,1,0,train,6711
2182,2336,2310,3808,2310,3808,0,1,train,3114
2183,2337,7514,5092,7514,5092,0,1,train,4982
2184,2338,1644,2196,1644,2196,0,1,test,1951
2185,2339,5475,2805,2805,5475,1,0,train,6610
2186,2340,1961,1187,1187,1961,1,0,train,4172
2187,2341,4274,3780,4274,3780,0,1,train,272
2188,2342,8120,2352,8120,2352,0,1,train,7844
2189,2343,5698,4750,5698,4750,0,1,test,934
2190,2344,7675,356,356,7675,1,0,train,2858
2191,2345,4311,8610,4311,8610,0,1,train,420
2192,2346,943,1892,1892,943,1,0,train,3588
2193,2347,7649,7207,7649,7207,0,1,test,987
2194,2348,7654,3401,3401,7654,1,0,train,3802
2195,2349,7475,1612,7475,1612,0,1,train,5109
2196,2350,1015,5490,5490,1015,1,0,train,4490
2197,2351,525,6935,6935,525,1,0,train,7563
2198,2352,2964,6598,2964,6598,0,1,test,818
2199,2353,1070,6476,1070,6476,0,1,train,3706
2200,2356,310,5960,5960,310,1,0,train,2352
2201,2357,9060,9311,9311,9060,1,0,train,2688
2202,2358,8984,2102,2102,8984,1,0,train,116
2203,2359,6563,2173,6563,2173,0,1,train,366
2204,2360,5420,4212,4212,5420,1,0,train,4412
2205,2361,8783,3410,8783,3410,0,1,train,4927
2206,2362,5385,1364,1364,5385,1,0,train,7302
2207,2363,7274,768,7274,768,0,1,train,133
2208,2364,2298,1164,2298,1164,0,1,train,7336
2209,2365,3343,8728,3343,8728,0,1,train,5405
2210,2366,2086,6905,6905,2086,1,0,test,1607
2211,2367,4595,267,267,4595,1,0,test,272
2212,2368,7337,5379,5379,7337,1,0,train,3522
2213,2369,6059,1386,6059,1386,0,1,train,581
2214,2370,8050,205,8050,205,0,1,test,905
2215,2371,7073,6054,7073,6054,0,1,train,2102
2216,2372,8041,9237,8041,9237,0,1,train,6447
2217,2373,5123,8343,8343,5123,1,0,train,2460
2218,2374,8057,7706,7706,8057,1,0,train,1755
2219,2375,297,563,297,563,0,1,test,874
2220,2376,4351,86,4351,86,0,1,train,2880
2221,2377,2117,8584,2117,8584,0,1,train,2442
2222,2378,5157,2090,2090,5157,1,0,test,603
2223,2379,4279,9251,9251,4279,1,0,train,4471
2224,2380,1239,1483,1483,1239,1,0,train,5697
2225,2381,3305,1073,1073,3305,1,0,test,877
2226,2382,5510,2587,2587,5510,1,0,train,3429
2227,2383,6335,6490,6490,6335,1,0,train,716
2228,2385,1192,737,737,1192,1,0,train,2405
2229,2386,2544,8075,2544,8075,0,1,train,221
2230,2387,4266,117,117,4266,1,0,train,17
2231,2388,2912,9323,9323,2912,1,0,train,4215
2232,2389,5138,6356,6356,5138,1,0,train,5205
2233,2390,2911,7776,7776,2911,1,0,train,2649
2234,2391,351,4760,4760,351,1,0,train,5330
2235,2392,2876,1889,1889,2876,1,0,train,1649
2236,2393,7786,4199,7786,4199,0,1,test,1107
2237,2394,3286,8126,3286,8126,0,1,train,476
2238,2395,6298,4355,4355,6298,1,0,train,7486
2239,2396,2938,6266,6266,2938,1,0,train,6004
2240,2398,2873,5759,2873,5759,0,1,train,4513
2241,2399,3306,1339,1339,3306,1,0,train,2760
2242,2400,4346,6912,6912,4346,1,0,train,1202
2243,2401,1320,6790,6790,1320,1,0,train,921
2244,2402,1092,3142,3142,1092,1,0,train,1714
2245,2403,421,6850,421,6850,0,1,train,6424
2246,2405,777,5450,777,5450,0,1,test,1301
2247,2406,6425,3977,6425,3977,0,1,train,5811
2248,2407,8414,8473,8414,8473,0,1,train,320
2249,2408,5285,8525,5285,8525,0,1,train,3256
2250,2409,7555,3562,3562,7555,1,0,train,2062
2251,2410,5370,2189,2189,5370,1,0,train,7653
2252,2411,7727,9051,9051,7727,1,0,train,1983
2253,2412,8518,9238,9238,8518,1,0,test,1053
2254,2413,6434,2626,2626,6434,1,0,train,7663
2255,2414,4754,5240,4754,5240,0,1,train,5160
2256,2415,2503,2595,2503,2595,0,1,train,6647
2257,2416,934,1177,934,1177,0,1,test,1023
2258,2417,5126,6434,6434,5126,1,0,train,2549
2259,2418,6222,9159,6222,9159,0,1,train,4961
2260,2420,3002,851,3002,851,0,1,train,7100
2261,2421,1629,3561,3561,1629,1,0,train,1465
2262,2422,441,5410,441,5410,0,1,test,1747
2263,2423,2639,4047,2639,4047,0,1,train,7688
2264,2424,90,9123,9123,90,1,0,train,6150
2265,2425,916,6005,916,6005,0,1,train,6900
2266,2426,3179,8358,3179,8358,0,1,train,4432
2267,2427,5898,3298,5898,3298,0,1,train,5301
2268,2428,946,1990,946,1990,0,1,train,3798
2269,2429,946,1221,946,1221,0,1,test,1050
2270,2430,5187,8638,5187,8638,0,1,train,1245
2271,2431,4123,8259,4123,8259,0,1,test,1894
2272,2432,6327,8053,8053,6327,1,0,train,2200
2273,2434,8321,6509,6509,8321,1,0,test,1355
2274,2435,5826,2450,5826,2450,0,1,test,1686
2275,2436,6787,3997,3997,6787,1,0,test,179
2276,2437,7487,8796,7487,8796,0,1,train,6913
2277,2438,8477,8188,8477,8188,0,1,train,7248
2278,2439,5275,4192,4192,5275,1,0,train,1162
2279,2440,1877,3118,1877,3118,0,1,train,5151
2280,2441,8710,2598,8710,2598,0,1,test,869
2281,2442,7639,7622,7639,7622,0,1,train,5023
2282,2443,7491,4150,4150,7491,1,0,test,368
2283,2444,4936,765,765,4936,1,0,train,7427
2284,2445,5093,7253,7253,5093,1,0,train,3581
2285,2446,8628,3143,8628,3143,0,1,train,891
2286,2447,1685,3141,1685,3141,0,1,test,1847
2287,2448,7798,8314,7798,8314,0,1,train,3396
2288,2449,5200,9216,9216,5200,1,0,train,5255
2289,2450,5101,3117,3117,5101,1,0,train,5770
2290,2451,5990,6902,6902,5990,1,0,train,5927
2291,2452,4808,1288,4808,1288,0,1,train,4754
2292,2453,3155,8740,8740,3155,1,0,train,3311
2293,2454,6921,4245,6921,4245,0,1,train,3276
2294,2455,7742,6628,6628,7742,1,0,train,6137
2295,2456,3312,7998,3312,7998,0,1,train,7126
2296,2457,5990,270,5990,270,0,1,train,5454
2297,2458,5976,269,269,5976,1,0,train,33
2298,2459,654,597,654,597,0,1,train,5989
2299,2460,641,8766,8766,641,1,0,test,127
2300,2461,648,3635,3635,648,1,0,train,1955
2301,2462,713,3108,3108,713,1,0,train,6720
2302,2463,3522,1059,3522,1059,0,1,train,5826
2303,2464,278,1604,278,1604,0,1,train,2762
2304,2465,305,2472,305,2472,0,1,train,6672
2305,2466,1080,5690,5690,1080,1,0,train,3457
2306,2467,1244,7946,7946,1244,1,0,train,5116
2307,2469,4128,3062,3062,4128,1,0,train,7167
2308,2470,2933,223,2933,223,0,1,train,5127
2309,2471,1424,3261,1424,3261,0,1,train,3707
2310,2472,3047,1159,3047,1159,0,1,test,1187
2311,2473,446,1317,446,1317,0,1,train,4168
2312,2474,7563,5587,7563,5587,0,1,train,328
2313,2475,3433,1420,1420,3433,1,0,train,3687
2314,2476,5280,913,5280,913,0,1,train,3905
2315,2477,1881,1567,1567,1881,1,0,train,6970
2316,2478,3845,9273,3845,9273,0,1,train,6597
2317,2479,114,6132,6132,114,1,0,train,5668
2318,2480,3846,8755,8755,3846,1,0,train,6820
2319,2481,9271,9302,9271,9302,0,1,test,1327
2320,2482,5321,3244,5321,3244,0,1,test,138
2321,2483,6922,3926,6922,3926,0,1,train,260
2322,2484,4546,4537,4537,4546,1,0,train,601
2323,2485,578,914,914,578,1,0,train,1207
2324,2486,1316,8844,1316,8844,0,1,train,4319
2325,2487,2881,3354,3354,2881,1,0,train,5662
2326,2488,204,8058,8058,204,1,0,test,178
2327,2489,2942,1368,1368,2942,1,0,train,1458
2328,2490,2866,7429,7429,2866,1,0,test,990
2329,2491,3769,2493,2493,3769,1,0,train,4734
2330,2492,1644,6847,6847,1644,1,0,train,966
2331,2493,1923,5682,5682,1923,1,0,test,185
2332,2494,8059,6082,8059,6082,0,1,train,4911
2333,2495,5474,5072,5474,5072,0,1,train,51
2334,2496,1686,1888,1686,1888,0,1,train,1609
2335,2497,7367,1310,7367,1310,0,1,train,3897
2336,2498,3640,1618,1618,3640,1,0,train,5560
2337,2499,2762,754,754,2762,1,0,train,6673
2338,2500,1623,3974,1623,3974,0,1,train,3923
2339,2501,1777,2671,1777,2671,0,1,test,292
2340,2502,7989,9107,7989,9107,0,1,train,7185
2341,2503,4789,6133,6133,4789,1,0,train,5117
2342,2504,7651,753,7651,753,0,1,train,4171
2343,2505,6540,2506,6540,2506,0,1,train,6927
2344,2506,7016,5561,7016,5561,0,1,test,1015
2345,2507,194,154,154,194,1,0,test,768
2346,2508,3259,2534,2534,3259,1,0,test,1837
2347,2510,2486,5351,5351,2486,1,0,train,7555
2348,2511,7488,756,7488,756,0,1,train,3727
2349,2512,5868,6433,5868,6433,0,1,train,5703
2350,2513,9278,943,943,9278,1,0,train,3013
2351,2514,3238,8179,3238,8179,0,1,train,689
2352,2515,172,2271,2271,172,1,0,train,7740
2353,2516,2721,5593,2721,5593,0,1,train,4097
2354,2517,7130,9309,9309,7130,1,0,train,2386
2355,2518,1372,257,1372,257,0,1,train,1817
2356,2520,1570,8364,8364,1570,1,0,test,175
2357,2521,36,9075,9075,36,1,0,test,1753
2358,2522,4085,1464,4085,1464,0,1,train,2335
2359,2523,3590,1640,1640,3590,1,0,train,2332
2360,2524,2754,4703,4703,2754,1,0,train,7308
2361,2525,1157,2385,1157,2385,0,1,train,2655
2362,2526,3207,1149,3207,1149,0,1,test,1940
2363,2527,1439,8130,1439,8130,0,1,train,5597
2364,2528,2924,5230,5230,2924,1,0,train,2093
2365,2529,37,8071,8071,37,1,0,test,1919
2366,2530,2713,6464,2713,6464,0,1,train,2835
2367,2531,4394,6749,6749,4394,1,0,train,1916
2368,2532,782,2331,782,2331,0,1,train,5372
2369,2533,8019,8324,8019,8324,0,1,train,4980
2370,2534,5818,3412,3412,5818,1,0,test,1321
2371,2535,5806,1660,5806,1660,0,1,train,1341
2372,2536,5934,4408,4408,5934,1,0,test,1740
2373,2537,3128,5797,3128,5797,0,1,train,7136
2374,2538,465,3613,3613,465,1,0,train,791
2375,2539,1555,6482,6482,1555,1,0,train,7101
2376,2540,3024,1465,3024,1465,0,1,train,3682
2377,2541,1413,6324,6324,1413,1,0,train,1036
2378,2543,2819,5598,5598,2819,1,0,train,346
2379,2544,5555,6096,5555,6096,0,1,train,5394
2380,2545,3525,1362,1362,3525,1,0,train,3052
2381,2546,2580,1897,2580,1897,0,1,test,1672
2382,2548,8939,4779,8939,4779,0,1,train,2073
2383,2549,6205,1867,6205,1867,0,1,test,1074
2384,2550,7310,7899,7310,7899,0,1,train,4715
2385,2551,8013,3470,8013,3470,0,1,train,2265
2386,2552,7617,6157,6157,7617,1,0,train,6056
2387,2553,782,5849,5849,782,1,0,train,6523
2388,2555,5646,2324,2324,5646,1,0,train,3638
2389,2556,5268,242,5268,242,0,1,train,521
2390,2557,164,568,568,164,1,0,train,7000
2391,2559,285,6503,6503,285,1,0,train,7384
2392,2560,234,886,886,234,1,0,train,860
2393,2561,136,8758,136,8758,0,1,train,6040
2394,2562,155,6775,155,6775,0,1,train,1480
2395,2563,209,1971,209,1971,0,1,train,7420
2396,2564,4330,8137,4330,8137,0,1,train,5122
2397,2565,511,1772,511,1772,0,1,test,1698
2398,2568,511,2971,511,2971,0,1,train,1176
2399,2569,184,1763,184,1763,0,1,train,4779
2400,2570,2949,4352,2949,4352,0,1,train,6012
2401,2571,1542,5320,1542,5320,0,1,train,6398
2402,2572,511,2616,2616,511,1,0,train,5148
2403,2573,8035,7688,8035,7688,0,1,train,236
2404,2574,845,8146,8146,845,1,0,train,82
2405,2575,1388,3911,3911,1388,1,0,train,5818
2406,2576,6088,7726,7726,6088,1,0,train,6402
2407,2577,5240,8156,5240,8156,0,1,train,7407
2408,2578,3075,6515,6515,3075,1,0,train,413
2409,2580,3265,4186,4186,3265,1,0,test,1707
2410,2581,1284,5890,1284,5890,0,1,train,4953
2411,2582,4970,8688,8688,4970,1,0,test,1501
2412,2583,6589,7846,7846,6589,1,0,train,6786
2413,2584,1628,3481,1628,3481,0,1,train,363
2414,2585,3145,7171,3145,7171,0,1,train,7626
2415,2586,6958,5207,6958,5207,0,1,test,511
2416,2587,3436,2685,2685,3436,1,0,test,363
2417,2588,3115,8716,3115,8716,0,1,train,4461
2418,2589,3539,3526,3526,3539,1,0,test,1391
2419,2590,6331,4880,4880,6331,1,0,train,3665
2420,2591,1866,4846,1866,4846,0,1,train,5076
2421,2592,4709,4354,4354,4709,1,0,train,1862
2422,2593,8272,5799,5799,8272,1,0,train,6576
2423,2594,6332,4065,6332,4065,0,1,train,7147
2424,2596,1816,3946,1816,3946,0,1,train,5162
2425,2597,5906,681,5906,681,0,1,train,6687
2426,2599,4204,9216,4204,9216,0,1,train,4127
2427,2600,1848,5118,5118,1848,1,0,train,6151
2428,2601,5263,735,735,5263,1,0,test,514
2429,2602,6164,5774,5774,6164,1,0,train,5010
2430,2603,6870,3483,6870,3483,0,1,test,785
2431,2604,3896,4912,3896,4912,0,1,train,1721
2432,2605,1628,6363,1628,6363,0,1,train,7475
2433,2606,11,8137,8137,11,1,0,train,179
2434,2607,3722,8894,3722,8894,0,1,train,1946
2435,2608,1628,4815,1628,4815,0,1,test,849
2436,2609,2051,8334,8334,2051,1,0,train,404
2437,2610,6062,2171,6062,2171,0,1,train,492
2438,2611,771,6793,771,6793,0,1,train,5419
2439,2612,3395,393,3395,393,0,1,train,4156
2440,2613,7612,6459,7612,6459,0,1,train,7700
2441,2614,1087,4974,4974,1087,1,0,train,1901
2442,2615,7655,6277,7655,6277,0,1,test,466
2443,2616,1132,9099,9099,1132,1,0,train,4560
2444,2617,8370,2252,8370,2252,0,1,train,3141
2445,2618,1071,589,1071,589,0,1,train,7044
2446,2619,4448,8006,4448,8006,0,1,train,5868
2447,2620,8031,1754,1754,8031,1,0,train,6276
2448,2621,6641,8625,6641,8625,0,1,train,2544
2449,2622,981,2479,2479,981,1,0,train,7220
2450,2623,6200,5713,6200,5713,0,1,train,418
2451,2624,6836,8844,8844,6836,1,0,train,7560
2452,2625,2006,2422,2422,2006,1,0,train,282
2453,2626,2260,2143,2260,2143,0,1,train,4169
2454,2628,4377,2410,4377,2410,0,1,train,5041
2455,2629,981,6356,981,6356,0,1,train,3103
2456,2630,2749,7639,7639,2749,1,0,train,6924
2457,2631,1740,8649,8649,1740,1,0,train,5853
2458,2632,4902,833,4902,833,0,1,test,361
2459,2633,1414,1006,1414,1006,0,1,train,2028
2460,2634,7319,3145,7319,3145,0,1,test,1730
2461,2635,1653,3907,3907,1653,1,0,train,4378
2462,2636,7147,8152,7147,8152,0,1,train,6278
2463,2637,2066,7552,2066,7552,0,1,test,10
2464,2638,2052,8262,2052,8262,0,1,train,4516
2465,2640,7076,3002,7076,3002,0,1,train,7798
2466,2641,2580,8845,8845,2580,1,0,train,1064
2467,2642,4860,6408,4860,6408,0,1,test,1637
2468,2644,209,6784,6784,209,1,0,train,2530
2469,2645,493,1162,493,1162,0,1,test,672
2470,2646,2850,3452,3452,2850,1,0,train,7785
2471,2647,877,4457,4457,877,1,0,train,1619
2472,2648,567,7397,567,7397,0,1,train,1259
2473,2649,567,4406,4406,567,1,0,test,700
2474,2652,2246,7840,7840,2246,1,0,train,4044
2475,2653,3457,9032,3457,9032,0,1,train,3379
2476,2654,7556,5305,5305,7556,1,0,train,2868
2477,2655,6180,3209,6180,3209,0,1,train,1280
2478,2656,2171,9061,2171,9061,0,1,test,1394
2479,2657,8791,2058,8791,2058,0,1,train,5725
2480,2658,6015,5959,6015,5959,0,1,train,2894
2481,2659,2449,1068,1068,2449,1,0,train,4799
2482,2660,8406,2465,8406,2465,0,1,train,4157
2483,2661,7765,3882,7765,3882,0,1,train,2120
2484,2662,2433,8500,2433,8500,0,1,test,625
2485,2663,6363,6884,6363,6884,0,1,train,4183
2486,2664,1890,6844,6844,1890,1,0,train,5449
2487,2665,6892,4612,4612,6892,1,0,train,6181
2488,2666,5295,1057,5295,1057,0,1,test,352
2489,2667,4990,2423,2423,4990,1,0,train,2647
2490,2669,8769,2987,8769,2987,0,1,train,3502
2491,2670,7569,4553,7569,4553,0,1,train,459
2492,2671,131,227,227,131,1,0,train,136
2493,2672,1998,274,274,1998,1,0,train,5802
2494,2673,4926,580,580,4926,1,0,train,4284
2495,2674,2762,7069,7069,2762,1,0,train,1580
2496,2675,2060,2306,2060,2306,0,1,train,5579
2497,2676,2560,6374,6374,2560,1,0,train,4696
2498,2680,260,2315,260,2315,0,1,train,5398
2499,2681,9269,7491,9269,7491,0,1,test,1188
2500,2682,3117,3329,3117,3329,0,1,test,1900
2501,2684,276,8451,8451,276,1,0,train,6029
2502,2685,2863,6054,6054,2863,1,0,train,463
2503,2686,2366,4053,4053,2366,1,0,train,2562
2504,2689,3191,8477,8477,3191,1,0,train,5485
2505,2691,6181,7955,6181,7955,0,1,train,1339
2506,2692,8472,2500,2500,8472,1,0,train,6509
2507,2693,6058,6314,6314,6058,1,0,train,5783
2508,2694,6073,6443,6443,6073,1,0,train,6364
2509,2695,4021,4250,4250,4021,1,0,test,425
2510,2696,5292,6762,5292,6762,0,1,train,4335
2511,2697,2647,3532,2647,3532,0,1,train,5896
2512,2698,1994,147,1994,147,0,1,train,7589
2513,2699,6466,4557,4557,6466,1,0,train,4501
2514,2700,2634,6509,2634,6509,0,1,train,2821
2515,2701,1959,1688,1688,1959,1,0,train,4089
2516,2702,3916,8579,8579,3916,1,0,train,6831
2517,2703,4758,6754,6754,4758,1,0,test,1302
2518,2704,4130,3334,4130,3334,0,1,train,2114
2519,2705,1692,993,1692,993,0,1,test,985
2520,2706,4592,1438,4592,1438,0,1,test,581
2521,2707,7336,5759,7336,5759,0,1,train,7001
2522,2708,1604,2131,2131,1604,1,0,train,7275
2523,2709,2288,5724,5724,2288,1,0,test,578
2524,2711,2047,1017,1017,2047,1,0,train,4487
2525,2712,6430,3269,6430,3269,0,1,train,487
2526,2714,3337,8689,8689,3337,1,0,test,1545
2527,2715,6813,5779,6813,5779,0,1,train,361
2528,2716,2261,3403,3403,2261,1,0,train,2745
2529,2718,2297,2237,2237,2297,1,0,train,6083
2530,2719,3476,167,167,3476,1,0,test,442
2531,2720,3453,8708,8708,3453,1,0,train,2099
2532,2721,1944,1689,1944,1689,0,1,test,1405
2533,2722,1984,1980,1980,1984,1,0,test,1101
2534,2724,7346,1812,1812,7346,1,0,test,1899
2535,2725,733,6355,733,6355,0,1,train,1079
2536,2726,722,4591,4591,722,1,0,train,1942
2537,2727,702,8557,8557,702,1,0,train,4144
2538,2728,716,2698,716,2698,0,1,train,1874
2539,2730,7946,1448,1448,7946,1,0,train,6277
2540,2731,701,8571,8571,701,1,0,train,2665
2541,2732,721,407,721,407,0,1,test,1532
2542,2734,4563,6954,6954,4563,1,0,train,6423
2543,2735,702,1423,702,1423,0,1,test,1095
2544,2737,7304,4528,7304,4528,0,1,test,433
2545,2738,4831,5157,5157,4831,1,0,train,1131
2546,2739,748,9142,9142,748,1,0,train,7780
2547,2740,2165,8341,8341,2165,1,0,train,6979
2548,2741,3941,5874,5874,3941,1,0,train,6909
2549,2742,2256,3872,3872,2256,1,0,train,6436
2550,2743,6855,6619,6855,6619,0,1,test,673
2551,2744,7935,2501,7935,2501,0,1,train,6903
2552,2745,5500,4321,5500,4321,0,1,train,1828
2553,2746,8040,735,8040,735,0,1,train,4300
2554,2747,8550,8529,8550,8529,0,1,train,703
2555,2748,5496,2826,5496,2826,0,1,train,5587
2556,2749,8106,7167,7167,8106,1,0,test,995
2557,2750,7164,1144,7164,1144,0,1,train,904
2558,2751,8897,4106,4106,8897,1,0,train,6840
2559,2752,7193,917,7193,917,0,1,train,2221
2560,2753,8557,9074,8557,9074,0,1,train,7089
2561,2754,8873,3880,3880,8873,1,0,train,1244
2562,2755,4283,5012,4283,5012,0,1,train,4242
2563,2756,292,8759,8759,292,1,0,train,818
2564,2757,2911,6147,2911,6147,0,1,train,7004
2565,2758,2996,7407,2996,7407,0,1,train,1222
2566,2760,308,2417,308,2417,0,1,test,452
2567,2761,8141,181,181,8141,1,0,train,6888
2568,2762,576,695,695,576,1,0,train,1905
2569,2763,588,3418,3418,588,1,0,train,3244
2570,2764,4003,3181,4003,3181,0,1,train,5472
2571,2765,5033,7400,7400,5033,1,0,train,6729
2572,2766,6534,3588,6534,3588,0,1,test,210
2573,2767,448,4670,448,4670,0,1,train,6340
2574,2768,1555,8682,8682,1555,1,0,train,5943
2575,2770,2992,8641,2992,8641,0,1,train,1186
2576,2771,8833,1308,8833,1308,0,1,train,377
2577,2772,5013,1202,5013,1202,0,1,train,3152
2578,2773,8368,3648,8368,3648,0,1,train,4966
2579,2774,86,5393,5393,86,1,0,train,2487
2580,2775,3941,513,513,3941,1,0,test,1609
2581,2776,9240,1912,1912,9240,1,0,train,5614
2582,2777,7241,8197,7241,8197,0,1,train,6230
2583,2778,7225,7021,7225,7021,0,1,test,150
2584,2779,5763,7278,7278,5763,1,0,train,7872
2585,2780,1543,9266,9266,1543,1,0,train,7808
2586,2781,7683,673,673,7683,1,0,test,1372
2587,2782,6493,6478,6478,6493,1,0,test,994
2588,2783,6253,8848,6253,8848,0,1,train,5965
2589,2784,6253,1588,6253,1588,0,1,train,1537
2590,2785,4257,4872,4257,4872,0,1,test,1425
2591,2786,6253,1853,1853,6253,1,0,train,4996
2592,2787,697,6568,6568,697,1,0,train,7326
2593,2788,113,5311,5311,113,1,0,train,1347
2594,2789,1,9070,9070,1,1,0,train,4196
2595,2790,347,8905,8905,347,1,0,train,2419
2596,2791,1031,6671,1031,6671,0,1,test,1383
2597,2792,351,1302,1302,351,1,0,train,6705
2598,2793,389,1362,389,1362,0,1,train,458
2599,2794,421,7452,421,7452,0,1,train,35
2600,2795,7841,6029,6029,7841,1,0,train,1612
2601,2796,598,8609,598,8609,0,1,test,576
2602,2797,209,1193,209,1193,0,1,test,1342
2603,2798,274,6151,274,6151,0,1,train,1969
2604,2799,297,3088,297,3088,0,1,train,6329
2605,2800,516,1601,516,1601,0,1,test,100
2606,2801,1589,1107,1107,1589,1,0,test,1048
2607,2802,9163,8685,9163,8685,0,1,train,807
2608,2803,3400,6001,3400,6001,0,1,test,378
2609,2804,3367,372,372,3367,1,0,train,442
2610,2805,5146,3892,5146,3892,0,1,train,5126
2611,2806,2626,3600,2626,3600,0,1,train,988
2612,2807,5950,3907,5950,3907,0,1,train,5603
2613,2808,5950,4728,5950,4728,0,1,train,3568
2614,2809,5522,1600,5522,1600,0,1,train,2602
2615,2810,1410,8244,1410,8244,0,1,test,790
2616,2811,4610,1613,4610,1613,0,1,test,1411
2617,2812,8118,6113,8118,6113,0,1,train,1907
2618,2813,8748,8080,8080,8748,1,0,train,6505
2619,2814,7783,6786,6786,7783,1,0,train,1376
2620,2815,8613,5432,8613,5432,0,1,train,2524
2621,2816,7853,4688,7853,4688,0,1,train,4119
2622,2817,6232,6536,6536,6232,1,0,train,2679
2623,2819,3321,2261,3321,2261,0,1,train,2605
2624,2820,4181,8418,8418,4181,1,0,train,2514
2625,2821,1299,6639,6639,1299,1,0,test,993
2626,2822,611,672,672,611,1,0,train,7820
2627,2823,4913,3635,4913,3635,0,1,train,6206
2628,2824,33,5969,5969,33,1,0,train,2207
2629,2825,6335,957,6335,957,0,1,train,1552
2630,2826,7129,7348,7348,7129,1,0,train,5673
2631,2827,5061,2405,2405,5061,1,0,test,1194
2632,2828,6997,8856,8856,6997,1,0,train,1174
2633,2829,1628,8958,8958,1628,1,0,test,1013
2634,2830,5646,6314,6314,5646,1,0,train,2586
2635,2831,8439,6139,8439,6139,0,1,train,1089
2636,2832,8030,488,8030,488,0,1,test,311
2637,2833,1325,157,157,1325,1,0,train,1538
2638,2834,151,5597,5597,151,1,0,train,3994
2639,2836,6939,6395,6395,6939,1,0,train,498
2640,2837,5806,2994,2994,5806,1,0,train,4223
2641,2838,8067,763,8067,763,0,1,train,4217
2642,2839,307,1460,1460,307,1,0,train,7573
2643,2840,586,3657,586,3657,0,1,train,5757
2644,2841,6572,5791,6572,5791,0,1,train,7525
2645,2842,535,5864,5864,535,1,0,train,7117
2646,2843,317,1254,317,1254,0,1,train,745
2647,2844,277,304,304,277,1,0,test,1765
2648,2845,23,1667,23,1667,0,1,train,3515
2649,2846,1447,6081,6081,1447,1,0,test,1547
2650,2847,1100,3848,1100,3848,0,1,train,3284
2651,2848,1412,7961,1412,7961,0,1,train,5671
2652,2849,5023,6679,6679,5023,1,0,train,4806
2653,2850,1434,3539,3539,1434,1,0,train,7183
2654,2852,2134,7250,7250,2134,1,0,train,980
2655,2853,6628,3769,3769,6628,1,0,train,4593
2656,2854,6475,478,478,6475,1,0,train,6695
2657,2855,2519,9018,2519,9018,0,1,test,113
2658,2856,3378,6427,3378,6427,0,1,train,3743
2659,2857,401,1814,401,1814,0,1,train,4586
2660,2858,76,8371,8371,76,1,0,train,4869
2661,2859,577,5193,577,5193,0,1,train,5905
2662,2860,417,889,417,889,0,1,train,2779
2663,2861,576,4441,576,4441,0,1,train,2682
2664,2862,589,2938,589,2938,0,1,train,1738
2665,2863,489,5661,5661,489,1,0,train,3704
2666,2865,7996,6984,6984,7996,1,0,train,6453
2667,2866,576,922,922,576,1,0,train,3450
2668,2868,208,7481,208,7481,0,1,test,1184
2669,2869,7606,1275,1275,7606,1,0,test,1867
2670,2870,1095,3911,1095,3911,0,1,train,1666
2671,2872,476,7548,476,7548,0,1,train,926
2672,2873,4663,7490,4663,7490,0,1,train,6069
2673,2874,4401,341,4401,341,0,1,train,5840
2674,2875,3946,4812,4812,3946,1,0,test,1719
2675,2876,6906,8200,8200,6906,1,0,train,4920
2676,2877,782,4538,782,4538,0,1,train,41
2677,2878,568,8098,8098,568,1,0,train,6360
2678,2879,2772,2403,2403,2772,1,0,train,53
2679,2880,904,2902,2902,904,1,0,test,1724
2680,2881,1894,7460,7460,1894,1,0,train,1238
2681,2883,643,1461,1461,643,1,0,train,3177
2682,2884,1016,4023,4023,1016,1,0,train,2667
2683,2885,681,91,681,91,0,1,test,569
2684,2887,674,744,744,674,1,0,train,3071
2685,2888,711,281,281,711,1,0,train,2558
2686,2889,666,4965,4965,666,1,0,train,1197
2687,2890,655,5954,5954,655,1,0,train,5815
2688,2891,738,3461,738,3461,0,1,train,6059
2689,2892,650,2484,650,2484,0,1,train,684
2690,2893,5641,1323,5641,1323,0,1,train,3622
2691,2894,204,2775,2775,204,1,0,train,2775
2692,2895,789,7666,7666,789,1,0,train,4902
2693,2896,1427,7622,7622,1427,1,0,train,4154
2694,2897,578,3666,578,3666,0,1,train,6599
2695,2898,4340,2600,2600,4340,1,0,train,5582
2696,2899,6460,3924,6460,3924,0,1,test,1112
2697,2900,3372,6024,3372,6024,0,1,train,4621
2698,2901,1699,1224,1699,1224,0,1,train,3590
2699,2902,2837,6019,2837,6019,0,1,train,3556
2700,2903,260,6388,6388,260,1,0,train,6697
2701,2904,404,8999,404,8999,0,1,train,1083
2702,2905,203,1643,1643,203,1,0,train,5867
2703,2906,421,5324,421,5324,0,1,train,3067
2704,2907,260,1979,1979,260,1,0,train,113
2705,2908,3392,7349,3392,7349,0,1,train,1854
2706,2909,371,2299,371,2299,0,1,train,4746
2707,2910,260,1830,1830,260,1,0,train,7886
2708,2911,5543,2512,5543,2512,0,1,train,84
2709,2913,7888,5855,7888,5855,0,1,train,21
2710,2914,5530,5664,5530,5664,0,1,test,1889
2711,2915,8611,5121,5121,8611,1,0,train,1952
2712,2916,4063,3844,4063,3844,0,1,train,1040
2713,2917,7310,6431,6431,7310,1,0,train,567
2714,2918,95,1380,1380,95,1,0,train,5452
2715,2919,7604,5853,7604,5853,0,1,train,5956
2716,2920,8750,6860,8750,6860,0,1,test,1693
2717,2921,5607,2264,2264,5607,1,0,train,2936
2718,2923,4180,2716,4180,2716,0,1,train,3921
2719,2925,8498,3812,3812,8498,1,0,train,2931
2720,2926,2841,8168,8168,2841,1,0,train,6268
2721,2927,941,7393,941,7393,0,1,train,633
2722,2929,2915,8511,8511,2915,1,0,train,947
2723,2930,1415,2440,2440,1415,1,0,test,73
2724,2931,4467,3842,3842,4467,1,0,test,1269
2725,2932,2535,7586,2535,7586,0,1,train,7849
2726,2933,7013,3046,7013,3046,0,1,train,961
2727,2934,8817,865,8817,865,0,1,train,6213
2728,2935,3934,4168,4168,3934,1,0,train,6993
2729,2936,7227,2385,7227,2385,0,1,train,6463
2730,2937,7156,8051,8051,7156,1,0,train,7120
2731,2938,8555,8371,8555,8371,0,1,train,7562
2732,2939,8132,1331,1331,8132,1,0,train,6063
2733,2940,6306,3306,6306,3306,0,1,train,6623
2734,2942,1352,4731,4731,1352,1,0,test,726
2735,2943,5792,7635,5792,7635,0,1,train,4278
2736,2944,4403,8641,8641,4403,1,0,train,5272
2737,2945,5767,5960,5960,5767,1,0,test,1310
2738,2946,4270,5813,5813,4270,1,0,train,5395
2739,2947,2787,8005,8005,2787,1,0,train,6188
2740,2948,6530,6621,6621,6530,1,0,train,4684
2741,2949,8523,5517,5517,8523,1,0,train,2012
2742,2950,8071,1336,8071,1336,0,1,train,6207
2743,2952,684,9128,684,9128,0,1,train,3673
2744,2953,710,6786,6786,710,1,0,train,164
2745,2954,2160,7374,7374,2160,1,0,test,1553
2746,2955,8868,3210,3210,8868,1,0,train,623
2747,2956,4043,2320,2320,4043,1,0,train,3484
2748,2957,5512,3191,3191,5512,1,0,train,6863
2749,2958,7057,2854,7057,2854,0,1,train,4135
2750,2959,6931,8491,6931,8491,0,1,train,1856
2751,2960,5633,2015,2015,5633,1,0,test,1757
2752,2961,8189,1419,8189,1419,0,1,train,38
2753,2962,6314,5826,5826,6314,1,0,train,2198
2754,2963,8042,4400,4400,8042,1,0,train,1346
2755,2964,7192,3689,7192,3689,0,1,train,5173
2756,2966,7401,8659,7401,8659,0,1,train,3646
2757,2967,11,7681,11,7681,0,1,test,783
2758,2968,2402,1676,1676,2402,1,0,train,4562
2759,2969,4287,4895,4895,4287,1,0,train,5533
2760,2970,3832,5107,5107,3832,1,0,train,3479
2761,2971,5026,9002,5026,9002,0,1,test,1570
2762,2972,110,7375,110,7375,0,1,train,1787
2763,2973,5782,2859,2859,5782,1,0,train,1594
2764,2974,6825,6686,6686,6825,1,0,train,7282
2765,2975,8844,4272,8844,4272,0,1,test,805
2766,2976,4265,1943,1943,4265,1,0,test,1596
2767,2977,9087,1574,9087,1574,0,1,train,1579
2768,2978,2629,8891,2629,8891,0,1,test,1886
2769,2979,5892,1697,5892,1697,0,1,train,672
2770,2980,126,3545,126,3545,0,1,train,742
2771,2981,2196,9230,2196,9230,0,1,test,931
2772,2982,9249,3132,9249,3132,0,1,train,1509
2773,2983,5933,823,823,5933,1,0,test,231
2774,2984,8119,1762,1762,8119,1,0,train,1545
2775,2985,8797,6876,8797,6876,0,1,test,119
2776,2986,8383,350,350,8383,1,0,train,4559
2777,2987,8876,8123,8876,8123,0,1,train,2740
2778,2988,8556,4944,8556,4944,0,1,train,6504
2779,2989,8188,7851,8188,7851,0,1,train,6415
2780,2990,8042,8243,8042,8243,0,1,train,374
2781,2991,8843,3275,3275,8843,1,0,train,184
2782,2992,843,3915,3915,843,1,0,train,6638
2783,2993,4595,4555,4595,4555,0,1,train,1188
2784,2994,1341,1411,1411,1341,1,0,train,7249
2785,2995,3325,1165,1165,3325,1,0,train,617
2786,2996,8541,3903,8541,3903,0,1,train,6222
2787,2997,4126,493,493,4126,1,0,train,3650
2788,2998,6754,2739,2739,6754,1,0,test,566
2789,2999,5012,1326,5012,1326,0,1,train,4635
2790,3001,8372,1256,8372,1256,0,1,test,1462
2791,3002,9178,1165,1165,9178,1,0,test,1167
2792,3003,7886,5972,7886,5972,0,1,train,6158
2793,3004,6039,9139,9139,6039,1,0,train,5810
2794,3005,3000,1721,1721,3000,1,0,train,4709
2795,3006,9128,8366,8366,9128,1,0,test,721
2796,3007,2103,6297,2103,6297,0,1,train,1355
2797,3008,2616,5806,2616,5806,0,1,train,2887
2798,3009,4194,8953,4194,8953,0,1,train,5068
2799,3010,5065,6392,6392,5065,1,0,train,6978
2800,3012,792,2031,2031,792,1,0,train,430
2801,3013,8144,2659,2659,8144,1,0,train,4479
2802,3014,1688,804,1688,804,0,1,train,104
2803,3015,2685,1031,2685,1031,0,1,train,1608
2804,3016,764,5640,5640,764,1,0,train,2842
2805,3017,3307,2115,3307,2115,0,1,train,724
2806,3018,6108,5500,5500,6108,1,0,train,2795
2807,3019,876,222,876,222,0,1,train,543
2808,3022,6991,3703,6991,3703,0,1,train,4860
2809,3025,2264,8845,2264,8845,0,1,train,5623
2810,3026,3462,3515,3462,3515,0,1,train,7733
2811,3027,782,5970,782,5970,0,1,train,7267
2812,3028,9247,3649,3649,9247,1,0,train,66
2813,3029,8144,7834,8144,7834,0,1,train,105
2814,3030,3307,2819,2819,3307,1,0,train,3592
2815,3031,6881,9240,9240,6881,1,0,train,1003
2816,3033,7465,8149,8149,7465,1,0,train,5462
2817,3034,6095,3227,3227,6095,1,0,test,567
2818,3035,6271,2755,2755,6271,1,0,train,5279
2819,3036,4902,5582,5582,4902,1,0,train,4287
2820,3037,5260,315,315,5260,1,0,train,5306
2821,3038,7407,1140,1140,7407,1,0,train,5699
2822,3039,9002,2637,2637,9002,1,0,train,721
2823,3040,4902,6278,4902,6278,0,1,test,1011
2824,3041,1605,2715,2715,1605,1,0,train,45
2825,3043,9003,8836,9003,8836,0,1,train,7400
2826,3044,4805,4030,4030,4805,1,0,train,7747
2827,3045,771,7841,771,7841,0,1,train,1117
2828,3046,4268,6102,4268,6102,0,1,train,4804
2829,3047,7842,1301,1301,7842,1,0,train,7453
2830,3048,4289,2573,4289,2573,0,1,train,986
2831,3049,8905,7730,8905,7730,0,1,train,6078
2832,3050,238,8900,238,8900,0,1,test,897
2833,3051,2754,2285,2285,2754,1,0,test,1003
2834,3052,3507,3069,3069,3507,1,0,test,290
2835,3053,4668,6449,4668,6449,0,1,train,3621
2836,3054,4454,197,4454,197,0,1,train,4366
2837,3056,2779,1460,2779,1460,0,1,train,1747
2838,3057,8995,1127,1127,8995,1,0,train,2133
2839,3058,9002,5091,9002,5091,0,1,train,6289
2840,3059,4960,3467,3467,4960,1,0,train,3469
2841,3060,7465,6969,6969,7465,1,0,train,5321
2842,3061,7450,6247,6247,7450,1,0,test,1728
2843,3062,5264,2494,5264,2494,0,1,train,732
2844,3064,8271,973,973,8271,1,0,test,448
2845,3065,7450,2157,7450,2157,0,1,train,6349
2846,3066,9002,149,149,9002,1,0,train,6096
2847,3067,7465,6577,7465,6577,0,1,train,4005
2848,3068,6737,1034,1034,6737,1,0,train,6707
2849,3069,6192,6823,6823,6192,1,0,train,1898
2850,3070,2591,8664,2591,8664,0,1,train,5037
2851,3071,4042,3756,4042,3756,0,1,train,5278
2852,3072,4964,2680,4964,2680,0,1,test,1419
2853,3073,4046,7813,4046,7813,0,1,train,6999
2854,3074,4042,7873,7873,4042,1,0,test,663
2855,3075,2452,4709,2452,4709,0,1,train,4153
2856,3076,3309,5624,5624,3309,1,0,train,1613
2857,3077,4179,4513,4179,4513,0,1,train,3227
2858,3078,4042,9032,4042,9032,0,1,train,171
2859,3079,4042,8798,4042,8798,0,1,train,6628
2860,3080,1157,2309,1157,2309,0,1,test,602
2861,3081,8084,4787,4787,8084,1,0,train,622
2862,3082,834,7133,834,7133,0,1,train,5022
2863,3083,131,4367,4367,131,1,0,train,7887
2864,3084,8446,9115,9115,8446,1,0,train,4840
2865,3085,531,2779,2779,531,1,0,train,1672
2866,3086,7305,6913,7305,6913,0,1,train,3857
2867,3088,7929,267,7929,267,0,1,test,1540
2868,3089,4697,9128,9128,4697,1,0,train,5821
2869,3090,576,2280,2280,576,1,0,test,758
2870,3091,3582,8330,3582,8330,0,1,train,564
2871,3092,1160,9000,9000,1160,1,0,train,6747
2872,3093,7330,1988,1988,7330,1,0,train,6156
2873,3094,5180,2648,2648,5180,1,0,train,3312
2874,3095,841,378,841,378,0,1,train,7687
2875,3096,1249,6017,1249,6017,0,1,test,746
2876,3097,2754,8739,8739,2754,1,0,train,6216
2877,3098,1413,7774,1413,7774,0,1,train,990
2878,3099,8609,4314,4314,8609,1,0,test,1633
2879,3100,4403,4529,4529,4403,1,0,train,336
2880,3103,1123,8061,1123,8061,0,1,test,936
2881,3104,6074,2797,6074,2797,0,1,train,5455
2882,3105,9059,3460,9059,3460,0,1,test,1758
2883,3106,871,6957,871,6957,0,1,train,536
2884,3107,3358,6681,3358,6681,0,1,test,1650
2885,3108,3538,4187,4187,3538,1,0,train,7124
2886,3109,4160,3003,4160,3003,0,1,train,3574
2887,3110,4713,3135,3135,4713,1,0,train,5110
2888,3111,7731,1472,7731,1472,0,1,test,690
2889,3112,2661,4774,4774,2661,1,0,train,7360
2890,3113,6689,1150,6689,1150,0,1,train,6033
2891,3115,3910,5586,3910,5586,0,1,train,4689
2892,3116,7655,7891,7891,7655,1,0,train,557
2893,3117,7426,2330,7426,2330,0,1,train,6532
2894,3118,4078,3398,3398,4078,1,0,test,379
2895,3119,7146,504,7146,504,0,1,train,252
2896,3120,6071,501,6071,501,0,1,test,237
2897,3121,8348,5748,8348,5748,0,1,train,2480
2898,3122,2113,4292,2113,4292,0,1,train,2976
2899,3123,6127,2345,2345,6127,1,0,train,119
2900,3124,2476,7833,2476,7833,0,1,train,1140
2901,3125,3977,1483,1483,3977,1,0,train,5396
2902,3126,468,6269,6269,468,1,0,train,5516
2903,3127,937,145,145,937,1,0,train,2632
2904,3129,222,2442,222,2442,0,1,train,4385
2905,3130,507,6764,6764,507,1,0,train,2522
2906,3131,507,6182,507,6182,0,1,train,5895
2907,3133,8165,7912,7912,8165,1,0,test,561
2908,3134,7270,2850,7270,2850,0,1,train,1044
2909,3135,3272,3776,3272,3776,0,1,train,4675
2910,3136,5171,1518,1518,5171,1,0,test,204
2911,3137,4510,2976,4510,2976,0,1,train,5002
2912,3138,573,3148,3148,573,1,0,train,3436
2913,3139,342,9330,342,9330,0,1,test,46
2914,3140,5582,8550,8550,5582,1,0,test,1400
2915,3141,4460,7406,7406,4460,1,0,test,870
2916,3142,2971,6149,2971,6149,0,1,train,3824
2917,3143,3304,3215,3215,3304,1,0,train,1734
2918,3144,4902,5548,5548,4902,1,0,train,3032
2919,3145,2038,3524,3524,2038,1,0,train,1234
2920,3146,391,5814,5814,391,1,0,train,3567
2921,3147,268,2981,2981,268,1,0,train,5053
2922,3148,571,3288,571,3288,0,1,test,38
2923,3149,3270,3970,3970,3270,1,0,test,1135
2924,3150,2938,5941,5941,2938,1,0,train,7434
2925,3151,385,7051,385,7051,0,1,train,6675
2926,3152,363,8938,363,8938,0,1,train,2048
2927,3154,1033,4682,1033,4682,0,1,train,2567
2928,3155,131,6353,131,6353,0,1,train,6484
2929,3156,3638,7102,3638,7102,0,1,test,1622
2930,3157,598,26,598,26,0,1,train,1655
2931,3158,3592,8982,3592,8982,0,1,test,1904
2932,3159,1244,4357,1244,4357,0,1,train,468
2933,3160,7652,3109,7652,3109,0,1,train,3257
2934,3161,4231,3786,4231,3786,0,1,train,120
2935,3162,6295,77,6295,77,0,1,train,5957
2936,3163,1611,6263,6263,1611,1,0,train,7536
2937,3164,8038,7590,7590,8038,1,0,train,531
2938,3166,4226,3894,3894,4226,1,0,train,7208
2939,3167,4867,7294,7294,4867,1,0,train,1768
2940,3168,8451,7752,8451,7752,0,1,train,6043
2941,3169,9029,7673,9029,7673,0,1,test,1240
2942,3170,9029,7073,7073,9029,1,0,train,823
2943,3171,2682,760,760,2682,1,0,train,224
2944,3172,9167,4375,4375,9167,1,0,test,594
2945,3173,6629,6522,6629,6522,0,1,train,7375
2946,3174,1331,9325,9325,1331,1,0,train,1333
2947,3175,4112,4185,4112,4185,0,1,train,2097
2948,3176,8579,2265,8579,2265,0,1,train,7345
2949,3177,4754,7726,7726,4754,1,0,test,816
2950,3178,1753,7891,7891,1753,1,0,test,1164
2951,3179,8137,8600,8137,8600,0,1,train,5718
2952,3180,8287,749,8287,749,0,1,train,1281
2953,3181,2638,293,2638,293,0,1,train,6975
2954,3182,91,5486,91,5486,0,1,train,1880
2955,3183,5261,9062,5261,9062,0,1,train,2584
2956,3184,2931,6729,2931,6729,0,1,train,7226
2957,3185,394,756,756,394,1,0,test,1881
2958,3186,3246,7907,3246,7907,0,1,train,1936
2959,3187,7513,3742,7513,3742,0,1,train,192
2960,3188,672,2945,2945,672,1,0,train,3564
2961,3189,1802,5236,1802,5236,0,1,train,1884
2962,3190,7713,8286,8286,7713,1,0,train,1437
2963,3191,5838,2776,2776,5838,1,0,test,863
2964,3192,4085,3232,3232,4085,1,0,train,7860
2965,3193,1554,7122,1554,7122,0,1,train,5903
2966,3195,8848,7862,8848,7862,0,1,train,7106
2967,3196,5830,4122,4122,5830,1,0,train,6692
2968,3197,1356,5842,5842,1356,1,0,train,6064
2969,3198,5905,4635,5905,4635,0,1,train,1006
2970,3199,6089,1593,6089,1593,0,1,train,6696
2971,3200,6463,3946,3946,6463,1,0,train,2949
2972,3201,6269,6445,6445,6269,1,0,train,1980
2973,3202,9012,8298,8298,9012,1,0,test,1051
2974,3203,4249,3802,3802,4249,1,0,train,4952
2975,3204,1524,4090,1524,4090,0,1,train,1792
2976,3205,131,3626,3626,131,1,0,train,4801
2977,3206,1050,8538,1050,8538,0,1,train,562
2978,3207,4281,6581,4281,6581,0,1,train,6255
2979,3208,7172,9077,7172,9077,0,1,train,3065
2980,3209,2754,1316,1316,2754,1,0,train,680
2981,3210,5176,8379,5176,8379,0,1,train,6631
2982,3212,2806,1719,1719,2806,1,0,train,2025
2983,3213,148,6020,6020,148,1,0,test,977
2984,3214,19,4775,19,4775,0,1,train,7059
2985,3215,5719,2444,2444,5719,1,0,train,6680
2986,3216,3491,455,455,3491,1,0,train,399
2987,3217,7457,5553,7457,5553,0,1,test,153
2988,3218,9126,3232,3232,9126,1,0,test,77
2989,3219,3416,4212,3416,4212,0,1,test,1599
2990,3220,2609,9016,2609,9016,0,1,train,5494
2991,3221,3333,5337,5337,3333,1,0,train,3064
2992,3222,7033,388,7033,388,0,1,train,4279
2993,3223,6699,6936,6936,6699,1,0,train,1260
2994,3224,841,3982,841,3982,0,1,train,4571
2995,3225,2815,5568,5568,2815,1,0,train,2666
2996,3226,1255,6116,6116,1255,1,0,train,5676
2997,3227,6654,7635,7635,6654,1,0,test,1209
2998,3228,6713,303,6713,303,0,1,train,2703
2999,3229,5643,2408,5643,2408,0,1,train,6721
3000,3230,6694,3771,3771,6694,1,0,test,1304
3001,3231,6625,1968,6625,1968,0,1,train,2727
3002,3233,113,6089,6089,113,1,0,train,4049
3003,3235,968,1863,968,1863,0,1,test,1840
3004,3236,3164,2947,2947,3164,1,0,train,775
3005,3237,5621,3459,3459,5621,1,0,train,5182
3006,3238,1915,3306,3306,1915,1,0,train,7411
3007,3239,6185,6661,6185,6661,0,1,train,73
3008,3240,1933,5653,1933,5653,0,1,train,2185
3009,3241,3349,4252,3349,4252,0,1,train,3340
3010,3242,5196,3573,3573,5196,1,0,train,6180
3011,3244,4053,6903,4053,6903,0,1,test,946
3012,3245,2360,4370,4370,2360,1,0,test,1762
3013,3246,8442,6632,6632,8442,1,0,train,6
3014,3248,578,1561,1561,578,1,0,train,591
3015,3249,8140,7129,7129,8140,1,0,train,4995
3016,3250,7828,3404,7828,3404,0,1,train,6586
3017,3251,1104,8001,1104,8001,0,1,test,750
3018,3252,2956,1611,2956,1611,0,1,train,946
3019,3253,3012,3217,3217,3012,1,0,test,645
3020,3254,207,1535,207,1535,0,1,train,2536
3021,3256,269,1622,269,1622,0,1,train,7594
3022,3257,458,2343,458,2343,0,1,test,1676
3023,3258,5632,3684,5632,3684,0,1,train,7281
3024,3259,171,6679,6679,171,1,0,test,1878
3025,3260,3067,8607,8607,3067,1,0,train,6066
3026,3261,3972,6381,6381,3972,1,0,train,3654
3027,3262,914,213,914,213,0,1,train,5014
3028,3263,2869,227,227,2869,1,0,train,1138
3029,3264,7408,4108,7408,4108,0,1,train,4991
3030,3265,2790,7060,2790,7060,0,1,train,3847
3031,3266,6001,1000,6001,1000,0,1,test,657
3032,3267,948,3028,3028,948,1,0,test,1042
3033,3268,6947,65,6947,65,0,1,train,451
3034,3269,3727,9301,9301,3727,1,0,train,1431
3035,3270,4183,967,4183,967,0,1,train,6041
3036,3271,7600,822,822,7600,1,0,train,5793
3037,3272,8471,4493,8471,4493,0,1,test,1865
3038,3273,7642,4678,4678,7642,1,0,test,786
3039,3274,7600,9157,7600,9157,0,1,test,24
3040,3275,8231,8481,8231,8481,0,1,train,586
3041,3276,6934,2662,2662,6934,1,0,train,734
3042,3278,7913,676,7913,676,0,1,train,3078
3043,3279,2553,2472,2472,2553,1,0,train,2212
3044,3280,4327,1896,4327,1896,0,1,train,5655
3045,3281,6366,5049,5049,6366,1,0,train,4650
3046,3282,5543,7837,7837,5543,1,0,test,812
3047,3283,508,4349,508,4349,0,1,train,4874
3048,3284,7474,8150,8150,7474,1,0,train,3285
3049,3285,5482,5757,5757,5482,1,0,train,4064
3050,3286,490,4301,4301,490,1,0,train,1728
3051,3287,2957,5936,5936,2957,1,0,train,5291
3052,3288,8529,7795,7795,8529,1,0,train,1269
3053,3289,1000,6970,1000,6970,0,1,test,536
3054,3290,3786,3550,3786,3550,0,1,train,4950
3055,3291,3148,30,30,3148,1,0,train,4095
3056,3292,941,8796,941,8796,0,1,train,4000
3057,3293,1546,2896,2896,1546,1,0,test,129
3058,3294,182,127,182,127,0,1,train,4993
3059,3295,544,3884,3884,544,1,0,train,2399
3060,3296,1340,9329,1340,9329,0,1,train,4822
3061,3297,2920,3430,3430,2920,1,0,train,7673
3062,3299,1402,4411,4411,1402,1,0,train,5143
3063,3300,3336,3326,3336,3326,0,1,train,6451
3064,3301,6108,1379,6108,1379,0,1,test,1231
3065,3302,1031,5698,1031,5698,0,1,train,3973
3066,3303,178,6081,178,6081,0,1,test,1861
3067,3304,2953,991,2953,991,0,1,test,1363
3068,3305,345,3778,3778,345,1,0,train,6524
3069,3306,8924,1539,1539,8924,1,0,train,270
3070,3307,345,6569,6569,345,1,0,test,1562
3071,3309,558,3449,558,3449,0,1,test,1204
3072,3311,209,7206,7206,209,1,0,train,2904
3073,3312,4324,8695,8695,4324,1,0,train,1517
3074,3313,951,910,951,910,0,1,train,5675
3075,3314,1037,8599,1037,8599,0,1,train,5296
3076,3315,568,5528,5528,568,1,0,train,169
3077,3316,222,9023,222,9023,0,1,train,4839
3078,3317,942,3446,942,3446,0,1,train,6511
3079,3318,2406,5932,5932,2406,1,0,train,319
3080,3319,345,1809,1809,345,1,0,test,1058
3081,3321,345,1283,1283,345,1,0,train,2852
3082,3322,5045,7923,7923,5045,1,0,train,44
3083,3323,2741,3747,3747,2741,1,0,train,2086
3084,3324,406,6941,6941,406,1,0,train,2613
3085,3325,2740,1034,2740,1034,0,1,test,792
3086,3326,955,1392,955,1392,0,1,train,6710
3087,3327,1555,1213,1213,1555,1,0,train,247
3088,3329,297,6190,6190,297,1,0,train,6499
3089,3330,278,6756,6756,278,1,0,train,197
3090,3331,348,1214,1214,348,1,0,train,1362
3091,3332,490,1090,1090,490,1,0,train,3007
3092,3333,1667,3245,1667,3245,0,1,train,3975
3093,3335,951,8467,951,8467,0,1,train,6847
3094,3336,441,1137,441,1137,0,1,train,4875
3095,3337,1180,4604,1180,4604,0,1,train,7121
3096,3338,4667,6298,6298,4667,1,0,test,825
3097,3339,3509,1565,3509,1565,0,1,train,3303
3098,3341,421,966,421,966,0,1,test,1661
3099,3342,131,3517,3517,131,1,0,train,2177
3100,3343,3509,40,40,3509,1,0,train,1103
3101,3344,2997,1270,1270,2997,1,0,train,5416
3102,3345,337,8562,8562,337,1,0,train,2875
3103,3347,650,6878,650,6878,0,1,test,1571
3104,3349,684,8731,8731,684,1,0,train,4653
3105,3350,676,6372,6372,676,1,0,train,2305
3106,3351,679,4371,4371,679,1,0,train,4228
3107,3354,6131,8824,6131,8824,0,1,train,6015
3108,3355,715,4842,4842,715,1,0,train,908
3109,3356,694,8433,694,8433,0,1,test,1718
3110,3357,641,3735,3735,641,1,0,train,4595
3111,3358,1674,2754,1674,2754,0,1,train,2905
3112,3359,7136,7978,7978,7136,1,0,train,3817
3113,3361,8513,6573,6573,8513,1,0,train,6320
3114,3362,796,6537,796,6537,0,1,test,1735
3115,3363,4998,4244,4244,4998,1,0,train,4545
3116,3364,78,4478,78,4478,0,1,test,1354
3117,3365,3307,8632,8632,3307,1,0,train,5502
3118,3367,6501,2364,2364,6501,1,0,train,6426
3119,3368,40,6206,6206,40,1,0,train,6712
3120,3369,1606,8063,1606,8063,0,1,test,876
3121,3370,3717,5916,5916,3717,1,0,test,1305
3122,3371,2791,2377,2377,2791,1,0,test,835
3123,3372,6870,9187,6870,9187,0,1,test,458
3124,3373,4660,4486,4486,4660,1,0,train,6943
3125,3374,4660,1127,1127,4660,1,0,train,5645
3126,3375,8608,3486,3486,8608,1,0,train,6989
3127,3376,4263,874,4263,874,0,1,train,5888
3128,3377,3827,2631,2631,3827,1,0,train,5495
3129,3378,2329,2574,2574,2329,1,0,train,7787
3130,3380,7817,3180,3180,7817,1,0,train,6818
3131,3381,4662,8129,4662,8129,0,1,test,937
3132,3382,6870,2259,2259,6870,1,0,train,1498
3133,3383,8165,8836,8836,8165,1,0,train,7702
3134,3384,5971,8623,5971,8623,0,1,train,7462
3135,3386,1690,3378,3378,1690,1,0,train,5104
3136,3387,1634,8184,1634,8184,0,1,train,5737
3137,3388,3595,6448,6448,3595,1,0,train,698
3138,3389,8098,7643,8098,7643,0,1,test,75
3139,3390,5624,5252,5252,5624,1,0,train,712
3140,3391,1225,3080,3080,1225,1,0,test,320
3141,3392,48,8634,8634,48,1,0,train,7233
3142,3393,6786,626,6786,626,0,1,train,1740
3143,3394,8530,3904,3904,8530,1,0,train,7880
3144,3395,2857,248,248,2857,1,0,train,1832
3145,3396,819,3440,3440,819,1,0,test,815
3146,3397,2029,1497,2029,1497,0,1,test,158
3147,3398,8924,5519,5519,8924,1,0,train,1837
3148,3399,2590,7487,2590,7487,0,1,test,1830
3149,3400,4362,6856,6856,4362,1,0,train,4848
3150,3401,208,3691,208,3691,0,1,train,6495
3151,3402,2487,7365,7365,2487,1,0,train,122
3152,3403,2346,1360,2346,1360,0,1,train,4785
3153,3404,2487,4787,4787,2487,1,0,train,2726
3154,3405,1798,5475,5475,1798,1,0,train,5529
3155,3406,3652,17,17,3652,1,0,train,7110
3156,3407,326,5718,5718,326,1,0,train,1871
3157,3408,3037,5601,3037,5601,0,1,train,5256
3158,3409,439,5989,439,5989,0,1,train,4030
3159,3410,6759,2963,2963,6759,1,0,train,1183
3160,3411,293,346,293,346,0,1,train,3875
3161,3412,5066,5974,5066,5974,0,1,train,3094
3162,3413,2933,9009,2933,9009,0,1,train,2047
3163,3414,4573,4348,4573,4348,0,1,test,1035
3164,3415,588,5666,588,5666,0,1,train,2616
3165,3416,1474,5652,5652,1474,1,0,train,3118
3166,3417,4835,1360,4835,1360,0,1,train,2107
3167,3418,5449,2676,5449,2676,0,1,train,2865
3168,3419,1432,6008,1432,6008,0,1,test,865
3169,3420,4669,1278,4669,1278,0,1,train,5229
3170,3421,5187,2537,5187,2537,0,1,test,1715
3171,3424,2212,1052,1052,2212,1,0,train,2432
3172,3425,568,3366,568,3366,0,1,test,1470
3173,3426,595,4242,4242,595,1,0,train,5457
3174,3427,268,2846,268,2846,0,1,train,1147
3175,3428,576,2183,576,2183,0,1,train,5371
3176,3429,378,4086,378,4086,0,1,train,4198
3177,3430,255,2035,2035,255,1,0,train,6773
3178,3431,438,6902,438,6902,0,1,test,284
3179,3432,4441,6553,4441,6553,0,1,train,5986
3180,3433,268,1966,268,1966,0,1,test,1535
3181,3434,3509,3071,3071,3509,1,0,train,1909
3182,3435,1128,7851,1128,7851,0,1,train,1113
3183,3436,237,7920,237,7920,0,1,train,5856
3184,3437,5543,4878,5543,4878,0,1,test,976
3185,3438,1555,8146,1555,8146,0,1,test,1711
3186,3439,577,7061,7061,577,1,0,train,7795
3187,3440,1286,6586,6586,1286,1,0,train,2306
3188,3441,2872,4178,2872,4178,0,1,test,911
3189,3442,388,4292,4292,388,1,0,train,1052
3190,3444,169,8051,8051,169,1,0,train,2871
3191,3445,421,5112,421,5112,0,1,train,6596
3192,3446,944,7664,7664,944,1,0,train,60
3193,3447,439,2010,439,2010,0,1,test,263
3194,3448,2905,169,2905,169,0,1,train,6983
3195,3449,496,6317,6317,496,1,0,train,3326
3196,3450,475,8010,8010,475,1,0,train,3814
3197,3451,468,9172,9172,468,1,0,train,5105
3198,3452,1316,5666,5666,1316,1,0,train,6907
3199,3453,3994,4364,3994,4364,0,1,train,5711
3200,3454,378,6024,378,6024,0,1,train,6671
3201,3455,5194,4917,4917,5194,1,0,train,1383
3202,3456,360,2372,2372,360,1,0,test,669
3203,3457,445,4451,445,4451,0,1,train,3299
3204,3458,9026,1049,1049,9026,1,0,train,3136
3205,3459,255,235,235,255,1,0,train,6795
3206,3460,6279,1571,6279,1571,0,1,train,3493
3207,3462,753,447,753,447,0,1,train,7217
3208,3463,8152,371,8152,371,0,1,train,998
3209,3464,4595,682,4595,682,0,1,train,1419
3210,3465,7491,1938,1938,7491,1,0,train,1224
3211,3467,370,3263,370,3263,0,1,train,5827
3212,3468,867,584,584,867,1,0,test,297
3213,3469,512,6397,512,6397,0,1,train,1328
3214,3470,471,7758,471,7758,0,1,test,451
3215,3471,1070,7319,7319,1070,1,0,train,7166
3216,3472,4532,933,4532,933,0,1,train,4949
3217,3473,4499,6786,6786,4499,1,0,train,2678
3218,3474,2865,6554,6554,2865,1,0,train,1922
3219,3475,4532,1784,4532,1784,0,1,train,6741
3220,3476,4425,7302,7302,4425,1,0,train,4020
3221,3477,493,1416,1416,493,1,0,train,2402
3222,3478,4400,3391,4400,3391,0,1,train,6545
3223,3479,6881,3453,6881,3453,0,1,train,1142
3224,3480,8447,7687,7687,8447,1,0,train,2279
3225,3481,5072,5506,5506,5072,1,0,train,2395
3226,3482,2625,7342,2625,7342,0,1,train,7277
3227,3483,2569,5211,5211,2569,1,0,train,1326
3228,3484,2826,2846,2846,2826,1,0,train,7362
3229,3485,131,3288,131,3288,0,1,train,5653
3230,3486,7644,3856,3856,7644,1,0,train,4327
3231,3487,7377,8434,8434,7377,1,0,train,3699
3232,3488,7123,7433,7433,7123,1,0,train,3040
3233,3489,5072,3090,3090,5072,1,0,train,7299
3234,3490,5836,7760,5836,7760,0,1,train,85
3235,3491,3327,2941,3327,2941,0,1,train,3695
3236,3492,6876,2681,6876,2681,0,1,train,2672
3237,3493,4527,3290,4527,3290,0,1,train,3283
3238,3494,4289,4153,4153,4289,1,0,train,5045
3239,3495,577,17,577,17,0,1,train,6518
3240,3496,6591,4891,6591,4891,0,1,train,7239
3241,3497,603,5430,5430,603,1,0,train,5592
3242,3498,4459,8244,8244,4459,1,0,train,2113
3243,3499,2756,728,728,2756,1,0,train,3724
3244,3500,1411,6730,1411,6730,0,1,train,3570
3245,3501,7404,4080,4080,7404,1,0,train,5161
3246,3503,7262,7719,7262,7719,0,1,test,986
3247,3504,4705,2218,4705,2218,0,1,train,7031
3248,3505,967,1755,1755,967,1,0,train,5342
3249,3506,4975,5808,5808,4975,1,0,train,786
3250,3507,1149,4661,1149,4661,0,1,train,4324
3251,3508,52,2738,52,2738,0,1,test,1266
3252,3509,4011,6715,6715,4011,1,0,train,4424
3253,3510,1516,6046,1516,6046,0,1,train,2553
3254,3511,5720,7996,7996,5720,1,0,train,5685
3255,3512,415,5547,5547,415,1,0,train,3439
3256,3513,5179,2563,2563,5179,1,0,train,5415
3257,3515,439,7810,439,7810,0,1,test,784
3258,3516,961,6637,961,6637,0,1,test,1236
3259,3517,5608,1040,1040,5608,1,0,train,5866
3260,3518,7087,1446,1446,7087,1,0,train,5833
3261,3520,6495,6903,6495,6903,0,1,test,787
3262,3521,4667,2476,2476,4667,1,0,train,2780
3263,3523,2976,3445,3445,2976,1,0,train,6428
3264,3524,368,1977,1977,368,1,0,train,5428
3265,3525,255,2146,2146,255,1,0,test,1736
3266,3526,278,5405,278,5405,0,1,train,3031
3267,3527,939,894,939,894,0,1,train,1852
3268,3528,3040,9175,9175,3040,1,0,train,5983
3269,3530,1017,5435,1017,5435,0,1,test,109
3270,3531,7663,6671,6671,7663,1,0,train,5923
3271,3532,7622,7312,7622,7312,0,1,train,3364
3272,3533,2068,5440,5440,2068,1,0,train,7007
3273,3534,771,3312,771,3312,0,1,test,1760
3274,3535,7301,8322,8322,7301,1,0,train,3877
3275,3536,1817,2032,1817,2032,0,1,train,1928
3276,3537,9156,8555,8555,9156,1,0,train,7366
3277,3538,2544,2664,2664,2544,1,0,test,801
3278,3539,7336,6761,6761,7336,1,0,train,1532
3279,3540,9112,4797,4797,9112,1,0,train,177
3280,3541,3947,8335,8335,3947,1,0,train,3332
3281,3542,2997,932,932,2997,1,0,train,4345
3282,3543,5184,81,5184,81,0,1,train,5767
3283,3544,3414,5013,5013,3414,1,0,train,5525
3284,3545,6882,2282,6882,2282,0,1,train,6751
3285,3546,6175,8423,8423,6175,1,0,train,2474
3286,3548,760,4564,760,4564,0,1,train,2750
3287,3549,209,1457,1457,209,1,0,train,5406
3288,3550,6292,779,779,6292,1,0,train,4341
3289,3551,6766,4486,4486,6766,1,0,train,4363
3290,3552,3375,709,3375,709,0,1,train,1685
3291,3553,500,309,500,309,0,1,train,3537
3292,3554,3472,6001,3472,6001,0,1,test,382
3293,3556,300,2226,2226,300,1,0,train,1021
3294,3557,4358,5054,4358,5054,0,1,train,7508
3295,3558,423,6134,6134,423,1,0,train,3111
3296,3559,448,48,448,48,0,1,train,6312
3297,3560,8538,4778,8538,4778,0,1,train,960
3298,3561,7648,849,7648,849,0,1,train,7850
3299,3562,5377,3153,3153,5377,1,0,train,4262
3300,3563,87,3078,87,3078,0,1,test,1005
3301,3565,6473,663,663,6473,1,0,train,2201
3302,3567,8416,5638,8416,5638,0,1,train,5897
3303,3568,2039,7472,7472,2039,1,0,train,3596
3304,3569,2470,7964,2470,7964,0,1,train,4379
3305,3570,5994,3821,3821,5994,1,0,test,1812
3306,3571,5763,3690,5763,3690,0,1,train,1992
3307,3572,595,8043,8043,595,1,0,train,6113
3308,3573,4558,2306,4558,2306,0,1,train,5324
3309,3574,5144,8413,5144,8413,0,1,train,3030
3310,3575,3309,6160,6160,3309,1,0,train,3585
3311,3576,1556,538,1556,538,0,1,train,6722
3312,3577,6639,570,6639,570,0,1,train,1660
3313,3579,3942,1889,1889,3942,1,0,train,3202
3314,3580,131,3173,131,3173,0,1,test,199
3315,3582,6244,3079,3079,6244,1,0,train,3834
3316,3583,1012,5836,1012,5836,0,1,train,2464
3317,3584,4301,8325,8325,4301,1,0,train,287
3318,3585,2846,3716,2846,3716,0,1,train,4628
3319,3586,6547,7287,7287,6547,1,0,train,7520
3320,3587,8253,8876,8253,8876,0,1,train,5018
3321,3588,9142,5857,5857,9142,1,0,test,467
3322,3589,8104,8427,8104,8427,0,1,train,4962
3323,3590,3286,7229,3286,7229,0,1,train,2801
3324,3591,7424,5179,7424,5179,0,1,train,2165
3325,3592,3268,1772,3268,1772,0,1,train,5784
3326,3593,7456,1355,7456,1355,0,1,train,7118
3327,3594,5968,2883,2883,5968,1,0,test,769
3328,3595,5955,5971,5955,5971,0,1,train,2130
3329,3596,633,8474,633,8474,0,1,test,729
3330,3597,4047,3052,4047,3052,0,1,train,6992
3331,3598,908,8949,8949,908,1,0,train,728
3332,3599,940,6678,940,6678,0,1,train,7216
3333,3600,5478,6847,5478,6847,0,1,train,6801
3334,3601,7336,5886,5886,7336,1,0,test,1869
3335,3603,7405,7344,7405,7344,0,1,train,1710
3336,3605,3598,6278,3598,6278,0,1,train,4521
3337,3606,4335,6560,6560,4335,1,0,train,5136
3338,3607,7027,4669,7027,4669,0,1,train,2739
3339,3608,3439,2199,2199,3439,1,0,train,2169
3340,3609,7827,4264,4264,7827,1,0,train,3852
3341,3610,5258,1461,5258,1461,0,1,train,6185
3342,3611,6086,1576,1576,6086,1,0,train,7042
3343,3612,4187,1833,1833,4187,1,0,train,4981
3344,3613,6813,5641,6813,5641,0,1,train,3074
3345,3614,3367,1571,3367,1571,0,1,train,3047
3346,3615,9217,1973,1973,9217,1,0,train,916
3347,3616,5660,6291,5660,6291,0,1,train,1777
3348,3618,2354,397,2354,397,0,1,train,5634
3349,3619,8279,2418,2418,8279,1,0,train,2250
3350,3620,881,1743,881,1743,0,1,train,1247
3351,3621,7648,6853,7648,6853,0,1,test,813
3352,3622,1259,4584,4584,1259,1,0,train,7295
3353,3623,8723,3276,8723,3276,0,1,train,2751
3354,3624,1556,2263,1556,2263,0,1,test,229
3355,3626,255,7417,7417,255,1,0,train,322
3356,3627,9172,2479,2479,9172,1,0,train,7769
3357,3628,6545,904,6545,904,0,1,train,7033
3358,3629,172,2554,2554,172,1,0,train,1139
3359,3630,7378,1861,1861,7378,1,0,train,43
3360,3632,5665,6879,6879,5665,1,0,train,3483
3361,3633,1011,8638,8638,1011,1,0,train,7479
3362,3634,1020,6979,6979,1020,1,0,test,445
3363,3635,1685,5354,1685,5354,0,1,train,1356
3364,3636,7491,7388,7491,7388,0,1,train,3919
3365,3637,5643,5420,5420,5643,1,0,train,6777
3366,3638,6959,6354,6354,6959,1,0,train,4207
3367,3639,6973,82,82,6973,1,0,test,1102
3368,3640,772,5954,5954,772,1,0,train,2369
3369,3641,6907,4499,6907,4499,0,1,test,233
3370,3642,9221,462,462,9221,1,0,train,5378
3371,3643,1208,6636,6636,1208,1,0,train,1112
3372,3645,3398,2707,2707,3398,1,0,train,5397
3373,3646,5593,2555,5593,2555,0,1,train,214
3374,3647,207,7485,207,7485,0,1,train,6103
3375,3648,8929,6148,8929,6148,0,1,train,6294
3376,3649,5646,4523,5646,4523,0,1,train,62
3377,3650,6330,6207,6330,6207,0,1,test,1639
3378,3651,2039,4358,2039,4358,0,1,train,2951
3379,3652,748,8992,8992,748,1,0,train,5448
3380,3653,3322,4694,4694,3322,1,0,train,2294
3381,3654,7923,9203,7923,9203,0,1,train,4835
3382,3655,7586,6285,7586,6285,0,1,train,3085
3383,3656,5238,5722,5238,5722,0,1,train,407
3384,3657,7337,7616,7337,7616,0,1,train,2022
3385,3658,2535,1044,2535,1044,0,1,train,3223
3386,3659,6457,1437,1437,6457,1,0,train,3751
3387,3660,5326,8278,5326,8278,0,1,train,2255
3388,3662,6042,7208,7208,6042,1,0,train,4720
3389,3663,107,6335,107,6335,0,1,train,4795
3390,3665,5465,3806,5465,3806,0,1,train,3044
3391,3666,6452,1156,6452,1156,0,1,test,1682
3392,3667,5217,5958,5958,5217,1,0,train,4160
3393,3669,5393,8195,5393,8195,0,1,train,3845
3394,3670,3919,8920,8920,3919,1,0,train,1960
3395,3671,3919,9211,9211,3919,1,0,train,4431
3396,3672,2153,2831,2831,2153,1,0,test,612
3397,3673,7117,6044,6044,7117,1,0,train,4889
3398,3674,2404,7723,7723,2404,1,0,train,6622
3399,3675,4044,7324,7324,4044,1,0,test,694
3400,3677,6606,7509,6606,7509,0,1,train,4511
3401,3679,8953,2444,2444,8953,1,0,train,1839
3402,3681,8128,7615,8128,7615,0,1,test,1206
3403,3682,8115,2983,8115,2983,0,1,train,1071
3404,3683,4079,6658,6658,4079,1,0,train,846
3405,3684,1771,8670,8670,1771,1,0,test,1014
3406,3685,5611,4953,4953,5611,1,0,train,4670
3407,3686,6851,5740,6851,5740,0,1,train,4092
3408,3687,6847,7540,7540,6847,1,0,train,5876
3409,3688,4546,2449,4546,2449,0,1,test,1251
3410,3689,7878,4760,4760,7878,1,0,train,555
3411,3690,4179,2578,4179,2578,0,1,train,777
3412,3691,6726,1999,1999,6726,1,0,train,4114
3413,3692,839,7564,839,7564,0,1,test,1469
3414,3693,1133,6040,6040,1133,1,0,test,1701
3415,3695,1063,1000,1000,1063,1,0,train,4555
3416,3696,1618,5765,1618,5765,0,1,train,2276
3417,3697,3407,4477,4477,3407,1,0,train,6017
3418,3698,2585,3229,3229,2585,1,0,train,6410
3419,3699,4401,7997,4401,7997,0,1,test,1816
3420,3700,6527,8560,8560,6527,1,0,train,4761
3421,3701,3078,8095,3078,8095,0,1,train,7851
3422,3702,2596,2287,2287,2596,1,0,train,3601
3423,3703,902,7200,902,7200,0,1,train,6412
3424,3704,6691,9041,6691,9041,0,1,train,5504
3425,3705,2616,1841,2616,1841,0,1,train,6824
3426,3706,119,6306,119,6306,0,1,test,918
3427,3707,28,7644,28,7644,0,1,train,7062
3428,3708,771,7148,771,7148,0,1,train,636
3429,3709,1161,8723,1161,8723,0,1,train,1656
3430,3710,8581,8403,8403,8581,1,0,train,3672
3431,3711,290,3003,290,3003,0,1,train,3520
3432,3712,7122,7092,7092,7122,1,0,test,1076
3433,3713,106,6331,6331,106,1,0,test,1613
3434,3714,1250,3621,1250,3621,0,1,train,5412
3435,3715,757,8715,757,8715,0,1,test,997
3436,3716,949,4209,949,4209,0,1,test,328
3437,3717,3187,5128,3187,5128,0,1,train,7139
3438,3718,1957,6389,1957,6389,0,1,train,3459
3439,3719,8740,3157,8740,3157,0,1,train,2832
3440,3720,5244,1543,5244,1543,0,1,train,6366
3441,3721,5244,8557,8557,5244,1,0,train,5070
3442,3722,6822,446,6822,446,0,1,train,6727
3443,3723,5929,1885,1885,5929,1,0,test,1550
3444,3724,7463,6800,6800,7463,1,0,train,3120
3445,3725,4393,8365,4393,8365,0,1,train,2804
3446,3726,7402,5702,7402,5702,0,1,test,587
3447,3727,2275,2087,2087,2275,1,0,train,1514
3448,3728,476,3663,3663,476,1,0,train,3329
3449,3729,363,269,269,363,1,0,test,615
3450,3730,3983,2008,2008,3983,1,0,train,338
3451,3731,3389,5536,5536,3389,1,0,train,6533
3452,3732,344,5361,344,5361,0,1,train,6986
3453,3733,4323,2823,2823,4323,1,0,train,6209
3454,3734,533,944,944,533,1,0,train,5057
3455,3735,4346,4304,4304,4346,1,0,train,2423
3456,3736,3838,837,3838,837,0,1,test,238
3457,3737,5217,610,5217,610,0,1,train,7766
3458,3738,4034,2605,2605,4034,1,0,train,7703
3459,3739,4237,8453,4237,8453,0,1,train,4437
3460,3740,439,668,668,439,1,0,train,1073
3461,3741,164,5454,5454,164,1,0,train,5335
3462,3742,350,3484,350,3484,0,1,train,3981
3463,3743,476,608,608,476,1,0,train,4317
3464,3744,378,8956,378,8956,0,1,train,6649
3465,3746,1316,1554,1554,1316,1,0,test,659
3466,3747,1316,9053,1316,9053,0,1,train,5702
3467,3748,1005,1288,1005,1288,0,1,test,471
3468,3749,5570,2249,2249,5570,1,0,train,1502
3469,3751,1018,8620,1018,8620,0,1,train,3359
3470,3752,1522,2835,2835,1522,1,0,train,6982
3471,3753,1205,6554,6554,1205,1,0,train,570
3472,3754,1316,4640,1316,4640,0,1,train,3281
3473,3756,278,3674,3674,278,1,0,test,1699
3474,3758,6587,1495,6587,1495,0,1,train,2677
3475,3759,5560,4923,5560,4923,0,1,train,641
3476,3760,4313,3526,4313,3526,0,1,train,165
3477,3761,230,1955,1955,230,1,0,test,253
3478,3762,2052,2548,2052,2548,0,1,test,1287
3479,3763,8737,7146,7146,8737,1,0,train,2476
3480,3764,2996,7921,7921,2996,1,0,train,1961
3481,3765,3374,8797,3374,8797,0,1,test,250
3482,3766,7821,5419,5419,7821,1,0,train,2293
3483,3768,3472,2016,2016,3472,1,0,train,2706
3484,3769,6206,3270,3270,6206,1,0,train,4105
3485,3770,7587,2894,2894,7587,1,0,train,5446
3486,3771,5101,8899,8899,5101,1,0,train,7418
3487,3772,6443,7913,6443,7913,0,1,train,5648
3488,3773,3732,4964,3732,4964,0,1,train,7814
3489,3775,8678,1843,1843,8678,1,0,train,14
3490,3776,1604,3876,1604,3876,0,1,train,3239
3491,3777,1814,3780,3780,1814,1,0,train,982
3492,3778,4467,5265,4467,5265,0,1,train,6045
3493,3779,3214,1387,3214,1387,0,1,train,7437
3494,3780,456,7507,456,7507,0,1,train,740
3495,3781,1010,7576,1010,7576,0,1,train,7697
3496,3782,1629,1518,1629,1518,0,1,train,4736
3497,3783,2923,9032,9032,2923,1,0,train,7075
3498,3784,574,2144,2144,574,1,0,train,1272
3499,3785,853,2444,2444,853,1,0,train,6266
3500,3786,919,9258,919,9258,0,1,train,4364
3501,3787,440,3847,440,3847,0,1,train,7669
3502,3788,467,8348,467,8348,0,1,train,6008
3503,3789,196,983,196,983,0,1,test,64
3504,3790,435,3367,3367,435,1,0,train,753
3505,3791,4545,5406,5406,4545,1,0,test,609
3506,3792,7564,3556,7564,3556,0,1,train,1638
3507,3793,7622,4459,7622,4459,0,1,train,2807
3508,3794,7296,3493,3493,7296,1,0,train,2053
3509,3795,6931,2268,2268,6931,1,0,train,2329
3510,3796,1833,1900,1900,1833,1,0,train,2315
3511,3797,6084,7598,7598,6084,1,0,train,725
3512,3798,1390,5149,5149,1390,1,0,train,3608
3513,3800,7734,266,7734,266,0,1,train,3500
3514,3801,5571,7682,5571,7682,0,1,train,6736
3515,3802,8932,3509,3509,8932,1,0,train,2467
3516,3803,2352,2661,2661,2352,1,0,test,1433
3517,3804,1939,7729,1939,7729,0,1,train,4935
3518,3806,3623,8570,8570,3623,1,0,test,140
3519,3807,1815,356,1815,356,0,1,train,2164
3520,3808,1835,501,1835,501,0,1,train,409
3521,3809,2598,2389,2389,2598,1,0,train,2135
3522,3811,3657,926,3657,926,0,1,test,1615
3523,3812,771,908,771,908,0,1,train,5547
3524,3813,944,2885,2885,944,1,0,test,234
3525,3814,6961,8192,8192,6961,1,0,train,4251
3526,3815,7301,5848,7301,5848,0,1,train,4864
3527,3816,5512,851,5512,851,0,1,train,5549
3528,3817,1136,3989,3989,1136,1,0,train,4111
3529,3818,3657,8080,8080,3657,1,0,train,828
3530,3819,409,3698,3698,409,1,0,train,2859
3531,3820,7297,5127,7297,5127,0,1,train,4128
3532,3821,7679,4149,4149,7679,1,0,train,4626
3533,3822,1801,1094,1094,1801,1,0,train,2656
3534,3824,1996,8657,1996,8657,0,1,train,4192
3535,3825,4675,6386,4675,6386,0,1,test,188
3536,3826,6282,7443,7443,6282,1,0,train,3835
3537,3828,1250,1807,1250,1807,0,1,train,620
3538,3829,2134,351,351,2134,1,0,train,2732
3539,3830,7929,627,627,7929,1,0,train,7415
3540,3832,1561,7319,7319,1561,1,0,train,1783
3541,3833,2629,9044,9044,2629,1,0,train,975
3542,3834,6013,4975,4975,6013,1,0,test,819
3543,3835,4769,5260,4769,5260,0,1,train,1733
3544,3836,1726,3477,1726,3477,0,1,train,3692
3545,3837,6725,5080,5080,6725,1,0,train,7368
3546,3838,1644,7339,7339,1644,1,0,train,1301
3547,3839,6126,4070,6126,4070,0,1,train,542
3548,3840,3682,4968,3682,4968,0,1,train,334
3549,3841,1951,950,1951,950,0,1,train,7682
3550,3842,8732,4660,4660,8732,1,0,train,1279
3551,3843,3946,8597,3946,8597,0,1,test,134
3552,3844,7665,4557,7665,4557,0,1,test,749
3553,3845,6457,6263,6263,6457,1,0,train,6540
3554,3846,6742,3643,3643,6742,1,0,train,6490
3555,3847,5560,6160,6160,5560,1,0,test,1697
3556,3848,4970,8092,8092,4970,1,0,train,7698
3557,3850,7459,8328,7459,8328,0,1,train,5196
3558,3852,7462,7871,7871,7462,1,0,test,1835
3559,3853,3789,5434,5434,3789,1,0,train,5191
3560,3854,7459,3401,3401,7459,1,0,train,5829
3561,3855,7459,3847,7459,3847,0,1,train,331
3562,3856,790,7872,790,7872,0,1,train,4888
3563,3857,9220,4624,9220,4624,0,1,train,7286
3564,3858,797,6933,797,6933,0,1,test,752
3565,3860,1049,626,626,1049,1,0,train,900
3566,3861,4090,1815,1815,4090,1,0,train,2404
3567,3862,3423,7750,3423,7750,0,1,train,6032
3568,3863,860,8284,860,8284,0,1,test,258
3569,3864,2028,4488,4488,2028,1,0,test,724
3570,3865,4318,1862,1862,4318,1,0,test,2
3571,3866,437,6960,437,6960,0,1,train,5333
3572,3867,6973,2997,2997,6973,1,0,train,2841
3573,3868,4743,4535,4743,4535,0,1,train,88
3574,3869,1974,8149,8149,1974,1,0,test,364
3575,3870,1570,7863,7863,1570,1,0,train,6702
3576,3871,5436,8896,5436,8896,0,1,train,2820
3577,3872,3328,5318,3328,5318,0,1,test,422
3578,3873,3101,4519,4519,3101,1,0,test,712
3579,3874,8824,1317,8824,1317,0,1,train,4312
3580,3875,5353,3366,3366,5353,1,0,train,4227
3581,3876,5369,7589,5369,7589,0,1,train,2540
3582,3877,2314,8355,8355,2314,1,0,train,2009
3583,3878,3316,6588,3316,6588,0,1,train,5351
3584,3879,8824,2976,8824,2976,0,1,train,1541
3585,3880,8214,7200,7200,8214,1,0,train,6946
3586,3881,2399,3409,3409,2399,1,0,train,4470
3587,3882,6240,3401,3401,6240,1,0,test,402
3588,3883,990,1446,1446,990,1,0,train,6173
3589,3884,2891,4067,2891,4067,0,1,test,851
3590,3885,6576,3817,6576,3817,0,1,train,1153
3591,3886,8568,8378,8568,8378,0,1,test,455
3592,3887,3593,8750,3593,8750,0,1,train,354
3593,3888,7583,7932,7932,7583,1,0,train,2669
3594,3889,6545,4106,4106,6545,1,0,test,33
3595,3891,782,1535,782,1535,0,1,train,3799
3596,3893,8107,5995,5995,8107,1,0,train,435
3597,3894,293,9316,9316,293,1,0,train,92
3598,3895,481,4631,481,4631,0,1,train,1926
3599,3896,1034,7576,1034,7576,0,1,train,2408
3600,3897,8075,3768,8075,3768,0,1,train,2149
3601,3898,350,2820,350,2820,0,1,train,671
3602,3899,596,6515,6515,596,1,0,train,5797
3603,3900,362,1972,1972,362,1,0,train,2929
3604,3901,6779,292,6779,292,0,1,train,928
3605,3902,3526,1731,1731,3526,1,0,train,7188
3606,3903,6502,4855,4855,6502,1,0,train,472
3607,3904,7632,5884,5884,7632,1,0,train,5377
3608,3905,4748,8358,4748,8358,0,1,test,828
3609,3907,1460,6835,1460,6835,0,1,train,494
3610,3908,1517,5389,5389,1517,1,0,train,5998
3611,3909,5411,5095,5095,5411,1,0,train,7322
3612,3910,1850,2441,1850,2441,0,1,train,4778
3613,3911,1828,4452,4452,1828,1,0,train,7273
3614,3912,2678,3877,3877,2678,1,0,train,7377
3615,3913,5974,3404,5974,3404,0,1,train,6229
3616,3915,2337,3892,2337,3892,0,1,train,7569
3617,3916,5753,9246,5753,9246,0,1,train,4921
3618,3917,6531,3860,3860,6531,1,0,train,2992
3619,3918,7439,5398,5398,7439,1,0,train,5125
3620,3919,4897,5538,5538,4897,1,0,train,6787
3621,3920,1818,1557,1818,1557,0,1,train,2815
3622,3921,2885,7109,7109,2885,1,0,train,4446
3623,3923,1058,2765,2765,1058,1,0,train,6024
3624,3924,3290,593,3290,593,0,1,train,6071
3625,3925,7432,6433,7432,6433,0,1,test,1580
3626,3926,5400,4504,5400,4504,0,1,train,7003
3627,3927,7393,2653,2653,7393,1,0,test,373
3628,3928,1131,899,899,1131,1,0,test,950
3629,3929,7247,1009,7247,1009,0,1,train,1305
3630,3930,4660,4562,4660,4562,0,1,train,7091
3631,3931,7806,4462,4462,7806,1,0,train,7417
3632,3932,3700,5585,5585,3700,1,0,test,349
3633,3933,839,3348,3348,839,1,0,test,524
3634,3934,2340,2682,2682,2340,1,0,train,254
3635,3936,7878,3868,3868,7878,1,0,test,324
3636,3937,2332,4426,2332,4426,0,1,train,5913
3637,3939,3148,737,737,3148,1,0,train,6848
3638,3940,1641,1004,1004,1641,1,0,train,618
3639,3941,5898,2250,2250,5898,1,0,train,2484
3640,3943,733,169,733,169,0,1,train,4809
3641,3944,1093,7833,1093,7833,0,1,train,6960
3642,3947,2874,3605,3605,2874,1,0,train,951
3643,3948,6783,2063,6783,2063,0,1,train,4230
3644,3949,3264,8103,3264,8103,0,1,train,1307
3645,3950,2933,7212,2933,7212,0,1,train,5207
3646,3951,1449,3496,1449,3496,0,1,train,4503
3647,3952,370,1828,370,1828,0,1,train,4331
3648,3953,603,1135,1135,603,1,0,test,1325
3649,3954,523,9159,523,9159,0,1,train,5199
3650,3955,408,858,858,408,1,0,test,1849
3651,3956,332,681,681,332,1,0,train,1035
3652,3957,2933,3712,2933,3712,0,1,train,4355
3653,3958,598,4244,4244,598,1,0,train,5066
3654,3959,2991,6867,6867,2991,1,0,train,2742
3655,3960,4506,2534,4506,2534,0,1,train,968
3656,3961,2933,9109,9109,2933,1,0,test,176
3657,3962,1318,9229,1318,9229,0,1,train,6111
3658,3964,271,1986,271,1986,0,1,train,5427
3659,3965,1005,3813,1005,3813,0,1,train,2346
3660,3966,1324,7279,7279,1324,1,0,train,4091
3661,3967,3990,7372,7372,3990,1,0,train,3268
3662,3968,5138,8058,8058,5138,1,0,test,1820
3663,3969,2933,8189,2933,8189,0,1,train,4903
3664,3970,557,8503,557,8503,0,1,test,756
3665,3971,2933,6152,2933,6152,0,1,train,7171
3666,3972,5676,1688,5676,1688,0,1,train,1897
3667,3973,2933,7044,7044,2933,1,0,train,5916
3668,3974,2933,613,2933,613,0,1,train,4093
3669,3975,439,3626,3626,439,1,0,train,5963
3670,3976,5831,5519,5831,5519,0,1,train,5656
3671,3977,8104,1813,1813,8104,1,0,test,1257
3672,3979,2781,4661,4661,2781,1,0,test,1147
3673,3980,5919,918,918,5919,1,0,train,3995
3674,3981,5028,2998,2998,5028,1,0,train,7288
3675,3982,866,6354,6354,866,1,0,train,5511
3676,3983,4066,3965,4066,3965,0,1,train,4067
3677,3984,2865,7360,2865,7360,0,1,train,1298
3678,3985,9327,551,9327,551,0,1,train,1264
3679,3986,8353,1654,8353,1654,0,1,train,7739
3680,3987,8227,6713,8227,6713,0,1,train,2617
3681,3988,7976,1551,1551,7976,1,0,train,3969
3682,3989,664,6637,664,6637,0,1,train,189
3683,3990,718,2516,2516,718,1,0,train,6148
3684,3991,629,1080,1080,629,1,0,train,4789
3685,3992,1409,11,1409,11,0,1,test,1258
3686,3993,9058,401,9058,401,0,1,train,2344
3687,3994,5276,6353,6353,5276,1,0,test,807
3688,3995,1595,9250,1595,9250,0,1,train,7386
3689,3996,4660,612,612,4660,1,0,train,2469
3690,3997,8260,5276,8260,5276,0,1,train,4313
3691,3998,355,6578,355,6578,0,1,train,810
3692,3999,7660,1479,1479,7660,1,0,test,441
3693,4001,7817,4581,4581,7817,1,0,train,6146
3694,4002,5872,1214,1214,5872,1,0,train,3938
3695,4003,32,236,32,236,0,1,train,6197
3696,4004,4484,269,4484,269,0,1,train,578
3697,4006,929,4899,4899,929,1,0,train,1206
3698,4007,912,691,691,912,1,0,train,1782
3699,4008,6477,104,104,6477,1,0,train,4866
3700,4009,2183,7192,7192,2183,1,0,train,4829
3701,4010,1246,2667,2667,1246,1,0,train,3422
3702,4011,1916,592,592,1916,1,0,train,1494
3703,4012,943,2971,943,2971,0,1,train,655
3704,4013,9173,1707,1707,9173,1,0,train,5307
3705,4014,2148,4359,4359,2148,1,0,train,5468
3706,4015,6261,4546,6261,4546,0,1,train,5804
3707,4016,6763,178,6763,178,0,1,train,657
3708,4017,9266,8483,8483,9266,1,0,train,597
3709,4018,5606,3422,3422,5606,1,0,train,4578
3710,4019,1209,2634,2634,1209,1,0,train,5032
3711,4020,2639,5760,2639,5760,0,1,test,170
3712,4021,4341,2059,2059,4341,1,0,train,4682
3713,4022,5193,8799,8799,5193,1,0,train,7824
3714,4023,2901,4725,4725,2901,1,0,train,5613
3715,4024,4484,3091,4484,3091,0,1,test,635
3716,4025,2903,8047,2903,8047,0,1,train,3589
3717,4026,3307,5457,5457,3307,1,0,test,890
3718,4027,2846,2372,2372,2846,1,0,train,592
3719,4028,4070,6619,4070,6619,0,1,train,7361
3720,4029,1376,7183,1376,7183,0,1,train,280
3721,4030,4658,5827,4658,5827,0,1,train,5531
3722,4031,3202,164,164,3202,1,0,train,5973
3723,4032,134,4078,134,4078,0,1,train,7767
3724,4033,930,9273,9273,930,1,0,train,3179
3725,4034,2590,7202,2590,7202,0,1,train,5520
3726,4035,682,828,828,682,1,0,train,2187
3727,4037,660,8456,660,8456,0,1,train,3126
3728,4038,739,7397,7397,739,1,0,train,7356
3729,4039,6474,133,133,6474,1,0,train,1621
3730,4041,2011,3848,3848,2011,1,0,train,4028
3731,4042,5013,3880,5013,3880,0,1,train,6226
3732,4043,7319,1387,1387,7319,1,0,train,1050
3733,4044,948,7527,948,7527,0,1,train,1730
3734,4045,4721,2347,2347,4721,1,0,train,1428
3735,4046,771,6262,771,6262,0,1,train,6118
3736,4047,3062,6777,6777,3062,1,0,train,7853
3737,4048,6664,6345,6664,6345,0,1,train,5384
3738,4049,7010,5623,5623,7010,1,0,train,1122
3739,4050,7977,1198,1198,7977,1,0,test,889
3740,4051,1629,6507,1629,6507,0,1,train,4403
3741,4052,6151,127,6151,127,0,1,test,531
3742,4053,2687,2475,2687,2475,0,1,test,681
3743,4054,5747,4639,5747,4639,0,1,train,6142
3744,4055,2909,4195,2909,4195,0,1,train,3455
3745,4056,9119,8050,8050,9119,1,0,test,1291
3746,4057,9194,7523,7523,9194,1,0,train,5152
3747,4058,989,2311,989,2311,0,1,train,3398
3748,4059,1063,8224,1063,8224,0,1,train,606
3749,4060,1404,5607,1404,5607,0,1,test,824
3750,4061,3088,172,3088,172,0,1,train,2231
3751,4062,3302,137,137,3302,1,0,train,5545
3752,4063,3087,384,3087,384,0,1,train,4467
3753,4064,2855,8911,2855,8911,0,1,train,4596
3754,4065,8073,2842,8073,2842,0,1,train,4029
3755,4066,4055,4328,4055,4328,0,1,train,5260
3756,4067,2176,6978,6978,2176,1,0,train,6126
3757,4068,3494,5795,5795,3494,1,0,train,6248
3758,4069,1631,9051,1631,9051,0,1,train,5539
3759,4070,1631,7534,7534,1631,1,0,test,1382
3760,4071,4934,9108,4934,9108,0,1,test,728
3761,4072,7565,3023,3023,7565,1,0,train,3599
3762,4073,3666,1096,1096,3666,1,0,train,6870
3763,4074,4150,6223,4150,6223,0,1,train,7133
3764,4076,4730,7251,7251,4730,1,0,test,959
3765,4077,1373,1372,1373,1372,0,1,train,5625
3766,4078,4664,4325,4325,4664,1,0,test,773
3767,4079,6224,6858,6858,6224,1,0,train,714
3768,4080,1425,597,1425,597,0,1,train,3505
3769,4081,4124,2089,4124,2089,0,1,train,1228
3770,4082,368,3746,368,3746,0,1,test,1379
3771,4083,304,9151,304,9151,0,1,test,1191
3772,4084,664,4403,4403,664,1,0,train,854
3773,4088,6339,4663,6339,4663,0,1,train,3290
3774,4089,910,7526,910,7526,0,1,train,4285
3775,4090,870,6037,6037,870,1,0,train,7046
3776,4092,5574,4181,5574,4181,0,1,test,325
3777,4094,5528,5288,5528,5288,0,1,train,3280
3778,4095,5510,3377,3377,5510,1,0,train,6836
3779,4096,4253,7091,7091,4253,1,0,train,3266
3780,4097,6451,636,6451,636,0,1,test,641
3781,4098,6841,7000,7000,6841,1,0,test,380
3782,4099,6947,6517,6517,6947,1,0,train,6279
3783,4100,7620,370,7620,370,0,1,test,901
3784,4101,5995,9218,9218,5995,1,0,train,7085
3785,4102,6355,5483,6355,5483,0,1,train,5611
3786,4103,4197,7463,7463,4197,1,0,train,4895
3787,4104,7714,5560,7714,5560,0,1,train,6392
3788,4105,5927,2367,2367,5927,1,0,train,5541
3789,4106,1687,1499,1687,1499,0,1,train,7155
3790,4107,7111,5146,7111,5146,0,1,train,2260
3791,4109,6466,8779,8779,6466,1,0,test,924
3792,4110,3001,2748,2748,3001,1,0,train,7504
3793,4111,5553,3570,3570,5553,1,0,train,4258
3794,4113,5045,3399,3399,5045,1,0,train,1503
3795,4114,5843,7266,7266,5843,1,0,train,4055
3796,4115,1550,7015,7015,1550,1,0,train,5753
3797,4116,2629,2021,2629,2021,0,1,test,242
3798,4117,1384,2096,2096,1384,1,0,train,1570
3799,4118,557,4161,557,4161,0,1,train,1377
3800,4119,327,2698,2698,327,1,0,train,1211
3801,4120,570,9218,570,9218,0,1,test,838
3802,4121,3509,87,3509,87,0,1,test,1294
3803,4123,255,6788,6788,255,1,0,train,3220
3804,4124,2941,7345,2941,7345,0,1,train,6470
3805,4126,630,8614,8614,630,1,0,train,3765
3806,4127,8101,6585,8101,6585,0,1,train,2809
3807,4129,6989,6967,6967,6989,1,0,test,821
3808,4130,4281,1093,1093,4281,1,0,train,2568
3809,4131,779,5393,779,5393,0,1,train,6640
3810,4132,7406,2508,7406,2508,0,1,test,951
3811,4133,338,1575,1575,338,1,0,train,5456
3812,4134,1432,7749,1432,7749,0,1,train,1448
3813,4135,8085,2182,8085,2182,0,1,train,479
3814,4136,4658,2432,2432,4658,1,0,train,6602
3815,4137,839,3258,839,3258,0,1,train,1918
3816,4138,2758,6026,2758,6026,0,1,train,102
3817,4140,7821,1041,1041,7821,1,0,train,5480
3818,4141,4086,6460,6460,4086,1,0,test,1178
3819,4142,4102,2274,2274,4102,1,0,test,301
3820,4143,4086,3749,4086,3749,0,1,test,404
3821,4144,4358,2172,2172,4358,1,0,train,5421
3822,4145,4087,6199,6199,4087,1,0,train,4769
3823,4146,4087,2000,4087,2000,0,1,train,440
3824,4147,4087,779,779,4087,1,0,train,264
3825,4148,884,1616,1616,884,1,0,test,735
3826,4149,427,2710,2710,427,1,0,train,3700
3827,4150,270,1069,1069,270,1,0,train,1290
3828,4152,2960,4656,2960,4656,0,1,train,4007
3829,4153,8032,8427,8032,8427,0,1,train,2722
3830,4154,2931,5984,5984,2931,1,0,test,1674
3831,4155,6494,6913,6494,6913,0,1,train,6116
3832,4156,273,3370,3370,273,1,0,test,1827
3833,4157,399,1889,1889,399,1,0,train,6812
3834,4158,1516,5886,5886,1516,1,0,train,5622
3835,4159,1896,2403,2403,1896,1,0,train,5911
3836,4160,2165,2176,2165,2176,0,1,train,376
3837,4161,4403,1769,4403,1769,0,1,train,5513
3838,4162,2206,4889,2206,4889,0,1,train,1013
3839,4163,1636,2323,1636,2323,0,1,test,942
3840,4164,2183,1812,2183,1812,0,1,train,6138
3841,4165,495,4213,4213,495,1,0,test,52
3842,4166,1636,65,65,1636,1,0,train,4159
3843,4167,1911,4298,4298,1911,1,0,train,867
3844,4168,1524,5103,5103,1524,1,0,train,1254
3845,4170,1222,5088,1222,5088,0,1,test,323
3846,4171,2421,4473,4473,2421,1,0,train,3151
3847,4172,2163,1107,1107,2163,1,0,train,897
3848,4173,2056,1755,1755,2056,1,0,train,4976
3849,4174,4317,8291,4317,8291,0,1,train,191
3850,4175,2208,4721,2208,4721,0,1,train,1181
3851,4176,7485,5654,5654,7485,1,0,train,2470
3852,4177,2136,5424,5424,2136,1,0,train,7783
3853,4178,935,3996,935,3996,0,1,train,538
3854,4179,5955,8006,8006,5955,1,0,train,3273
3855,4180,567,7281,7281,567,1,0,train,524
3856,4181,322,6587,322,6587,0,1,train,7276
3857,4182,5898,2390,2390,5898,1,0,train,6629
3858,4183,5566,542,5566,542,0,1,train,3825
3859,4184,340,6441,340,6441,0,1,train,1072
3860,4185,6732,4724,4724,6732,1,0,test,1770
3861,4189,1094,4829,4829,1094,1,0,test,913
3862,4190,1660,6677,6677,1660,1,0,train,4472
3863,4191,6719,6109,6109,6719,1,0,train,6972
3864,4192,5551,2090,5551,2090,0,1,train,63
3865,4193,3167,2280,2280,3167,1,0,train,6377
3866,4194,782,896,896,782,1,0,train,298
3867,4195,1480,5307,5307,1480,1,0,train,7882
3868,4197,3273,7825,3273,7825,0,1,test,743
3869,4199,2931,4684,2931,4684,0,1,train,6644
3870,4200,5160,3385,3385,5160,1,0,train,5113
3871,4201,1205,6917,6917,1205,1,0,train,1895
3872,4202,867,8198,8198,867,1,0,train,6920
3873,4203,4325,7743,7743,4325,1,0,train,7500
3874,4204,3117,8459,8459,3117,1,0,train,4103
3875,4205,513,3185,513,3185,0,1,test,1514
3876,4206,1318,7613,1318,7613,0,1,train,3001
3877,4207,2656,422,2656,422,0,1,train,3736
3878,4208,58,4740,4740,58,1,0,train,5470
3879,4209,5174,8119,5174,8119,0,1,test,1397
3880,4210,751,5127,5127,751,1,0,test,1781
3881,4211,6707,1674,1674,6707,1,0,test,1248
3882,4212,359,1999,359,1999,0,1,test,1796
3883,4213,3879,389,3879,389,0,1,train,2325
3884,4214,5786,605,605,5786,1,0,train,6186
3885,4215,3209,4367,3209,4367,0,1,train,6115
3886,4216,112,2592,112,2592,0,1,train,3241
3887,4217,3652,7518,7518,3652,1,0,train,3323
3888,4218,4161,6063,6063,4161,1,0,train,3816
3889,4219,6720,5669,5669,6720,1,0,test,1518
3890,4220,3302,5213,5213,3302,1,0,train,6449
3891,4221,7786,926,926,7786,1,0,test,1475
3892,4223,497,1313,497,1313,0,1,train,1975
3893,4224,2945,7860,7860,2945,1,0,train,5845
3894,4225,134,3297,3297,134,1,0,train,5660
3895,4226,6560,6026,6026,6560,1,0,test,629
3896,4227,517,1283,1283,517,1,0,train,934
3897,4228,1103,6227,1103,6227,0,1,test,319
3898,4229,4963,6967,6967,4963,1,0,train,6152
3899,4230,7457,2917,7457,2917,0,1,train,2146
3900,4231,4836,4127,4836,4127,0,1,train,311
3901,4232,7518,5371,7518,5371,0,1,train,1455
3902,4233,3503,7070,7070,3503,1,0,train,3998
3903,4234,3727,1647,1647,3727,1,0,train,2501
3904,4235,3421,509,509,3421,1,0,train,2337
3905,4236,2540,3436,3436,2540,1,0,train,1364
3906,4237,567,6113,567,6113,0,1,test,1021
3907,4238,1927,151,1927,151,0,1,train,6088
3908,4239,6867,7471,7471,6867,1,0,train,2449
3909,4240,4895,358,358,4895,1,0,train,4032
3910,4241,1933,2930,2930,1933,1,0,test,1148
3911,4242,3687,4406,4406,3687,1,0,train,6497
3912,4243,1953,1053,1953,1053,0,1,test,1727
3913,4244,1953,9083,9083,1953,1,0,train,2701
3914,4246,2034,6315,6315,2034,1,0,train,3561
3915,4247,5850,1616,1616,5850,1,0,train,2433
3916,4248,1660,3845,1660,3845,0,1,train,5708
3917,4249,7290,8058,7290,8058,0,1,train,4730
3918,4250,2092,6759,2092,6759,0,1,test,240
3919,4251,6294,8417,6294,8417,0,1,test,1029
3920,4252,1627,2429,1627,2429,0,1,test,565
3921,4253,7439,5570,5570,7439,1,0,train,1466
3922,4254,4689,5433,4689,5433,0,1,train,2043
3923,4255,2906,712,712,2906,1,0,train,6794
3924,4256,6328,9293,9293,6328,1,0,test,123
3925,4257,5773,6333,5773,6333,0,1,train,5617
3926,4259,187,4904,187,4904,0,1,train,1116
3927,4260,460,2149,460,2149,0,1,test,1874
3928,4261,2838,2480,2480,2838,1,0,train,5239
3929,4262,5553,970,970,5553,1,0,train,255
3930,4263,1031,3931,3931,1031,1,0,train,6409
3931,4264,6606,6324,6324,6606,1,0,train,6487
3932,4265,458,1232,1232,458,1,0,train,6788
3933,4266,4922,7554,7554,4922,1,0,train,7538
3934,4267,9158,4684,9158,4684,0,1,train,57
3935,4268,4183,6578,4183,6578,0,1,train,1388
3936,4269,2133,6803,6803,2133,1,0,train,573
3937,4270,5632,8519,8519,5632,1,0,train,7471
3938,4271,8755,4522,4522,8755,1,0,train,2269
3939,4272,1612,5397,5397,1612,1,0,train,3212
3940,4274,7262,3753,7262,3753,0,1,train,1906
3941,4277,9182,326,326,9182,1,0,train,5609
3942,4278,8034,2992,8034,2992,0,1,train,4178
3943,4279,1950,5704,5704,1950,1,0,train,3554
3944,4280,2354,7272,2354,7272,0,1,test,1632
3945,4281,6918,7887,7887,6918,1,0,train,4581
3946,4282,5588,518,518,5588,1,0,train,5522
3947,4283,3751,339,3751,339,0,1,test,1688
3948,4284,6918,7932,6918,7932,0,1,train,4019
3949,4285,5890,8101,8101,5890,1,0,train,4738
3950,4286,3723,6383,3723,6383,0,1,train,5774
3951,4287,577,9197,577,9197,0,1,train,7870
3952,4288,8525,780,780,8525,1,0,test,1963
3953,4289,4050,1817,4050,1817,0,1,train,2466
3954,4290,6187,52,6187,52,0,1,train,7788
3955,4291,8754,6687,8754,6687,0,1,train,796
3956,4292,6399,4448,4448,6399,1,0,train,5354
3957,4293,8729,1504,1504,8729,1,0,train,6744
3958,4294,799,7991,7991,799,1,0,train,3684
3959,4295,1186,4133,4133,1186,1,0,test,1377
3960,4296,7294,8277,8277,7294,1,0,train,895
3961,4297,7868,4077,4077,7868,1,0,train,1790
3962,4298,1265,3753,3753,1265,1,0,train,1711
3963,4299,6977,1763,1763,6977,1,0,train,6745
3964,4300,820,1076,1076,820,1,0,train,5775
3965,4301,763,6222,6222,763,1,0,test,1242
3966,4302,900,2860,2860,900,1,0,test,1047
3967,4303,944,8,944,8,0,1,train,6689
3968,4304,8998,1180,1180,8998,1,0,train,4594
3969,4305,1160,3504,3504,1160,1,0,train,2375
3970,4306,5712,7371,5712,7371,0,1,train,2299
3971,4307,3380,4149,3380,4149,0,1,train,3098
3972,4308,2248,5958,2248,5958,0,1,train,3637
3973,4309,2154,2540,2154,2540,0,1,train,1630
3974,4312,7658,4211,4211,7658,1,0,test,1392
3975,4313,418,6766,418,6766,0,1,train,4176
3976,4314,304,6234,304,6234,0,1,train,7401
3977,4315,131,1883,131,1883,0,1,train,3420
3978,4316,7028,219,219,7028,1,0,train,2340
3979,4317,5192,5444,5444,5192,1,0,train,7439
3980,4318,209,2183,2183,209,1,0,train,7845
3981,4319,249,7154,249,7154,0,1,train,5831
3982,4320,994,316,994,316,0,1,train,5991
3983,4321,278,4988,4988,278,1,0,train,4659
3984,4322,214,2140,214,2140,0,1,test,979
3985,4323,578,2074,578,2074,0,1,train,3176
3986,4324,196,8986,8986,196,1,0,test,1519
3987,4325,5661,4212,5661,4212,0,1,test,1468
3988,4328,401,1835,401,1835,0,1,train,2434
3989,4329,234,39,39,234,1,0,train,1574
3990,4330,2898,58,58,2898,1,0,train,2550
3991,4331,480,7506,480,7506,0,1,train,5181
3992,4332,196,5824,5824,196,1,0,train,6159
3993,4333,1555,3617,1555,3617,0,1,test,358
3994,4334,5155,7432,5155,7432,0,1,train,6806
3995,4335,313,6408,6408,313,1,0,test,1041
3996,4336,2936,4997,4997,2936,1,0,train,5788
3997,4338,4582,3215,3215,4582,1,0,test,642
3998,4339,4846,9081,9081,4846,1,0,train,6385
3999,4340,4582,3193,4582,3193,0,1,train,7692
4000,4342,196,6864,196,6864,0,1,train,1675
4001,4343,5946,4608,5946,4608,0,1,train,3253
4002,4344,2749,6183,2749,6183,0,1,train,7408
4003,4345,3367,3005,3367,3005,0,1,train,2542
4004,4346,6225,2951,6225,2951,0,1,train,682
4005,4347,5869,2072,5869,2072,0,1,train,1756
4006,4348,1672,1786,1786,1672,1,0,train,4934
4007,4349,837,4483,4483,837,1,0,train,5968
4008,4350,3171,4295,3171,4295,0,1,train,248
4009,4351,2932,2042,2932,2042,0,1,train,6667
4010,4352,5599,4416,4416,5599,1,0,train,4348
4011,4353,3193,2217,3193,2217,0,1,train,2017
4012,4354,3196,9013,9013,3196,1,0,train,1061
4013,4355,5928,8351,5928,8351,0,1,test,1217
4014,4356,579,6253,6253,579,1,0,train,3318
4015,4357,141,4876,4876,141,1,0,train,5487
4016,4358,3287,3981,3981,3287,1,0,train,1404
4017,4359,8360,896,8360,896,0,1,train,1462
4018,4360,6934,7343,7343,6934,1,0,train,6876
4019,4361,4714,5169,4714,5169,0,1,train,5286
4020,4362,8687,5337,8687,5337,0,1,test,1821
4021,4363,6192,3021,6192,3021,0,1,train,6292
4022,4364,4848,8289,8289,4848,1,0,train,4958
4023,4365,4771,6018,6018,4771,1,0,train,3881
4024,4366,3486,9007,3486,9007,0,1,train,6823
4025,4367,3868,6576,3868,6576,0,1,train,1060
4026,4368,746,8117,746,8117,0,1,train,4175
4027,4369,2760,3699,2760,3699,0,1,train,1551
4028,4370,1503,1343,1503,1343,0,1,train,2901
4029,4371,4062,4172,4062,4172,0,1,train,3753
4030,4372,8999,3360,8999,3360,0,1,train,6286
4031,4373,3175,1939,3175,1939,0,1,train,12
4032,4374,2447,443,443,2447,1,0,test,1111
4033,4376,4248,8877,4248,8877,0,1,test,800
4034,4377,2890,7512,2890,7512,0,1,train,1076
4035,4378,8353,7721,7721,8353,1,0,train,4077
4036,4379,2450,5996,2450,5996,0,1,train,2623
4037,4380,6232,5358,5358,6232,1,0,train,2590
4038,4381,891,2542,891,2542,0,1,test,1823
4039,4382,5899,2717,5899,2717,0,1,train,6906
4040,4383,8432,1130,8432,1130,0,1,train,284
4041,4384,5018,8947,8947,5018,1,0,train,1361
4042,4385,4656,1955,1955,4656,1,0,train,7219
4043,4386,1048,6252,6252,1048,1,0,train,7445
4044,4387,3274,1484,3274,1484,0,1,train,4137
4045,4388,204,6724,6724,204,1,0,test,1544
4046,4389,436,2695,2695,436,1,0,test,650
4047,4390,5954,3044,3044,5954,1,0,test,22
4048,4392,1320,8490,8490,1320,1,0,train,6267
4049,4393,153,6719,6719,153,1,0,train,6871
4050,4394,2847,4819,2847,4819,0,1,train,3172
4051,4395,4434,3539,4434,3539,0,1,train,644
4052,4396,585,6371,6371,585,1,0,train,1637
4053,4397,840,8217,8217,840,1,0,test,1914
4054,4398,1371,480,480,1371,1,0,train,5329
4055,4399,6507,3215,6507,3215,0,1,train,5727
4056,4400,19,2942,2942,19,1,0,test,1300
4057,4401,2889,6338,6338,2889,1,0,train,6956
4058,4402,1699,8630,8630,1699,1,0,train,6633
4059,4403,8158,9096,8158,9096,0,1,train,5887
4060,4404,3433,1439,3433,1439,0,1,train,6477
4061,4405,4806,5776,4806,5776,0,1,train,7861
4062,4406,3496,169,169,3496,1,0,train,5795
4063,4407,1345,676,1345,676,0,1,train,4790
4064,4408,8578,634,634,8578,1,0,test,778
4065,4409,2378,4064,4064,2378,1,0,test,29
4066,4410,3834,8408,8408,3834,1,0,test,1943
4067,4412,6692,6303,6692,6303,0,1,train,7695
4068,4413,6735,9056,6735,9056,0,1,train,158
4069,4414,7033,855,7033,855,0,1,train,2197
4070,4415,1884,2321,1884,2321,0,1,test,1581
4071,4416,5390,5530,5390,5530,0,1,test,354
4072,4417,489,7140,489,7140,0,1,train,2161
4073,4418,6464,886,6464,886,0,1,test,1931
4074,4419,9210,2816,2816,9210,1,0,train,7162
4075,4420,4252,8559,4252,8559,0,1,train,6121
4076,4421,5277,2815,2815,5277,1,0,train,274
4077,4422,2211,9146,9146,2211,1,0,train,7414
4078,4423,3460,2332,3460,2332,0,1,train,3369
4079,4424,8662,8554,8662,8554,0,1,train,4919
4080,4425,567,3066,567,3066,0,1,train,384
4081,4426,3236,0,0,3236,1,0,train,7353
4082,4427,461,8643,461,8643,0,1,train,2068
4083,4428,4325,6023,4325,6023,0,1,train,4884
4084,4429,141,1702,141,1702,0,1,train,866
4085,4430,1462,9178,9178,1462,1,0,train,5016
4086,4431,2976,8581,8581,2976,1,0,test,548
4087,4432,7833,5537,5537,7833,1,0,test,1360
4088,4433,3349,1669,3349,1669,0,1,test,1238
4089,4434,2151,95,2151,95,0,1,train,3892
4090,4435,4100,5856,4100,5856,0,1,train,679
4091,4436,2392,3705,2392,3705,0,1,train,3142
4092,4437,8757,3669,3669,8757,1,0,test,1638
4093,4438,7121,3887,7121,3887,0,1,train,6575
4094,4440,154,7523,154,7523,0,1,train,1625
4095,4441,1058,1759,1058,1759,0,1,train,2675
4096,4442,3812,818,818,3812,1,0,test,871
4097,4443,8321,8505,8505,8321,1,0,train,1422
4098,4444,6543,5315,5315,6543,1,0,train,1236
4099,4445,437,5191,437,5191,0,1,train,2650
4100,4446,193,1376,1376,193,1,0,test,1061
4101,4447,337,5967,5967,337,1,0,train,3552
4102,4448,7269,3049,3049,7269,1,0,train,1822
4103,4449,2346,4559,4559,2346,1,0,train,5652
4104,4450,8764,2081,2081,8764,1,0,test,1262
4105,4451,1967,7891,7891,1967,1,0,train,299
4106,4452,4784,7150,4784,7150,0,1,train,883
4107,4453,7897,7818,7818,7897,1,0,train,1892
4108,4454,8305,8303,8305,8303,0,1,train,3367
4109,4455,3077,1601,3077,1601,0,1,train,7862
4110,4456,1345,2549,2549,1345,1,0,train,7306
4111,4457,2039,4282,2039,4282,0,1,train,2595
4112,4458,9022,5402,5402,9022,1,0,train,6265
4113,4459,2589,7100,7100,2589,1,0,train,6346
4114,4460,9026,5219,9026,5219,0,1,test,1761
4115,4461,2268,1218,2268,1218,0,1,test,1499
4116,4462,47,8361,8361,47,1,0,train,848
4117,4463,9206,5275,5275,9206,1,0,train,1217
4118,4464,5993,3481,3481,5993,1,0,train,6646
4119,4465,3216,7077,7077,3216,1,0,train,738
4120,4466,2960,7927,2960,7927,0,1,train,6358
4121,4467,3790,2288,2288,3790,1,0,test,1198
4122,4468,6250,8217,6250,8217,0,1,train,368
4123,4469,3281,3928,3928,3281,1,0,train,6155
4124,4470,3645,1971,1971,3645,1,0,train,6583
4125,4471,5737,8472,5737,8472,0,1,train,5128
4126,4472,7278,3806,3806,7278,1,0,train,3470
4127,4473,2412,5951,2412,5951,0,1,train,6060
4128,4474,5814,8874,5814,8874,0,1,train,5244
4129,4475,437,2150,437,2150,0,1,train,3292
4130,4476,7140,6607,7140,6607,0,1,train,1985
4131,4477,602,6587,6587,602,1,0,train,308
4132,4478,4097,359,359,4097,1,0,train,798
4133,4480,1945,5641,5641,1945,1,0,train,3614
4134,4481,1749,7007,1749,7007,0,1,test,51
4135,4482,4839,4237,4839,4237,0,1,train,3036
4136,4483,7905,4739,4739,7905,1,0,train,2322
4137,4485,6408,6120,6120,6408,1,0,train,5914
4138,4486,2581,6087,6087,2581,1,0,train,499
4139,4487,2585,6216,6216,2585,1,0,train,1275
4140,4488,7407,4752,7407,4752,0,1,train,4463
4141,4489,4203,5299,4203,5299,0,1,test,1387
4142,4490,3450,202,3450,202,0,1,train,5972
4143,4491,4712,4021,4712,4021,0,1,train,6390
4144,4492,6112,4001,4001,6112,1,0,test,1460
4145,4493,4909,3530,3530,4909,1,0,train,3662
4146,4494,2375,2319,2375,2319,0,1,train,4268
4147,4495,37,6905,6905,37,1,0,train,4683
4148,4496,3114,1673,3114,1673,0,1,test,446
4149,4497,4096,1476,1476,4096,1,0,train,1762
4150,4498,2445,1719,1719,2445,1,0,train,2694
4151,4499,3694,3553,3694,3553,0,1,test,1438
4152,4500,6891,5054,6891,5054,0,1,train,7102
4153,4501,7745,2026,7745,2026,0,1,train,3254
4154,4502,2351,519,519,2351,1,0,train,4708
4155,4503,5395,6109,6109,5395,1,0,train,3528
4156,4504,8981,655,655,8981,1,0,train,3593
4157,4505,5984,9152,5984,9152,0,1,train,4356
4158,4506,7122,3991,3991,7122,1,0,train,2435
4159,4507,2501,7094,2501,7094,0,1,train,5118
4160,4508,1345,1201,1201,1345,1,0,test,665
4161,4509,1914,8196,8196,1914,1,0,train,7528
4162,4510,3841,998,3841,998,0,1,test,1549
4163,4511,3421,299,3421,299,0,1,train,6860
4164,4512,3827,4505,4505,3827,1,0,test,1043
4165,4513,6009,7009,6009,7009,0,1,train,6558
4166,4514,3901,2519,2519,3901,1,0,train,5100
4167,4515,384,7658,384,7658,0,1,train,4820
4168,4516,489,728,489,728,0,1,test,1962
4169,4517,1272,6415,1272,6415,0,1,train,4329
4170,4518,940,5391,5391,940,1,0,train,5206
4171,4519,2948,4627,4627,2948,1,0,train,766
4172,4520,939,5064,5064,939,1,0,train,4387
4173,4521,338,3179,338,3179,0,1,train,2565
4174,4522,5666,9291,5666,9291,0,1,test,1100
4175,4524,8837,8905,8837,8905,0,1,test,1136
4176,4525,498,8022,498,8022,0,1,train,2261
4177,4526,998,6243,998,6243,0,1,train,7387
4178,4528,358,9044,358,9044,0,1,train,6973
4179,4529,5551,6152,6152,5551,1,0,train,321
4180,4530,86,6316,86,6316,0,1,train,1070
4181,4531,33,2950,2950,33,1,0,train,7076
4182,4532,2755,7922,2755,7922,0,1,train,2026
4183,4533,230,6358,6358,230,1,0,train,6026
4184,4534,916,9110,9110,916,1,0,train,5400
4185,4535,213,2150,2150,213,1,0,test,745
4186,4536,6790,7786,7786,6790,1,0,train,6758
4187,4537,2185,8842,2185,8842,0,1,train,4568
4188,4538,2616,8865,8865,2616,1,0,test,893
4189,4539,4427,4105,4105,4427,1,0,test,1918
4190,4540,1065,1449,1065,1449,0,1,test,872
4191,4541,9118,8065,8065,9118,1,0,train,466
4192,4542,7058,3203,7058,3203,0,1,train,6925
4193,4543,950,3338,3338,950,1,0,train,3305
4194,4544,875,334,875,334,0,1,train,7254
4195,4545,3554,5798,3554,5798,0,1,train,343
4196,4548,8000,6498,6498,8000,1,0,test,1464
4197,4549,6765,3012,6765,3012,0,1,train,1882
4198,4550,4071,7106,4071,7106,0,1,train,4466
4199,4551,883,8625,883,8625,0,1,train,7095
4200,4552,6765,2903,2903,6765,1,0,train,2638
4201,4553,8178,1892,8178,1892,0,1,train,4082
4202,4554,5902,4117,4117,5902,1,0,train,6101
4203,4555,7275,4006,4006,7275,1,0,train,424
4204,4556,105,1915,1915,105,1,0,train,5133
4205,4557,48,9329,9329,48,1,0,train,3317
4206,4558,3190,4361,4361,3190,1,0,train,5813
4207,4559,995,8818,995,8818,0,1,train,6261
4208,4560,5172,6709,6709,5172,1,0,train,6755
4209,4561,2785,5717,5717,2785,1,0,train,5562
4210,4562,8342,6254,8342,6254,0,1,train,6202
4211,4563,2982,601,2982,601,0,1,train,325
4212,4564,3124,4358,3124,4358,0,1,test,888
4213,4565,7896,4860,4860,7896,1,0,train,5835
4214,4566,5942,9316,5942,9316,0,1,train,7675
4215,4567,1542,8461,1542,8461,0,1,train,7053
4216,4568,3023,7539,7539,3023,1,0,train,6134
4217,4569,475,3137,475,3137,0,1,train,4086
4218,4570,8013,4622,4622,8013,1,0,train,1256
4219,4571,982,6908,6908,982,1,0,train,6475
4220,4573,1438,3491,3491,1438,1,0,test,408
4221,4574,5880,1295,5880,1295,0,1,test,1166
4222,4576,5767,9005,9005,5767,1,0,train,2910
4223,4577,865,1314,1314,865,1,0,test,1586
4224,4578,3238,6246,3238,6246,0,1,train,7173
4225,4579,374,5952,374,5952,0,1,train,6990
4226,4580,331,3076,3076,331,1,0,train,1468
4227,4581,3179,2606,3179,2606,0,1,train,4294
4228,4582,998,6520,6520,998,1,0,train,2525
4229,4584,6336,2050,6336,2050,0,1,train,2372
4230,4585,6646,6321,6646,6321,0,1,train,1686
4231,4586,7422,4584,4584,7422,1,0,test,1145
4232,4588,489,6436,489,6436,0,1,train,5975
4233,4590,2203,4352,4352,2203,1,0,train,7875
4234,4591,2336,2838,2336,2838,0,1,train,6658
4235,4592,5984,6821,6821,5984,1,0,train,4191
4236,4593,1950,3576,3576,1950,1,0,train,1735
4237,4594,7048,5198,7048,5198,0,1,train,504
4238,4595,451,3793,451,3793,0,1,train,2867
4239,4596,995,7111,995,7111,0,1,test,346
4240,4597,6499,5930,5930,6499,1,0,train,5430
4241,4598,3990,6232,3990,6232,0,1,train,3190
4242,4600,566,9052,566,9052,0,1,train,5977
4243,4601,2086,93,2086,93,0,1,train,7176
4244,4602,7542,540,540,7542,1,0,train,7671
4245,4603,4227,3888,4227,3888,0,1,train,7877
4246,4604,1743,4723,1743,4723,0,1,train,6821
4247,4605,6319,4497,4497,6319,1,0,train,7467
4248,4606,4911,9148,4911,9148,0,1,train,5237
4249,4607,6401,7910,7910,6401,1,0,train,3462
4250,4608,3232,4977,4977,3232,1,0,train,907
4251,4609,5954,3833,3833,5954,1,0,train,2846
4252,4610,3352,9168,9168,3352,1,0,train,3805
4253,4611,6762,6552,6552,6762,1,0,train,7805
4254,4612,4423,4641,4641,4423,1,0,train,7665
4255,4613,3706,7369,7369,3706,1,0,train,4602
4256,4614,2869,7062,7062,2869,1,0,train,1248
4257,4615,3005,6552,3005,6552,0,1,train,7539
4258,4616,321,5690,321,5690,0,1,train,4881
4259,4617,435,3094,435,3094,0,1,train,1048
4260,4619,669,1923,669,1923,0,1,train,449
4261,4620,690,6951,690,6951,0,1,train,6571
4262,4621,668,3614,3614,668,1,0,train,3728
4263,4622,6775,2393,6775,2393,0,1,train,2273
4264,4623,3563,8926,3563,8926,0,1,train,4729
4265,4624,2179,1568,2179,1568,0,1,train,2961
4266,4625,8066,3847,3847,8066,1,0,train,10
4267,4626,3881,5069,3881,5069,0,1,train,5219
4268,4627,7737,2971,2971,7737,1,0,test,1807
4269,4628,2173,7708,2173,7708,0,1,train,3977
4270,4629,4544,8033,8033,4544,1,0,train,4854
4271,4630,6192,6803,6192,6803,0,1,train,5174
4272,4631,6192,5501,5501,6192,1,0,train,3426
4273,4632,2214,2223,2214,2223,0,1,train,5178
4274,4633,1458,6661,1458,6661,0,1,train,4938
4275,4634,464,7293,464,7293,0,1,test,1937
4276,4635,2252,297,2252,297,0,1,train,5295
4277,4636,2250,6217,6217,2250,1,0,test,1590
4278,4637,7627,4264,4264,7627,1,0,train,5979
4279,4638,1673,8821,1673,8821,0,1,train,1617
4280,4639,7527,8569,8569,7527,1,0,train,4853
4281,4640,947,6438,947,6438,0,1,train,6092
4282,4641,6112,6779,6779,6112,1,0,train,743
4283,4642,462,7099,462,7099,0,1,test,1530
4284,4643,268,8741,268,8741,0,1,train,2816
4285,4644,1184,9321,9321,1184,1,0,train,7822
4286,4645,3005,7807,3005,7807,0,1,test,192
4287,4646,2804,6561,2804,6561,0,1,train,460
4288,4647,317,5374,5374,317,1,0,test,679
4289,4648,6925,757,757,6925,1,0,train,4636
4290,4649,2791,3274,2791,3274,0,1,train,4756
4291,4650,771,3369,3369,771,1,0,train,3452
4292,4651,793,5640,793,5640,0,1,test,843
4293,4652,567,1401,1401,567,1,0,test,206
4294,4653,391,5270,391,5270,0,1,test,37
4295,4654,2931,2152,2931,2152,0,1,train,6617
4296,4655,7319,7757,7757,7319,1,0,train,3140
4297,4657,9061,1135,9061,1135,0,1,train,6164
4298,4659,2174,9131,9131,2174,1,0,train,5891
4299,4660,5834,2347,5834,2347,0,1,train,4893
4300,4661,2678,4570,2678,4570,0,1,test,1081
4301,4662,7375,2722,7375,2722,0,1,test,39
4302,4663,2931,9146,2931,9146,0,1,train,1313
4303,4665,534,106,534,106,0,1,train,7577
4304,4666,3144,697,3144,697,0,1,test,160
4305,4668,3044,45,45,3044,1,0,train,147
4306,4669,344,4828,344,4828,0,1,train,1964
4307,4670,437,5745,437,5745,0,1,test,1478
4308,4671,1130,2019,1130,2019,0,1,train,4233
4309,4672,489,6330,6330,489,1,0,train,3958
4310,4673,261,1929,1929,261,1,0,test,1591
4311,4674,248,1334,248,1334,0,1,train,2063
4312,4675,131,3808,3808,131,1,0,train,6472
4313,4676,1555,2540,1555,2540,0,1,train,1569
4314,4677,578,1181,1181,578,1,0,train,218
4315,4678,6940,8703,8703,6940,1,0,train,1963
4316,4679,2134,8604,8604,2134,1,0,train,258
4317,4680,864,8242,864,8242,0,1,test,1069
4318,4681,9228,4752,9228,4752,0,1,test,1702
4319,4682,131,7445,7445,131,1,0,train,232
4320,4683,4866,519,4866,519,0,1,train,3003
4321,4684,2931,1039,1039,2931,1,0,train,2229
4322,4685,304,2338,2338,304,1,0,train,5978
4323,4686,489,834,834,489,1,0,train,3248
4324,4687,363,5287,5287,363,1,0,train,1221
4325,4688,371,2265,371,2265,0,1,train,2557
4326,4689,598,3387,3387,598,1,0,train,1890
4327,4690,330,4892,330,4892,0,1,test,1831
4328,4691,2986,3711,2986,3711,0,1,train,1485
4329,4692,994,2290,2290,994,1,0,test,1218
4330,4693,441,46,441,46,0,1,train,388
4331,4694,8610,8724,8610,8724,0,1,train,707
4332,4695,2987,376,376,2987,1,0,train,4843
4333,4696,2931,3610,3610,2931,1,0,train,6854
4334,4697,4341,6494,4341,6494,0,1,train,7068
4335,4698,490,6748,6748,490,1,0,train,6846
4336,4699,1641,896,1641,896,0,1,train,6886
4337,4700,9,784,9,784,0,1,train,1251
4338,4701,4199,2341,2341,4199,1,0,test,417
4339,4702,2575,4630,4630,2575,1,0,train,6595
4340,4703,6208,3166,6208,3166,0,1,train,5939
4341,4704,5936,6615,6615,5936,1,0,train,4189
4342,4705,6339,8425,8425,6339,1,0,train,4351
4343,4707,7403,9112,7403,9112,0,1,train,4120
4344,4709,3441,2518,3441,2518,0,1,train,681
4345,4710,2758,2649,2649,2758,1,0,train,1027
4346,4711,6111,5706,5706,6111,1,0,train,1087
4347,4712,1631,3472,1631,3472,0,1,train,4036
4348,4713,5936,6326,6326,5936,1,0,train,7324
4349,4714,4288,4474,4474,4288,1,0,test,155
4350,4715,782,1371,782,1371,0,1,train,6284
4351,4716,8203,6564,6564,8203,1,0,train,1816
4352,4717,4802,71,71,4802,1,0,train,2244
4353,4718,8625,9013,9013,8625,1,0,test,891
4354,4719,4732,6959,4732,6959,0,1,train,4552
4355,4720,1005,802,1005,802,0,1,train,1644
4356,4721,3382,6922,3382,6922,0,1,train,678
4357,4722,589,2970,2970,589,1,0,train,6456
4358,4723,190,6505,6505,190,1,0,train,4420
4359,4724,4128,5104,4128,5104,0,1,train,5450
4360,4725,2945,623,2945,623,0,1,train,3337
4361,4726,486,2209,486,2209,0,1,train,5761
4362,4727,939,6176,939,6176,0,1,train,4819
4363,4729,205,6849,205,6849,0,1,train,3917
4364,4730,1821,1199,1199,1821,1,0,test,312
4365,4731,558,407,558,407,0,1,train,1380
4366,4732,2866,2919,2919,2866,1,0,train,4202
4367,4733,588,9052,588,9052,0,1,train,4276
4368,4734,138,632,138,632,0,1,train,6651
4369,4736,471,9255,471,9255,0,1,train,4011
4370,4737,1005,9169,1005,9169,0,1,train,5095
4371,4738,4526,8039,4526,8039,0,1,test,1408
4372,4739,997,4687,997,4687,0,1,train,1010
4373,4740,255,6322,255,6322,0,1,train,3508
4374,4741,2850,1604,1604,2850,1,0,train,7564
4375,4742,339,6362,6362,339,1,0,test,1546
4376,4743,1696,5843,1696,5843,0,1,test,21
4377,4744,9158,4117,4117,9158,1,0,train,3200
4378,4745,6480,184,6480,184,0,1,train,5742
4379,4746,1471,5197,1471,5197,0,1,train,2129
4380,4747,7666,6676,6676,7666,1,0,train,1497
4381,4748,3957,7778,3957,7778,0,1,train,6958
4382,4749,3549,8854,8854,3549,1,0,train,952
4383,4750,1163,5180,1163,5180,0,1,train,2828
4384,4751,5623,4247,4247,5623,1,0,train,7341
4385,4752,5619,8183,8183,5619,1,0,train,3609
4386,4753,2772,3391,3391,2772,1,0,train,2379
4387,4754,3733,1835,3733,1835,0,1,train,765
4388,4755,9158,5775,5775,9158,1,0,train,172
4389,4756,9158,2276,9158,2276,0,1,train,7115
4390,4757,5830,7333,7333,5830,1,0,train,477
4391,4758,1240,5756,5756,1240,1,0,train,4293
4392,4759,1246,8644,1246,8644,0,1,train,1789
4393,4760,1216,1812,1812,1216,1,0,train,4458
4394,4761,5812,5485,5485,5812,1,0,test,1513
4395,4764,6166,334,6166,334,0,1,test,377
4396,4765,5318,6681,5318,6681,0,1,train,6459
4397,4766,9160,4916,9160,4916,0,1,train,4904
4398,4767,7290,461,461,7290,1,0,train,4219
4399,4768,6855,339,339,6855,1,0,train,1987
4400,4769,1931,365,1931,365,0,1,test,302
4401,4770,8237,1047,8237,1047,0,1,train,7621
4402,4771,7729,319,319,7729,1,0,train,3232
4403,4772,216,2480,2480,216,1,0,test,1337
4404,4773,6804,9171,9171,6804,1,0,test,1214
4405,4774,6779,5338,6779,5338,0,1,train,7149
4406,4775,8176,5788,8176,5788,0,1,train,914
4407,4776,1442,4698,1442,4698,0,1,train,6561
4408,4777,7668,7725,7668,7725,0,1,train,5904
4409,4778,248,3895,248,3895,0,1,train,5781
4410,4779,1524,1819,1819,1524,1,0,train,4690
4411,4780,221,8185,221,8185,0,1,test,1085
4412,4781,578,5879,578,5879,0,1,train,3397
4413,4782,3217,9248,9248,3217,1,0,train,1971
4414,4783,6928,208,6928,208,0,1,train,4444
4415,4784,1585,8806,1585,8806,0,1,test,584
4416,4785,8544,5640,5640,8544,1,0,train,7492
4417,4786,4964,1749,1749,4964,1,0,train,6760
4418,4787,4901,7566,4901,7566,0,1,test,892
4419,4788,2854,5343,5343,2854,1,0,train,7300
4420,4789,4931,681,4931,681,0,1,train,6632
4421,4790,1445,1290,1445,1290,0,1,train,4906
4422,4791,1445,8795,1445,8795,0,1,test,369
4423,4792,2358,7398,7398,2358,1,0,train,1561
4424,4793,216,5079,5079,216,1,0,train,4274
4425,4794,2461,7144,7144,2461,1,0,train,4247
4426,4795,1519,2958,1519,2958,0,1,train,7252
4427,4796,5663,380,380,5663,1,0,train,722
4428,4797,7311,6130,6130,7311,1,0,test,1610
4429,4798,7311,3316,3316,7311,1,0,test,1967
4430,4799,7261,5934,7261,5934,0,1,test,770
4431,4800,2066,5536,5536,2066,1,0,train,137
4432,4801,2566,336,336,2566,1,0,train,1296
4433,4802,3561,871,3561,871,0,1,train,3086
4434,4804,8719,933,933,8719,1,0,train,2249
4435,4805,256,5223,256,5223,0,1,train,6750
4436,4806,5466,5285,5466,5285,0,1,train,2431
4437,4807,7598,592,592,7598,1,0,train,2755
4438,4808,9132,6294,9132,6294,0,1,train,19
4439,4809,1840,1261,1840,1261,0,1,train,2045
4440,4810,4766,711,711,4766,1,0,test,1949
4441,4811,3536,1885,3536,1885,0,1,train,4177
4442,4812,9156,3144,3144,9156,1,0,train,3322
4443,4813,5902,4860,4860,5902,1,0,train,3321
4444,4814,2509,6494,2509,6494,0,1,train,2670
4445,4815,4287,8160,4287,8160,0,1,train,3859
4446,4816,5377,2121,2121,5377,1,0,train,1447
4447,4817,5827,3196,5827,3196,0,1,train,6718
4448,4818,1761,9257,1761,9257,0,1,train,5686
4449,4819,2282,4556,4556,2282,1,0,train,5594
4450,4820,3831,6398,6398,3831,1,0,train,651
4451,4821,4296,9313,4296,9313,0,1,train,4655
4452,4822,3241,4146,4146,3241,1,0,train,2046
4453,4823,5145,9214,5145,9214,0,1,train,2301
4454,4824,913,3571,913,3571,0,1,train,2406
4455,4825,3979,5901,5901,3979,1,0,train,3675
4456,4826,4522,3806,3806,4522,1,0,train,4434
4457,4827,5510,3779,3779,5510,1,0,train,3389
4458,4828,6746,2871,6746,2871,0,1,train,2496
4459,4829,957,8383,957,8383,0,1,train,616
4460,4830,7401,6393,7401,6393,0,1,train,7310
4461,4831,1505,6149,1505,6149,0,1,train,7879
4462,4833,3088,8492,3088,8492,0,1,train,1550
4463,4834,5982,138,5982,138,0,1,train,1322
4464,4835,7153,3087,7153,3087,0,1,train,7873
4465,4836,4069,6706,6706,4069,1,0,train,3208
4466,4838,6328,5281,5281,6328,1,0,train,1647
4467,4840,1387,3120,3120,1387,1,0,train,4706
4468,4841,251,4108,4108,251,1,0,test,727
4469,4842,970,1615,1615,970,1,0,train,4932
4470,4843,437,6111,6111,437,1,0,train,4859
4471,4844,1894,1136,1894,1136,0,1,train,5183
4472,4845,534,41,41,534,1,0,train,5157
4473,4846,899,8211,8211,899,1,0,train,7148
4474,4847,2867,4170,2867,4170,0,1,train,7874
4475,4848,5896,3092,3092,5896,1,0,train,3779
4476,4849,695,4352,695,4352,0,1,train,666
4477,4850,2509,2619,2619,2509,1,0,test,852
4478,4851,36,6375,6375,36,1,0,train,4449
4479,4852,695,5017,5017,695,1,0,train,2718
4480,4853,2781,5976,5976,2781,1,0,test,1579
4481,4854,310,3265,3265,310,1,0,train,797
4482,4855,2886,9307,2886,9307,0,1,train,1518
4483,4856,2854,480,480,2854,1,0,train,7047
4484,4857,1556,4524,1556,4524,0,1,train,4040
4485,4858,3207,8870,8870,3207,1,0,train,3619
4486,4859,3002,1921,3002,1921,0,1,train,2112
4487,4860,695,8622,695,8622,0,1,train,1872
4488,4861,38,215,215,38,1,0,test,389
4489,4862,358,5806,358,5806,0,1,train,5403
4490,4863,904,6994,904,6994,0,1,train,4304
4491,4864,8017,2364,8017,2364,0,1,test,967
4492,4865,9000,2716,2716,9000,1,0,train,5636
4493,4866,5896,9151,9151,5896,1,0,train,5025
4494,4867,1624,6395,1624,6395,0,1,train,4053
4495,4868,1967,3338,1967,3338,0,1,test,1953
4496,4869,1595,6612,1595,6612,0,1,train,1522
4497,4870,1858,3961,3961,1858,1,0,train,5011
4498,4871,3834,2705,3834,2705,0,1,train,455
4499,4872,7689,4422,4422,7689,1,0,train,108
4500,4873,3725,5971,5971,3725,1,0,train,342
4501,4874,6187,1384,6187,1384,0,1,train,3448
4502,4875,2540,2280,2280,2540,1,0,train,1758
4503,4876,577,2072,2072,577,1,0,train,6796
4504,4877,452,3131,452,3131,0,1,train,42
4505,4878,273,5779,273,5779,0,1,train,7878
4506,4879,5847,1505,1505,5847,1,0,test,1493
4507,4880,5249,6757,6757,5249,1,0,train,5938
4508,4881,1915,6257,1915,6257,0,1,test,1814
4509,4882,2849,2035,2035,2849,1,0,train,3157
4510,4883,5596,484,5596,484,0,1,train,3571
4511,4884,871,1436,1436,871,1,0,train,4365
4512,4885,1689,8642,8642,1689,1,0,train,1018
4513,4886,3771,1083,1083,3771,1,0,train,7207
4514,4887,6397,2481,6397,2481,0,1,train,4780
4515,4888,7025,7911,7911,7025,1,0,train,6512
4516,4889,7471,7846,7471,7846,0,1,train,2863
4517,4890,9190,4951,9190,4951,0,1,train,2870
4518,4891,4996,6804,4996,6804,0,1,train,2690
4519,4892,6924,5390,5390,6924,1,0,train,7127
4520,4893,3988,3872,3988,3872,0,1,train,886
4521,4894,323,921,323,921,0,1,train,447
4522,4895,477,5322,5322,477,1,0,train,5026
4523,4896,301,4354,4354,301,1,0,train,7140
4524,4897,334,3803,3803,334,1,0,train,7501
4525,4898,326,2191,326,2191,0,1,train,6798
4526,4899,323,1248,323,1248,0,1,train,5499
4527,4900,4360,7286,4360,7286,0,1,test,1126
4528,4902,589,958,589,958,0,1,train,799
4529,4903,961,1695,1695,961,1,0,train,1001
4530,4904,411,2951,2951,411,1,0,train,1831
4531,4906,504,1062,1062,504,1,0,train,4243
4532,4907,470,4032,470,4032,0,1,train,5604
4533,4908,3991,5641,5641,3991,1,0,train,3893
4534,4909,248,4501,4501,248,1,0,train,3473
4535,4911,2522,4911,4911,2522,1,0,train,2940
4536,4912,2815,1693,2815,1693,0,1,train,817
4537,4913,4664,2614,4664,2614,0,1,train,4232
4538,4914,2578,3601,2578,3601,0,1,train,1665
4539,4915,7317,547,547,7317,1,0,train,3521
4540,4916,4759,9126,4759,9126,0,1,train,2645
4541,4917,4519,8151,4519,8151,0,1,train,6816
4542,4918,3167,7223,3167,7223,0,1,train,5327
4543,4920,6303,8602,6303,8602,0,1,train,6034
4544,4921,5751,1555,5751,1555,0,1,test,1323
4545,4922,7733,2855,7733,2855,0,1,train,6114
4546,4923,4361,4056,4056,4361,1,0,train,269
4547,4924,1781,4933,4933,1781,1,0,train,1860
4548,4925,4588,7183,4588,7183,0,1,train,1370
4549,4926,2143,4698,4698,2143,1,0,train,111
4550,4927,1604,3690,1604,3690,0,1,test,232
4551,4928,5878,8016,5878,8016,0,1,train,3575
4552,4929,5471,8864,5471,8864,0,1,train,5081
4553,4930,1428,8790,1428,8790,0,1,test,972
4554,4931,7460,9189,7460,9189,0,1,train,7116
4555,4932,2397,4872,2397,4872,0,1,train,4391
4556,4933,2111,6554,2111,6554,0,1,test,842
4557,4934,5872,6079,5872,6079,0,1,train,2986
4558,4935,5465,3003,5465,3003,0,1,train,4131
4559,4936,8428,7989,7989,8428,1,0,train,4824
4560,4937,6958,2087,2087,6958,1,0,train,1829
4561,4938,3498,3725,3498,3725,0,1,train,4983
4562,4939,3779,6607,3779,6607,0,1,train,6761
4563,4940,9122,554,9122,554,0,1,train,4890
4564,4941,3197,6602,3197,6602,0,1,train,3298
4565,4942,7396,8011,7396,8011,0,1,train,1761
4566,4943,8498,6006,8498,6006,0,1,train,4591
4567,4944,406,2593,406,2593,0,1,train,4797
4568,4945,385,1867,1867,385,1,0,test,822
4569,4946,293,2235,2235,293,1,0,train,1464
4570,4947,7,4624,7,4624,0,1,train,5124
4571,4948,4519,8632,8632,4519,1,0,train,6094
4572,4949,268,5288,268,5288,0,1,train,5730
4573,4950,4485,1335,1335,4485,1,0,train,4831
4574,4951,235,5430,235,5430,0,1,train,1472
4575,4952,531,2915,531,2915,0,1,train,2389
4576,4953,296,5071,5071,296,1,0,train,2240
4577,4954,4315,9276,4315,9276,0,1,train,3407
4578,4955,7123,1051,7123,1051,0,1,test,291
4579,4956,700,8142,8142,700,1,0,test,761
4580,4957,5698,7612,7612,5698,1,0,test,428
4581,4959,726,8213,8213,726,1,0,train,3694
4582,4960,700,2812,2812,700,1,0,train,4235
4583,4961,671,2181,2181,671,1,0,train,2594
4584,4962,5976,1534,5976,1534,0,1,test,474
4585,4963,6810,3302,3302,6810,1,0,train,6966
4586,4964,63,8323,8323,63,1,0,train,2912
4587,4965,8644,5788,5788,8644,1,0,train,6420
4588,4966,8994,7162,7162,8994,1,0,train,4767
4589,4967,8126,3086,3086,8126,1,0,train,6626
4590,4968,8898,9219,8898,9219,0,1,train,3674
4591,4969,4848,8786,4848,8786,0,1,train,277
4592,4970,903,4847,4847,903,1,0,train,4812
4593,4971,2685,5384,2685,5384,0,1,train,6461
4594,4972,8726,522,522,8726,1,0,train,2790
4595,4973,3137,5384,3137,5384,0,1,train,5557
4596,4974,3832,7214,7214,3832,1,0,train,5285
4597,4975,1579,1627,1579,1627,0,1,train,5370
4598,4976,5380,9183,5380,9183,0,1,test,1065
4599,4977,1690,4109,4109,1690,1,0,train,940
4600,4978,2507,1641,1641,2507,1,0,train,4743
4601,4979,8214,3616,8214,3616,0,1,train,2798
4602,4980,3112,2362,3112,2362,0,1,train,6639
4603,4981,6823,1643,1643,6823,1,0,train,3416
4604,4982,4071,3798,4071,3798,0,1,train,1026
4605,4983,3367,4968,3367,4968,0,1,train,5773
4606,4984,1476,4874,1476,4874,0,1,train,4301
4607,4985,8760,194,8760,194,0,1,train,268
4608,4986,4865,1551,4865,1551,0,1,train,4793
4609,4987,4112,7689,4112,7689,0,1,train,1299
4610,4988,8127,5650,5650,8127,1,0,train,2356
4611,4989,437,2636,2636,437,1,0,train,1622
4612,4990,2989,6093,6093,2989,1,0,train,2965
4613,4991,237,3088,3088,237,1,0,train,917
4614,4992,286,7353,286,7353,0,1,train,1124
4615,4993,5657,5560,5560,5657,1,0,train,3214
4616,4994,6493,4545,6493,4545,0,1,test,1503
4617,4995,377,9298,377,9298,0,1,train,1879
4618,4996,2911,3862,2911,3862,0,1,train,3330
4619,4997,1047,2557,1047,2557,0,1,train,3560
4620,4998,3975,4118,4118,3975,1,0,train,2145
4621,4999,444,3944,3944,444,1,0,test,1521
4622,5000,326,3216,3216,326,1,0,train,5484
4623,5001,7678,6549,7678,6549,0,1,train,6052
4624,5002,6592,4533,4533,6592,1,0,test,583
4625,5003,3290,2460,2460,3290,1,0,train,1680
4626,5006,512,7707,7707,512,1,0,train,5402
4627,5007,1205,5384,5384,1205,1,0,train,7579
4628,5008,5896,1208,5896,1208,0,1,train,4624
4629,5009,1111,4780,1111,4780,0,1,train,7211
4630,5011,5933,8323,8323,5933,1,0,train,5442
4631,5012,4072,8520,8520,4072,1,0,train,7597
4632,5013,5012,1855,5012,1855,0,1,train,1989
4633,5014,4909,7654,4909,7654,0,1,train,4129
4634,5015,4230,2676,2676,4230,1,0,train,7338
4635,5016,2801,3611,2801,3611,0,1,train,15
4636,5017,6995,4334,4334,6995,1,0,train,2984
4637,5018,4241,373,373,4241,1,0,train,1500
4638,5019,4902,2595,2595,4902,1,0,train,7357
4639,5020,2269,3669,3669,2269,1,0,train,1851
4640,5021,5947,9151,9151,5947,1,0,train,3874
4641,5022,2404,6690,6690,2404,1,0,train,841
4642,5024,3446,5332,5332,3446,1,0,train,2711
4643,5026,6838,6086,6838,6086,0,1,train,4777
4644,5027,7924,7504,7924,7504,0,1,train,5262
4645,5028,1735,2020,2020,1735,1,0,train,4332
4646,5029,4230,8777,8777,4230,1,0,train,5945
4647,5030,6616,1202,6616,1202,0,1,train,6766
4648,5031,4230,1213,1213,4230,1,0,test,1498
4649,5032,6451,9137,6451,9137,0,1,train,488
4650,5033,6268,24,6268,24,0,1,test,335
4651,5034,4665,7698,4665,7698,0,1,train,4292
4652,5035,1382,6932,1382,6932,0,1,test,1933
4653,5036,1050,5764,1050,5764,0,1,train,4340
4654,5037,5864,8563,5864,8563,0,1,train,7307
4655,5038,4217,7389,7389,4217,1,0,train,1842
4656,5039,2007,3757,3757,2007,1,0,train,278
4657,5040,8186,7892,8186,7892,0,1,train,3974
4658,5041,8396,5072,8396,5072,0,1,test,517
4659,5042,8432,7568,7568,8432,1,0,train,1864
4660,5043,6262,3157,6262,3157,0,1,train,5553
4661,5044,2571,2464,2571,2464,0,1,train,6839
4662,5045,1364,1624,1364,1624,0,1,train,6356
4663,5047,4085,4336,4336,4085,1,0,train,27
4664,5048,6331,8982,8982,6331,1,0,train,379
4665,5050,902,5879,902,5879,0,1,train,1270
4666,5051,4080,4859,4859,4080,1,0,train,290
4667,5052,8921,1859,8921,1859,0,1,test,394
4668,5053,1392,6402,6402,1392,1,0,train,1094
4669,5054,5947,7858,5947,7858,0,1,train,1208
4670,5055,2494,1134,1134,2494,1,0,train,884
4671,5056,6974,3031,3031,6974,1,0,train,4551
4672,5057,1355,6116,6116,1355,1,0,train,3063
4673,5058,1355,3883,3883,1355,1,0,train,5103
4674,5059,4191,4487,4487,4191,1,0,train,3165
4675,5060,4072,7425,7425,4072,1,0,train,3365
4676,5061,6322,3903,3903,6322,1,0,train,1764
4677,5062,6195,4152,6195,4152,0,1,train,2952
4678,5064,7496,2722,2722,7496,1,0,train,3946
4679,5065,5344,3885,3885,5344,1,0,train,2358
4680,5066,3425,6123,3425,6123,0,1,train,5551
4681,5067,8135,7141,8135,7141,0,1,train,4282
4682,5068,8284,7644,8284,7644,0,1,train,5688
4683,5069,602,6076,602,6076,0,1,test,1927
4684,5070,2823,5466,5466,2823,1,0,train,5917
4685,5071,5048,3937,3937,5048,1,0,train,3445
4686,5072,6281,3764,3764,6281,1,0,train,6908
4687,5073,588,2667,588,2667,0,1,test,1909
4688,5075,941,1720,1720,941,1,0,train,3017
4689,5077,436,3509,436,3509,0,1,train,6252
4690,5078,6759,4810,6759,4810,0,1,train,2153
4691,5079,3511,2083,3511,2083,0,1,train,7333
4692,5080,603,8316,603,8316,0,1,test,395
4693,5081,9324,1366,9324,1366,0,1,test,684
4694,5082,3732,4451,3732,4451,0,1,train,2333
4695,5083,3862,7921,7921,3862,1,0,train,2127
4696,5084,989,1262,989,1262,0,1,test,1124
4697,5085,6978,3780,3780,6978,1,0,test,1404
4698,5086,2592,8117,2592,8117,0,1,train,1669
4699,5087,1629,5774,1629,5774,0,1,train,693
4700,5088,8128,6052,8128,6052,0,1,train,3251
4701,5089,906,8043,906,8043,0,1,train,2314
4702,5091,3483,8027,8027,3483,1,0,train,1893
4703,5092,763,8916,763,8916,0,1,train,5220
4704,5093,576,3653,576,3653,0,1,train,6117
4705,5094,2607,5391,2607,5391,0,1,train,4254
4706,5095,489,2404,489,2404,0,1,train,6136
4707,5096,3117,3132,3132,3117,1,0,test,748
4708,5097,4463,8017,4463,8017,0,1,train,4879
4709,5099,142,6073,142,6073,0,1,train,7582
4710,5100,5048,1344,1344,5048,1,0,test,859
4711,5103,2881,1319,2881,1319,0,1,train,5373
4712,5104,501,8679,8679,501,1,0,train,168
4713,5105,271,4239,271,4239,0,1,train,1943
4714,5106,342,2923,342,2923,0,1,train,5031
4715,5107,369,4004,369,4004,0,1,train,675
4716,5108,5035,5753,5753,5035,1,0,train,6645
4717,5109,513,997,997,513,1,0,train,1844
4718,5110,578,4356,4356,578,1,0,train,1947
4719,5111,6530,8330,8330,6530,1,0,test,457
4720,5112,7421,780,780,7421,1,0,train,4107
4721,5113,1371,2243,1371,2243,0,1,train,7802
4722,5114,1469,3639,3639,1469,1,0,train,5075
4723,5115,205,1143,1143,205,1,0,train,4676
4724,5116,8915,6729,6729,8915,1,0,test,1115
4725,5117,8125,8055,8055,8125,1,0,train,1658
4726,5118,6117,8583,6117,8583,0,1,test,556
4727,5119,2918,5699,5699,2918,1,0,train,5659
4728,5120,2734,125,2734,125,0,1,train,251
4729,5121,4179,1151,1151,4179,1,0,train,7428
4730,5123,6788,3970,3970,6788,1,0,train,3360
4731,5124,2414,6523,2414,6523,0,1,train,6515
4732,5125,9192,3450,3450,9192,1,0,train,6627
4733,5126,5292,3687,5292,3687,0,1,train,2812
4734,5127,7763,1093,1093,7763,1,0,train,7297
4735,5128,5113,7864,7864,5113,1,0,test,1664
4736,5129,7643,3704,7643,3704,0,1,train,2628
4737,5130,5124,8121,8121,5124,1,0,train,6131
4738,5132,4648,93,4648,93,0,1,train,1689
4739,5133,8686,2025,2025,8686,1,0,train,6093
4740,5134,4648,9234,9234,4648,1,0,train,2463
4741,5135,2086,8923,2086,8923,0,1,train,2414
4742,5136,9071,5332,5332,9071,1,0,train,7608
4743,5137,9252,6881,6881,9252,1,0,train,5453
4744,5138,2550,3622,2550,3622,0,1,test,1260
4745,5140,6446,3199,6446,3199,0,1,train,3603
4746,5141,1699,1339,1339,1699,1,0,train,5536
4747,5142,4820,120,4820,120,0,1,test,1082
4748,5143,5863,4800,5863,4800,0,1,train,2609
4749,5144,6964,3027,3027,6964,1,0,test,1276
4750,5145,771,7824,771,7824,0,1,test,1879
4751,5146,4028,2322,2322,4028,1,0,train,3066
4752,5147,5200,7976,7976,5200,1,0,train,6600
4753,5148,3112,5282,5282,3112,1,0,train,527
4754,5149,913,6786,913,6786,0,1,train,1081
4755,5150,4538,7907,7907,4538,1,0,train,6964
4756,5151,8070,3816,3816,8070,1,0,train,5065
4757,5152,8620,4006,4006,8620,1,0,train,6108
4758,5153,5338,8163,5338,8163,0,1,train,188
4759,5154,4850,1898,1898,4850,1,0,train,7314
4760,5155,8397,4603,8397,4603,0,1,train,7772
4761,5156,2449,1451,2449,1451,0,1,train,4601
4762,5157,1579,7050,1579,7050,0,1,train,5498
4763,5158,1629,196,196,1629,1,0,train,1994
4764,5159,79,5493,79,5493,0,1,train,4923
4765,5160,4579,1957,1957,4579,1,0,test,256
4766,5161,7653,1630,1630,7653,1,0,train,1724
4767,5162,3235,1377,1377,3235,1,0,train,2935
4768,5163,3179,7236,3179,7236,0,1,train,1242
4769,5164,965,5239,965,5239,0,1,train,1016
4770,5165,450,1752,450,1752,0,1,train,3678
4771,5166,3232,9274,3232,9274,0,1,train,2689
4772,5167,1338,5712,5712,1338,1,0,train,1624
4773,5168,6826,2848,6826,2848,0,1,train,954
4774,5169,8085,4002,4002,8085,1,0,train,5156
4775,5170,5505,8268,8268,5505,1,0,train,180
4776,5171,437,4877,437,4877,0,1,train,4698
4777,5172,3085,2207,3085,2207,0,1,train,6904
4778,5173,7376,4484,7376,4484,0,1,train,7402
4779,5174,6646,2058,2058,6646,1,0,train,3308
4780,5175,3700,6532,6532,3700,1,0,train,2403
4781,5176,7376,4331,4331,7376,1,0,train,333
4782,5177,1595,8642,1595,8642,0,1,train,6109
4783,5178,6408,7910,6408,7910,0,1,train,200
4784,5179,9112,7982,9112,7982,0,1,train,4260
4785,5180,1867,3806,1867,3806,0,1,train,6665
4786,5181,6431,5266,5266,6431,1,0,train,5574
4787,5183,4785,3383,4785,3383,0,1,train,2932
4788,5184,1631,4365,4365,1631,1,0,train,3651
4789,5185,1863,4288,4288,1863,1,0,train,47
4790,5186,5845,664,5845,664,0,1,train,4803
4791,5187,1863,3821,1863,3821,0,1,train,1385
4792,5188,867,3784,867,3784,0,1,train,2849
4793,5189,4285,8726,4285,8726,0,1,train,2217
4794,5190,1861,581,1861,581,0,1,test,591
4795,5191,4295,7004,7004,4295,1,0,train,2930
4796,5192,2974,2893,2974,2893,0,1,train,5570
4797,5193,902,3027,3027,902,1,0,train,7435
4798,5194,8890,1349,8890,1349,0,1,train,1582
4799,5195,168,7688,168,7688,0,1,test,710
4800,5196,7446,8136,7446,8136,0,1,train,7153
4801,5197,6723,5038,6723,5038,0,1,train,2311
4802,5198,4902,7136,7136,4902,1,0,train,4337
4803,5199,7291,5521,7291,5521,0,1,train,6804
4804,5200,2616,2904,2616,2904,0,1,train,1948
4805,5201,5232,7071,5232,7071,0,1,train,1814
4806,5202,6619,2055,2055,6619,1,0,train,7247
4807,5203,7279,6934,7279,6934,0,1,test,300
4808,5204,8333,4562,4562,8333,1,0,train,4823
4809,5205,13,6502,13,6502,0,1,train,438
4810,5206,1597,1411,1411,1597,1,0,test,1819
4811,5207,6662,2665,6662,2665,0,1,train,7557
4812,5208,7745,6236,6236,7745,1,0,train,4065
4813,5209,3095,3974,3095,3974,0,1,test,375
4814,5210,6952,8639,8639,6952,1,0,train,7782
4815,5211,5321,1496,5321,1496,0,1,train,7193
4816,5212,8000,6901,8000,6901,0,1,train,5713
4817,5213,6704,2220,2220,6704,1,0,test,1299
4818,5214,4721,860,860,4721,1,0,train,55
4819,5216,4392,2417,4392,2417,0,1,train,7058
4820,5217,1797,959,959,1797,1,0,train,2334
4821,5218,5478,8302,8302,5478,1,0,train,4475
4822,5219,4608,3517,4608,3517,0,1,test,1199
4823,5220,2650,4973,4973,2650,1,0,train,4213
4824,5221,71,2300,71,2300,0,1,test,1809
4825,5222,921,4452,4452,921,1,0,train,5966
4826,5223,1062,6555,1062,6555,0,1,train,3428
4827,5224,2735,9246,9246,2735,1,0,train,5029
4828,5225,1869,8363,8363,1869,1,0,test,1024
4829,5226,7043,2297,7043,2297,0,1,test,191
4830,5227,135,9219,135,9219,0,1,train,7285
4831,5228,269,3634,3634,269,1,0,train,7224
4832,5229,4206,4443,4443,4206,1,0,train,2071
4833,5230,75,3551,3551,75,1,0,train,7743
4834,5231,3077,6951,3077,6951,0,1,test,1197
4835,5233,3077,8368,8368,3077,1,0,train,7159
4836,5234,443,4125,443,4125,0,1,train,483
4837,5236,7447,4710,4710,7447,1,0,train,3525
4838,5237,538,5184,538,5184,0,1,test,1171
4839,5238,7450,5268,5268,7450,1,0,train,4459
4840,5239,5525,7702,5525,7702,0,1,test,653
4841,5240,3700,8289,3700,8289,0,1,test,857
4842,5241,4252,4838,4838,4252,1,0,train,2122
4843,5243,567,7231,7231,567,1,0,train,2572
4844,5244,2262,1411,2262,1411,0,1,test,1320
4845,5245,6803,2328,2328,6803,1,0,train,3128
4846,5246,2420,6611,2420,6611,0,1,train,2684
4847,5247,4736,1250,1250,4736,1,0,train,4006
4848,5248,5411,1637,5411,1637,0,1,test,1944
4849,5249,934,3849,934,3849,0,1,train,984
4850,5250,5789,3809,5789,3809,0,1,train,3109
4851,5251,1696,9271,9271,1696,1,0,train,4830
4852,5252,7149,6217,6217,7149,1,0,train,4786
4853,5253,3778,7248,3778,7248,0,1,train,4975
4854,5254,934,5273,5273,934,1,0,train,4999
4855,5255,3562,240,3562,240,0,1,train,4740
4856,5256,5806,2881,5806,2881,0,1,train,2033
4857,5257,1696,8197,1696,8197,0,1,train,7032
4858,5258,2031,2468,2031,2468,0,1,train,1793
4859,5259,58,6706,6706,58,1,0,train,5089
4860,5260,3099,4287,3099,4287,0,1,train,1273
4861,5261,6746,3632,3632,6746,1,0,test,1443
4862,5262,3222,58,58,3222,1,0,train,2309
4863,5263,958,535,958,535,0,1,train,3761
4864,5264,7449,2054,7449,2054,0,1,train,1478
4865,5265,2703,5497,2703,5497,0,1,train,1813
4866,5266,966,7288,966,7288,0,1,train,3159
4867,5267,3595,5905,3595,5905,0,1,train,5352
4868,5268,8842,3149,8842,3149,0,1,train,5959
4869,5269,4379,3725,3725,4379,1,0,train,7137
4870,5270,4096,6806,6806,4096,1,0,train,5368
4871,5271,8544,1265,8544,1265,0,1,test,1241
4872,5272,5267,8952,5267,8952,0,1,test,1409
4873,5273,6683,7066,7066,6683,1,0,test,259
4874,5274,434,953,434,953,0,1,train,3234
4875,5275,844,1867,1867,844,1,0,train,6419
4876,5276,576,7120,576,7120,0,1,train,6764
4877,5277,6513,4385,6513,4385,0,1,train,3898
4878,5279,522,4618,4618,522,1,0,train,2316
4879,5280,8889,3904,3904,8889,1,0,train,7825
4880,5281,7993,8565,8565,7993,1,0,train,6455
4881,5283,6482,7709,6482,7709,0,1,test,917
4882,5284,1358,644,644,1358,1,0,test,1120
4883,5285,1769,7535,7535,1769,1,0,train,5805
4884,5286,1769,576,1769,576,0,1,test,751
4885,5288,7517,2619,7517,2619,0,1,train,930
4886,5289,1873,1198,1873,1198,0,1,train,7251
4887,5290,589,3791,3791,589,1,0,train,723
4888,5291,3084,70,3084,70,0,1,train,3203
4889,5292,3098,2237,3098,2237,0,1,train,1600
4890,5293,6641,1479,6641,1479,0,1,train,6965
4891,5294,1092,5210,1092,5210,0,1,train,5571
4892,5295,1072,6346,6346,1072,1,0,train,2415
4893,5296,462,8695,8695,462,1,0,train,7716
4894,5297,2905,2753,2753,2905,1,0,train,3077
4895,5298,3101,6824,3101,6824,0,1,train,7313
4896,5299,1865,509,509,1865,1,0,train,1668
4897,5300,1670,2430,2430,1670,1,0,test,675
4898,5301,1728,3812,1728,3812,0,1,train,750
4899,5302,1871,6724,6724,1871,1,0,train,5955
4900,5304,1715,5672,1715,5672,0,1,train,4857
4901,5305,204,3286,204,3286,0,1,train,857
4902,5307,1873,7640,7640,1873,1,0,train,4548
4903,5308,39,8759,8759,39,1,0,test,504
4904,5309,4834,6550,4834,6550,0,1,train,5519
4905,5310,3140,6585,3140,6585,0,1,train,1074
4906,5311,2482,8486,8486,2482,1,0,train,1286
4907,5312,5158,5070,5158,5070,0,1,train,1033
4908,5313,2212,6275,2212,6275,0,1,train,6429
4909,5314,3363,5327,5327,3363,1,0,train,6304
4910,5315,8149,4609,8149,4609,0,1,train,4354
4911,5316,702,2631,2631,702,1,0,train,2479
4912,5317,913,2890,2890,913,1,0,train,4448
4913,5318,4601,5698,5698,4601,1,0,train,2504
4914,5319,211,5497,5497,211,1,0,train,5363
4915,5320,7408,4435,7408,4435,0,1,train,7630
4916,5321,426,8984,8984,426,1,0,test,596
4917,5322,5599,7268,7268,5599,1,0,train,1826
4918,5323,378,8190,8190,378,1,0,train,7346
4919,5324,4103,7365,4103,7365,0,1,train,7590
4920,5327,4103,477,477,4103,1,0,train,6044
4921,5328,7660,8322,7660,8322,0,1,train,3769
4922,5329,1031,4991,1031,4991,0,1,train,3956
4923,5330,535,6167,6167,535,1,0,train,2959
4924,5331,437,9244,9244,437,1,0,train,7636
4925,5333,209,4546,4546,209,1,0,train,515
4926,5335,662,5313,5313,662,1,0,test,1330
4927,5336,6424,3507,6424,3507,0,1,train,4969
4928,5338,7257,7717,7717,7257,1,0,test,436
4929,5339,6528,5113,6528,5113,0,1,train,6940
4930,5340,968,7856,968,7856,0,1,train,1993
4931,5341,302,5541,5541,302,1,0,test,1818
4932,5342,6246,523,6246,523,0,1,train,1701
4933,5343,1372,4882,1372,4882,0,1,train,2495
4934,5345,940,1279,1279,940,1,0,train,2805
4935,5347,7257,7453,7257,7453,0,1,train,2882
4936,5349,644,836,836,644,1,0,train,4306
4937,5350,740,751,740,751,0,1,train,7374
4938,5352,6291,4011,4011,6291,1,0,test,600
4939,5353,7056,2116,7056,2116,0,1,train,6476
4940,5354,3648,1019,1019,3648,1,0,train,2098
4941,5355,3752,4946,3752,4946,0,1,test,1381
4942,5356,4263,1599,1599,4263,1,0,train,3447
4943,5357,155,6627,6627,155,1,0,train,6641
4944,5358,2191,7294,7294,2191,1,0,train,3319
4945,5359,7142,6420,6420,7142,1,0,train,5021
4946,5360,4710,338,338,4710,1,0,train,6715
4947,5361,7729,3987,3987,7729,1,0,train,4987
4948,5362,4505,2800,4505,2800,0,1,test,1936
4949,5363,605,7016,605,7016,0,1,test,1031
4950,5364,1494,7110,1494,7110,0,1,test,306
4951,5365,3380,9261,3380,9261,0,1,train,6810
4952,5366,612,4112,612,4112,0,1,test,1525
4953,5367,6067,4121,4121,6067,1,0,train,7809
4954,5368,952,3223,3223,952,1,0,test,809
4955,5369,7562,2199,2199,7562,1,0,train,4353
4956,5370,2550,952,2550,952,0,1,test,1875
4957,5371,2014,1129,2014,1129,0,1,train,7617
4958,5372,604,1599,1599,604,1,0,train,6203
4959,5373,164,3411,3411,164,1,0,train,3524
4960,5374,4981,7894,7894,4981,1,0,train,6506
4961,5375,8507,2671,8507,2671,0,1,train,3304
4962,5376,4712,6123,4712,6123,0,1,test,137
4963,5377,8148,6472,6472,8148,1,0,train,1191
4964,5379,3240,2409,3240,2409,0,1,train,4944
4965,5380,800,8516,800,8516,0,1,train,4134
4966,5382,883,4296,883,4296,0,1,train,4429
4967,5383,1569,6408,6408,1569,1,0,train,5319
4968,5384,3121,4688,4688,3121,1,0,train,2412
4969,5387,871,5918,871,5918,0,1,train,7691
4970,5388,6185,8084,6185,8084,0,1,train,1118
4971,5389,4504,6703,6703,4504,1,0,train,1678
4972,5390,6125,5862,5862,6125,1,0,test,252
4973,5391,3701,118,3701,118,0,1,train,4326
4974,5392,1560,1676,1560,1676,0,1,train,6404
4975,5393,364,6590,6590,364,1,0,train,31
4976,5394,4749,8593,8593,4749,1,0,train,5042
4977,5395,1188,1531,1531,1188,1,0,train,2781
4978,5396,2514,7242,2514,7242,0,1,test,93
4979,5397,3563,8059,3563,8059,0,1,train,1268
4980,5398,359,6948,6948,359,1,0,train,2211
4981,5399,1524,7352,7352,1524,1,0,train,394
4982,5400,840,8735,840,8735,0,1,train,7238
4983,5401,4466,9166,9166,4466,1,0,train,1125
4984,5402,926,9324,926,9324,0,1,test,873
4985,5403,1709,5812,1709,5812,0,1,test,1245
4986,5404,6318,7793,7793,6318,1,0,train,909
4987,5405,4303,8201,8201,4303,1,0,train,3080
4988,5406,5012,2090,2090,5012,1,0,train,5418
4989,5407,8707,7521,8707,7521,0,1,train,3871
4990,5408,6641,995,995,6641,1,0,train,3100
4991,5409,3060,1597,3060,1597,0,1,test,789
4992,5410,9184,4913,4913,9184,1,0,train,4413
4993,5411,617,8651,617,8651,0,1,train,5167
4994,5412,7536,5840,7536,5840,0,1,test,1729
4995,5413,3097,6520,6520,3097,1,0,train,2607
4996,5414,3421,966,966,3421,1,0,train,6513
4997,5415,5531,2643,5531,2643,0,1,train,7190
4998,5416,1602,852,852,1602,1,0,train,7728
4999,5417,1715,562,562,1715,1,0,train,6630
5000,5418,7551,6401,7551,6401,0,1,test,1836
5001,5419,4382,8549,4382,8549,0,1,train,1843
5002,5420,6199,8152,8152,6199,1,0,train,1424
5003,5421,6973,7417,7417,6973,1,0,train,7749
5004,5423,5257,1746,5257,1746,0,1,train,3514
5005,5424,2454,6587,2454,6587,0,1,train,5090
5006,5425,5208,2568,5208,2568,0,1,train,4663
5007,5426,4976,5369,4976,5369,0,1,train,7290
5008,5427,2513,2433,2433,2513,1,0,train,5346
5009,5428,1589,7879,7879,1589,1,0,train,3913
5010,5429,3419,2769,3419,2769,0,1,train,6581
5011,5430,3450,5409,5409,3450,1,0,train,5735
5012,5431,3493,4789,4789,3493,1,0,train,5190
5013,5433,3815,653,653,3815,1,0,train,4399
5014,5434,813,8665,8665,813,1,0,train,3829
5015,5436,4846,5632,4846,5632,0,1,train,2728
5016,5437,3539,4717,4717,3539,1,0,train,5064
5017,5440,2123,4875,4875,2123,1,0,train,7442
5018,5441,7072,7552,7552,7072,1,0,train,5875
5019,5442,3740,1614,1614,3740,1,0,train,6765
5020,5443,2268,1060,2268,1060,0,1,train,1986
5021,5444,2138,7051,7051,2138,1,0,test,1616
5022,5446,338,616,338,616,0,1,train,3430
5023,5448,150,3901,150,3901,0,1,train,4576
5024,5449,449,3370,3370,449,1,0,train,4390
5025,5450,1216,6382,1216,6382,0,1,train,5894
5026,5451,3019,7223,3019,7223,0,1,train,956
5027,5452,7585,8420,8420,7585,1,0,train,6303
5028,5454,1604,9204,9204,1604,1,0,train,2104
5029,5455,5030,6727,5030,6727,0,1,train,1643
5030,5456,3397,466,466,3397,1,0,train,4079
5031,5457,3452,6516,6516,3452,1,0,train,470
5032,5458,7716,9236,7716,9236,0,1,train,4615
5033,5459,120,4052,4052,120,1,0,train,6386
5034,5460,2207,2341,2207,2341,0,1,train,6295
5035,5462,2589,4166,4166,2589,1,0,train,5459
5036,5463,4802,4542,4542,4802,1,0,train,6067
5037,5464,2362,8588,2362,8588,0,1,train,559
5038,5465,58,714,714,58,1,0,test,1265
5039,5466,2687,5214,2687,5214,0,1,train,370
5040,5467,4160,4623,4160,4623,0,1,test,1340
5041,5468,1810,7506,1810,7506,0,1,train,6322
5042,5469,2018,7572,7572,2018,1,0,train,544
5043,5470,7923,1378,1378,7923,1,0,train,5900
5044,5471,2211,1083,2211,1083,0,1,train,4441
5045,5472,5943,1209,1209,5943,1,0,train,7156
5046,5473,8164,2135,2135,8164,1,0,train,7052
5047,5474,7073,752,752,7073,1,0,train,5721
5048,5475,2047,4608,4608,2047,1,0,train,6858
5049,5476,917,5730,5730,917,1,0,train,6659
5050,5477,4304,5893,5893,4304,1,0,train,4299
5051,5478,140,6074,6074,140,1,0,test,1716
5052,5480,4725,7737,7737,4725,1,0,test,1281
5053,5481,3335,4276,3335,4276,0,1,train,3865
5054,5482,7628,5170,5170,7628,1,0,train,7701
5055,5483,8810,3194,3194,8810,1,0,train,3247
5056,5485,7557,3415,7557,3415,0,1,train,480
5057,5486,702,85,85,702,1,0,train,140
5058,5487,5965,7207,7207,5965,1,0,train,1524
5059,5488,4404,1718,1718,4404,1,0,train,127
5060,5489,1260,6404,1260,6404,0,1,train,5315
5061,5490,5972,1442,1442,5972,1,0,train,1261
5062,5491,6720,5940,5940,6720,1,0,train,792
5063,5492,3868,2170,3868,2170,0,1,train,945
5064,5493,2360,5686,2360,5686,0,1,train,3979
5065,5494,2676,397,2676,397,0,1,train,5680
5066,5495,5148,7339,5148,7339,0,1,train,2167
5067,5496,3921,3317,3317,3921,1,0,train,3370
5068,5497,5930,9125,5930,9125,0,1,train,1368
5069,5498,4270,4676,4270,4676,0,1,train,3925
5070,5500,7680,6670,6670,7680,1,0,test,1774
5071,5501,569,8919,569,8919,0,1,test,1800
5072,5502,45,1498,45,1498,0,1,train,3173
5073,5503,4476,4770,4770,4476,1,0,train,4248
5074,5504,1314,4079,1314,4079,0,1,train,4788
5075,5505,7179,3803,7179,3803,0,1,train,4310
5076,5506,204,6680,6680,204,1,0,train,2138
5077,5507,2037,1024,1024,2037,1,0,test,674
5078,5508,8439,1271,8439,1271,0,1,train,7737
5079,5509,8038,7039,7039,8038,1,0,train,4614
5080,5510,4012,1111,4012,1111,0,1,train,5270
5081,5511,3536,8441,3536,8441,0,1,train,4033
5082,5512,8256,2891,2891,8256,1,0,test,688
5083,5513,6613,8333,8333,6613,1,0,train,5930
5084,5514,876,8236,8236,876,1,0,train,6939
5085,5515,6904,5895,6904,5895,0,1,train,5503
5086,5516,996,3329,3329,996,1,0,train,5477
5087,5517,4241,719,719,4241,1,0,train,932
5088,5518,4162,974,4162,974,0,1,train,7667
5089,5519,5516,5063,5063,5516,1,0,train,4343
5090,5520,7250,6669,7250,6669,0,1,train,3988
5091,5521,6129,7341,7341,6129,1,0,train,2771
5092,5522,7673,1483,1483,7673,1,0,test,782
5093,5523,782,8673,8673,782,1,0,train,4984
5094,5524,7403,440,7403,440,0,1,train,7718
5095,5525,8496,7335,8496,7335,0,1,test,1059
5096,5526,577,5112,577,5112,0,1,train,5013
5097,5527,409,8200,409,8200,0,1,train,7730
5098,5528,3368,8010,8010,3368,1,0,train,5434
5099,5530,941,8376,8376,941,1,0,train,5094
5100,5531,319,403,319,403,0,1,train,3853
5101,5532,1243,8854,8854,1243,1,0,test,313
5102,5533,204,2573,204,2573,0,1,train,7196
5103,5534,428,4349,4349,428,1,0,train,2639
5104,5535,394,3833,3833,394,1,0,test,317
5105,5536,6991,1171,1171,6991,1,0,train,5828
5106,5537,6532,1403,1403,6532,1,0,train,5478
5107,5538,2561,551,2561,551,0,1,train,7028
5108,5539,6167,5705,6167,5705,0,1,train,4362
5109,5540,8094,1912,1912,8094,1,0,train,7591
5110,5541,760,1505,760,1505,0,1,train,6251
5111,5542,300,1455,300,1455,0,1,train,6042
5112,5543,443,7511,443,7511,0,1,train,159
5113,5544,2657,1555,2657,1555,0,1,train,3217
5114,5545,355,3221,355,3221,0,1,train,782
5115,5546,5274,4942,4942,5274,1,0,train,6621
5116,5547,4421,524,4421,524,0,1,train,6481
5117,5548,3185,3733,3733,3185,1,0,train,7868
5118,5550,5490,3392,3392,5490,1,0,train,7230
5119,5551,541,6517,541,6517,0,1,train,5028
5120,5552,3127,76,3127,76,0,1,train,5748
5121,5553,2927,0,0,2927,1,0,train,4002
5122,5554,251,4601,251,4601,0,1,train,5728
5123,5555,230,3794,3794,230,1,0,test,910
5124,5557,7477,9128,9128,7477,1,0,train,4741
5125,5558,3879,8728,3879,8728,0,1,train,1940
5126,5559,3782,506,3782,506,0,1,train,2361
5127,5560,8131,327,8131,327,0,1,test,172
5128,5561,3552,608,3552,608,0,1,train,6317
5129,5562,6820,1051,1051,6820,1,0,train,4026
5130,5563,5384,835,5384,835,0,1,train,2520
5131,5564,6651,1246,1246,6651,1,0,train,6313
5132,5565,2608,8901,8901,2608,1,0,train,529
5133,5566,3456,7867,3456,7867,0,1,test,65
5134,5567,2846,74,74,2846,1,0,train,7598
5135,5569,436,8329,8329,436,1,0,train,2704
5136,5570,2879,5585,2879,5585,0,1,train,4270
5137,5572,2459,2242,2459,2242,0,1,test,99
5138,5573,6603,4007,4007,6603,1,0,train,7541
5139,5574,4585,4610,4585,4610,0,1,train,201
5140,5575,8540,2710,2710,8540,1,0,train,839
5141,5576,2169,4723,2169,4723,0,1,train,3580
5142,5577,2109,1944,1944,2109,1,0,test,126
5143,5578,7391,1134,7391,1134,0,1,train,2173
5144,5579,1115,7453,1115,7453,0,1,train,5436
5145,5580,5870,2845,2845,5870,1,0,train,3997
5146,5581,5885,9134,5885,9134,0,1,test,695
5147,5582,7072,5148,5148,7072,1,0,train,3939
5148,5583,4840,1753,4840,1753,0,1,train,7487
5149,5585,5106,8108,5106,8108,0,1,train,2627
5150,5587,1688,6751,6751,1688,1,0,train,3826
5151,5589,6712,5934,5934,6712,1,0,train,4694
5152,5590,4615,2990,4615,2990,0,1,test,1309
5153,5591,2937,8207,8207,2937,1,0,train,3441
5154,5592,9045,3111,9045,3111,0,1,train,7036
5155,5593,296,3183,3183,296,1,0,train,1289
5156,5594,2166,8160,8160,2166,1,0,train,5077
5157,5595,6258,8191,8191,6258,1,0,test,136
5158,5596,6013,6944,6013,6944,0,1,train,213
5159,5597,194,7276,194,7276,0,1,train,1736
5160,5598,4176,1164,1164,4176,1,0,train,4844
5161,5599,1329,2294,2294,1329,1,0,train,7499
5162,5600,5959,1458,5959,1458,0,1,train,5060
5163,5601,2924,2198,2198,2924,1,0,train,300
5164,5602,48,8193,8193,48,1,0,test,1182
5165,5603,598,6311,598,6311,0,1,train,4558
5166,5604,2968,2777,2777,2968,1,0,train,4146
5167,5605,4456,2642,2642,4456,1,0,train,7182
5168,5606,2968,8103,2968,8103,0,1,train,115
5169,5607,1048,5139,5139,1048,1,0,train,4193
5170,5608,8009,3467,3467,8009,1,0,train,4181
5171,5609,7698,5391,5391,7698,1,0,train,6145
5172,5611,8611,3840,8611,3840,0,1,train,1774
5173,5612,2840,7993,7993,2840,1,0,train,3261
5174,5613,7684,2041,7684,2041,0,1,train,6981
5175,5614,1450,1109,1450,1109,0,1,train,2769
5176,5615,36,3416,36,3416,0,1,train,5712
5177,5616,6531,4446,4446,6531,1,0,train,3156
5178,5617,5518,6088,6088,5518,1,0,train,3115
5179,5618,5962,5175,5962,5175,0,1,train,4948
5180,5619,1965,6084,6084,1965,1,0,train,4370
5181,5620,6413,1032,1032,6413,1,0,train,1106
5182,5621,3329,6409,6409,3329,1,0,train,4876
5183,5622,249,4579,4579,249,1,0,train,4151
5184,5624,371,8541,8541,371,1,0,test,844
5185,5625,1092,2644,1092,2644,0,1,train,1030
5186,5626,377,8807,377,8807,0,1,test,1441
5187,5627,558,5326,558,5326,0,1,train,6679
5188,5628,330,3597,330,3597,0,1,train,5170
5189,5629,33,8414,8414,33,1,0,train,5693
5190,5630,589,2678,2678,589,1,0,train,6318
5191,5631,378,6166,378,6166,0,1,train,803
5192,5632,2911,6329,2911,6329,0,1,train,2793
5193,5633,782,5250,782,5250,0,1,train,2824
5194,5634,2854,1468,2854,1468,0,1,train,4402
5195,5635,4291,7137,4291,7137,0,1,train,4186
5196,5636,205,7336,7336,205,1,0,train,5790
5197,5637,5722,7990,5722,7990,0,1,train,4155
5198,5638,317,5517,5517,317,1,0,train,3229
5199,5639,326,4551,326,4551,0,1,test,1345
5200,5640,278,8850,278,8850,0,1,test,122
5201,5641,602,6282,602,6282,0,1,train,7041
5202,5642,5766,4188,5766,4188,0,1,train,6363
5203,5643,471,2668,2668,471,1,0,train,2393
5204,5645,326,9000,9000,326,1,0,test,719
5205,5646,3411,6671,3411,6671,0,1,test,318
5206,5647,425,7605,7605,425,1,0,train,5096
5207,5648,3112,4240,4240,3112,1,0,test,1172
5208,5650,5476,7315,5476,7315,0,1,train,2441
5209,5651,6146,6373,6373,6146,1,0,train,2737
5210,5652,6668,678,678,6668,1,0,train,4523
5211,5653,490,1963,490,1963,0,1,test,341
5212,5654,4403,3588,4403,3588,0,1,train,6938
5213,5655,366,8863,8863,366,1,0,test,1463
5214,5656,6563,2637,6563,2637,0,1,train,3123
5215,5658,172,1713,1713,172,1,0,train,757
5216,5659,4304,2228,4304,2228,0,1,train,5481
5217,5660,1432,5726,1432,5726,0,1,train,2895
5218,5662,7414,4748,7414,4748,0,1,train,3194
5219,5663,4666,2560,4666,2560,0,1,train,2817
5220,5665,1381,6510,6510,1381,1,0,train,1154
5221,5666,6605,971,6605,971,0,1,train,609
5222,5667,1415,8619,8619,1415,1,0,test,670
5223,5668,2848,939,2848,939,0,1,train,4359
5224,5669,304,6832,304,6832,0,1,train,3763
5225,5670,450,8431,8431,450,1,0,train,5085
5226,5673,3578,2072,2072,3578,1,0,train,4852
5227,5674,1569,4562,1569,4562,0,1,train,1425
5228,5676,2715,6272,6272,2715,1,0,train,3043
5229,5677,5772,8775,5772,8775,0,1,train,5919
5230,5678,1032,5379,1032,5379,0,1,train,5185
5231,5680,1104,428,1104,428,0,1,test,1060
5232,5681,5192,6140,5192,6140,0,1,train,1998
5233,5682,8451,6843,6843,8451,1,0,train,3259
5234,5683,4131,3146,4131,3146,0,1,train,4512
5235,5684,8407,658,658,8407,1,0,test,836
5236,5685,4712,8638,8638,4712,1,0,train,5367
5237,5686,66,129,66,129,0,1,train,2856
5238,5687,3593,2752,2752,3593,1,0,test,1461
5239,5689,111,8,111,8,0,1,train,4721
5240,5690,5788,7555,5788,7555,0,1,train,992
5241,5691,6460,3969,6460,3969,0,1,test,886
5242,5692,4960,9076,4960,9076,0,1,train,1634
5243,5693,4382,4488,4488,4382,1,0,train,5310
5244,5694,6148,5472,5472,6148,1,0,test,483
5245,5695,9108,3420,3420,9108,1,0,train,1303
5246,5696,2381,2698,2698,2381,1,0,test,1811
5247,5697,3287,496,3287,496,0,1,test,952
5248,5698,5,4921,4921,5,1,0,train,7444
5249,5699,6627,321,321,6627,1,0,train,2899
5250,5701,6844,6000,6844,6000,0,1,train,3134
5251,5702,6627,9281,6627,9281,0,1,train,3246
5252,5703,6072,6976,6976,6072,1,0,train,7379
5253,5704,1909,7044,1909,7044,0,1,test,1773
5254,5705,5367,1349,5367,1349,0,1,train,1687
5255,5706,771,1039,1039,771,1,0,train,2719
5256,5707,5826,7960,7960,5826,1,0,test,1249
5257,5708,3885,951,3885,951,0,1,train,3620
5258,5709,3652,6427,3652,6427,0,1,train,3129
5259,5710,2550,6770,6770,2550,1,0,train,7835
5260,5711,5473,8255,8255,5473,1,0,train,5992
5261,5712,4911,4807,4911,4807,0,1,train,2148
5262,5713,6907,6695,6695,6907,1,0,test,1244
5263,5714,967,9078,9078,967,1,0,train,4101
5264,5715,1670,1187,1187,1670,1,0,train,996
5265,5716,5306,9207,9207,5306,1,0,train,6937
5266,5717,6906,9021,9021,6906,1,0,train,3250
5267,5718,7482,5058,5058,7482,1,0,train,1578
5268,5719,5306,8972,8972,5306,1,0,train,3640
5269,5720,7482,714,7482,714,0,1,train,659
5270,5721,1374,3585,3585,1374,1,0,test,208
5271,5722,7119,7641,7119,7641,0,1,train,4076
5272,5723,1137,8515,8515,1137,1,0,train,7516
5273,5724,2631,3463,3463,2631,1,0,train,3139
5274,5725,803,3161,3161,803,1,0,train,873
5275,5726,9003,5778,9003,5778,0,1,train,2219
5276,5728,9260,6565,6565,9260,1,0,test,49
5277,5729,5710,5856,5710,5856,0,1,train,2090
5278,5730,3126,8439,8439,3126,1,0,train,5129
5279,5731,790,1607,790,1607,0,1,train,7443
5280,5732,5260,2904,5260,2904,0,1,test,1523
5281,5734,5082,4340,5082,4340,0,1,train,1438
5282,5735,9242,8677,8677,9242,1,0,train,1914
5283,5736,8933,5146,5146,8933,1,0,train,579
5284,5737,4155,1146,4155,1146,0,1,train,1161
5285,5739,5352,8186,5352,8186,0,1,train,3850
5286,5740,3901,1382,3901,1382,0,1,train,6785
5287,5741,5199,3290,3290,5199,1,0,train,6210
5288,5742,5220,24,5220,24,0,1,train,5141
5289,5743,5326,227,5326,227,0,1,train,4862
5290,5744,4902,4848,4848,4902,1,0,train,1359
5291,5745,3343,6218,3343,6218,0,1,train,5580
5292,5746,3207,389,389,3207,1,0,train,4265
5293,5747,6239,6191,6239,6191,0,1,train,3150
5294,5748,5099,9136,9136,5099,1,0,train,163
5295,5749,6255,1705,1705,6255,1,0,train,4726
5296,5750,5333,7243,5333,7243,0,1,test,799
5297,5751,7690,8232,7690,8232,0,1,test,495
5298,5752,3747,1644,3747,1644,0,1,test,142
5299,5753,2008,8727,2008,8727,0,1,test,1143
5300,5754,6083,1180,1180,6083,1,0,train,6933
5301,5755,4902,3139,3139,4902,1,0,train,2202
5302,5758,1673,4417,1673,4417,0,1,train,717
5303,5759,7146,8117,7146,8117,0,1,train,1088
5304,5760,8601,9007,9007,8601,1,0,train,5290
5305,5761,4933,8147,4933,8147,0,1,train,5982
5306,5762,5396,1811,1811,5396,1,0,train,1129
5307,5763,112,4263,112,4263,0,1,test,275
5308,5766,4960,8569,4960,8569,0,1,train,1149
5309,5767,6437,8767,6437,8767,0,1,train,153
5310,5768,6646,1707,1707,6646,1,0,train,7818
5311,5769,5254,5889,5254,5889,0,1,train,2437
5312,5770,8898,4372,4372,8898,1,0,train,2110
5313,5771,8321,6224,8321,6224,0,1,train,4197
5314,5772,6133,5554,5554,6133,1,0,train,3617
5315,5773,6930,7669,6930,7669,0,1,test,1941
5316,5774,6934,4094,6934,4094,0,1,train,3346
5317,5776,6881,1225,1225,6881,1,0,train,3876
5318,5777,5091,8968,5091,8968,0,1,train,4382
5319,5778,7775,5693,7775,5693,0,1,train,1519
5320,5779,6705,6716,6705,6716,0,1,train,7245
5321,5780,4710,1484,1484,4710,1,0,train,7070
5322,5781,5826,8394,5826,8394,0,1,train,5532
5323,5782,6957,9222,6957,9222,0,1,train,2085
5324,5783,6856,2696,2696,6856,1,0,train,610
5325,5784,8234,7843,7843,8234,1,0,train,2303
5326,5785,2052,7215,7215,2052,1,0,train,365
5327,5786,3425,1132,3425,1132,0,1,test,110
5328,5787,6635,7315,6635,7315,0,1,train,223
5329,5789,3747,8622,8622,3747,1,0,test,1303
5330,5790,4902,4682,4682,4902,1,0,test,1158
5331,5791,5389,5672,5389,5672,0,1,train,5198
5332,5792,4902,414,4902,414,0,1,train,391
5333,5793,77,7045,77,7045,0,1,test,265
5334,5794,820,304,820,304,0,1,train,1490
5335,5795,3705,6292,6292,3705,1,0,train,7184
5336,5796,1665,3245,1665,3245,0,1,train,5505
5337,5798,4902,5994,4902,5994,0,1,train,1055
5338,5799,4847,5428,5428,4847,1,0,train,2651
5339,5800,3467,539,3467,539,0,1,train,6910
5340,5801,1357,2817,2817,1357,1,0,train,6615
5341,5802,5614,8823,5614,8823,0,1,test,1510
5342,5804,5540,2496,5540,2496,0,1,train,1148
5343,5805,788,8264,788,8264,0,1,train,973
5344,5806,2037,6064,6064,2037,1,0,train,648
5345,5807,4960,7099,7099,4960,1,0,train,5953
5346,5808,2039,766,2039,766,0,1,train,6994
5347,5809,1670,6163,6163,1670,1,0,train,3786
5348,5811,2039,7257,2039,7257,0,1,train,2946
5349,5813,755,8107,755,8107,0,1,train,444
5350,5814,4403,8549,4403,8549,0,1,train,348
5351,5816,6327,3623,3623,6327,1,0,train,7014
5352,5817,855,534,534,855,1,0,train,6283
5353,5818,5212,8581,8581,5212,1,0,train,4161
5354,5819,4902,1612,1612,4902,1,0,train,627
5355,5820,5993,7602,7602,5993,1,0,train,5445
5356,5821,4902,4092,4902,4092,0,1,train,2629
5357,5822,4224,1958,1958,4224,1,0,test,529
5358,5823,5716,9117,5716,9117,0,1,train,1659
5359,5824,3903,5018,5018,3903,1,0,train,1657
5360,5825,6275,2573,6275,2573,0,1,train,305
5361,5827,5091,4954,5091,4954,0,1,train,4686
5362,5828,2506,2911,2506,2911,0,1,train,3334
5363,5829,4534,6590,4534,6590,0,1,train,771
5364,5830,8453,1750,1750,8453,1,0,train,6608
5365,5831,983,2551,983,2551,0,1,test,525
5366,5832,6356,602,6356,602,0,1,train,54
5367,5833,4896,6451,4896,6451,0,1,train,5736
5368,5834,6999,3811,6999,3811,0,1,train,7840
5369,5835,5208,2295,2295,5208,1,0,test,32
5370,5837,9057,2864,9057,2864,0,1,train,6179
5371,5838,9221,5166,5166,9221,1,0,train,533
5372,5839,7460,8364,8364,7460,1,0,train,1371
5373,5841,439,5907,439,5907,0,1,test,923
5374,5842,6264,2985,2985,6264,1,0,train,4963
5375,5845,6959,5005,5005,6959,1,0,train,1199
5376,5846,3026,8444,3026,8444,0,1,train,3615
5377,5847,5902,3413,5902,3413,0,1,train,3101
5378,5848,1685,3041,1685,3041,0,1,train,7531
5379,5849,2030,5449,5449,2030,1,0,train,6625
5380,5851,9144,945,9144,945,0,1,train,4430
5381,5852,6007,8453,6007,8453,0,1,train,474
5382,5853,3813,7705,7705,3813,1,0,train,2939
5383,5854,943,3167,943,3167,0,1,test,59
5384,5855,6028,2548,6028,2548,0,1,train,1011
5385,5856,7325,19,19,7325,1,0,train,1690
5386,5857,6943,7127,6943,7127,0,1,train,7620
5387,5858,2506,7800,7800,2506,1,0,train,2802
5388,5859,5433,2412,2412,5433,1,0,train,6923
5389,5860,6120,1466,6120,1466,0,1,train,253
5390,5861,8032,1923,8032,1923,0,1,train,2774
5391,5862,7882,7957,7957,7882,1,0,train,894
5392,5863,2615,2178,2178,2615,1,0,train,1945
5393,5864,784,6268,784,6268,0,1,train,6124
5394,5865,1674,3056,1674,3056,0,1,train,6084
5395,5866,8397,6672,8397,6672,0,1,train,6435
5396,5867,5338,168,5338,168,0,1,train,1633
5397,5868,7965,8167,7965,8167,0,1,train,2545
5398,5869,3630,8095,8095,3630,1,0,test,1421
5399,5870,8357,3900,3900,8357,1,0,train,5263
5400,5872,4369,7278,4369,7278,0,1,train,6079
5401,5873,4016,739,4016,739,0,1,test,856
5402,5874,2763,3164,3164,2763,1,0,train,1599
5403,5875,7110,108,7110,108,0,1,test,1947
5404,5876,4804,109,4804,109,0,1,train,1488
5405,5877,5210,6033,5210,6033,0,1,train,2896
5406,5878,2263,551,2263,551,0,1,train,2214
5407,5879,867,922,867,922,0,1,train,5308
5408,5880,368,7743,368,7743,0,1,train,2971
5409,5881,434,4973,434,4973,0,1,train,6334
5410,5882,1471,7391,7391,1471,1,0,train,402
5411,5883,595,8655,595,8655,0,1,train,2373
5412,5884,3011,7013,7013,3011,1,0,train,7622
5413,5885,371,8947,8947,371,1,0,train,7284
5414,5886,2911,3870,2911,3870,0,1,train,514
5415,5887,387,4439,4439,387,1,0,train,5944
5416,5889,939,2738,939,2738,0,1,test,321
5417,5890,331,5787,5787,331,1,0,train,4410
5418,5891,2865,3550,3550,2865,1,0,test,1212
5419,5892,2201,1406,1406,2201,1,0,train,1063
5420,5893,603,4178,4178,603,1,0,test,456
5421,5894,460,5338,5338,460,1,0,train,6508
5422,5895,939,793,939,793,0,1,train,2170
5423,5896,476,7523,476,7523,0,1,train,2730
5424,5897,5302,1775,5302,1775,0,1,train,6792
5425,5899,8284,649,649,8284,1,0,train,3691
5426,5900,1822,7400,1822,7400,0,1,train,3454
5427,5902,6512,4727,6512,4727,0,1,test,1210
5428,5903,1408,2388,1408,2388,0,1,train,5007
5429,5904,4679,5857,5857,4679,1,0,train,1883
5430,5905,9244,1419,9244,1419,0,1,test,207
5431,5906,6780,9202,6780,9202,0,1,train,3773
5432,5907,4153,5544,5544,4153,1,0,train,7678
5433,5908,7435,414,7435,414,0,1,train,6572
5434,5909,7734,1357,7734,1357,0,1,train,1241
5435,5910,7961,6121,6121,7961,1,0,train,489
5436,5911,7440,2511,2511,7440,1,0,test,1868
5437,5912,1109,6332,6332,1109,1,0,train,6194
5438,5913,5,2703,5,2703,0,1,train,5987
5439,5914,5367,3407,3407,5367,1,0,train,309
5440,5915,7056,8028,8028,7056,1,0,train,1278
5441,5916,3968,2034,2034,3968,1,0,train,2472
5442,5917,5831,2854,2854,5831,1,0,train,6809
5443,5918,8392,2406,2406,8392,1,0,train,6458
5444,5919,5433,3161,5433,3161,0,1,train,5165
5445,5920,9098,4173,9098,4173,0,1,train,1991
5446,5921,8551,477,477,8551,1,0,train,5331
5447,5922,7236,6148,6148,7236,1,0,train,7328
5448,5923,7277,2500,7277,2500,0,1,train,3886
5449,5924,8014,7700,8014,7700,0,1,train,4692
5450,5925,4078,889,889,4078,1,0,train,1160
5451,5926,375,6258,375,6258,0,1,train,5624
5452,5927,6486,6165,6165,6486,1,0,train,2498
5453,5928,3359,2567,3359,2567,0,1,train,3344
5454,5929,5729,3501,3501,5729,1,0,test,1520
5455,5930,5162,3779,3779,5162,1,0,train,7786
5456,5931,38,1337,38,1337,0,1,train,5209
5457,5932,1674,9265,1674,9265,0,1,train,3935
5458,5933,576,432,576,432,0,1,train,6896
5459,5934,3305,1682,3305,1682,0,1,train,4016
5460,5935,7754,5205,5205,7754,1,0,test,707
5461,5936,2596,3851,3851,2596,1,0,train,5665
5462,5937,3502,885,885,3502,1,0,train,5059
5463,5938,6117,390,6117,390,0,1,train,5241
5464,5939,6578,9317,9317,6578,1,0,test,1361
5465,5940,4658,6317,6317,4658,1,0,train,3315
5466,5941,1609,6181,6181,1609,1,0,train,4124
5467,5942,7598,19,19,7598,1,0,test,1228
5468,5943,1894,4782,1894,4782,0,1,train,2191
5469,5944,7833,2036,7833,2036,0,1,train,2735
5470,5945,8927,6099,6099,8927,1,0,train,2175
5471,5946,752,1412,1412,752,1,0,test,400
5472,5947,592,2938,592,2938,0,1,train,2371
5473,5948,423,5685,5685,423,1,0,train,4583
5474,5949,3478,101,3478,101,0,1,train,5195
5475,5950,2651,5475,2651,5475,0,1,train,3914
5476,5951,1345,4082,4082,1345,1,0,test,0
5477,5952,877,5791,5791,877,1,0,train,6594
5478,5953,8005,2868,8005,2868,0,1,train,654
5479,5954,2932,6851,6851,2932,1,0,train,2125
5480,5955,6589,648,648,6589,1,0,train,5084
5481,5956,6589,8245,8245,6589,1,0,train,3782
5482,5957,6589,9242,9242,6589,1,0,train,4493
5483,5958,9128,7248,7248,9128,1,0,test,1529
5484,5959,6553,4430,4430,6553,1,0,train,3553
5485,5960,4840,5031,4840,5031,0,1,train,6614
5486,5961,1696,5969,5969,1696,1,0,test,228
5487,5962,182,1455,182,1455,0,1,train,4897
5488,5963,2810,1797,1797,2810,1,0,train,4951
5489,5964,1561,3498,3498,1561,1,0,train,7552
5490,5966,3005,1013,1013,3005,1,0,test,884
5491,5967,4128,4883,4883,4128,1,0,train,1767
5492,5968,7664,130,7664,130,0,1,train,3690
5493,5969,970,2343,970,2343,0,1,train,2228
5494,5970,6515,7498,6515,7498,0,1,train,7759
5495,5971,998,57,998,57,0,1,test,68
5496,5972,576,7490,576,7490,0,1,train,1041
5497,5973,557,6793,6793,557,1,0,test,478
5498,5974,3752,1231,3752,1231,0,1,test,1915
5499,5975,9052,2050,2050,9052,1,0,train,1444
5500,5976,7151,3607,7151,3607,0,1,train,6752
5501,5980,5462,3473,3473,5462,1,0,test,562
5502,5982,1374,320,1374,320,0,1,train,6709
5503,5983,2589,627,2589,627,0,1,train,3837
5504,5984,5947,3416,5947,3416,0,1,train,5051
5505,5985,5947,305,305,5947,1,0,train,7546
5506,5986,4975,1917,4975,1917,0,1,train,7011
5507,5987,3861,8394,8394,3861,1,0,train,4929
5508,5988,5377,6799,6799,5377,1,0,train,2618
5509,5989,7371,8695,7371,8695,0,1,test,1870
5510,5990,7441,4123,4123,7441,1,0,train,6901
5511,5991,3808,8786,8786,3808,1,0,train,7472
5512,5992,5778,604,5778,604,0,1,train,2810
5513,5994,4400,98,4400,98,0,1,test,17
5514,5995,6434,7700,6434,7700,0,1,train,6778
5515,5996,5095,7543,7543,5095,1,0,train,2872
5516,5997,1673,235,235,1673,1,0,test,1132
5517,5998,8509,7320,7320,8509,1,0,train,6682
5518,5999,7028,9252,9252,7028,1,0,test,879
5519,6000,748,3322,748,3322,0,1,train,2292
5520,6001,5281,2989,2989,5281,1,0,test,1905
5521,6002,4993,3023,4993,3023,0,1,test,15
5522,6003,6071,9092,6071,9092,0,1,train,490
5523,6004,8334,1257,1257,8334,1,0,train,2673
5524,6005,4026,6324,4026,6324,0,1,test,840
5525,6006,2506,5359,5359,2506,1,0,train,1601
5526,6007,1933,3606,1933,3606,0,1,train,4021
5527,6008,2462,1485,1485,2462,1,0,train,4012
5528,6009,8633,6767,8633,6767,0,1,train,4768
5529,6010,1669,622,1669,622,0,1,test,1627
5530,6011,6913,1266,1266,6913,1,0,train,4974
5531,6012,1947,8196,8196,1947,1,0,train,2500
5532,6013,4911,5837,4911,5837,0,1,train,6182
5533,6014,931,793,931,793,0,1,test,1133
5534,6015,3329,8634,3329,8634,0,1,train,607
5535,6016,2615,697,2615,697,0,1,test,1494
5536,6017,6087,1684,6087,1684,0,1,train,1182
5537,6018,4705,8998,4705,8998,0,1,test,120
5538,6019,1043,4394,1043,4394,0,1,train,1605
5539,6020,6109,1822,1822,6109,1,0,train,7431
5540,6021,8578,5706,5706,8578,1,0,train,3018
5541,6022,131,5911,131,5911,0,1,train,7030
5542,6023,4712,9314,4712,9314,0,1,train,812
5543,6024,371,8209,371,8209,0,1,train,6700
5544,6025,8364,1943,8364,1943,0,1,test,1923
5545,6026,4875,1937,4875,1937,0,1,test,1815
5546,6027,3378,1721,1721,3378,1,0,train,677
5547,6028,5594,1460,1460,5594,1,0,train,3542
5548,6029,4341,6793,6793,4341,1,0,train,3475
5549,6030,7680,1455,1455,7680,1,0,test,1352
5550,6031,7670,6565,6565,7670,1,0,test,1888
5551,6032,5586,1763,1763,5586,1,0,train,4815
5552,6034,1134,2426,2426,1134,1,0,test,878
5553,6035,6416,4837,6416,4837,0,1,train,6006
5554,6036,1485,6040,6040,1485,1,0,train,5337
5555,6037,5938,630,630,5938,1,0,train,7390
5556,6038,6210,6966,6210,6966,0,1,train,3240
5557,6039,6938,2092,6938,2092,0,1,test,365
5558,6041,3989,5500,5500,3989,1,0,train,7784
5559,6042,960,6916,6916,960,1,0,train,3381
5560,6043,4642,6820,6820,4642,1,0,train,7191
5561,6045,231,1060,231,1060,0,1,train,7179
5562,6046,304,525,304,525,0,1,train,3073
5563,6047,4078,5211,4078,5211,0,1,train,5501
5564,6048,461,6077,461,6077,0,1,train,5738
5565,6049,7831,2454,7831,2454,0,1,train,456
5566,6050,5416,8488,5416,8488,0,1,train,1713
5567,6051,1918,8589,8589,1918,1,0,train,3929
5568,6052,3493,7612,3493,7612,0,1,train,7383
5569,6053,6443,7013,6443,7013,0,1,train,5166
5570,6054,1345,2038,2038,1345,1,0,train,4179
5571,6055,4060,5914,4060,5914,0,1,train,2664
5572,6057,2240,6089,6089,2240,1,0,test,606
5573,6058,151,2760,151,2760,0,1,test,1551
5574,6059,1203,5072,5072,1203,1,0,train,5001
5575,6060,2900,6852,6852,2900,1,0,train,6393
5576,6061,3240,7223,7223,3240,1,0,train,6110
5577,6062,4583,4955,4583,4955,0,1,train,7266
5578,6063,3424,7313,3424,7313,0,1,train,6184
5579,6064,6651,6375,6375,6651,1,0,train,245
5580,6065,5307,7168,5307,7168,0,1,train,5612
5581,6066,8395,7326,7326,8395,1,0,train,1796
5582,6067,5102,7340,7340,5102,1,0,train,5497
5583,6069,3533,7852,3533,7852,0,1,train,1399
5584,6070,2134,3261,3261,2134,1,0,train,2205
5585,6071,5800,7494,7494,5800,1,0,train,2318
5586,6072,2900,3898,2900,3898,0,1,test,255
5587,6074,376,2998,2998,376,1,0,train,6016
5588,6077,4569,9101,4569,9101,0,1,train,6191
5589,6078,1461,8189,1461,8189,0,1,train,3137
5590,6079,1157,4532,4532,1157,1,0,train,3791
5591,6080,1258,1792,1792,1258,1,0,train,4508
5592,6081,1461,3748,3748,1461,1,0,train,7081
5593,6082,7840,2908,2908,7840,1,0,train,4992
5594,6083,913,6922,6922,913,1,0,train,7485
5595,6084,3560,7467,3560,7467,0,1,train,5638
5596,6085,5781,4790,4790,5781,1,0,train,7741
5597,6086,3760,7321,3760,7321,0,1,train,4643
5598,6087,9022,5534,5534,9022,1,0,train,5069
5599,6089,4115,1372,1372,4115,1,0,train,3666
5600,6090,8127,784,784,8127,1,0,train,2079
5601,6091,124,2902,124,2902,0,1,train,5379
5602,6092,36,6911,36,6911,0,1,train,7023
5603,6093,5024,16,5024,16,0,1,test,628
5604,6095,408,3883,408,3883,0,1,train,7460
5605,6096,4078,2442,2442,4078,1,0,train,1446
5606,6097,5142,5401,5401,5142,1,0,test,1489
5607,6098,6501,1218,1218,6501,1,0,train,2424
5608,6100,396,2481,396,2481,0,1,train,6538
5609,6101,1380,7867,1380,7867,0,1,train,6500
5610,6103,1218,5496,1218,5496,0,1,test,701
5611,6104,36,8470,8470,36,1,0,test,1066
5612,6105,3021,6949,6949,3021,1,0,train,1516
5613,6106,4494,5838,4494,5838,0,1,test,689
5614,6107,611,6466,611,6466,0,1,train,6080
5615,6108,5983,7916,5983,7916,0,1,train,6431
5616,6109,4897,7276,7276,4897,1,0,test,243
5617,6110,3812,5994,5994,3812,1,0,train,5882
5618,6111,9098,3978,9098,3978,0,1,train,7606
5619,6112,5212,6224,5212,6224,0,1,test,1186
5620,6113,7152,5537,7152,5537,0,1,train,6479
5621,6114,5212,4024,5212,4024,0,1,train,1591
5622,6115,1673,1040,1673,1040,0,1,test,608
5623,6116,6424,3344,3344,6424,1,0,test,1606
5624,6117,4764,2170,4764,2170,0,1,train,6826
5625,6118,1550,6105,1550,6105,0,1,train,7079
5626,6119,513,4076,4076,513,1,0,train,699
5627,6120,5744,7223,5744,7223,0,1,train,1407
5628,6123,6526,7273,6526,7273,0,1,test,214
5629,6124,3022,4864,4864,3022,1,0,train,2708
5630,6126,1216,9240,9240,1216,1,0,train,1474
5631,6127,6054,3095,3095,6054,1,0,train,7482
5632,6128,6446,5756,5756,6446,1,0,train,3333
5633,6129,304,8461,8461,304,1,0,train,7225
5634,6131,2358,6001,6001,2358,1,0,test,1177
5635,6132,4501,1185,1185,4501,1,0,test,1852
5636,6133,2746,6160,2746,6160,0,1,train,6491
5637,6134,3660,4962,4962,3660,1,0,train,5528
5638,6137,6286,7501,7501,6286,1,0,train,5147
5639,6138,5915,2890,2890,5915,1,0,test,500
5640,6139,3523,6962,3523,6962,0,1,train,5164
5641,6140,5966,3144,3144,5966,1,0,train,70
5642,6141,4204,3412,3412,4204,1,0,train,68
5643,6142,3988,8746,3988,8746,0,1,train,4827
5644,6143,2810,7310,7310,2810,1,0,train,4941
5645,6144,305,1928,305,1928,0,1,train,3288
5646,6145,415,5547,415,5547,0,1,train,3025
5647,6146,719,856,856,719,1,0,test,398
5648,6147,1897,4336,4336,1897,1,0,train,6590
5649,6148,578,4191,4191,578,1,0,train,3771
5650,6149,2761,8512,2761,8512,0,1,test,396
5651,6150,9193,5467,5467,9193,1,0,train,3915
5652,6151,2480,8533,8533,2480,1,0,train,5599
5653,6152,2507,4560,4560,2507,1,0,train,4375
5654,6154,1435,1427,1427,1435,1,0,train,7762
5655,6155,2809,6645,2809,6645,0,1,train,2634
5656,6156,4846,4518,4518,4846,1,0,test,1866
5657,6157,8259,1744,1744,8259,1,0,train,2190
5658,6158,2206,6533,6533,2206,1,0,train,5997
5659,6159,3450,3729,3729,3450,1,0,train,6443
5660,6160,2029,7680,2029,7680,0,1,train,7192
5661,6161,7095,5644,5644,7095,1,0,train,2368
5662,6162,8388,6373,8388,6373,0,1,train,6887
5663,6163,4222,8388,4222,8388,0,1,train,1835
5664,6165,7637,3655,7637,3655,0,1,test,1803
5665,6167,6304,5877,6304,5877,0,1,train,7234
5666,6170,2295,2964,2295,2964,0,1,train,6862
5667,6171,9221,1436,1436,9221,1,0,train,5694
5668,6173,4013,237,237,4013,1,0,train,987
5669,6174,2469,2412,2469,2412,0,1,train,3162
5670,6175,4141,6056,4141,6056,0,1,test,1427
5671,6176,10,426,10,426,0,1,train,1077
5672,6177,5691,5916,5691,5916,0,1,test,839
5673,6178,567,5743,5743,567,1,0,train,1929
5674,6179,7970,376,376,7970,1,0,train,978
5675,6180,4595,1284,1284,4595,1,0,train,4714
5676,6181,2247,6552,6552,2247,1,0,train,469
5677,6182,5220,2971,2971,5220,1,0,train,5422
5678,6183,943,759,943,759,0,1,train,4674
5679,6184,495,6065,495,6065,0,1,train,3630
5680,6185,1413,7075,7075,1413,1,0,train,2126
5681,6186,394,424,424,394,1,0,train,2210
5682,6187,431,4443,4443,431,1,0,train,6865
5683,6190,999,8296,999,8296,0,1,test,1683
5684,6191,440,2505,2505,440,1,0,train,5341
5685,6193,3613,5855,5855,3613,1,0,test,1078
5686,6194,1423,3590,1423,3590,0,1,train,1300
5687,6195,2528,6566,6566,2528,1,0,test,1105
5688,6196,8281,4125,8281,4125,0,1,train,6018
5689,6197,7063,667,7063,667,0,1,train,4585
5690,6200,2992,746,746,2992,1,0,train,922
5691,6201,458,1883,458,1883,0,1,train,5192
5692,6202,1280,4147,4147,1280,1,0,train,2521
5693,6203,1145,1519,1519,1145,1,0,train,4865
5694,6205,208,4966,208,4966,0,1,train,3677
5695,6206,843,4662,4662,843,1,0,train,4536
5696,6207,598,1185,598,1185,0,1,train,7017
5697,6209,8038,5533,8038,5533,0,1,test,1726
5698,6210,592,280,280,592,1,0,train,2339
5699,6211,437,7381,437,7381,0,1,train,6670
5700,6212,125,151,125,151,0,1,train,1476
5701,6213,1322,262,1322,262,0,1,train,3957
5702,6214,588,7014,588,7014,0,1,train,7186
5703,6215,139,5618,5618,139,1,0,test,1930
5704,6216,1692,5949,1692,5949,0,1,train,1886
5705,6217,3039,7780,7780,3039,1,0,train,4940
5706,6218,849,1091,849,1091,0,1,train,3181
5707,6219,288,8250,288,8250,0,1,train,4123
5708,6220,4668,7958,7958,4668,1,0,train,249
5709,6221,334,4544,334,4544,0,1,train,4825
5710,6222,3123,6520,3123,6520,0,1,test,36
5711,6223,134,6479,6479,134,1,0,train,1791
5712,6224,3362,1923,1923,3362,1,0,train,6367
5713,6225,391,380,380,391,1,0,train,1797
5714,6226,582,7551,7551,582,1,0,train,1903
5715,6227,3011,7928,7928,3011,1,0,train,5860
5716,6228,180,6623,6623,180,1,0,train,4796
5717,6229,3014,8744,3014,8744,0,1,train,5715
5718,6230,1005,6557,6557,1005,1,0,train,1744
5719,6231,853,24,24,853,1,0,train,571
5720,6232,845,969,845,969,0,1,train,5203
5721,6233,4433,8445,8445,4433,1,0,train,96
5722,6234,862,7802,862,7802,0,1,train,7683
5723,6235,593,6473,593,6473,0,1,train,1102
5724,6236,1031,7573,1031,7573,0,1,train,3204
5725,6237,2919,3976,2919,3976,0,1,train,7543
5726,6238,888,5623,5623,888,1,0,train,2134
5727,6239,1213,3071,3071,1213,1,0,test,117
5728,6240,351,7925,351,7925,0,1,train,5563
5729,6241,4058,2546,2546,4058,1,0,train,1283
5730,6242,4372,2509,4372,2509,0,1,train,6234
5731,6243,782,5071,5071,782,1,0,train,3862
5732,6244,4195,2759,4195,2759,0,1,test,1614
5733,6245,3150,3339,3150,3339,0,1,train,3543
5734,6247,5507,311,311,5507,1,0,train,7352
5735,6248,1178,6998,1178,6998,0,1,train,877
5736,6250,4448,2486,4448,2486,0,1,train,5163
5737,6251,437,4574,437,4574,0,1,train,660
5738,6253,1569,7903,1569,7903,0,1,test,366
5739,6254,1810,2411,2411,1810,1,0,train,1652
5740,6255,7174,3660,7174,3660,0,1,train,711
5741,6257,1780,5548,1780,5548,0,1,train,4652
5742,6258,8929,3937,3937,8929,1,0,train,4550
5743,6260,7265,395,7265,395,0,1,train,2
5744,6261,645,9315,9315,645,1,0,train,1292
5745,6262,2742,302,2742,302,0,1,test,103
5746,6263,2949,1570,2949,1570,0,1,train,3685
5747,6264,2979,6172,2979,6172,0,1,train,6616
5748,6266,8003,6144,6144,8003,1,0,test,434
5749,6267,993,8091,993,8091,0,1,train,4061
5750,6268,450,3986,3986,450,1,0,train,281
5751,6269,1467,7876,7876,1467,1,0,train,2966
5752,6270,8036,6978,8036,6978,0,1,train,3882
5753,6271,6335,4407,6335,4407,0,1,train,6327
5754,6272,7087,155,155,7087,1,0,train,3735
5755,6273,6205,2686,6205,2686,0,1,train,7744
5756,6274,299,2836,2836,299,1,0,train,2182
5757,6275,8117,416,8117,416,0,1,train,6089
5758,6276,6983,2508,6983,2508,0,1,train,3710
5759,6277,6272,7106,6272,7106,0,1,train,7529
5760,6278,4587,1154,1154,4587,1,0,train,3394
5761,6279,3408,5056,5056,3408,1,0,test,262
5762,6280,1087,8264,8264,1087,1,0,test,1713
5763,6281,195,5026,195,5026,0,1,train,4494
5764,6282,1555,6400,6400,1555,1,0,train,630
5765,6283,1293,2818,2818,1293,1,0,test,355
5766,6284,1948,3064,3064,1948,1,0,test,429
5767,6285,7526,4984,4984,7526,1,0,train,439
5768,6286,2117,5194,5194,2117,1,0,train,7512
5769,6287,4600,5769,4600,5769,0,1,test,187
5770,6288,8153,2688,8153,2688,0,1,train,6519
5771,6289,3401,7904,7904,3401,1,0,train,3331
5772,6290,1196,1170,1170,1196,1,0,test,1038
5773,6291,2817,49,2817,49,0,1,test,741
5774,6293,3062,716,3062,716,0,1,train,1143
5775,6294,7585,8154,7585,8154,0,1,train,7419
5776,6296,8281,4425,8281,4425,0,1,test,1832
5777,6297,4001,3936,4001,3936,0,1,train,101
5778,6298,369,1698,369,1698,0,1,train,3951
5779,6299,1322,4273,1322,4273,0,1,train,69
5780,6300,5321,4274,4274,5321,1,0,train,3287
5781,6301,5285,8732,5285,8732,0,1,test,919
5782,6304,2775,8765,8765,2775,1,0,train,6516
5783,6305,7274,1542,1542,7274,1,0,train,5629
5784,6306,4147,447,447,4147,1,0,train,2223
5785,6307,1572,6704,6704,1572,1,0,train,1838
5786,6308,4829,5949,5949,4829,1,0,train,5932
5787,6309,648,4571,4571,648,1,0,train,4476
5788,6310,8060,2298,8060,2298,0,1,train,5714
5789,6311,3467,8327,3467,8327,0,1,train,4544
5790,6312,3433,7131,7131,3433,1,0,train,4762
5791,6314,324,8836,8836,324,1,0,test,984
5792,6315,5487,3767,5487,3767,0,1,train,1463
5793,6316,1690,3096,1690,3096,0,1,train,2738
5794,6317,2911,5492,5492,2911,1,0,train,4613
5795,6318,1704,9157,1704,9157,0,1,test,929
5796,6319,705,6609,6609,705,1,0,train,5879
5797,6321,997,3580,3580,997,1,0,train,6779
5798,6322,1480,8424,1480,8424,0,1,test,709
5799,6323,2902,5041,5041,2902,1,0,test,5
5800,6324,523,8016,8016,523,1,0,train,5595
5801,6325,412,7955,412,7955,0,1,test,223
5802,6326,467,6244,6244,467,1,0,test,656
5803,6327,5133,3418,3418,5133,1,0,train,4522
5804,6328,8475,1354,8475,1354,0,1,train,969
5805,6329,2237,4283,2237,4283,0,1,test,568
5806,6330,7770,7829,7770,7829,0,1,train,6521
5807,6331,5870,4741,5870,4741,0,1,train,1019
5808,6332,9118,3867,9118,3867,0,1,train,2969
5809,6333,823,7282,7282,823,1,0,train,4765
5810,6334,3232,57,57,3232,1,0,train,4325
5811,6335,912,7239,912,7239,0,1,train,1145
5812,6336,840,1735,1735,840,1,0,train,1536
5813,6337,3352,8613,3352,8613,0,1,train,6930
5814,6338,1295,1287,1295,1287,0,1,test,1283
5815,6339,7154,7246,7246,7154,1,0,train,2987
5816,6340,4623,8654,8654,4623,1,0,train,4302
5817,6341,3346,8477,3346,8477,0,1,train,301
5818,6342,8287,1403,8287,1403,0,1,train,1530
5819,6343,5080,8519,8519,5080,1,0,train,389
5820,6344,1659,3560,3560,1659,1,0,test,486
5821,6345,4139,8423,8423,4139,1,0,train,6987
5822,6346,1933,4157,4157,1933,1,0,train,4600
5823,6347,2037,5053,2037,5053,0,1,train,911
5824,6349,5220,172,172,5220,1,0,train,5521
5825,6350,4021,1634,4021,1634,0,1,train,5429
5826,6351,3120,2852,2852,3120,1,0,train,4357
5827,6352,8644,1808,8644,1808,0,1,test,490
5828,6353,5370,3265,3265,5370,1,0,test,978
5829,6355,1892,2412,2412,1892,1,0,train,5490
5830,6356,5344,2710,2710,5344,1,0,test,667
5831,6358,1897,9331,1897,9331,0,1,train,7010
5832,6359,5895,1492,5895,1492,0,1,train,6733
5833,6360,4860,3804,3804,4860,1,0,train,2143
5834,6361,3647,1042,1042,3647,1,0,train,4610
5835,6365,841,3204,3204,841,1,0,test,1779
5836,6366,1670,5450,1670,5450,0,1,train,2354
5837,6367,6759,9106,9106,6759,1,0,train,4845
5838,6368,8461,5829,8461,5829,0,1,train,1555
5839,6369,2191,710,2191,710,0,1,train,3296
5840,6370,6162,8102,8102,6162,1,0,train,3187
5841,6371,6302,4491,4491,6302,1,0,train,7130
5842,6372,8591,7498,7498,8591,1,0,train,6001
5843,6373,2470,8387,8387,2470,1,0,train,48
5844,6374,7759,3610,3610,7759,1,0,train,1276
5845,6375,4958,7610,4958,7610,0,1,train,1921
5846,6376,4651,2451,4651,2451,0,1,test,1939
5847,6377,1809,7387,1809,7387,0,1,train,695
5848,6378,7542,6990,7542,6990,0,1,train,7222
5849,6379,692,7568,692,7568,0,1,test,248
5850,6380,1662,8732,1662,8732,0,1,train,3932
5851,6381,6769,7228,7228,6769,1,0,train,352
5852,6382,7048,8988,7048,8988,0,1,train,1553
5853,6383,490,1089,490,1089,0,1,train,3563
5854,6384,1885,2662,1885,2662,0,1,train,4438
5855,6385,5120,2076,5120,2076,0,1,train,7727
5856,6386,6955,9210,9210,6955,1,0,train,40
5857,6387,997,2331,997,2331,0,1,train,3186
5858,6388,33,9304,9304,33,1,0,train,3793
5859,6389,1480,5514,5514,1480,1,0,train,2569
5860,6390,251,7840,251,7840,0,1,train,2226
5861,6391,5785,4755,5785,4755,0,1,train,2382
5862,6392,512,247,247,512,1,0,train,7045
5863,6393,1480,1518,1480,1518,0,1,test,1689
5864,6394,994,7603,994,7603,0,1,train,5172
5865,6395,5671,1397,1397,5671,1,0,train,7006
5866,6396,612,6142,6142,612,1,0,train,5444
5867,6397,1690,9331,1690,9331,0,1,train,2611
5868,6398,3496,8334,3496,8334,0,1,test,1202
5869,6399,2515,4612,2515,4612,0,1,test,1062
5870,6400,8171,2657,8171,2657,0,1,train,590
5871,6401,5254,6286,5254,6286,0,1,test,246
5872,6403,878,4025,878,4025,0,1,train,7711
5873,6404,9060,1187,1187,9060,1,0,train,3890
5874,6405,9247,8977,9247,8977,0,1,train,2753
5875,6406,7955,1418,7955,1418,0,1,train,2833
5876,6407,292,1278,1278,292,1,0,train,2982
5877,6408,9124,8113,8113,9124,1,0,test,1687
5878,6409,434,635,434,635,0,1,train,1965
5879,6410,3133,44,44,3133,1,0,train,2458
5880,6411,5497,1364,1364,5497,1,0,train,2216
5881,6414,1430,8615,8615,1430,1,0,train,1565
5882,6415,7092,1973,7092,1973,0,1,test,928
5883,6416,924,575,924,575,0,1,train,3108
5884,6417,4247,8137,8137,4247,1,0,train,2637
5885,6418,3482,8599,8599,3482,1,0,train,523
5886,6420,2597,8459,2597,8459,0,1,train,1320
5887,6421,6208,415,415,6208,1,0,test,189
5888,6422,5091,485,5091,485,0,1,train,7834
5889,6423,3333,4258,3333,4258,0,1,test,1506
5890,6424,5384,8796,8796,5384,1,0,test,1275
5891,6425,9132,7963,9132,7963,0,1,train,5640
5892,6428,3677,7853,3677,7853,0,1,train,3029
5893,6429,2752,3508,2752,3508,0,1,train,6861
5894,6430,7382,5903,7382,5903,0,1,train,955
5895,6431,9157,972,972,9157,1,0,train,2518
5896,6433,1242,6433,1242,6433,0,1,test,92
5897,6434,2522,2262,2262,2522,1,0,train,1257
5898,6435,475,8401,8401,475,1,0,train,549
5899,6436,293,1880,1880,293,1,0,train,1507
5900,6437,2201,4183,2201,4183,0,1,train,2876
5901,6438,7092,1978,1978,7092,1,0,train,3091
5902,6439,6582,7855,6582,7855,0,1,train,3772
5903,6440,205,627,205,627,0,1,train,286
5904,6441,961,1732,1732,961,1,0,train,2970
5905,6442,435,3419,435,3419,0,1,train,5803
5906,6443,378,972,972,378,1,0,train,4816
5907,6444,8036,1387,1387,8036,1,0,train,5210
5908,6445,4535,6057,6057,4535,1,0,train,6685
5909,6446,782,2513,782,2513,0,1,test,1720
5910,6447,5618,8214,5618,8214,0,1,train,5709
5911,6448,7447,9066,7447,9066,0,1,train,220
5912,6449,2653,7790,7790,2653,1,0,train,372
5913,6450,2078,4372,4372,2078,1,0,train,6193
5914,6451,5897,7804,7804,5897,1,0,train,1547
5915,6452,6052,3575,3575,6052,1,0,train,624
5916,6453,8416,1892,1892,8416,1,0,test,1435
5917,6454,4960,5402,4960,5402,0,1,train,4318
5918,6455,4706,8526,8526,4706,1,0,train,685
5919,6456,1708,2650,2650,1708,1,0,train,3042
5920,6457,9192,3598,9192,3598,0,1,train,2587
5921,6458,7736,5529,5529,7736,1,0,train,5140
5922,6459,3163,8567,8567,3163,1,0,train,3193
5923,6460,78,83,83,78,1,0,train,6239
5924,6461,1118,3065,1118,3065,0,1,train,6762
5925,6462,1586,716,1586,716,0,1,train,3730
5926,6463,2492,5350,2492,5350,0,1,train,5383
5927,6464,7795,1098,1098,7795,1,0,train,2599
5928,6465,3283,3624,3283,3624,0,1,train,5184
5929,6466,4960,4271,4960,4271,0,1,train,2428
5930,6469,4960,6178,4960,6178,0,1,train,3870
5931,6470,7458,2573,7458,2573,0,1,train,7131
5932,6471,6022,3667,3667,6022,1,0,train,2850
5933,6472,1697,7500,1697,7500,0,1,train,7069
5934,6473,471,4734,471,4734,0,1,train,1639
5935,6474,3753,9288,9288,3753,1,0,train,6892
5936,6475,6256,8760,8760,6256,1,0,test,867
5937,6476,843,7870,7870,843,1,0,train,4700
5938,6477,3001,4041,4041,3001,1,0,train,506
5939,6478,5717,9013,5717,9013,0,1,train,2326
5940,6479,1180,5628,1180,5628,0,1,train,5527
5941,6480,255,8975,255,8975,0,1,train,1302
5942,6481,8205,483,483,8205,1,0,train,1681
5943,6482,4922,4937,4937,4922,1,0,train,7599
5944,6483,8312,2341,2341,8312,1,0,train,6915
5945,6484,8412,2307,2307,8412,1,0,train,6325
5946,6485,2856,7180,2856,7180,0,1,test,1151
5947,6486,1168,6627,1168,6627,0,1,train,4116
5948,6487,4486,1318,1318,4486,1,0,train,4297
5949,6488,1092,2145,2145,1092,1,0,test,479
5950,6489,4373,6443,6443,4373,1,0,train,509
5951,6490,9081,3553,9081,3553,0,1,train,2155
5952,6491,4816,4867,4867,4816,1,0,train,6817
5953,6492,9280,8539,8539,9280,1,0,train,3307
5954,6493,6394,5831,6394,5831,0,1,train,5705
5955,6495,9204,4029,4029,9204,1,0,train,2034
5956,6497,4022,8378,4022,8378,0,1,train,7215
5957,6498,7369,1460,1460,7369,1,0,test,1195
5958,6500,5709,704,704,5709,1,0,train,7632
5959,6501,1033,3318,1033,3318,0,1,train,3546
5960,6502,5785,5788,5788,5785,1,0,train,1757
5961,6503,384,6979,6979,384,1,0,test,1339
5962,6505,8641,4991,8641,4991,0,1,train,6073
5963,6506,8298,5156,5156,8298,1,0,train,7614
5964,6507,3282,894,3282,894,0,1,train,4229
5965,6508,9226,6673,6673,9226,1,0,test,1163
5966,6509,4787,6839,6839,4787,1,0,train,3377
5967,6510,7028,2140,2140,7028,1,0,train,3265
5968,6511,7497,4582,4582,7497,1,0,train,3945
5969,6512,6380,7681,6380,7681,0,1,train,1510
5970,6513,6434,355,355,6434,1,0,test,107
5971,6514,5302,2061,2061,5302,1,0,train,7050
5972,6516,7531,849,849,7531,1,0,train,2446
5973,6519,8288,4356,8288,4356,0,1,train,3341
5974,6520,8710,8836,8710,8836,0,1,train,6163
5975,6521,6973,2679,6973,2679,0,1,train,1046
5976,6522,4382,2438,4382,2438,0,1,train,5254
5977,6523,3337,7194,3337,7194,0,1,train,90
5978,6524,2041,185,185,2041,1,0,train,4303
5979,6525,440,6297,6297,440,1,0,train,4532
5980,6526,405,8758,8758,405,1,0,train,4245
5981,6527,3592,9191,3592,9191,0,1,train,1626
5982,6528,1091,5680,5680,1091,1,0,train,1031
5983,6529,6141,8342,6141,8342,0,1,train,4561
5984,6530,3127,8720,3127,8720,0,1,train,6030
5985,6531,8201,577,577,8201,1,0,train,599
5986,6532,1113,3605,3605,1113,1,0,train,5145
5987,6533,1719,7407,1719,7407,0,1,train,4967
5988,6534,4692,6914,4692,6914,0,1,train,923
5989,6535,8249,6908,6908,8249,1,0,test,549
5990,6536,5257,6215,5257,6215,0,1,train,6931
5991,6537,6436,8708,6436,8708,0,1,train,3056
5992,6538,8718,8852,8852,8718,1,0,train,1457
5993,6539,24,2748,2748,24,1,0,train,1542
5994,6540,4821,5243,4821,5243,0,1,train,1546
5995,6541,780,1494,1494,780,1,0,train,2298
5996,6542,8771,638,638,8771,1,0,train,6528
5997,6543,3476,2095,3476,2095,0,1,train,6199
5998,6544,3747,5253,5253,3747,1,0,train,2390
5999,6545,7742,7313,7313,7742,1,0,train,7612
6000,6546,7772,2237,7772,2237,0,1,test,1318
6001,6547,6759,6092,6759,6092,0,1,test,980
6002,6550,3710,8179,8179,3710,1,0,train,5231
6003,6551,794,2494,2494,794,1,0,train,4185
6004,6552,2163,1557,2163,1557,0,1,train,995
6005,6553,7588,9213,9213,7588,1,0,train,7405
6006,6554,1459,8087,8087,1459,1,0,train,6699
6007,6555,9262,1156,1156,9262,1,0,train,1229
6008,6556,3638,3922,3638,3922,0,1,test,958
6009,6558,3581,8447,8447,3581,1,0,train,1450
6010,6559,9231,5943,9231,5943,0,1,test,1731
6011,6560,1430,563,1430,563,0,1,train,2968
6012,6561,2625,8438,8438,2625,1,0,train,2734
6013,6562,8692,1503,8692,1503,0,1,train,1592
6014,6563,6422,4510,4510,6422,1,0,test,1692
6015,6564,8397,2405,2405,8397,1,0,test,102
6016,6565,8467,4921,4921,8467,1,0,test,1313
6017,6566,6064,7240,6064,7240,0,1,train,2942
6018,6567,6422,2460,6422,2460,0,1,train,5176
6019,6568,6305,5370,5370,6305,1,0,train,2157
6020,6571,6422,2563,6422,2563,0,1,train,2176
6021,6572,4072,1138,1138,4072,1,0,train,6905
6022,6573,4866,2674,2674,4866,1,0,test,775
6023,6575,3495,3158,3495,3158,0,1,train,2829
6024,6576,4145,4135,4135,4145,1,0,train,362
6025,6577,4939,1740,1740,4939,1,0,train,3325
6026,6578,8326,1486,8326,1486,0,1,train,7790
6027,6579,4812,2273,4812,2273,0,1,train,3023
6028,6580,1720,970,1720,970,0,1,train,5854
6029,6582,5011,2465,5011,2465,0,1,train,2541
6030,6583,2026,5823,2026,5823,0,1,train,697
6031,6584,5011,996,996,5011,1,0,train,3201
6032,6585,1352,7455,7455,1352,1,0,test,332
6033,6586,1413,3389,3389,1413,1,0,train,7096
6034,6587,1451,1680,1451,1680,0,1,train,3302
6035,6588,5022,3416,3416,5022,1,0,train,5518
6036,6589,5758,1736,5758,1736,0,1,train,3354
6037,6590,6883,6122,6122,6883,1,0,test,1643
6038,6591,771,8768,771,8768,0,1,test,217
6039,6592,1869,5527,1869,5527,0,1,train,6678
6040,6593,3681,1538,3681,1538,0,1,train,5537
6041,6594,8300,8908,8300,8908,0,1,train,2015
6042,6595,8639,2302,2302,8639,1,0,train,4261
6043,6596,1127,3764,3764,1127,1,0,train,5389
6044,6597,1111,873,1111,873,0,1,train,3789
6045,6598,3704,2399,2399,3704,1,0,train,6441
6046,6599,6490,3239,6490,3239,0,1,test,1487
6047,6600,2532,5991,2532,5991,0,1,train,1136
6048,6601,3112,6461,6461,3112,1,0,train,294
6049,6602,5896,1425,5896,1425,0,1,train,838
6050,6603,771,9209,771,9209,0,1,train,7863
6051,6604,4202,8780,8780,4202,1,0,train,6607
6052,6605,2140,5431,5431,2140,1,0,test,731
6053,6606,8088,835,835,8088,1,0,train,640
6054,6607,5170,1944,5170,1944,0,1,train,6828
6055,6608,6196,3027,3027,6196,1,0,train,3061
6056,6609,4144,4065,4144,4065,0,1,test,1416
6057,6610,7937,233,7937,233,0,1,train,706
6058,6612,5077,762,5077,762,0,1,train,5019
6059,6613,4598,3378,3378,4598,1,0,test,1680
6060,6614,6180,2857,6180,2857,0,1,train,6132
6061,6615,3910,367,3910,367,0,1,train,373
6062,6616,1345,5628,1345,5628,0,1,train,836
6063,6617,7356,4338,7356,4338,0,1,train,1631
6064,6619,7466,4276,4276,7466,1,0,train,4647
6065,6620,6615,788,6615,788,0,1,train,6503
6066,6621,4462,8759,8759,4462,1,0,train,1134
6067,6622,5190,8987,8987,5190,1,0,test,961
6068,6623,4836,9222,9222,4836,1,0,train,1560
6069,6625,3857,5886,5886,3857,1,0,test,630
6070,6626,8770,5759,8770,5759,0,1,train,6219
6071,6627,6337,4085,4085,6337,1,0,train,3602
6072,6628,5169,1081,5169,1081,0,1,test,1788
6073,6629,1179,190,190,1179,1,0,train,1769
6074,6630,134,2686,134,2686,0,1,train,5605
6075,6631,255,261,255,261,0,1,train,2124
6076,6632,3993,9197,3993,9197,0,1,train,4125
6077,6633,1002,1230,1002,1230,0,1,train,6587
6078,6635,7987,394,7987,394,0,1,test,648
6079,6636,6013,9212,9212,6013,1,0,train,3754
6080,6637,1970,3403,1970,3403,0,1,train,6471
6081,6638,567,1487,567,1487,0,1,train,6835
6082,6639,4752,3891,4752,3891,0,1,train,6347
6083,6640,4706,8177,4706,8177,0,1,train,5318
6084,6641,6905,4997,6905,4997,0,1,train,6448
6085,6642,9222,7548,9222,7548,0,1,train,5033
6086,6644,4928,7687,7687,4928,1,0,train,3314
6087,6645,2220,219,219,2220,1,0,train,1636
6088,6646,3809,9204,9204,3809,1,0,test,298
6089,6647,6938,6622,6622,6938,1,0,train,4238
6090,6648,4723,619,619,4723,1,0,train,2744
6091,6649,3726,439,439,3726,1,0,train,5134
6092,6651,1900,2673,1900,2673,0,1,train,2840
6093,6652,5865,3077,5865,3077,0,1,train,2457
6094,6653,1016,1430,1016,1430,0,1,test,1921
6095,6654,9285,2527,9285,2527,0,1,test,1075
6096,6656,6086,4873,6086,4873,0,1,train,6543
6097,6657,2351,881,2351,881,0,1,train,7161
6098,6658,4595,5999,4595,5999,0,1,train,2661
6099,6659,1685,6210,6210,1685,1,0,test,1543
6100,6660,7540,6827,6827,7540,1,0,train,2552
6101,6661,4937,3078,3078,4937,1,0,train,2422
6102,6662,9272,1200,1200,9272,1,0,train,2320
6103,6663,4862,1452,4862,1452,0,1,train,1374
6104,6664,9272,1046,9272,1046,0,1,train,5766
6105,6665,3667,5738,3667,5738,0,1,train,2166
6106,6666,381,1510,1510,381,1,0,train,3587
6107,6667,4511,7003,7003,4511,1,0,train,2252
6108,6668,4312,903,903,4312,1,0,train,6129
6109,6669,2141,4133,2141,4133,0,1,train,2492
6110,6670,3530,640,3530,640,0,1,train,1009
6111,6671,1641,4801,4801,1641,1,0,test,597
6112,6673,1846,7791,1846,7791,0,1,test,1491
6113,6674,3027,3856,3856,3027,1,0,train,4575
6114,6675,1119,5583,5583,1119,1,0,train,821
6115,6676,7680,8780,8780,7680,1,0,train,4426
6116,6677,6768,74,6768,74,0,1,train,443
6117,6678,7832,9038,7832,9038,0,1,train,3780
6118,6679,1051,981,981,1051,1,0,train,4138
6119,6681,1385,43,43,1385,1,0,train,5674
6120,6683,343,685,343,685,0,1,train,4320
6121,6684,5059,2213,5059,2213,0,1,train,7160
6122,6685,5697,1558,5697,1558,0,1,train,5348
6123,6686,692,7031,692,7031,0,1,test,1603
6124,6687,131,4858,4858,131,1,0,train,3800
6125,6688,2929,3361,3361,2929,1,0,train,5189
6126,6690,2197,4084,4084,2197,1,0,test,307
6127,6691,3465,320,320,3465,1,0,train,1572
6128,6692,2537,7001,2537,7001,0,1,train,4085
6129,6693,1814,1233,1814,1233,0,1,test,1691
6130,6694,1940,4891,1940,4891,0,1,train,4998
6131,6695,4927,2579,4927,2579,0,1,test,968
6132,6696,5708,5260,5260,5708,1,0,train,3499
6133,6697,2095,2276,2276,2095,1,0,train,2397
6134,6698,7565,790,7565,790,0,1,train,7827
6135,6699,153,2271,153,2271,0,1,train,4758
6136,6700,6514,5201,6514,5201,0,1,train,484
6137,6701,3511,4862,4862,3511,1,0,test,141
6138,6702,3287,6770,6770,3287,1,0,train,3022
6139,6703,408,2199,408,2199,0,1,train,3632
6140,6704,203,8509,8509,203,1,0,train,1585
6141,6705,3040,7873,7873,3040,1,0,train,7498
6142,6706,389,1807,389,1807,0,1,train,5654
6143,6707,5707,6465,6465,5707,1,0,train,7214
6144,6708,589,8235,589,8235,0,1,train,1100
6145,6709,513,1047,1047,513,1,0,train,1920
6146,6710,181,9218,181,9218,0,1,train,5399
6147,6712,356,3293,356,3293,0,1,train,144
6148,6713,546,3507,546,3507,0,1,train,4204
6149,6715,6070,953,6070,953,0,1,train,3461
6150,6716,124,150,150,124,1,0,train,4257
6151,6717,5688,5394,5688,5394,0,1,train,4547
6152,6718,1435,5841,1435,5841,0,1,train,2746
6153,6719,6534,6886,6886,6534,1,0,train,3790
6154,6720,3948,1992,1992,3948,1,0,train,2768
6155,6721,6309,6774,6774,6309,1,0,train,6612
6156,6722,4080,5187,4080,5187,0,1,train,7831
6157,6723,8966,5011,5011,8966,1,0,train,5794
6158,6724,2647,6878,2647,6878,0,1,train,3725
6159,6725,1111,4078,1111,4078,0,1,train,5722
6160,6726,4823,2035,4823,2035,0,1,train,125
6161,6727,2027,6247,2027,6247,0,1,train,2196
6162,6728,292,3342,292,3342,0,1,train,6881
6163,6729,3322,2319,2319,3322,1,0,train,6726
6164,6730,5492,3216,3216,5492,1,0,train,4808
6165,6731,9282,7418,7418,9282,1,0,train,5250
6166,6732,3694,4369,4369,3694,1,0,train,3072
6167,6733,3762,4857,3762,4857,0,1,train,920
6168,6734,2160,7031,2160,7031,0,1,train,4722
6169,6735,4391,3586,3586,4391,1,0,train,1798
6170,6736,5293,3061,5293,3061,0,1,train,2266
6171,6738,8249,5219,8249,5219,0,1,train,2067
6172,6739,1624,29,1624,29,0,1,train,1795
6173,6742,9082,5743,9082,5743,0,1,train,7132
6174,6743,6841,2314,6841,2314,0,1,train,364
6175,6745,4791,8163,8163,4791,1,0,train,1705
6176,6746,5571,8065,5571,8065,0,1,test,1558
6177,6747,2171,3055,3055,2171,1,0,test,1635
6178,6748,2197,1042,1042,2197,1,0,train,2633
6179,6749,3613,5507,5507,3613,1,0,train,381
6180,6750,1471,8202,8202,1471,1,0,train,6221
6181,6751,918,559,559,918,1,0,test,69
6182,6752,3112,4529,4529,3112,1,0,train,2990
6183,6754,5452,3317,5452,3317,0,1,train,6849
6184,6755,2513,8857,8857,2513,1,0,train,5488
6185,6757,8221,2778,2778,8221,1,0,test,421
6186,6759,1927,4958,4958,1927,1,0,train,157
6187,6760,4991,5898,4991,5898,0,1,train,7240
6188,6761,7053,2090,2090,7053,1,0,train,7463
6189,6762,1004,5485,1004,5485,0,1,test,1456
6190,6763,114,1766,1766,114,1,0,test,1142
6191,6764,8000,5931,8000,5931,0,1,train,5390
6192,6765,3395,8832,3395,8832,0,1,test,960
6193,6766,1176,6970,6970,1176,1,0,train,1894
6194,6767,1113,7603,7603,1113,1,0,test,1486
6195,6768,4167,8006,8006,4167,1,0,train,4200
6196,6769,1907,5915,1907,5915,0,1,train,7344
6197,6770,5408,4567,5408,4567,0,1,train,4455
6198,6771,6724,380,380,6724,1,0,test,1708
6199,6772,7280,3634,7280,3634,0,1,train,5054
6200,6773,7800,6668,7800,6668,0,1,train,1651
6201,6774,3798,3153,3798,3153,0,1,train,3536
6202,6776,6868,6549,6549,6868,1,0,train,4915
6203,6777,7149,6256,7149,6256,0,1,test,1140
6204,6778,2377,1113,1113,2377,1,0,train,4918
6205,6779,751,7047,751,7047,0,1,train,889
6206,6780,3834,219,3834,219,0,1,train,2341
6207,6781,8419,4785,4785,8419,1,0,test,1450
6208,6782,5852,5638,5638,5852,1,0,test,27
6209,6783,5481,874,5481,874,0,1,train,2720
6210,6784,5469,2738,2738,5469,1,0,train,5317
6211,6785,3680,1546,3680,1546,0,1,train,1325
6212,6786,115,6872,6872,115,1,0,train,161
6213,6787,4590,5979,4590,5979,0,1,train,3644
6214,6788,4138,7444,7444,4138,1,0,train,215
6215,6789,7145,491,491,7145,1,0,test,909
6216,6790,5322,9102,5322,9102,0,1,train,3145
6217,6791,2546,6768,2546,6768,0,1,train,7243
6218,6792,659,5344,659,5344,0,1,train,2297
6219,6793,687,552,552,687,1,0,train,7015
6220,6795,1631,6204,6204,1631,1,0,train,3135
6221,6796,3004,7722,7722,3004,1,0,train,2089
6222,6797,1068,7982,7982,1068,1,0,train,1397
6223,6798,1357,6171,1357,6171,0,1,train,1475
6224,6799,4832,6563,4832,6563,0,1,train,1704
6225,6800,7493,2778,7493,2778,0,1,train,3016
6226,6801,4757,1797,1797,4757,1,0,train,1504
6227,6802,8635,8784,8635,8784,0,1,train,1421
6228,6803,2332,4031,4031,2332,1,0,test,330
6229,6804,5365,6684,5365,6684,0,1,train,1473
6230,6805,4888,6417,4888,6417,0,1,test,450
6231,6806,5577,2269,5577,2269,0,1,train,5376
6232,6807,3855,7528,7528,3855,1,0,train,1911
6233,6808,8633,568,8633,568,0,1,train,1695
6234,6809,5476,9283,9283,5476,1,0,train,7264
6235,6810,4592,4638,4638,4592,1,0,train,6753
6236,6811,4059,2802,2802,4059,1,0,train,7588
6237,6812,4014,3847,4014,3847,0,1,train,4916
6238,6813,8768,9283,9283,8768,1,0,train,3442
6239,6814,5495,9209,5495,9209,0,1,test,837
6240,6815,3623,1877,3623,1877,0,1,train,3050
6241,6816,1954,7682,7682,1954,1,0,train,4870
6242,6817,2105,5435,5435,2105,1,0,train,5872
6243,6818,6140,630,630,6140,1,0,train,4143
6244,6820,1071,5379,5379,1071,1,0,test,617
6245,6821,1739,1233,1739,1233,0,1,test,1454
6246,6822,2354,7242,2354,7242,0,1,train,2943
6247,6823,1122,3699,3699,1122,1,0,test,1536
6248,6824,7261,1716,1716,7261,1,0,train,5515
6249,6825,7481,6677,7481,6677,0,1,test,1055
6250,6826,7697,4749,4749,7697,1,0,train,2919
6251,6827,899,6197,6197,899,1,0,train,2915
6252,6828,1631,4561,4561,1631,1,0,train,2948
6253,6829,6841,8632,8632,6841,1,0,test,1386
6254,6831,1879,7422,7422,1879,1,0,test,771
6255,6832,5913,1846,5913,1846,0,1,train,5958
6256,6833,1260,2649,2649,1260,1,0,train,6928
6257,6834,1345,4600,4600,1345,1,0,train,2509
6258,6835,4063,7205,4063,7205,0,1,test,293
6259,6836,1890,1884,1884,1890,1,0,train,6582
6260,6837,2215,2186,2186,2215,1,0,train,7699
6261,6838,5927,7115,5927,7115,0,1,test,932
6262,6839,5927,4731,4731,5927,1,0,train,2600
6263,6840,2388,6792,2388,6792,0,1,train,1499
6264,6841,4291,7438,4291,7438,0,1,train,2465
6265,6842,1522,3916,1522,3916,0,1,train,206
6266,6844,4262,7772,4262,7772,0,1,test,80
6267,6845,5047,7339,7339,5047,1,0,test,1369
6268,6847,5035,5036,5035,5036,0,1,train,7477
6269,6848,5160,2307,2307,5160,1,0,test,1554
6270,6849,9041,1148,1148,9041,1,0,test,1473
6271,6850,2239,2053,2053,2239,1,0,train,2064
6272,6851,9262,6579,6579,9262,1,0,test,1751
6273,6852,6748,4329,4329,6748,1,0,train,7819
6274,6853,1519,4670,1519,4670,0,1,train,4524
6275,6854,5164,3380,3380,5164,1,0,test,343
6276,6855,304,9067,9067,304,1,0,train,3124
6277,6856,7186,3917,3917,7186,1,0,train,2491
6278,6857,2015,9304,9304,2015,1,0,train,3167
6279,6858,3022,7234,7234,3022,1,0,test,711
6280,6859,2492,7735,2492,7735,0,1,train,406
6281,6861,2568,4185,2568,4185,0,1,train,2384
6282,6862,5525,3922,5525,3922,0,1,train,6963
6283,6863,1715,3401,1715,3401,0,1,train,4059
6284,6864,6666,1918,1918,6666,1,0,train,1062
6285,6865,504,7565,7565,504,1,0,train,4104
6286,6866,585,3826,585,3826,0,1,test,621
6287,6867,611,2224,2224,611,1,0,train,2096
6288,6868,516,4172,4172,516,1,0,test,1648
6289,6869,304,2006,304,2006,0,1,train,2280
6290,6871,319,4132,319,4132,0,1,train,4346
6291,6872,7989,2351,2351,7989,1,0,train,4688
6292,6873,4678,5748,5748,4678,1,0,train,7707
6293,6874,442,3235,442,3235,0,1,test,1229
6294,6875,450,2498,2498,450,1,0,train,4058
6295,6876,567,655,655,567,1,0,test,1822
6296,6877,853,916,853,916,0,1,test,1684
6297,6878,301,3713,3713,301,1,0,train,1568
6298,6879,4403,6879,6879,4403,1,0,train,7801
6299,6880,6624,3904,6624,3904,0,1,train,1132
6300,6881,4999,4765,4765,4999,1,0,train,351
6301,6882,4382,8845,8845,4382,1,0,train,7103
6302,6883,6391,6507,6507,6391,1,0,test,13
6303,6884,1875,2697,1875,2697,0,1,test,1876
6304,6885,2141,5845,5845,2141,1,0,train,3243
6305,6886,4999,7652,7652,4999,1,0,train,7018
6306,6887,82,5336,5336,82,1,0,train,256
6307,6888,5510,1858,5510,1858,0,1,train,4087
6308,6889,1416,1596,1416,1596,0,1,train,7527
6309,6890,1043,5048,5048,1043,1,0,train,4695
6310,6891,8983,2765,8983,2765,0,1,train,2286
6311,6892,9026,4526,4526,9026,1,0,train,7580
6312,6893,6472,6651,6472,6651,0,1,train,5886
6313,6894,6431,8367,8367,6431,1,0,train,4732
6314,6895,7319,740,740,7319,1,0,test,1338
6315,6896,9318,2968,2968,9318,1,0,train,2539
6316,6897,4679,2482,4679,2482,0,1,train,2597
6317,6898,1115,4720,4720,1115,1,0,train,7311
6318,6899,5295,8210,5295,8210,0,1,train,6743
6319,6900,2449,911,2449,911,0,1,train,112
6320,6901,2791,5634,5634,2791,1,0,train,1875
6321,6902,1246,3474,3474,1246,1,0,train,1090
6322,6903,5695,412,5695,412,0,1,test,1559
6323,6904,1243,4880,4880,1243,1,0,test,285
6324,6906,1449,3391,3391,1449,1,0,train,1533
6325,6907,3789,4803,4803,3789,1,0,test,303
6326,6908,490,6882,6882,490,1,0,train,380
6327,6909,415,2021,2021,415,1,0,train,2283
6328,6910,26,1923,26,1923,0,1,train,4048
6329,6911,459,132,132,459,1,0,train,2021
6330,6913,3967,6755,6755,3967,1,0,test,944
6331,6915,390,5889,390,5889,0,1,train,631
6332,6916,293,838,838,293,1,0,train,2324
6333,6917,500,6977,6977,500,1,0,train,2654
6334,6918,500,1183,1183,500,1,0,test,999
6335,6919,5338,6802,5338,6802,0,1,train,5635
6336,6920,5664,2678,2678,5664,1,0,train,4078
6337,6921,1002,1342,1342,1002,1,0,train,7040
6338,6922,1667,5635,5635,1667,1,0,train,4305
6339,6923,153,4337,153,4337,0,1,train,1784
6340,6924,271,4178,271,4178,0,1,train,3869
6341,6925,1716,983,1716,983,0,1,train,1836
6342,6927,444,2582,2582,444,1,0,train,2610
6343,6928,8077,6251,6251,8077,1,0,test,1099
6344,6929,4572,5870,5870,4572,1,0,train,6530
6345,6930,5035,13,13,5035,1,0,train,563
6346,6931,5699,9102,9102,5699,1,0,train,3659
6347,6932,867,9286,9286,867,1,0,train,4609
6348,6933,1098,6804,1098,6804,0,1,train,548
6349,6935,410,5829,410,5829,0,1,train,4899
6350,6936,3001,40,40,3001,1,0,train,5807
6351,6938,5604,3882,3882,5604,1,0,train,1559
6352,6940,8020,7435,8020,7435,0,1,test,965
6353,6941,1035,6680,6680,1035,1,0,train,7534
6354,6942,999,4132,999,4132,0,1,train,7631
6355,6943,1728,6741,1728,6741,0,1,test,1752
6356,6945,363,1217,1217,363,1,0,test,315
6357,6946,248,2253,248,2253,0,1,train,6143
6358,6947,352,8842,8842,352,1,0,train,1495
6359,6948,332,3278,3278,332,1,0,test,1756
6360,6949,1579,1869,1869,1579,1,0,test,1568
6361,6952,501,2827,501,2827,0,1,train,2080
6362,6953,3979,2877,3979,2877,0,1,train,1295
6363,6954,69,1894,1894,69,1,0,train,4194
6364,6955,8761,4806,4806,8761,1,0,train,4497
6365,6956,1020,2419,1020,2419,0,1,train,1408
6366,6958,731,8516,731,8516,0,1,train,1171
6367,6959,718,7475,718,7475,0,1,train,6380
6368,6960,6033,7125,6033,7125,0,1,train,535
6369,6961,7100,951,951,7100,1,0,train,2307
6370,6962,5608,6923,6923,5608,1,0,train,97
6371,6963,9068,443,9068,443,0,1,test,1436
6372,6964,6445,5985,5985,6445,1,0,train,145
6373,6965,8186,1370,1370,8186,1,0,test,1759
6374,6966,7262,3472,7262,3472,0,1,train,5458
6375,6968,6295,2265,2265,6295,1,0,train,6734
6376,6969,6292,8582,8582,6292,1,0,train,5877
6377,6970,6429,5460,6429,5460,0,1,test,862
6378,6971,576,4997,4997,576,1,0,train,2889
6379,6972,3399,8074,8074,3399,1,0,train,1877
6380,6973,6533,949,949,6533,1,0,train,3583
6381,6974,293,1663,293,1663,0,1,train,1595
6382,6975,198,1574,198,1574,0,1,train,7074
6383,6976,8582,3084,8582,3084,0,1,train,237
6384,6977,6493,747,6493,747,0,1,train,7830
6385,6978,600,1118,600,1118,0,1,train,6714
6386,6979,7134,5591,5591,7134,1,0,train,3777
6387,6981,3297,2393,3297,2393,0,1,test,1794
6388,6982,2820,7768,2820,7768,0,1,test,661
6389,6983,913,5597,5597,913,1,0,train,3055
6390,6984,666,8617,8617,666,1,0,train,4098
6391,6985,704,2841,704,2841,0,1,train,3185
6392,6987,7847,728,728,7847,1,0,test,1451
6393,6988,5266,4195,5266,4195,0,1,train,7600
6394,6989,6656,6876,6656,6876,0,1,train,6298
6395,6990,4969,301,4969,301,0,1,train,1712
6396,6991,4272,1904,4272,1904,0,1,train,6878
6397,6992,1263,5528,5528,1263,1,0,train,1343
6398,6993,8729,1238,8729,1238,0,1,train,6969
6399,6994,744,587,587,744,1,0,train,7774
6400,6995,5788,4609,4609,5788,1,0,train,5294
6401,6996,9123,5004,5004,9123,1,0,train,6196
6402,6998,2080,442,442,2080,1,0,train,5479
6403,6999,1174,2624,1174,2624,0,1,train,5119
6404,7000,743,2357,2357,743,1,0,train,7455
6405,7001,8585,1263,8585,1263,0,1,test,480
6406,7002,8578,1413,1413,8578,1,0,train,653
6407,7003,4177,3361,3361,4177,1,0,train,1454
6408,7004,1145,9155,1145,9155,0,1,train,1157
6409,7005,8009,3394,8009,3394,0,1,train,885
6410,7007,6584,8230,8230,6584,1,0,train,1732
6411,7008,7670,4997,4997,7670,1,0,test,1273
6412,7009,638,2717,638,2717,0,1,train,6281
6413,7010,8587,4127,8587,4127,0,1,test,616
6414,7011,3403,4498,4498,3403,1,0,train,6085
6415,7012,4282,2672,2672,4282,1,0,test,1431
6416,7013,2464,3932,3932,2464,1,0,train,5052
6417,7014,301,5019,301,5019,0,1,train,6359
6418,7015,2970,1487,2970,1487,0,1,test,791
6419,7016,577,2997,577,2997,0,1,train,4549
6420,7017,3065,6793,3065,6793,0,1,train,1938
6421,7018,5541,4992,5541,4992,0,1,train,3413
6422,7019,4093,7692,7692,4093,1,0,train,427
6423,7022,8097,9108,9108,8097,1,0,train,7813
6424,7023,6466,7610,7610,6466,1,0,train,3716
6425,7024,1200,9002,1200,9002,0,1,train,3486
6426,7025,5026,4923,5026,4923,0,1,test,1004
6427,7026,7933,9069,9069,7933,1,0,train,4871
6428,7027,3257,3027,3257,3027,0,1,train,561
6429,7028,4961,5203,5203,4961,1,0,train,1177
6430,7029,1873,4522,4522,1873,1,0,train,4142
6431,7030,6864,2709,6864,2709,0,1,train,5912
6432,7031,3198,9202,3198,9202,0,1,train,7797
6433,7032,4325,8236,4325,8236,0,1,train,5471
6434,7034,5234,2241,2241,5234,1,0,train,1180
6435,7036,450,147,147,450,1,0,train,7394
6436,7037,205,1155,205,1155,0,1,test,1349
6437,7038,5668,3222,3222,5668,1,0,test,846
6438,7039,434,690,690,434,1,0,train,4347
6439,7040,300,6168,6168,300,1,0,train,1250
6440,7041,1249,7511,1249,7511,0,1,train,3872
6441,7042,208,3751,3751,208,1,0,train,3518
6442,7043,2779,7347,2779,7347,0,1,train,3598
6443,7044,2718,6170,2718,6170,0,1,train,1315
6444,7045,3225,2083,2083,3225,1,0,test,1574
6445,7046,5480,6322,5480,6322,0,1,train,5746
6446,7047,1730,8374,8374,1730,1,0,test,1634
6447,7048,2574,8511,2574,8511,0,1,train,419
6448,7049,3944,6960,6960,3944,1,0,test,1850
6449,7051,4485,6640,4485,6640,0,1,test,1329
6450,7052,8719,4581,4581,8719,1,0,train,7317
6451,7053,4010,5114,5114,4010,1,0,train,6090
6452,7054,313,3603,3603,313,1,0,test,1618
6453,7055,1754,5801,5801,1754,1,0,train,2072
6454,7056,144,9058,144,9058,0,1,test,601
6455,7057,7240,9133,9133,7240,1,0,train,7296
6456,7058,8162,2218,8162,2218,0,1,test,1344
6457,7059,3452,3539,3539,3452,1,0,train,1014
6458,7060,5835,3799,3799,5835,1,0,train,5809
6459,7061,7331,6468,7331,6468,0,1,train,6381
6460,7062,7847,2352,2352,7847,1,0,train,3006
6461,7064,5263,6285,5263,6285,0,1,test,61
6462,7065,2229,9324,9324,2229,1,0,train,7350
6463,7066,2229,4040,2229,4040,0,1,train,4050
6464,7067,3890,1952,1952,3890,1,0,train,1391
6465,7068,1130,3619,1130,3619,0,1,train,4056
6466,7069,967,8337,8337,967,1,0,train,1167
6467,7071,3324,2276,2276,3324,1,0,train,7373
6468,7072,3386,1811,1811,3386,1,0,train,976
6469,7073,8022,5085,5085,8022,1,0,train,5063
6470,7074,1468,293,1468,293,0,1,train,3255
6471,7075,2262,1338,1338,2262,1,0,train,5899
6472,7077,303,6483,6483,303,1,0,train,2778
6473,7078,439,630,630,439,1,0,train,1297
6474,7079,612,1801,612,1801,0,1,train,3569
6475,7080,8657,2263,2263,8657,1,0,train,503
6476,7081,5155,8337,8337,5155,1,0,train,6527
6477,7082,1525,3797,1525,3797,0,1,train,7107
6478,7084,5379,2942,5379,2942,0,1,test,385
6479,7085,1392,6853,6853,1392,1,0,train,6921
6480,7086,4857,4559,4857,4559,0,1,train,5107
6481,7087,4707,4892,4892,4707,1,0,train,7803
6482,7088,5400,2515,2515,5400,1,0,train,2888
6483,7089,8525,5838,8525,5838,0,1,train,3378
6484,7090,1212,8966,8966,1212,1,0,test,1685
6485,7091,915,2041,915,2041,0,1,train,6201
6486,7092,1156,8957,1156,8957,0,1,test,1769
6487,7094,2833,485,485,2833,1,0,train,2038
6488,7095,7630,2284,7630,2284,0,1,train,1108
6489,7097,6566,8150,6566,8150,0,1,train,5281
6490,7098,284,4689,284,4689,0,1,train,2180
6491,7099,108,1270,108,1270,0,1,train,3578
6492,7100,1330,6768,6768,1330,1,0,test,1508
6493,7101,4126,2630,4126,2630,0,1,train,4648
6494,7103,5333,4699,4699,5333,1,0,train,2245
6495,7104,5333,1868,1868,5333,1,0,test,1307
6496,7105,6207,4821,6207,4821,0,1,train,3990
6497,7106,286,2910,2910,286,1,0,train,2972
6498,7107,1078,4577,4577,1078,1,0,train,747
6499,7108,293,1619,293,1619,0,1,train,5040
6500,7109,1560,7831,1560,7831,0,1,train,4528
6501,7110,577,5682,5682,577,1,0,train,7709
6502,7111,292,6178,6178,292,1,0,train,1876
6503,7112,326,2208,2208,326,1,0,test,413
6504,7113,207,2295,2295,207,1,0,train,3848
6505,7114,5164,6122,6122,5164,1,0,train,7848
6506,7115,1197,4140,1197,4140,0,1,train,4737
6507,7116,5641,9005,5641,9005,0,1,test,78
6508,7117,8020,5692,8020,5692,0,1,train,7099
6509,7118,5225,1919,5225,1919,0,1,train,387
6510,7119,7242,1102,1102,7242,1,0,train,1865
6511,7121,3430,9100,3430,9100,0,1,train,4718
6512,7122,6900,4479,6900,4479,0,1,test,1192
6513,7123,1957,311,1957,311,0,1,train,6535
6514,7124,5,6920,6920,5,1,0,train,4608
6515,7125,1601,6004,6004,1601,1,0,test,1168
6516,7126,5157,6956,5157,6956,0,1,train,4599
6517,7128,561,4138,561,4138,0,1,train,2285
6518,7129,490,3186,3186,490,1,0,test,357
6519,7131,704,239,239,704,1,0,train,3978
6520,7132,700,4424,4424,700,1,0,test,1660
6521,7133,3261,193,193,3261,1,0,train,5550
6522,7134,471,5639,471,5639,0,1,train,2199
6523,7135,3261,8985,8985,3261,1,0,train,6683
6524,7136,6362,8568,8568,6362,1,0,test,796
6525,7137,6891,7908,6891,7908,0,1,train,5353
6526,7138,3533,8151,3533,8151,0,1,train,2741
6527,7139,1439,3389,1439,3389,0,1,test,868
6528,7140,6071,7176,7176,6071,1,0,train,5338
6529,7141,259,8630,259,8630,0,1,train,2917
6530,7142,567,6216,567,6216,0,1,test,1677
6531,7143,7144,689,7144,689,0,1,train,5632
6532,7145,798,4491,4491,798,1,0,test,310
6533,7146,8017,7920,8017,7920,0,1,train,7180
6534,7147,7784,1993,7784,1993,0,1,train,1239
6535,7148,5263,2029,5263,2029,0,1,train,826
6536,7149,2783,3776,3776,2783,1,0,train,7364
6537,7150,4975,3757,4975,3757,0,1,train,7363
6538,7152,7404,3974,7404,3974,0,1,train,208
6539,7153,5333,3876,3876,5333,1,0,train,3489
6540,7155,613,965,613,965,0,1,test,1130
6541,7156,4317,9272,4317,9272,0,1,train,2183
6542,7157,2906,3238,3238,2906,1,0,test,221
6543,7158,3009,4399,3009,4399,0,1,train,1745
6544,7159,1474,88,1474,88,0,1,train,5138
6545,7160,5584,810,5584,810,0,1,test,850
6546,7161,4461,7364,7364,4461,1,0,train,117
6547,7162,771,2321,2321,771,1,0,train,3279
6548,7164,3089,9084,9084,3089,1,0,test,1324
6549,7165,761,7216,7216,761,1,0,test,492
6550,7166,4952,6090,4952,6090,0,1,train,959
6551,7167,6653,5028,6653,5028,0,1,train,2731
6552,7168,3226,6342,6342,3226,1,0,train,6299
6553,7169,4519,7251,4519,7251,0,1,train,705
6554,7170,1293,7410,7410,1293,1,0,test,225
6555,7171,1113,694,1113,694,0,1,train,5864
6556,7172,1214,3334,3334,1214,1,0,test,491
6557,7173,6108,8628,6108,8628,0,1,train,3612
6558,7174,3002,5300,3002,5300,0,1,train,6554
6559,7175,9001,396,396,9001,1,0,train,1934
6560,7176,2675,4769,2675,4769,0,1,train,5339
6561,7177,204,7293,204,7293,0,1,test,1777
6562,7178,1629,8443,1629,8443,0,1,test,1841
6563,7180,7720,3373,3373,7720,1,0,test,883
6564,7181,4921,8457,8457,4921,1,0,train,516
6565,7183,5664,6189,5664,6189,0,1,train,246
6566,7184,8929,2851,8929,2851,0,1,train,275
6567,7186,4106,2707,4106,2707,0,1,train,1954
6568,7187,52,7966,52,7966,0,1,train,423
6569,7190,563,4329,563,4329,0,1,train,2908
6570,7191,439,4215,4215,439,1,0,train,3171
6571,7192,2925,9199,2925,9199,0,1,train,735
6572,7193,3562,1167,1167,3562,1,0,train,3649
6573,7194,3109,2935,2935,3109,1,0,train,3843
6574,7195,4491,836,4491,836,0,1,train,2488
6575,7196,326,3589,3589,326,1,0,train,2425
6576,7197,9128,6869,6869,9128,1,0,train,3970
6577,7198,2026,8012,2026,8012,0,1,test,912
6578,7199,4772,8020,8020,4772,1,0,train,2336
6579,7200,4448,8063,4448,8063,0,1,train,1413
6580,7202,3912,1590,3912,1590,0,1,train,7674
6581,7203,2616,4438,4438,2616,1,0,test,1395
6582,7204,6571,4614,6571,4614,0,1,train,7652
6583,7205,234,5320,5320,234,1,0,train,3028
6584,7206,2904,301,2904,301,0,1,train,3660
6585,7207,131,4154,4154,131,1,0,train,6724
6586,7208,436,7475,7475,436,1,0,test,186
6587,7209,1002,7100,1002,7100,0,1,train,2772
6588,7210,5655,2705,5655,2705,0,1,test,30
6589,7211,1422,5771,1422,5771,0,1,train,3368
6590,7212,6837,4906,6837,4906,0,1,train,6270
6591,7213,8646,7147,8646,7147,0,1,train,2234
6592,7214,9095,1542,1542,9095,1,0,train,6224
6593,7215,1044,8902,1044,8902,0,1,test,1224
6594,7216,3755,8147,8147,3755,1,0,train,853
6595,7218,6698,6788,6698,6788,0,1,test,546
6596,7219,497,3661,497,3661,0,1,train,635
6597,7220,471,7689,7689,471,1,0,test,554
6598,7221,589,7778,7778,589,1,0,train,6603
6599,7223,789,8834,8834,789,1,0,train,7389
6600,7224,5700,7618,7618,5700,1,0,train,6464
6601,7225,9171,6317,9171,6317,0,1,train,1597
6602,7226,7874,7798,7874,7798,0,1,train,6661
6603,7227,6664,4538,6664,4538,0,1,train,1821
6604,7228,3503,396,396,3503,1,0,train,3987
6605,7229,8571,7851,7851,8571,1,0,train,7298
6606,7230,5932,1135,5932,1135,0,1,train,2163
6607,7231,5322,4473,5322,4473,0,1,train,1246
6608,7232,912,2207,912,2207,0,1,test,1134
6609,7233,2888,2210,2210,2888,1,0,train,324
6610,7234,3248,2756,3248,2756,0,1,train,1416
6611,7235,134,6263,134,6263,0,1,train,6168
6612,7236,211,6551,211,6551,0,1,train,2030
6613,7237,1017,5727,1017,5727,0,1,train,5265
6614,7238,2449,6819,2449,6819,0,1,test,16
6615,7239,1678,9068,1678,9068,0,1,train,7751
6616,7241,534,3160,534,3160,0,1,train,3498
6617,7242,460,6429,6429,460,1,0,train,3883
6618,7243,3354,7034,3354,7034,0,1,test,1122
6619,7244,1319,8100,1319,8100,0,1,train,2830
6620,7245,1317,1511,1511,1317,1,0,train,5631
6621,7246,1400,1672,1672,1400,1,0,train,1749
6622,7247,6076,2389,6076,2389,0,1,test,1892
6623,7248,5923,8240,8240,5923,1,0,train,2317
6624,7249,1169,4372,4372,1169,1,0,train,2429
6625,7250,349,569,569,349,1,0,train,1104
6626,7251,3366,8008,3366,8008,0,1,test,1221
6627,7252,2976,4932,4932,2976,1,0,test,227
6628,7253,1294,8705,8705,1294,1,0,train,2712
6629,7254,434,2027,434,2027,0,1,train,760
6630,7255,7852,6627,7852,6627,0,1,train,3440
6631,7256,1467,3887,1467,3887,0,1,train,4802
6632,7257,7504,7990,7504,7990,0,1,test,1896
6633,7258,6884,2857,6884,2857,0,1,train,6007
6634,7259,2469,802,802,2469,1,0,test,1452
6635,7260,5610,1156,1156,5610,1,0,train,3068
6636,7261,617,431,617,431,0,1,test,533
6637,7262,6596,7796,7796,6596,1,0,train,2980
6638,7264,267,1176,267,1176,0,1,train,2363
6639,7265,4412,7114,7114,4412,1,0,train,6010
6640,7266,849,728,728,849,1,0,train,1127
6641,7267,211,1116,1116,211,1,0,test,680
6642,7269,1650,1192,1650,1192,0,1,train,5981
6643,7270,3225,9146,3225,9146,0,1,train,416
6644,7271,261,9012,261,9012,0,1,train,1193
6645,7272,1477,401,1477,401,0,1,train,1190
6646,7273,437,1013,1013,437,1,0,train,4644
6647,7274,4319,740,4319,740,0,1,train,5643
6648,7275,4476,8733,8733,4476,1,0,test,1455
6649,7276,6066,705,705,6066,1,0,train,7257
6650,7277,8580,5415,8580,5415,0,1,train,3383
6651,7278,1483,6517,1483,6517,0,1,train,6985
6652,7279,5769,2461,2461,5769,1,0,train,1411
6653,7280,1273,6478,1273,6478,0,1,train,2713
6654,7281,7075,8963,7075,8963,0,1,train,4259
6655,7282,1263,481,1263,481,0,1,train,643
6656,7284,1275,2993,2993,1275,1,0,test,973
6657,7285,3373,5477,3373,5477,0,1,train,967
6658,7286,412,3796,412,3796,0,1,test,1293
6659,7287,5333,5236,5236,5333,1,0,train,5576
6660,7288,2567,2736,2736,2567,1,0,test,1376
6661,7289,8392,7334,7334,8392,1,0,train,7624
6662,7290,8994,3946,8994,3946,0,1,train,708
6663,7291,1668,7020,7020,1668,1,0,train,1489
6664,7292,4757,2917,2917,4757,1,0,train,1114
6665,7295,170,9174,170,9174,0,1,train,2884
6666,7296,237,5741,5741,237,1,0,train,378
6667,7297,405,1240,405,1240,0,1,train,3842
6668,7299,5625,3285,5625,3285,0,1,train,772
6669,7301,602,7854,602,7854,0,1,train,6935
6670,7302,861,648,861,648,0,1,train,4563
6671,7303,572,2390,572,2390,0,1,train,2193
6672,7304,914,9292,9292,914,1,0,test,1474
6673,7305,3385,2159,3385,2159,0,1,test,268
6674,7306,8889,32,8889,32,0,1,train,303
6675,7307,3987,112,3987,112,0,1,train,7570
6676,7308,3282,9127,9127,3282,1,0,test,296
6677,7309,3947,6065,6065,3947,1,0,test,1780
6678,7310,5845,5230,5230,5845,1,0,train,2485
6679,7312,8257,5225,8257,5225,0,1,train,1434
6680,7313,1184,6357,1184,6357,0,1,train,3631
6681,7314,5033,8992,8992,5033,1,0,train,2377
6682,7315,2849,6201,2849,6201,0,1,train,6584
6683,7316,4350,8009,4350,8009,0,1,train,4712
6684,7318,3186,4914,4914,3186,1,0,train,3020
6685,7319,2525,8532,2525,8532,0,1,test,356
6686,7321,8164,6018,6018,8164,1,0,train,3868
6687,7322,1192,2852,1192,2852,0,1,test,532
6688,7323,2046,3015,3015,2046,1,0,test,205
6689,7324,8169,8917,8169,8917,0,1,train,4946
6690,7327,1555,8330,1555,8330,0,1,test,1156
6691,7328,5119,220,220,5119,1,0,train,1512
6692,7329,5663,3291,3291,5663,1,0,test,1
6693,7330,1674,700,700,1674,1,0,test,1080
6694,7331,8692,5545,8692,5545,0,1,train,7867
6695,7332,771,786,786,771,1,0,train,7355
6696,7333,955,1239,955,1239,0,1,test,508
6697,7334,2748,1826,2748,1826,0,1,train,2059
6698,7336,1673,5890,1673,5890,0,1,test,1415
6699,7337,2616,188,2616,188,0,1,train,3586
6700,7338,1127,8827,8827,1127,1,0,train,1602
6701,7339,6206,5221,6206,5221,0,1,train,5287
6702,7341,7747,6708,7747,6708,0,1,train,1349
6703,7343,3747,6788,3747,6788,0,1,train,2387
6704,7344,5365,2039,5365,2039,0,1,train,130
6705,7345,7135,6135,7135,6135,0,1,train,4665
6706,7346,129,4277,129,4277,0,1,test,1008
6707,7347,3395,3954,3954,3395,1,0,train,2140
6708,7348,6254,713,6254,713,0,1,train,4510
6709,7349,1379,3244,3244,1379,1,0,test,3
6710,7350,5187,2141,5187,2141,0,1,test,887
6711,7351,304,6934,6934,304,1,0,train,6995
6712,7353,193,102,102,193,1,0,train,773
6713,7354,2923,819,2923,819,0,1,train,2526
6714,7355,383,5756,383,5756,0,1,train,759
6715,7356,585,8654,585,8654,0,1,train,3758
6716,7357,5333,1335,1335,5333,1,0,train,6416
6717,7358,1016,2188,1016,2188,0,1,train,6650
6718,7359,4320,2839,2839,4320,1,0,train,1005
6719,7360,1182,5680,5680,1182,1,0,train,1902
6720,7361,844,5101,5101,844,1,0,train,2758
6721,7362,350,8692,350,8692,0,1,train,2106
6722,7364,6468,7960,6468,7960,0,1,train,393
6723,7365,386,6090,6090,386,1,0,train,2580
6724,7366,7546,8892,8892,7546,1,0,train,3891
6725,7367,1822,5497,1822,5497,0,1,train,5859
6726,7368,7277,2419,2419,7277,1,0,test,1280
6727,7369,171,9211,171,9211,0,1,train,831
6728,7371,8384,589,589,8384,1,0,train,5123
6729,7372,1846,5344,1846,5344,0,1,train,6774
6730,7373,6550,3696,6550,3696,0,1,train,3004
6731,7375,1354,7359,1354,7359,0,1,train,6235
6732,7376,1676,2657,1676,2657,0,1,train,7654
6733,7377,579,4831,4831,579,1,0,train,3127
6734,7378,249,8277,249,8277,0,1,train,528
6735,7380,2449,3910,3910,2449,1,0,train,7607
6736,7381,2763,2700,2700,2763,1,0,train,2000
6737,7383,4391,8170,4391,8170,0,1,train,5724
6738,7384,944,4066,944,4066,0,1,test,174
6739,7385,3225,7314,3225,7314,0,1,train,6552
6740,7386,3130,4766,4766,3130,1,0,train,7593
6741,7387,9285,7646,7646,9285,1,0,train,5345
6742,7388,6613,2699,2699,6613,1,0,train,6038
6743,7389,1942,4632,4632,1942,1,0,train,4669
6744,7390,1994,4102,4102,1994,1,0,train,3818
6745,7391,5052,8492,5052,8492,0,1,train,3963
6746,7392,771,6001,6001,771,1,0,train,5158
6747,7393,579,8174,579,8174,0,1,train,502
6748,7394,579,6167,6167,579,1,0,train,2171
6749,7395,3000,1737,3000,1737,0,1,test,1901
6750,7396,5435,6569,5435,6569,0,1,train,6469
6751,7397,4697,1724,1724,4697,1,0,test,1929
6752,7398,6602,959,6602,959,0,1,test,1094
6753,7399,1331,120,120,1331,1,0,train,1109
6754,7401,4459,867,4459,867,0,1,train,7633
6755,7403,4676,9114,9114,4676,1,0,train,2893
6756,7404,2758,4265,2758,4265,0,1,train,3163
6757,7405,943,7224,943,7224,0,1,test,1647
6758,7406,1972,6553,1972,6553,0,1,train,1058
6759,7407,3914,5138,3914,5138,0,1,train,36
6760,7408,439,9228,439,9228,0,1,test,1925
6761,7409,5333,6862,6862,5333,1,0,train,3432
6762,7410,4975,6476,6476,4975,1,0,train,1291
6763,7411,1085,3850,1085,3850,0,1,test,1356
6764,7412,216,6581,216,6581,0,1,train,5071
6765,7414,474,5709,5709,474,1,0,train,4666
6766,7415,404,83,83,404,1,0,train,2331
6767,7416,4097,3782,4097,3782,0,1,train,6166
6768,7417,7826,8500,8500,7826,1,0,train,2506
6769,7418,6592,7856,7856,6592,1,0,test,1808
6770,7420,302,5135,5135,302,1,0,train,1146
6771,7421,598,6303,6303,598,1,0,train,95
6772,7422,4261,7795,7795,4261,1,0,train,4842
6773,7423,5870,8169,5870,8169,0,1,test,1512
6774,7425,6037,7750,6037,7750,0,1,train,650
6775,7426,3346,8361,3346,8361,0,1,train,3686
6776,7427,1387,671,671,1387,1,0,train,4388
6777,7428,4625,2207,4625,2207,0,1,train,572
6778,7429,1813,759,759,1813,1,0,train,784
6779,7430,3117,2809,3117,2809,0,1,train,3723
6780,7431,8111,7270,7270,8111,1,0,train,7649
6781,7432,6025,6302,6025,6302,0,1,train,7613
6782,7433,7628,2170,7628,2170,0,1,train,1451
6783,7434,4021,1859,1859,4021,1,0,train,1092
6784,7435,4036,3264,4036,3264,0,1,test,1289
6785,7436,2761,4574,2761,4574,0,1,train,7218
6786,7437,6149,8067,6149,8067,0,1,train,6772
6787,7439,5480,6755,5480,6755,0,1,train,4997
6788,7440,921,873,873,921,1,0,train,7650
6789,7441,6934,4820,4820,6934,1,0,train,632
6790,7442,1806,4276,1806,4276,0,1,train,5046
6791,7443,9007,1170,9007,1170,0,1,train,5510
6792,7444,2633,8958,2633,8958,0,1,train,683
6793,7445,4986,710,710,4986,1,0,test,580
6794,7446,8749,7184,7184,8749,1,0,train,6345
6795,7447,7164,194,194,7164,1,0,train,4604
6796,7448,6276,8178,8178,6276,1,0,train,5222
6797,7449,9186,1816,1816,9186,1,0,train,3122
6798,7450,5631,5016,5016,5631,1,0,test,257
6799,7451,3261,3939,3261,3939,0,1,train,3653
6800,7452,268,1411,268,1411,0,1,test,644
6801,7453,378,5392,5392,378,1,0,test,1465
6802,7454,582,4455,4455,582,1,0,train,3901
6803,7455,5642,6537,6537,5642,1,0,train,5512
6804,7456,1408,2972,2972,1408,1,0,test,1502
6805,7457,421,3037,421,3037,0,1,train,804
6806,7458,9269,2616,2616,9269,1,0,train,754
6807,7459,378,9314,9314,378,1,0,train,5314
6808,7461,378,7902,378,7902,0,1,train,4081
6809,7462,378,9141,9141,378,1,0,train,6433
6810,7463,378,5036,378,5036,0,1,train,4314
6811,7464,9290,1001,1001,9290,1,0,train,642
6812,7465,8435,157,157,8435,1,0,test,763
6813,7466,4463,7729,4463,7729,0,1,train,7378
6814,7467,547,8697,547,8697,0,1,train,7293
6815,7469,5671,4502,4502,5671,1,0,train,6407
6816,7470,2930,6451,6451,2930,1,0,train,2837
6817,7471,997,5050,5050,997,1,0,train,3418
6818,7472,3004,5571,5571,3004,1,0,train,5227
6819,7473,378,8411,378,8411,0,1,train,637
6820,7474,994,2048,2048,994,1,0,test,1429
6821,7475,4531,2366,2366,4531,1,0,train,5526
6822,7477,4220,4449,4449,4220,1,0,train,5401
6823,7478,1110,7061,1110,7061,0,1,train,6258
6824,7479,3565,205,3565,205,0,1,train,4349
6825,7480,6108,6697,6108,6697,0,1,train,2743
6826,7481,6990,146,146,6990,1,0,train,4330
6827,7482,551,7053,551,7053,0,1,train,5211
6828,7483,441,3589,441,3589,0,1,train,7269
6829,7484,6405,289,289,6405,1,0,train,588
6830,7485,3339,7435,3339,7435,0,1,train,1823
6831,7486,2508,1688,1688,2508,1,0,train,5362
6832,7487,4020,3127,3127,4020,1,0,train,1440
6833,7488,3521,5558,3521,5558,0,1,train,1209
6834,7490,7821,7755,7821,7755,0,1,train,5559
6835,7491,4079,1225,4079,1225,0,1,train,991
6836,7492,598,8174,598,8174,0,1,train,4704
6837,7493,5930,6951,6951,5930,1,0,train,525
6838,7494,8417,1163,1163,8417,1,0,test,753
6839,7495,7308,8324,7308,8324,0,1,train,356
6840,7496,9066,7935,7935,9066,1,0,train,2813
6841,7497,281,4685,281,4685,0,1,train,2502
6842,7499,6208,4488,4488,6208,1,0,test,462
6843,7500,5282,123,5282,123,0,1,train,4488
6844,7501,6066,4514,4514,6066,1,0,train,5602
6845,7502,1113,1257,1113,1257,0,1,test,582
6846,7504,7324,6943,6943,7324,1,0,test,1413
6847,7505,5789,243,243,5789,1,0,test,432
6848,7506,7469,1679,7469,1679,0,1,train,2230
6849,7507,3112,9232,9232,3112,1,0,train,1910
6850,7508,9033,7376,9033,7376,0,1,train,2351
6851,7509,3314,4879,4879,3314,1,0,train,5577
6852,7510,2028,4600,2028,4600,0,1,train,2733
6853,7511,6458,1526,1526,6458,1,0,train,7854
6854,7512,1113,3375,3375,1113,1,0,train,7051
6855,7514,1113,3713,3713,1113,1,0,train,2792
6856,7515,6131,5719,6131,5719,0,1,train,235
6857,7516,1692,5360,5360,1692,1,0,test,1583
6858,7517,1709,6100,1709,6100,0,1,test,633
6859,7518,6084,2532,6084,2532,0,1,train,3607
6860,7519,1578,5583,5583,1578,1,0,train,1410
6861,7520,6354,9075,9075,6354,1,0,train,2914
6862,7521,1883,7020,1883,7020,0,1,train,1628
6863,7522,5124,474,5124,474,0,1,train,4841
6864,7523,1113,7104,1113,7104,0,1,train,4514
6865,7524,5480,7122,5480,7122,0,1,test,1902
6866,7525,2200,4749,2200,4749,0,1,train,3199
6867,7526,5317,2541,5317,2541,0,1,train,6891
6868,7528,1653,4574,4574,1653,1,0,train,3840
6869,7529,1890,6262,1890,6262,0,1,train,6916
6870,7531,1822,6668,1822,6668,0,1,train,6557
6871,7532,3881,5381,5381,3881,1,0,train,5616
6872,7533,2355,3117,3117,2355,1,0,train,1321
6873,7534,7054,1709,7054,1709,0,1,train,7397
6874,7535,326,8895,8895,326,1,0,train,3908
6875,7536,857,3052,3052,857,1,0,train,4556
6876,7537,1270,5326,5326,1270,1,0,train,1486
6877,7538,7637,6337,7637,6337,0,1,test,881
6878,7540,8254,8451,8254,8451,0,1,train,7657
6879,7541,7781,5359,5359,7781,1,0,train,1433
6880,7542,4160,5764,5764,4160,1,0,train,132
6881,7543,1674,6420,6420,1674,1,0,train,2147
6882,7544,4940,2714,4940,2714,0,1,train,5293
6883,7545,5358,229,229,5358,1,0,train,6086
6884,7546,3324,6764,6764,3324,1,0,train,2699
6885,7547,6643,7547,7547,6643,1,0,train,6668
6886,7548,2193,6312,6312,2193,1,0,train,485
6887,7549,3366,1689,1689,3366,1,0,test,147
6888,7550,6235,3631,3631,6235,1,0,train,6272
6889,7551,8314,3553,8314,3553,0,1,train,4174
6890,7552,7624,8439,7624,8439,0,1,train,5332
6891,7553,5433,2227,2227,5433,1,0,train,3794
6892,7554,1355,4804,1355,4804,0,1,train,3350
6893,7555,1669,4220,4220,1669,1,0,train,1043
6894,7557,1535,1786,1786,1535,1,0,test,1016
6895,7558,2185,3926,2185,3926,0,1,train,7609
6896,7560,8429,50,8429,50,0,1,test,1912
6897,7561,1372,5998,1372,5998,0,1,train,1543
6898,7562,1665,4213,4213,1665,1,0,train,7616
6899,7563,1372,6320,1372,6320,0,1,train,3404
6900,7564,5045,214,5045,214,0,1,train,6941
6901,7565,8285,2814,2814,8285,1,0,train,1017
6902,7566,4316,1490,4316,1490,0,1,train,6819
6903,7567,5350,3695,3695,5350,1,0,train,4821
6904,7568,4932,7049,7049,4932,1,0,train,4145
6905,7569,4036,1962,1962,4036,1,0,test,171
6906,7570,6406,6241,6241,6406,1,0,train,933
6907,7571,1341,7789,1341,7789,0,1,train,5027
6908,7572,4899,4297,4297,4899,1,0,train,6254
6909,7573,4646,7031,7031,4646,1,0,train,2515
6910,7574,1990,3287,3287,1990,1,0,train,3591
6911,7575,8871,5881,8871,5881,0,1,train,5382
6912,7576,2027,7597,2027,7597,0,1,train,4947
6913,7577,9033,3685,3685,9033,1,0,train,869
6914,7578,7145,2305,7145,2305,0,1,train,212
6915,7579,5224,822,5224,822,0,1,train,3149
6916,7580,6438,8107,6438,8107,0,1,train,1982
6917,7581,2037,7598,7598,2037,1,0,train,3219
6918,7582,5095,5208,5208,5095,1,0,train,1700
6919,7583,8392,1601,8392,1601,0,1,train,2020
6920,7584,3337,8820,8820,3337,1,0,train,2162
6921,7585,7097,5325,5325,7097,1,0,train,6882
6922,7586,5405,6561,6561,5405,1,0,test,559
6923,7587,8624,7354,7354,8624,1,0,test,1828
6924,7588,3774,5146,3774,5146,0,1,train,4885
6925,7589,6434,3850,6434,3850,0,1,test,1285
6926,7590,6434,9178,6434,9178,0,1,train,3888
6927,7591,8633,3543,3543,8633,1,0,train,2055
6928,7592,3337,7861,7861,3337,1,0,train,1126
6929,7595,5391,4241,5391,4241,0,1,train,4760
6930,7596,2761,3716,2761,3716,0,1,train,1583
6931,7597,3496,4368,4368,3496,1,0,test,933
6932,7598,6434,3425,6434,3425,0,1,train,3894
6933,7599,7975,5275,7975,5275,0,1,train,3831
6934,7601,5796,6670,5796,6670,0,1,train,6046
6935,7602,6349,116,116,6349,1,0,train,2913
6936,7603,7866,5220,5220,7866,1,0,train,7080
6937,7604,3710,5048,3710,5048,0,1,train,3766
6938,7605,1931,9243,9243,1931,1,0,train,3693
6939,7606,6090,2940,6090,2940,0,1,train,3148
6940,7607,6915,8304,8304,6915,1,0,train,871
6941,7609,3885,6591,6591,3885,1,0,train,517
6942,7610,5260,647,647,5260,1,0,train,78
6943,7611,4156,3377,3377,4156,1,0,train,1760
6944,7612,7004,7138,7138,7004,1,0,train,7260
6945,7613,8256,8196,8196,8256,1,0,train,1069
6946,7614,3207,4720,4720,3207,1,0,train,2754
6947,7615,8256,3333,3333,8256,1,0,train,6102
6948,7616,8256,3149,3149,8256,1,0,train,3579
6949,7617,680,1816,680,1816,0,1,train,5619
6950,7618,9025,5433,9025,5433,0,1,train,4810
6951,7619,5022,4911,5022,4911,0,1,train,3076
6952,7620,35,3523,3523,35,1,0,test,376
6953,7621,3027,4798,3027,4798,0,1,train,2192
6954,7623,1556,4364,4364,1556,1,0,train,6177
6955,7624,417,3269,417,3269,0,1,test,1173
6956,7625,3981,1920,3981,1920,0,1,train,568
6957,7626,4381,2999,4381,2999,0,1,test,1423
6958,7627,3167,9128,3167,9128,0,1,test,772
6959,7628,876,8658,876,8658,0,1,train,4140
6960,7629,1893,3169,1893,3169,0,1,train,6003
6961,7630,9304,2085,9304,2085,0,1,train,5717
6962,7631,784,7287,784,7287,0,1,train,6793
6963,7632,7734,6616,7734,6616,0,1,train,5221
6964,7633,784,848,848,784,1,0,train,7468
6965,7634,3860,3028,3028,3860,1,0,train,422
6966,7635,784,3054,3054,784,1,0,train,842
6967,7636,3307,6745,3307,6745,0,1,train,1395
6968,7637,3282,4852,3282,4852,0,1,train,6391
6969,7638,5287,2887,2887,5287,1,0,train,4218
6970,7639,8054,2366,2366,8054,1,0,train,4771
6971,7640,5525,4885,5525,4885,0,1,train,5607
6972,7641,342,6319,342,6319,0,1,train,6314
6973,7642,6467,6151,6151,6467,1,0,train,4850
6974,7643,6848,6381,6848,6381,0,1,train,6917
6975,7644,3581,7383,7383,3581,1,0,train,2710
6976,7645,8907,3799,8907,3799,0,1,train,7142
6977,7646,2342,8275,2342,8275,0,1,train,1698
6978,7647,1869,577,1869,577,0,1,train,6373
6979,7648,6435,4502,6435,4502,0,1,train,2857
6980,7649,5887,6661,5887,6661,0,1,train,5282
6981,7650,2387,3179,2387,3179,0,1,train,5778
6982,7651,3305,512,3305,512,0,1,train,2922
6983,7652,3061,8757,3061,8757,0,1,train,910
6984,7653,5019,5314,5019,5314,0,1,train,7553
6985,7654,439,7907,7907,439,1,0,train,5745
6986,7655,1001,7806,7806,1001,1,0,train,5931
6987,7656,332,2549,2549,332,1,0,test,1193
6988,7657,8527,3742,3742,8527,1,0,test,1073
6989,7658,943,8674,943,8674,0,1,train,3435
6990,7660,6399,2631,2631,6399,1,0,train,4529
6991,7661,1869,2947,2947,1869,1,0,train,2477
6992,7662,9018,411,411,9018,1,0,test,1282
6993,7663,4947,8003,8003,4947,1,0,train,6432
6994,7664,9131,5465,5465,9131,1,0,train,2844
6995,7665,9131,6054,6054,9131,1,0,train,3545
6996,7666,9094,3259,9094,3259,0,1,test,541
6997,7667,3528,6451,3528,6451,0,1,test,920
6998,7668,131,9045,131,9045,0,1,train,1189
6999,7669,2239,1223,2239,1223,0,1,train,5952
7000,7670,5899,3034,5899,3034,0,1,train,3431
7001,7671,1400,9262,1400,9262,0,1,test,23
7002,7672,2996,8424,8424,2996,1,0,test,1446
7003,7673,6689,8974,6689,8974,0,1,train,4063
7004,7674,805,5761,5761,805,1,0,train,6815
7005,7676,5009,7377,5009,7377,0,1,train,30
7006,7677,5286,5090,5090,5286,1,0,train,5039
7007,7678,2139,7260,7260,2139,1,0,test,1196
7008,7679,1925,4282,4282,1925,1,0,train,7279
7009,7680,1728,8477,1728,8477,0,1,train,3060
7010,7681,3351,9236,3351,9236,0,1,train,5639
7011,7682,808,3977,808,3977,0,1,train,3000
7012,7683,3130,8807,8807,3130,1,0,test,623
7013,7684,6697,6956,6956,6697,1,0,train,4584
7014,7685,9228,1372,1372,9228,1,0,train,4798
7015,7686,8604,3545,3545,8604,1,0,test,955
7016,7687,2646,5958,5958,2646,1,0,test,1113
7017,7688,5515,7416,5515,7416,0,1,train,6653
7018,7689,2827,3857,2827,3857,0,1,train,3600
7019,7690,761,1644,761,1644,0,1,train,2108
7020,7691,4941,8919,4941,8919,0,1,train,2668
7021,7692,7781,2845,2845,7781,1,0,train,6486
7022,7693,1562,502,1562,502,0,1,train,1204
7023,7694,7575,3532,7575,3532,0,1,train,5139
7024,7697,4319,4785,4319,4785,0,1,train,1075
7025,7698,6479,2052,6479,2052,0,1,train,3033
7026,7699,6824,2819,2819,6824,1,0,test,485
7027,7700,5160,9113,5160,9113,0,1,test,399
7028,7701,6147,7334,6147,7334,0,1,train,554
7029,7702,1865,1724,1865,1724,0,1,test,1108
7030,7703,4900,7661,4900,7661,0,1,train,7518
7031,7704,6418,3106,3106,6418,1,0,train,665
7032,7705,604,7040,7040,604,1,0,test,350
7033,7706,5091,4752,4752,5091,1,0,train,6183
7034,7707,4823,8139,4823,8139,0,1,train,6936
7035,7708,8179,7600,7600,8179,1,0,train,3759
7036,7709,7763,4282,7763,4282,0,1,train,4678
7037,7710,9215,11,11,9215,1,0,test,654
7038,7712,3145,8141,8141,3145,1,0,train,3822
7039,7713,5310,7951,5310,7951,0,1,test,162
7040,7715,3342,6771,6771,3342,1,0,train,7177
7041,7717,7897,2240,7897,2240,0,1,train,863
7042,7718,458,3886,3886,458,1,0,train,5275
7043,7719,5722,579,579,5722,1,0,train,357
7044,7720,358,193,358,193,0,1,test,326
7045,7721,4520,2135,2135,4520,1,0,train,2513
7046,7722,253,6435,253,6435,0,1,train,6376
7047,7723,5707,2556,2556,5707,1,0,train,6853
7048,7724,846,7020,846,7020,0,1,train,6790
7049,7725,5338,8721,5338,8721,0,1,train,1201
7050,7726,3818,3822,3818,3822,0,1,train,4464
7051,7727,6336,1594,6336,1594,0,1,train,767
7052,7728,6261,3785,3785,6261,1,0,train,4152
7053,7729,3378,5755,3378,5755,0,1,train,5679
7054,7730,5229,931,5229,931,0,1,train,3577
7055,7731,3652,7367,3652,7367,0,1,test,151
7056,7732,6261,7563,7563,6261,1,0,train,5598
7057,7734,7827,3086,7827,3086,0,1,train,5584
7058,7735,6544,5575,5575,6544,1,0,train,5716
7059,7736,5223,4908,4908,5223,1,0,test,507
7060,7737,1943,7208,7208,1943,1,0,test,31
7061,7739,6408,6132,6408,6132,0,1,train,7189
7062,7740,9267,858,9267,858,0,1,train,545
7063,7742,5272,8801,5272,8801,0,1,train,5819
7064,7744,2085,3423,2085,3423,0,1,test,1782
7065,7746,4621,3191,4621,3191,0,1,train,174
7066,7747,8341,6082,6082,8341,1,0,test,418
7067,7748,1907,2875,2875,1907,1,0,train,7731
7068,7750,6097,8610,6097,8610,0,1,train,5862
7069,7751,3658,2995,3658,2995,0,1,train,7371
7070,7752,3827,8158,3827,8158,0,1,train,231
7071,7753,2047,7565,2047,7565,0,1,train,6568
7072,7754,2936,2682,2682,2936,1,0,train,2963
7073,7755,2687,3846,2687,3846,0,1,train,4252
7074,7756,8747,777,777,8747,1,0,test,1165
7075,7757,7443,6300,7443,6300,0,1,test,481
7076,7758,9130,8253,8253,9130,1,0,train,4877
7077,7759,2464,130,2464,130,0,1,train,4054
7078,7760,2439,852,2439,852,0,1,train,4453
7079,7761,1678,9318,1678,9318,0,1,train,1694
7080,7762,4900,8097,4900,8097,0,1,train,7181
7081,7763,8465,1861,1861,8465,1,0,test,305
7082,7765,6390,8203,8203,6390,1,0,train,6405
7083,7766,7988,4484,4484,7988,1,0,train,2497
7084,7767,2052,897,897,2052,1,0,test,925
7085,7769,4642,5799,4642,5799,0,1,train,1654
7086,7770,4786,3719,4786,3719,0,1,train,414
7087,7772,8146,3776,3776,8146,1,0,train,844
7088,7773,1409,4168,1409,4168,0,1,train,6830
7089,7774,4612,4110,4612,4110,0,1,train,491
7090,7775,4909,3388,4909,3388,0,1,train,929
7091,7776,3744,4456,4456,3744,1,0,train,6319
7092,7777,3714,7544,3714,7544,0,1,train,2475
7093,7778,3789,5858,5858,3789,1,0,train,3125
7094,7779,3703,4359,4359,3703,1,0,test,858
7095,7780,1662,8739,1662,8739,0,1,train,5561
7096,7781,1390,4629,1390,4629,0,1,train,2988
7097,7782,3827,7693,7693,3827,1,0,train,4569
7098,7783,1569,2905,1569,2905,0,1,train,5216
7099,7785,6325,7351,6325,7351,0,1,train,6879
7100,7786,7926,4042,4042,7926,1,0,train,6154
7101,7787,7319,2978,7319,2978,0,1,train,1956
7102,7788,5926,1726,1726,5926,1,0,train,4936
7103,7789,7319,9306,7319,9306,0,1,train,4393
7104,7790,3154,5427,5427,3154,1,0,train,7634
7105,7791,7519,4450,4450,7519,1,0,train,7764
7106,7793,5365,6472,5365,6472,0,1,train,3059
7107,7794,3496,6226,3496,6226,0,1,train,3924
7108,7795,2494,1717,1717,2494,1,0,train,595
7109,7796,6461,8993,6461,8993,0,1,train,3907
7110,7797,1981,7114,1981,7114,0,1,train,4383
7111,7799,9256,2565,9256,2565,0,1,train,2563
7112,7800,5836,4465,5836,4465,0,1,train,2031
7113,7801,2357,7612,7612,2357,1,0,train,2573
7114,7802,4078,4557,4078,4557,0,1,train,7686
7115,7803,2063,9121,2063,9121,0,1,train,7812
7116,7804,1460,1478,1478,1460,1,0,train,4672
7117,7806,5900,6942,5900,6942,0,1,train,2786
7118,7807,6399,6955,6399,6955,0,1,train,7212
7119,7809,1890,6396,6396,1890,1,0,train,6864
7120,7810,6089,8150,6089,8150,0,1,train,6974
7121,7811,7106,9066,7106,9066,0,1,test,226
7122,7812,771,5312,771,5312,0,1,train,5463
7123,7813,5419,234,234,5419,1,0,train,1951
7124,7814,7874,8695,8695,7874,1,0,train,5072
7125,7815,6083,3337,3337,6083,1,0,test,592
7126,7816,1634,389,389,1634,1,0,train,4515
7127,7817,876,1612,1612,876,1,0,train,3832
7128,7818,5633,1352,5633,1352,0,1,train,5008
7129,7819,2665,2756,2665,2756,0,1,train,5924
7130,7820,3176,8664,8664,3176,1,0,test,1044
7131,7821,6634,6049,6634,6049,0,1,train,5568
7132,7822,798,5934,798,5934,0,1,train,6352
7133,7823,1634,1450,1634,1450,0,1,test,1555
7134,7824,2753,475,2753,475,0,1,train,5251
7135,7826,778,6815,778,6815,0,1,test,1453
7136,7827,1698,8231,8231,1698,1,0,train,329
7137,7828,3752,644,3752,644,0,1,train,2991
7138,7829,8349,232,232,8349,1,0,train,4629
7139,7831,1118,4552,4552,1118,1,0,train,156
7140,7832,5744,8588,5744,8588,0,1,train,2253
7141,7833,1524,6050,6050,1524,1,0,test,1884
7142,7834,1698,7956,1698,7956,0,1,train,3057
7143,7835,164,4609,4609,164,1,0,train,6214
7144,7838,8840,1103,8840,1103,0,1,train,7585
7145,7839,1122,1220,1122,1220,0,1,train,2643
7146,7840,4334,7063,4334,7063,0,1,test,921
7147,7841,6843,421,421,6843,1,0,train,4933
7148,7842,180,5641,5641,180,1,0,train,7503
7149,7843,5648,4586,5648,4586,0,1,train,3008
7150,7844,1699,898,898,1699,1,0,train,3996
7151,7845,1686,6394,6394,1686,1,0,train,2275
7152,7846,5282,127,127,5282,1,0,train,1080
7153,7847,1699,2038,2038,1699,1,0,train,1596
7154,7849,1699,5489,1699,5489,0,1,train,7449
7155,7850,3227,3173,3173,3227,1,0,train,1919
7156,7851,661,1516,1516,661,1,0,train,6877
7157,7853,1413,4341,4341,1413,1,0,train,5235
7158,7857,5136,8004,8004,5136,1,0,train,7721
7159,7858,5942,5584,5942,5584,0,1,train,4971
7160,7860,604,3641,3641,604,1,0,train,3236
7161,7861,1190,6111,1190,6111,0,1,train,7717
7162,7862,3025,3767,3767,3025,1,0,train,3309
7163,7863,3496,6140,6140,3496,1,0,test,966
7164,7864,777,6030,6030,777,1,0,train,5202
7165,7865,2871,375,375,2871,1,0,train,6514
7166,7866,1771,1358,1771,1358,0,1,train,2765
7167,7867,253,856,856,253,1,0,test,1883
7168,7868,7066,5342,7066,5342,0,1,train,1589
7169,7869,1031,867,1031,867,0,1,test,631
7170,7870,8604,3532,3532,8604,1,0,train,6081
7171,7871,2393,7673,7673,2393,1,0,train,2777
7172,7872,5985,898,898,5985,1,0,test,1017
7173,7873,3425,5335,3425,5335,0,1,train,1873
7174,7874,2206,2485,2485,2206,1,0,train,175
7175,7875,6211,984,984,6211,1,0,train,4766
7176,7876,1138,9165,9165,1138,1,0,train,4180
7177,7877,7493,8080,8080,7493,1,0,train,3867
7178,7878,6364,98,6364,98,0,1,train,3527
7179,7879,5102,887,5102,887,0,1,train,6054
7180,7880,6431,426,426,6431,1,0,train,7429
7181,7881,8199,5418,5418,8199,1,0,test,1334
7182,7882,6154,1665,6154,1665,0,1,train,2528
7183,7884,1215,2473,2473,1215,1,0,test,830
7184,7885,512,6351,512,6351,0,1,train,6525
7185,7886,1326,1027,1027,1326,1,0,train,1908
7186,7887,994,5645,5645,994,1,0,test,810
7187,7888,4463,6801,6801,4463,1,0,test,620
7188,7889,6396,926,6396,926,0,1,train,7231
7189,7890,1196,7012,1196,7012,0,1,train,4701
7190,7891,6564,515,6564,515,0,1,test,161
7191,7892,3008,5834,3008,5834,0,1,test,264
7192,7893,5625,2662,2662,5625,1,0,train,7229
7193,7894,994,227,227,994,1,0,train,1616
7194,7895,4403,1793,4403,1793,0,1,train,3633
7195,7896,3004,7729,7729,3004,1,0,train,6271
7196,7897,5671,2354,2354,5671,1,0,test,1234
7197,7898,3008,8734,8734,3008,1,0,train,71
7198,7899,3009,6188,3009,6188,0,1,train,6551
7199,7900,995,7941,7941,995,1,0,train,7489
7200,7901,3523,7884,7884,3523,1,0,train,7548
7201,7902,3004,3018,3004,3018,0,1,train,1218
7202,7903,3388,7420,7420,3388,1,0,train,2873
7203,7904,997,8468,8468,997,1,0,train,2264
7204,7905,3002,8793,3002,8793,0,1,train,6400
7205,7906,3523,7524,7524,3523,1,0,train,1439
7206,7907,612,353,353,612,1,0,train,4882
7207,7908,1091,5205,1091,5205,0,1,train,1529
7208,7909,9280,6707,6707,9280,1,0,test,211
7209,7910,3412,2711,2711,3412,1,0,test,156
7210,7911,8944,8234,8944,8234,0,1,train,6691
7211,7912,37,4882,4882,37,1,0,train,2006
7212,7915,3062,3981,3062,3981,0,1,train,4377
7213,7916,6567,3230,6567,3230,0,1,test,1913
7214,7917,383,8359,383,8359,0,1,train,931
7215,7918,859,8258,8258,859,1,0,test,1785
7216,7920,1102,5792,5792,1102,1,0,train,5993
7217,7921,331,2934,331,2934,0,1,train,7319
7218,7922,250,3491,250,3491,0,1,train,5554
7219,7923,3954,9205,3954,9205,0,1,train,1367
7220,7924,1080,7640,7640,1080,1,0,train,615
7221,7925,995,7750,995,7750,0,1,train,3235
7222,7926,1857,5455,1857,5455,0,1,train,6825
7223,7927,1623,7227,7227,1623,1,0,train,3655
7224,7928,6459,508,6459,508,0,1,train,5759
7225,7929,7146,4168,7146,4168,0,1,train,7048
7226,7930,2279,2910,2279,2910,0,1,test,269
7227,7931,2031,8095,2031,8095,0,1,train,6544
7228,7932,5621,3153,3153,5621,1,0,train,4640
7229,7933,6509,220,220,6509,1,0,train,6547
7230,7934,9017,1889,9017,1889,0,1,test,28
7231,7935,3200,741,741,3200,1,0,test,166
7232,7936,5585,6322,5585,6322,0,1,train,400
7233,7938,1196,2366,1196,2366,0,1,train,4930
7234,7939,561,8037,561,8037,0,1,train,5242
7235,7940,141,540,141,540,0,1,train,176
7236,7941,8980,7259,7259,8980,1,0,train,733
7237,7942,3095,8161,8161,3095,1,0,train,3775
7238,7943,7841,3551,7841,3551,0,1,train,7641
7239,7944,1386,3396,3396,1386,1,0,train,7521
7240,7945,7633,8486,7633,8486,0,1,train,3267
7241,7946,1348,7187,1348,7187,0,1,train,1386
7242,7947,8195,363,363,8195,1,0,test,1522
7243,7948,8169,7093,7093,8169,1,0,train,3734
7244,7949,7469,4620,4620,7469,1,0,test,1709
7245,7950,8150,8323,8150,8323,0,1,train,5177
7246,7951,4401,6144,6144,4401,1,0,test,737
7247,7952,9288,3234,9288,3234,0,1,train,981
7248,7953,6111,8787,6111,8787,0,1,train,1115
7249,7954,5235,3329,3329,5235,1,0,train,1155
7250,7956,853,1804,853,1804,0,1,train,6666
7251,7958,5588,3534,5588,3534,0,1,train,304
7252,7959,8985,6568,8985,6568,0,1,train,4322
7253,7960,5276,7249,7249,5276,1,0,train,6757
7254,7961,6001,4346,6001,4346,0,1,train,6522
7255,7962,5392,7103,5392,7103,0,1,train,6220
7256,7963,6817,6630,6630,6817,1,0,train,3616
7257,7964,1678,1042,1678,1042,0,1,train,1642
7258,7965,4190,6646,4190,6646,0,1,train,1436
7259,7966,2133,3370,3370,2133,1,0,train,5243
7260,7967,7679,5210,7679,5210,0,1,train,3851
7261,7968,4016,8218,4016,8218,0,1,train,182
7262,7969,3536,4322,3536,4322,0,1,train,625
7263,7970,1259,917,917,1259,1,0,train,847
7264,7971,4656,8540,8540,4656,1,0,test,833
7265,7972,8103,3365,3365,8103,1,0,train,3497
7266,7973,1670,6549,6549,1670,1,0,train,1778
7267,7974,3476,2896,3476,2896,0,1,test,1049
7268,7975,1821,1740,1740,1821,1,0,train,1620
7269,7976,1856,4892,1856,4892,0,1,train,7753
7270,7980,3167,2569,3167,2569,0,1,test,1804
7271,7982,4927,8689,4927,8689,0,1,test,196
7272,7983,2702,8429,2702,8429,0,1,train,383
7273,7984,7568,2596,7568,2596,0,1,test,935
7274,7986,2585,2290,2290,2585,1,0,train,1820
7275,7987,3779,245,3779,245,0,1,train,1266
7276,7988,5690,8971,8971,5690,1,0,train,4496
7277,7989,249,8701,249,8701,0,1,train,6107
7278,7990,5566,4074,4074,5566,1,0,train,746
7279,7991,565,5826,565,5826,0,1,test,219
7280,7992,2873,3391,2873,3391,0,1,test,880
7281,7993,6153,3942,6153,3942,0,1,train,4611
7282,7994,4825,6564,6564,4825,1,0,train,646
7283,7995,9190,3211,3211,9190,1,0,train,49
7284,7996,6326,2450,2450,6326,1,0,train,1888
7285,7997,5974,9243,5974,9243,0,1,test,1507
7286,7998,329,1860,1860,329,1,0,train,2160
7287,7999,1125,8665,1125,8665,0,1,train,7170
7288,8000,8795,7397,8795,7397,0,1,train,7457
7289,8001,8764,1912,8764,1912,0,1,train,431
7290,8002,7522,7490,7490,7522,1,0,train,3316
7291,8003,3936,1094,3936,1094,0,1,train,4102
7292,8004,8546,6573,6573,8546,1,0,test,1917
7293,8005,3954,227,3954,227,0,1,train,6282
7294,8006,8008,8753,8753,8008,1,0,train,4620
7295,8007,391,4067,4067,391,1,0,train,6782
7296,8008,6683,6235,6235,6683,1,0,train,5201
7297,8009,6664,8116,6664,8116,0,1,test,1526
7298,8010,3926,7848,3926,7848,0,1,train,2799
7299,8011,5775,7878,7878,5775,1,0,train,832
7300,8012,438,7566,438,7566,0,1,test,1083
7301,8014,6504,1129,6504,1129,0,1,train,2304
7302,8015,5293,2808,2808,5293,1,0,train,6384
7303,8016,3500,964,964,3500,1,0,train,5865
7304,8017,8302,9060,9060,8302,1,0,train,1766
7305,8018,5592,3109,5592,3109,0,1,train,6814
7306,8019,3425,6515,6515,3425,1,0,train,2222
7307,8020,5871,5523,5523,5871,1,0,train,7864
7308,8022,1001,685,685,1001,1,0,test,71
7309,8023,3483,4905,3483,4905,0,1,train,2366
7310,8024,1429,3169,1429,3169,0,1,test,1477
7311,8025,3224,857,3224,857,0,1,train,1750
7312,8026,533,5458,533,5458,0,1,train,739
7313,8027,826,1135,1135,826,1,0,test,1347
7314,8028,1009,5154,1009,5154,0,1,test,438
7315,8029,3197,4663,3197,4663,0,1,test,1028
7316,8030,3147,3127,3127,3147,1,0,train,3110
7317,8031,9133,232,232,9133,1,0,train,6091
7318,8032,7065,2950,2950,7065,1,0,train,3776
7319,8033,4169,2371,4169,2371,0,1,train,3153
7320,8034,6355,3767,3767,6355,1,0,train,7315
7321,8035,5816,4621,4621,5816,1,0,test,538
7322,8037,984,431,431,984,1,0,train,3058
7323,8038,5735,2691,5735,2691,0,1,train,5606
7324,8039,2778,1677,1677,2778,1,0,train,2459
7325,8040,7454,4827,7454,4827,0,1,test,1776
7326,8041,7293,6050,6050,7293,1,0,train,4253
7327,8042,8637,2867,2867,8637,1,0,train,1415
7328,8043,8605,2570,2570,8605,1,0,train,4681
7329,8044,8636,1413,1413,8636,1,0,train,2019
7330,8045,4026,2267,4026,2267,0,1,train,2606
7331,8046,5275,7720,7720,5275,1,0,train,375
7332,8048,5869,8702,8702,5869,1,0,train,3732
7333,8050,6095,8008,6095,8008,0,1,train,5750
7334,8051,1341,6516,1341,6516,0,1,train,2964
7335,8052,3717,1039,3717,1039,0,1,train,6468
7336,8053,8756,5986,8756,5986,0,1,test,512
7337,8054,5257,6256,5257,6256,0,1,train,2619
7338,8055,4823,8610,8610,4823,1,0,train,2118
7339,8056,6603,7406,6603,7406,0,1,train,2295
7340,8058,5033,1790,5033,1790,0,1,train,1409
7341,8060,8295,1714,8295,1714,0,1,test,776
7342,8061,5433,3523,3523,5433,1,0,train,890
7343,8062,3790,1844,3790,1844,0,1,train,2698
7344,8063,6711,387,387,6711,1,0,train,7009
7345,8064,3790,5909,5909,3790,1,0,train,851
7346,8065,6767,4014,4014,6767,1,0,train,3147
7347,8066,6337,5772,6337,5772,0,1,train,2763
7348,8067,1332,3126,1332,3126,0,1,test,697
7349,8068,595,909,595,909,0,1,test,288
7350,8069,1265,5425,1265,5425,0,1,test,638
7351,8070,463,1602,463,1602,0,1,train,3158
7352,8071,1218,2554,1218,2554,0,1,train,7021
7353,8072,4956,4208,4208,4956,1,0,train,4423
7354,8073,2797,5676,5676,2797,1,0,train,124
7355,8074,4340,5127,5127,4340,1,0,train,7523
7356,8075,6122,1576,6122,1576,0,1,train,173
7357,8076,4396,6160,6160,4396,1,0,train,6619
7358,8077,325,777,777,325,1,0,train,2630
7359,8079,842,6702,6702,842,1,0,train,5121
7360,8080,4421,5562,4421,5562,0,1,train,2578
7361,8081,4494,6995,4494,6995,0,1,train,5729
7362,8083,5561,5234,5234,5561,1,0,train,1661
7363,8084,6169,3167,6169,3167,0,1,train,1215
7364,8085,9187,3103,3103,9187,1,0,train,3863
7365,8086,3768,4832,3768,4832,0,1,train,7242
7366,8087,7764,6304,7764,6304,0,1,train,534
7367,8088,1895,3966,1895,3966,0,1,test,803
7368,8089,2139,6761,6761,2139,1,0,train,5062
7369,8090,2379,8842,8842,2379,1,0,train,25
7370,8091,2598,8163,8163,2598,1,0,train,5489
7371,8092,1127,5314,5314,1127,1,0,train,123
7372,8093,7343,8916,8916,7343,1,0,train,2715
7373,8094,221,755,755,221,1,0,test,744
7374,8095,5338,1060,1060,5338,1,0,train,4482
7375,8096,4759,8036,8036,4759,1,0,train,1029
7376,8097,3643,3490,3490,3643,1,0,train,4
7377,8098,4382,2115,4382,2115,0,1,test,547
7378,8099,5876,8948,5876,8948,0,1,train,2505
7379,8100,2136,1166,2136,1166,0,1,train,5754
7380,8101,1353,4072,1353,4072,0,1,test,841
7381,8102,7568,8874,7568,8874,0,1,test,969
7382,8103,8403,5815,8403,5815,0,1,test,1651
7383,8104,3138,1443,3138,1443,0,1,train,2903
7384,8105,7346,6516,7346,6516,0,1,train,4867
7385,8106,3503,8913,3503,8913,0,1,train,4527
7386,8107,1409,7625,7625,1409,1,0,train,4483
7387,8108,4829,8988,8988,4829,1,0,test,273
7388,8109,6933,1084,6933,1084,0,1,train,2636
7389,8110,3532,5438,5438,3532,1,0,train,6652
7390,8111,1881,4820,4820,1881,1,0,train,2082
7391,8112,4019,8184,4019,8184,0,1,train,7195
7392,8113,4056,1451,4056,1451,0,1,train,3918
7393,8114,816,7558,7558,816,1,0,train,7509
7394,8115,2513,8865,8865,2513,1,0,train,6422
7395,8116,221,8136,8136,221,1,0,train,2797
7396,8117,1794,8467,8467,1794,1,0,train,6204
7397,8118,1524,2800,1524,2800,0,1,train,7098
7398,8119,9199,1578,1578,9199,1,0,train,149
7399,8121,3749,7420,3749,7420,0,1,train,2396
7400,8122,8202,6670,8202,6670,0,1,train,5920
7401,8123,932,2702,2702,932,1,0,train,6605
7402,8124,1997,7180,1997,7180,0,1,train,1158
7403,8125,1900,556,1900,556,0,1,train,7685
7404,8126,8660,2934,2934,8660,1,0,train,731
7405,8127,567,6057,6057,567,1,0,train,4880
7406,8129,5739,4951,5739,4951,0,1,train,5902
7407,8130,934,3543,3543,934,1,0,train,6308
7408,8131,1735,1452,1735,1452,0,1,train,4641
7409,8132,1930,4532,1930,4532,0,1,train,7561
7410,8133,2080,238,2080,238,0,1,train,3496
7411,8134,3834,2773,2773,3834,1,0,test,692
7412,8135,944,8204,944,8204,0,1,train,2962
7413,8136,4173,2196,4173,2196,0,1,train,2834
7414,8137,9,2482,2482,9,1,0,train,7060
7415,8138,6549,5861,5861,6549,1,0,train,6237
7416,8139,8759,4973,4973,8759,1,0,train,2493
7417,8140,6436,2906,6436,2906,0,1,train,1521
7418,8141,1593,7798,1593,7798,0,1,train,4395
7419,8142,3712,2209,2209,3712,1,0,train,5670
7420,8143,2123,46,46,2123,1,0,train,5530
7421,8145,3725,2870,3725,2870,0,1,test,696
7422,8146,5000,3138,5000,3138,0,1,train,3752
7423,8147,4190,7619,4190,7619,0,1,train,7773
7424,8149,4019,5443,5443,4019,1,0,test,304
7425,8151,8660,3024,8660,3024,0,1,train,1101
7426,8152,1955,7826,1955,7826,0,1,train,2172
7427,8153,5926,120,5926,120,0,1,train,4739
7428,8155,3256,5902,5902,3256,1,0,train,2725
7429,8156,4434,1324,1324,4434,1,0,train,1930
7430,8158,2312,5930,5930,2312,1,0,train,7574
7431,8159,6662,8577,6662,8577,0,1,train,4368
7432,8160,108,4564,108,4564,0,1,train,4068
7433,8161,1509,9177,9177,1509,1,0,train,7735
7434,8162,359,5311,5311,359,1,0,train,6797
7435,8163,4211,2900,2900,4211,1,0,test,270
7436,8164,4166,2694,4166,2694,0,1,test,472
7437,8165,880,6136,6136,880,1,0,train,4222
7438,8166,983,492,983,492,0,1,train,5817
7439,8167,8487,6543,8487,6543,0,1,train,4507
7440,8168,2185,328,2185,328,0,1,train,7490
7441,8169,3654,326,326,3654,1,0,test,1572
7442,8170,4177,3995,3995,4177,1,0,train,114
7443,8171,876,119,876,119,0,1,train,5208
7444,8172,1872,8906,1872,8906,0,1,test,1798
7445,8173,3549,3615,3615,3549,1,0,test,736
7446,8174,7633,6526,6526,7633,1,0,train,67
7447,8175,4122,5948,4122,5948,0,1,train,7201
7448,8176,7276,7927,7276,7927,0,1,test,904
7449,8178,1599,2792,2792,1599,1,0,test,552
7450,8179,1897,2119,1897,2119,0,1,train,7403
7451,8180,6684,6846,6684,6846,0,1,test,410
7452,8181,9315,616,616,9315,1,0,train,6430
7453,8182,216,6919,6919,216,1,0,train,6955
7454,8183,6319,6210,6210,6319,1,0,train,899
7455,8184,5991,743,5991,743,0,1,train,7174
7456,8186,8739,4539,8739,4539,0,1,train,2596
7457,8188,195,4802,195,4802,0,1,test,1098
7458,8189,5086,8536,8536,5086,1,0,train,457
7459,8191,6517,1443,6517,1443,0,1,test,1817
7460,8192,8576,3829,3829,8576,1,0,train,2224
7461,8193,6720,1537,6720,1537,0,1,train,4728
7462,8194,3260,2879,3260,2879,0,1,train,7340
7463,8195,1674,4500,4500,1674,1,0,train,3492
7464,8196,1993,1124,1124,1993,1,0,train,2473
7465,8197,3842,9067,3842,9067,0,1,train,5898
7466,8199,6598,4743,4743,6598,1,0,train,5542
7467,8200,5772,3830,5772,3830,0,1,train,1972
7468,8201,8361,8309,8309,8361,1,0,train,794
7469,8202,3132,6142,3132,6142,0,1,test,1141
7470,8203,866,2918,866,2918,0,1,train,7146
7471,8204,3025,2988,2988,3025,1,0,train,587
7472,8205,3132,586,3132,586,0,1,test,1442
7473,8206,441,6672,441,6672,0,1,train,1213
7474,8207,526,7367,7367,526,1,0,test,105
7475,8208,3744,5301,3744,5301,0,1,train,4307
7476,8209,1912,4141,1912,4141,0,1,train,1082
7477,8210,8727,2814,8727,2814,0,1,train,6660
7478,8211,304,5067,5067,304,1,0,test,1121
7479,8212,1281,4166,1281,4166,0,1,train,3376
7480,8213,8315,8039,8315,8039,0,1,train,2806
7481,8214,3720,4240,4240,3720,1,0,test,915
7482,8215,6326,7340,7340,6326,1,0,train,131
7483,8216,3127,5950,5950,3127,1,0,train,6406
7484,8217,4954,610,4954,610,0,1,train,6403
7485,8218,1946,4938,1946,4938,0,1,test,1839
7486,8219,4872,9128,4872,9128,0,1,test,1279
7487,8220,3863,6622,6622,3863,1,0,train,5985
7488,8221,294,7770,7770,294,1,0,train,7547
7489,8222,5086,7480,7480,5086,1,0,train,7704
7490,8223,5934,1615,5934,1615,0,1,test,1739
7491,8224,6722,6665,6665,6722,1,0,train,7836
7492,8225,5753,2314,5753,2314,0,1,train,79
7493,8226,3130,3722,3722,3130,1,0,train,1038
7494,8228,3790,5005,5005,3790,1,0,train,3698
7495,8229,2056,3752,2056,3752,0,1,train,7458
7496,8230,8204,6734,6734,8204,1,0,train,6911
7497,8231,7818,1054,7818,1054,0,1,test,854
7498,8232,7849,7595,7595,7849,1,0,train,417
7499,8233,1375,5072,5072,1375,1,0,train,1917
7500,8234,1753,3991,1753,3991,0,1,train,4813
7501,8235,730,2627,2627,730,1,0,test,981
7502,8236,718,6222,6222,718,1,0,train,1528
7503,8239,4969,2682,2682,4969,1,0,train,4783
7504,8241,6116,8618,6116,8618,0,1,test,1611
7505,8242,4837,24,24,4837,1,0,train,1039
7506,8243,4977,5164,5164,4977,1,0,train,7092
7507,8245,4806,5447,5447,4806,1,0,train,3495
7508,8246,4709,1175,1175,4709,1,0,test,1226
7509,8247,3421,2464,2464,3421,1,0,train,1344
7510,8248,1345,5475,5475,1345,1,0,train,1378
7511,8249,2132,8974,8974,2132,1,0,train,7672
7512,8250,6431,9306,6431,9306,0,1,train,881
7513,8252,8190,640,8190,640,0,1,train,1540
7514,8253,3834,9261,3834,9261,0,1,test,1838
7515,8254,6260,1963,6260,1963,0,1,train,6326
7516,8255,6139,8019,6139,8019,0,1,train,486
7517,8258,8937,4707,4707,8937,1,0,train,2839
7518,8259,5986,9255,5986,9255,0,1,test,1284
7519,8260,2374,5455,2374,5455,0,1,train,1794
7520,8261,4123,5229,5229,4123,1,0,train,1623
7521,8262,5161,6108,5161,6108,0,1,train,7779
7522,8263,2488,1313,2488,1313,0,1,train,1646
7523,8264,567,2570,2570,567,1,0,train,1525
7524,8265,1341,3178,1341,3178,0,1,train,5086
7525,8267,1345,3073,1345,3073,0,1,train,3046
7526,8268,6017,5547,5547,6017,1,0,train,5154
7527,8269,3496,6227,3496,6227,0,1,train,437
7528,8270,7503,5525,7503,5525,0,1,test,1594
7529,8271,871,4142,4142,871,1,0,train,4942
7530,8272,8172,5043,5043,8172,1,0,train,2238
7531,8273,3496,5890,3496,5890,0,1,train,3105
7532,8274,7528,3345,3345,7528,1,0,train,4406
7533,8275,5876,2423,5876,2423,0,1,train,3788
7534,8276,5075,2855,5075,2855,0,1,train,546
7535,8277,5243,4394,4394,5243,1,0,train,6037
7536,8278,3834,7304,7304,3834,1,0,train,445
7537,8280,2183,6436,2183,6436,0,1,train,344
7538,8281,5238,5618,5238,5618,0,1,train,1467
7539,8282,3495,5821,3495,5821,0,1,train,7164
7540,8283,4381,1957,4381,1957,0,1,test,426
7541,8284,4846,8162,4846,8162,0,1,train,7705
7542,8285,2148,2104,2104,2148,1,0,train,2258
7543,8286,567,2240,567,2240,0,1,train,4407
7544,8289,6017,8710,8710,6017,1,0,train,7241
7545,8290,5911,8973,8973,5911,1,0,train,7496
7546,8291,3495,3180,3180,3495,1,0,test,1063
7547,8292,5879,6054,5879,6054,0,1,train,2284
7548,8293,8512,7940,7940,8512,1,0,train,5842
7549,8294,5993,6330,6330,5993,1,0,test,520
7550,8295,3815,6793,3815,6793,0,1,train,3595
7551,8296,4709,5723,5723,4709,1,0,train,5890
7552,8297,5993,422,5993,422,0,1,train,4838
7553,8298,8433,5409,5409,8433,1,0,test,353
7554,8299,948,4193,948,4193,0,1,test,550
7555,8300,8389,3643,3643,8389,1,0,train,5506
7556,8301,4870,5682,4870,5682,0,1,train,7464
7557,8302,6466,6562,6562,6466,1,0,train,958
7558,8303,9281,6395,6395,9281,1,0,train,5112
7559,8304,6184,2047,6184,2047,0,1,train,6011
7560,8305,3834,3291,3291,3834,1,0,train,3197
7561,8306,1400,831,1400,831,0,1,test,1517
7562,8308,6959,1057,1057,6959,1,0,train,7398
7563,8309,4222,2434,2434,4222,1,0,train,1650
7564,8310,3481,5403,3481,5403,0,1,train,5893
7565,8312,944,3466,944,3466,0,1,train,1878
7566,8314,944,4291,4291,944,1,0,train,478
7567,8315,2611,4082,2611,4082,0,1,test,465
7568,8316,3834,8331,8331,3834,1,0,train,3138
7569,8319,613,3142,613,3142,0,1,train,6634
7570,8321,134,4165,134,4165,0,1,train,4060
7571,8322,3459,948,948,3459,1,0,train,5990
7572,8324,612,2548,612,2548,0,1,test,1253
7573,8325,612,6544,6544,612,1,0,test,236
7574,8328,994,1612,994,1612,0,1,test,271
7575,8329,7430,4775,7430,4775,0,1,train,912
7576,8330,6312,1088,6312,1088,0,1,train,2483
7577,8331,4063,305,305,4063,1,0,test,571
7578,8332,8088,4274,8088,4274,0,1,test,1956
7579,8333,605,3141,605,3141,0,1,train,4668
7580,8335,9183,2896,2896,9183,1,0,train,7330
7581,8336,5563,390,5563,390,0,1,test,1588
7582,8337,4977,1465,4977,1465,0,1,test,1077
7583,8338,4228,6364,4228,6364,0,1,test,757
7584,8339,2039,9319,9319,2039,1,0,train,2391
7585,8340,8195,7815,8195,7815,0,1,test,19
7586,8341,518,1858,518,1858,0,1,train,4990
7587,8342,131,5256,131,5256,0,1,train,2417
7588,8343,8067,592,592,8067,1,0,train,7837
7589,8345,8305,2230,2230,8305,1,0,test,781
7590,8348,8854,6863,6863,8854,1,0,train,1198
7591,8349,490,4304,4304,490,1,0,train,3647
7592,8351,217,852,852,217,1,0,train,2066
7593,8353,2911,7966,7966,2911,1,0,train,4660
7594,8354,905,6872,6872,905,1,0,test,108
7595,8355,2078,4203,2078,4203,0,1,train,1285
7596,8356,4407,6742,4407,6742,0,1,train,5130
7597,8357,2616,2445,2445,2616,1,0,test,806
7598,8358,869,8932,8932,869,1,0,train,7623
7599,8361,204,5589,204,5589,0,1,test,530
7600,8362,6177,2198,6177,2198,0,1,test,1364
7601,8363,2038,6642,2038,6642,0,1,train,6827
7602,8364,4309,3810,4309,3810,0,1,train,6389
7603,8365,4964,6565,6565,4964,1,0,train,6845
7604,8366,1319,6986,6986,1319,1,0,train,5692
7605,8367,863,6680,863,6680,0,1,test,370
7606,8368,7802,4328,7802,4328,0,1,train,2427
7607,8369,1074,4431,4431,1074,1,0,train,2938
7608,8370,6484,3286,6484,3286,0,1,train,3703
7609,8371,1198,6130,1198,6130,0,1,train,1556
7610,8372,4685,3647,4685,3647,0,1,train,3953
7611,8373,331,8380,8380,331,1,0,train,5796
7612,8374,1069,6324,1069,6324,0,1,train,4338
7613,8375,33,836,33,836,0,1,test,235
7614,8376,4507,7324,4507,7324,0,1,train,2364
7615,8377,179,6807,6807,179,1,0,train,2360
7616,8378,57,1693,1693,57,1,0,test,1484
7617,8379,7538,3731,3731,7538,1,0,train,5976
7618,8380,6873,8823,6873,8823,0,1,test,1673
7619,8381,1346,2090,1346,2090,0,1,train,5234
7620,8382,5550,3906,5550,3906,0,1,test,1665
7621,8383,2292,5744,2292,5744,0,1,train,7038
7622,8384,9054,4441,4441,9054,1,0,test,1227
7623,8385,1289,2597,1289,2597,0,1,train,3861
7624,8386,1158,1738,1158,1738,0,1,test,720
7625,8387,368,8784,368,8784,0,1,train,5538
7626,8390,6689,6597,6597,6689,1,0,train,1405
7627,8391,3564,4229,4229,3564,1,0,train,335
7628,8392,2695,9319,2695,9319,0,1,test,1114
7629,8393,5282,9097,9097,5282,1,0,train,314
7630,8394,2939,7385,2939,7385,0,1,train,4249
7631,8397,748,120,748,120,0,1,train,2494
7632,8398,476,1649,476,1649,0,1,train,4775
7633,8399,3011,1467,1467,3011,1,0,test,1000
7634,8401,4157,6421,4157,6421,0,1,train,6944
7635,8403,5164,3622,5164,3622,0,1,train,6884
7636,8404,436,3470,436,3470,0,1,train,4847
7637,8405,7073,1053,1053,7073,1,0,train,310
7638,8406,7044,514,514,7044,1,0,train,4605
7639,8407,5303,7653,7653,5303,1,0,train,1603
7640,8408,1589,8857,1589,8857,0,1,test,348
7641,8409,1810,1750,1750,1810,1,0,test,1272
7642,8410,3541,1964,1964,3541,1,0,train,5949
7643,8411,1669,1624,1624,1669,1,0,test,1855
7644,8412,7870,8157,8157,7870,1,0,train,4051
7645,8414,8128,1768,1768,8128,1,0,train,989
7646,8415,8170,2849,2849,8170,1,0,train,3206
7647,8416,3132,6258,3132,6258,0,1,train,6489
7648,8417,7868,6771,7868,6771,0,1,train,7013
7649,8418,1516,5303,5303,1516,1,0,train,5589
7650,8419,7372,8456,7372,8456,0,1,train,2660
7651,8421,3440,2008,2008,3440,1,0,train,4622
7652,8422,6368,7002,7002,6368,1,0,train,6362
7653,8423,8767,967,967,8767,1,0,train,2049
7654,8424,3696,8208,8208,3696,1,0,train,1739
7655,8426,6382,1606,1606,6382,1,0,train,4381
7656,8427,4909,9299,4909,9299,0,1,test,1657
7657,8429,1569,5619,5619,1569,1,0,train,5423
7658,8430,6115,6485,6485,6115,1,0,train,1973
7659,8431,3539,2893,2893,3539,1,0,train,1210
7660,8432,5260,3716,3716,5260,1,0,test,488
7661,8433,1397,1349,1397,1349,0,1,train,434
7662,8435,2074,9126,2074,9126,0,1,train,5935
7663,8436,9292,5713,9292,5713,0,1,train,4014
7664,8437,3485,4878,4878,3485,1,0,test,1131
7665,8438,8416,7277,7277,8416,1,0,test,558
7666,8439,1909,4690,1909,4690,0,1,train,2355
7667,8440,7548,1693,1693,7548,1,0,train,1815
7668,8441,2355,3556,2355,3556,0,1,train,3667
7669,8442,2378,3834,3834,2378,1,0,train,1554
7670,8443,2515,2044,2044,2515,1,0,train,2081
7671,8444,4900,5138,5138,4900,1,0,train,5812
7672,8445,1389,6291,6291,1389,1,0,train,1423
7673,8446,6113,7472,7472,6113,1,0,test,239
7674,8447,7319,7471,7471,7319,1,0,test,896
7675,8448,1820,3197,3197,1820,1,0,train,7433
7676,8449,6236,8304,8304,6236,1,0,test,1216
7677,8450,871,8171,8171,871,1,0,train,5651
7678,8452,817,3942,817,3942,0,1,train,2136
7679,8453,1900,253,1900,253,0,1,train,1779
7680,8454,6108,6940,6940,6108,1,0,train,1293
7681,8457,4977,3573,4977,3573,0,1,train,3328
7682,8458,871,2095,871,2095,0,1,train,1977
7683,8459,871,8794,8794,871,1,0,train,2897
7684,8460,871,8487,871,8487,0,1,train,7746
7685,8461,2513,6249,6249,2513,1,0,train,1487
7686,8462,3496,9011,9011,3496,1,0,test,390
7687,8463,871,7413,7413,871,1,0,train,4502
7688,8464,2774,3955,3955,2774,1,0,train,1335
7689,8465,3238,1773,3238,1773,0,1,train,4136
7690,8466,1223,7548,1223,7548,0,1,train,5820
7691,8467,8287,726,8287,726,0,1,train,7097
7692,8468,465,8588,465,8588,0,1,train,2770
7693,8469,3051,3097,3097,3051,1,0,train,4045
7694,8470,1520,7859,1520,7859,0,1,test,820
7695,8471,454,4356,4356,454,1,0,train,5841
7696,8472,6024,4462,4462,6024,1,0,train,7724
7697,8473,8758,8421,8758,8421,0,1,train,4132
7698,8474,3291,4580,3291,4580,0,1,test,1945
7699,8476,3344,8014,8014,3344,1,0,train,4121
7700,8478,293,679,293,679,0,1,train,1863
7701,8479,454,5952,5952,454,1,0,train,5627
7702,8480,7971,2219,7971,2219,0,1,train,2208
7703,8481,3242,1707,1707,3242,1,0,train,4486
7704,8484,3700,2943,2943,3700,1,0,test,1019
7705,8485,6898,8442,6898,8442,0,1,train,1847
7706,8486,4144,5768,4144,5768,0,1,train,59
7707,8487,9257,2356,9257,2356,0,1,test,802
7708,8488,1933,9049,9049,1933,1,0,train,5246
7709,8489,1884,6057,1884,6057,0,1,test,1057
7710,8490,789,1599,1599,789,1,0,train,3277
7711,8491,6818,6658,6658,6818,1,0,train,6564
7712,8493,4593,217,4593,217,0,1,test,611
7713,8494,7523,8363,8363,7523,1,0,train,6735
7714,8495,773,7673,7673,773,1,0,train,2776
7715,8496,7468,1259,7468,1259,0,1,train,7659
7716,8497,3183,4334,4334,3183,1,0,train,2010
7717,8498,5616,3305,3305,5616,1,0,test,1274
7718,8499,1508,698,698,1508,1,0,train,6243
7719,8500,8084,2633,2633,8084,1,0,train,1369
7720,8501,3467,1597,3467,1597,0,1,train,3708
7721,8502,3467,6389,6389,3467,1,0,train,5015
7722,8504,3268,1867,3268,1867,0,1,train,7027
7723,8505,1894,4646,1894,4646,0,1,train,4537
7724,8506,2561,6179,2561,6179,0,1,test,98
7725,8507,287,5998,5998,287,1,0,train,3967
7726,8508,1360,4927,1360,4927,0,1,train,3131
7727,8509,1524,69,1524,69,0,1,train,2036
7728,8511,7424,945,945,7424,1,0,train,1759
7729,8513,5045,2532,5045,2532,0,1,train,7413
7730,8514,7967,260,260,7967,1,0,train,5962
7731,8515,3437,8112,8112,3437,1,0,train,5578
7732,8516,5863,7094,7094,5863,1,0,test,1127
7733,8517,8530,4772,4772,8530,1,0,train,2132
7734,8518,6466,2918,2918,6466,1,0,train,5999
7735,8519,5879,7286,7286,5879,1,0,train,5507
7736,8520,9139,5932,9139,5932,0,1,test,63
7737,8521,5863,9262,9262,5863,1,0,train,3088
7738,8522,205,6891,205,6891,0,1,train,5091
7739,8523,2901,3885,2901,3885,0,1,train,3349
7740,8524,1305,1973,1305,1973,0,1,test,1829
7741,8525,2987,197,2987,197,0,1,train,3087
7742,8527,5469,6728,6728,5469,1,0,train,2928
7743,8528,8693,700,8693,700,0,1,train,341
7744,8530,6822,3769,3769,6822,1,0,train,7734
7745,8531,7989,6136,6136,7989,1,0,train,7395
7746,8533,3819,4857,4857,3819,1,0,train,1314
7747,8534,5221,2896,2896,5221,1,0,train,151
7748,8535,9019,8872,8872,9019,1,0,test,1873
7749,8536,4711,1671,4711,1671,0,1,train,3222
7750,8537,7217,2343,2343,7217,1,0,train,816
7751,8539,664,5482,664,5482,0,1,train,7584
7752,8540,690,3098,3098,690,1,0,train,6728
7753,8541,694,4821,4821,694,1,0,train,24
7754,8543,9054,5626,5626,9054,1,0,test,1322
7755,8544,524,5012,5012,524,1,0,train,4892
7756,8545,222,1988,222,1988,0,1,train,7823
7757,8548,1834,1791,1834,1791,0,1,train,5731
7758,8549,6286,4112,6286,4112,0,1,train,4577
7759,8550,8897,57,8897,57,0,1,train,6742
7760,8551,4049,8820,8820,4049,1,0,train,2225
7761,8552,1589,2734,1589,2734,0,1,train,2443
7762,8553,7552,4799,7552,4799,0,1,train,2924
7763,8554,4078,3957,4078,3957,0,1,train,1230
7764,8555,4472,2947,2947,4472,1,0,train,2328
7765,8556,439,6894,6894,439,1,0,train,1098
7766,8557,5968,3198,3198,5968,1,0,train,3747
7767,8558,6259,3262,3262,6259,1,0,train,4374
7768,8559,2758,1387,1387,2758,1,0,train,3511
7769,8560,5849,7331,7331,5849,1,0,train,4625
7770,8561,2936,413,413,2936,1,0,train,7235
7771,8563,106,6879,6879,106,1,0,test,1190
7772,8564,5641,8118,8118,5641,1,0,train,1093
7773,8565,4507,95,95,4507,1,0,train,704
7774,8566,6396,238,238,6396,1,0,train,2241
7775,8567,8820,6233,6233,8820,1,0,train,6307
7776,8568,7871,2042,2042,7871,1,0,train,1350
7777,8570,5348,7055,5348,7055,0,1,test,940
7778,8571,23,4940,23,4940,0,1,train,453
7779,8572,1873,6403,1873,6403,0,1,train,3636
7780,8573,2261,3775,3775,2261,1,0,train,6569
7781,8575,6214,5689,6214,5689,0,1,train,1966
7782,8576,140,7747,140,7747,0,1,train,6866
7783,8577,3242,1151,3242,1151,0,1,test,1577
7784,8578,8781,3352,8781,3352,0,1,train,1420
7785,8579,6601,8254,8254,6601,1,0,train,6125
7786,8580,5262,7372,7372,5262,1,0,train,2128
7787,8581,943,3580,3580,943,1,0,train,1706
7788,8582,9269,3938,9269,3938,0,1,test,1629
7789,8584,7129,7888,7888,7129,1,0,train,6198
7790,8586,6595,4281,6595,4281,0,1,train,2861
7791,8587,3232,3861,3861,3232,1,0,test,998
7792,8588,4396,1036,4396,1036,0,1,train,7172
7793,8589,2066,3476,3476,2066,1,0,train,1482
7794,8590,116,8899,116,8899,0,1,train,948
7795,8591,567,69,567,69,0,1,test,1139
7796,8592,2753,5046,5046,2753,1,0,train,5006
7797,8593,2690,3633,2690,3633,0,1,train,3947
7798,8594,2312,4802,2312,4802,0,1,train,3106
7799,8595,2036,6941,6941,2036,1,0,test,247
7800,8596,6240,96,96,6240,1,0,train,4220
7801,8597,1686,7331,1686,7331,0,1,train,6968
7802,8598,6040,8217,8217,6040,1,0,test,1319
7803,8599,5406,799,5406,799,0,1,train,3424
7804,8600,4820,6701,4820,6701,0,1,train,4373
7805,8601,7994,7284,7284,7994,1,0,train,6991
7806,8603,2313,641,2313,641,0,1,train,1804
7807,8604,6941,8949,8949,6941,1,0,train,2890
7808,8605,3238,5194,5194,3238,1,0,train,312
7809,8606,336,1704,1704,336,1,0,train,56
7810,8607,5036,719,5036,719,0,1,train,7
7811,8608,7976,2042,2042,7976,1,0,train,6139
7812,8609,5352,6024,6024,5352,1,0,train,1491
7813,8610,771,4596,4596,771,1,0,train,7696
7814,8611,9281,421,9281,421,0,1,train,2571
7815,8612,7890,3907,3907,7890,1,0,train,1047
7816,8614,3743,9329,9329,3743,1,0,train,4928
7817,8616,6567,4646,6567,4646,0,1,train,2953
7818,8617,2563,49,2563,49,0,1,test,1942
7819,8618,667,597,667,597,0,1,train,7157
7820,8619,4011,2293,2293,4011,1,0,train,7105
7821,8620,2739,4820,2739,4820,0,1,train,1389
7822,8621,356,4339,4339,356,1,0,train,1135
7823,8622,6498,2560,2560,6498,1,0,train,2978
7824,8623,4921,7127,4921,7127,0,1,test,1440
7825,8624,5556,1688,5556,1688,0,1,train,296
7826,8625,3079,2629,2629,3079,1,0,train,2892
7827,8626,1933,5061,5061,1933,1,0,train,6873
7828,8627,1200,5061,5061,1200,1,0,test,1897
7829,8628,2643,1378,1378,2643,1,0,train,2707
7830,8629,5,8456,8456,5,1,0,train,5950
7831,8631,458,6805,6805,458,1,0,train,4226
7832,8632,8115,7708,7708,8115,1,0,train,7474
7833,8633,3240,621,3240,621,0,1,train,6800
7834,8636,377,7321,377,7321,0,1,train,3627
7835,8638,286,5625,286,5625,0,1,train,4084
7836,8639,999,8937,999,8937,0,1,train,3348
7837,8640,585,3844,3844,585,1,0,test,322
7838,8641,1533,7427,7427,1533,1,0,train,4166
7839,8642,5009,3316,3316,5009,1,0,test,437
7840,8643,8515,8275,8515,8275,0,1,train,3164
7841,8644,6977,4638,4638,6977,1,0,train,7272
7842,8645,1693,6026,6026,1693,1,0,test,1161
7843,8646,748,154,748,154,0,1,train,2353
7844,8647,8465,7565,8465,7565,0,1,train,193
7845,8648,5431,3824,3824,5431,1,0,test,1213
7846,8649,6014,1831,6014,1831,0,1,train,3269
7847,8650,2264,2076,2264,2076,0,1,train,5969
7848,8651,5983,5939,5983,5939,0,1,train,500
7849,8652,6405,7898,7898,6405,1,0,train,5247
7850,8653,1685,873,873,1685,1,0,train,7666
7851,8654,5113,371,371,5113,1,0,train,3021
7852,8655,7756,894,7756,894,0,1,train,3767
7853,8656,3883,3426,3883,3426,0,1,train,3453
7854,8657,5983,3005,5983,3005,0,1,train,1327
7855,8658,2064,1017,2064,1017,0,1,test,1801
7856,8659,1623,2867,2867,1623,1,0,train,749
7857,8660,2775,929,2775,929,0,1,train,7169
7858,8661,6408,5945,5945,6408,1,0,test,646
7859,8662,5423,4933,4933,5423,1,0,train,6976
7860,8663,6825,4551,6825,4551,0,1,test,1971
7861,8664,1569,5534,5534,1569,1,0,train,6803
7862,8667,2851,1447,2851,1447,0,1,train,3373
7863,8668,1589,242,242,1589,1,0,train,3768
7864,8669,4977,6217,6217,4977,1,0,train,3366
7865,8670,1908,3406,3406,1908,1,0,train,4687
7866,8671,6635,8993,6635,8993,0,1,train,4735
7867,8672,6139,8909,8909,6139,1,0,train,843
7868,8673,8481,477,477,8481,1,0,train,3012
7869,8674,4061,9292,9292,4061,1,0,test,655
7870,8675,8154,2824,2824,8154,1,0,train,1342
7871,8676,3496,7038,3496,7038,0,1,test,420
7872,8677,605,1447,605,1447,0,1,train,279
7873,8678,1213,6915,1213,6915,0,1,train,3295
7874,8680,6315,5868,6315,5868,0,1,test,1932
7875,8681,5254,2252,2252,5254,1,0,test,1480
7876,8683,7309,5640,7309,5640,0,1,train,2103
7877,8684,5107,520,520,5107,1,0,train,5500
7878,8685,3791,4824,3791,4824,0,1,train,5439
7879,8686,5238,2037,2037,5238,1,0,train,3
7880,8687,7077,8402,7077,8402,0,1,train,1056
7881,8688,2052,7569,2052,7569,0,1,train,2069
7882,8689,1684,2081,2081,1684,1,0,train,3550
7883,8691,902,5891,5891,902,1,0,train,64
7884,8692,4915,1479,1479,4915,1,0,train,888
7885,8694,9209,1227,9209,1227,0,1,train,6655
7886,8695,5760,3607,3607,5760,1,0,train,937
7887,8696,2215,4051,4051,2215,1,0,train,5030
7888,8697,3162,7025,7025,3162,1,0,train,7510
7889,8698,4344,3814,4344,3814,0,1,train,526
7890,8699,284,32,284,32,0,1,train,4763
7891,8700,1097,7404,7404,1097,1,0,test,371
7892,8701,7086,1794,7086,1794,0,1,train,9
7893,8702,6408,6551,6551,6408,1,0,train,5777
7894,8705,209,8507,209,8507,0,1,train,3663
7895,8706,248,7302,7302,248,1,0,train,3688
7896,8707,1114,470,470,1114,1,0,train,4725
7897,8708,9252,785,785,9252,1,0,train,433
7898,8709,6458,1714,6458,1714,0,1,train,3717
7899,8710,1597,2244,1597,2244,0,1,train,6996
7900,8711,1966,541,541,1966,1,0,train,2117
7901,8713,7861,3558,7861,3558,0,1,train,2321
7902,8714,932,4890,4890,932,1,0,train,7274
7903,8715,3307,3854,3307,3854,0,1,train,852
7904,8716,2180,2554,2180,2554,0,1,train,6028
7905,8717,2267,7141,7141,2267,1,0,test,499
7906,8718,6464,904,904,6464,1,0,train,5194
7907,8721,617,4420,617,4420,0,1,train,5830
7908,8722,4486,6553,6553,4486,1,0,test,279
7909,8723,5898,4331,5898,4331,0,1,train,815
7910,8724,1450,2170,2170,1450,1,0,train,4910
7911,8725,4054,1443,4054,1443,0,1,test,1393
7912,8726,3226,2224,3226,2224,0,1,train,2625
7913,8727,5940,4022,5940,4022,0,1,train,2087
7914,8728,1223,872,872,1223,1,0,test,702
7915,8729,5940,3786,5940,3786,0,1,train,2543
7916,8730,5759,5539,5759,5539,0,1,train,5548
7917,8731,1450,2874,2874,1450,1,0,train,2323
7918,8732,4260,2891,2891,4260,1,0,test,83
7919,8733,1931,7684,7684,1931,1,0,train,7094
7920,8734,6424,4177,6424,4177,0,1,train,350
7921,8735,7457,6561,7457,6561,0,1,train,1123
7922,8736,944,2855,944,2855,0,1,train,7595
7923,8737,5500,650,5500,650,0,1,train,1720
7924,8738,3201,6804,6804,3201,1,0,test,1738
7925,8739,9199,9102,9199,9102,0,1,train,7611
7926,8740,4922,5002,5002,4922,1,0,train,6713
7927,8741,4922,3525,3525,4922,1,0,train,1282
7928,8742,6219,7748,7748,6219,1,0,train,879
7929,8743,4922,8041,4922,8041,0,1,train,1845
7930,8744,4922,7716,7716,4922,1,0,train,764
7931,8745,4026,3941,4026,3941,0,1,train,4234
7932,8747,5099,8172,5099,8172,0,1,test,1882
7933,8749,336,31,31,336,1,0,train,3472
7934,8750,3988,2929,2929,3988,1,0,train,5556
7935,8751,8689,5308,8689,5308,0,1,test,618
7936,8754,8581,6588,6588,8581,1,0,train,7154
7937,8755,3321,8360,3321,8360,0,1,train,6807
7938,8756,5093,1274,5093,1274,0,1,test,6
7939,8757,7798,8819,8819,7798,1,0,train,2717
7940,8758,8089,6035,6035,8089,1,0,test,671
7941,8760,5267,6954,5267,6954,0,1,train,3841
7942,8761,2498,8078,8078,2498,1,0,train,1670
7943,8762,6939,4542,6939,4542,0,1,train,4542
7944,8764,5237,8867,5237,8867,0,1,train,4389
7945,8765,2996,6463,6463,2996,1,0,train,6781
7946,8766,7520,6741,7520,6741,0,1,train,862
7947,8767,1020,1768,1020,1768,0,1,train,7426
7948,8768,5048,934,934,5048,1,0,train,7123
7949,8769,1001,258,258,1001,1,0,train,4925
7950,8770,424,6496,424,6496,0,1,train,1331
7951,8771,1007,5242,5242,1007,1,0,train,6548
7952,8773,8496,8988,8988,8496,1,0,train,7484
7953,8774,5120,7294,5120,7294,0,1,train,7643
7954,8775,5666,4286,5666,4286,0,1,train,855
7955,8777,5305,8811,8811,5305,1,0,train,1427
7956,8778,3248,7156,7156,3248,1,0,train,5739
7957,8779,2616,7686,2616,7686,0,1,train,5921
7958,8780,3182,4093,3182,4093,0,1,train,7586
7959,8782,1672,414,414,1672,1,0,train,3408
7960,8784,414,9324,9324,414,1,0,train,5132
7961,8785,2865,9149,9149,2865,1,0,train,5464
7962,8786,495,1223,1223,495,1,0,train,3386
7963,8787,1716,3911,1716,3911,0,1,train,7187
7964,8789,9069,1406,1406,9069,1,0,train,4837
7965,8790,476,1914,1914,476,1,0,train,5755
7966,8791,7299,8266,7299,8266,0,1,test,1659
7967,8792,1413,7279,7279,1413,1,0,train,1226
7968,8793,8060,9089,8060,9089,0,1,train,5106
7969,8794,2000,3797,3797,2000,1,0,test,705
7970,8795,4468,54,4468,54,0,1,train,687
7971,8796,4287,6738,6738,4287,1,0,train,7514
7972,8797,5879,2133,2133,5879,1,0,test,493
7973,8798,5901,1710,1710,5901,1,0,train,4386
7974,8799,1360,786,786,1360,1,0,test,717
7975,8802,304,8834,304,8834,0,1,train,2142
7976,8803,2469,3047,2469,3047,0,1,train,7655
7977,8804,3765,7134,7134,3765,1,0,train,4237
7978,8805,385,3556,3556,385,1,0,train,6899
7979,8806,931,5212,5212,931,1,0,train,5995
7980,8807,8271,1564,1564,8271,1,0,test,1026
7981,8808,6993,112,112,6993,1,0,train,7351
7982,8809,8310,249,8310,249,0,1,train,4188
7983,8810,2954,2769,2769,2954,1,0,train,4639
7984,8811,3747,359,359,3747,1,0,train,5710
7985,8812,3112,4092,3112,4092,0,1,train,4075
7986,8813,5008,7302,5008,7302,0,1,train,4794
7987,8814,5789,6100,5789,6100,0,1,train,3516
7988,8815,17,6357,6357,17,1,0,train,7312
7989,8817,2248,7482,7482,2248,1,0,train,939
7990,8818,6285,2954,6285,2954,0,1,train,6065
7991,8819,2183,7159,2183,7159,0,1,train,551
7992,8820,4852,9131,4852,9131,0,1,train,2041
7993,8821,6052,8255,6052,8255,0,1,train,4526
7994,8822,2193,6393,6393,2193,1,0,train,6280
7995,8823,5294,5430,5294,5430,0,1,test,1346
7996,8824,7458,5786,5786,7458,1,0,train,3482
7997,8825,7775,7745,7745,7775,1,0,train,23
7998,8826,4492,2548,4492,2548,0,1,train,793
7999,8827,2466,9097,2466,9097,0,1,test,1270
8000,8828,9232,5553,5553,9232,1,0,test,165
8001,8829,359,828,359,828,0,1,train,6077
8002,8830,4976,5786,4976,5786,0,1,train,6507
8003,8831,6806,8277,6806,8277,0,1,train,2657
8004,8833,164,3729,164,3729,0,1,train,4211
8005,8834,7137,1162,7137,1162,0,1,train,1308
8006,8835,5829,4939,4939,5829,1,0,train,5994
8007,8836,2756,3458,3458,2756,1,0,train,6344
8008,8837,3275,579,579,3275,1,0,train,6563
8009,8838,2091,6702,6702,2091,1,0,train,2818
8010,8839,6362,4860,4860,6362,1,0,train,4017
8011,8840,869,1759,1759,869,1,0,test,447
8012,8841,1993,5354,1993,5354,0,1,train,7025
8013,8842,4919,8670,8670,4919,1,0,test,1938
8014,8843,6012,59,59,6012,1,0,test,722
8015,8844,2183,5485,5485,2183,1,0,train,5496
8016,8845,944,3655,944,3655,0,1,train,4654
8017,8846,2756,6201,2756,6201,0,1,train,3024
8018,8847,6012,6010,6012,6010,0,1,train,4034
8019,8848,2756,1745,1745,2756,1,0,train,243
8020,8849,7554,847,847,7554,1,0,train,3264
8021,8850,5744,5538,5538,5744,1,0,test,1388
8022,8852,5424,6027,6027,5424,1,0,train,6035
8023,8853,6400,3388,6400,3388,0,1,train,3132
8024,8854,6207,2220,6207,2220,0,1,train,2511
8025,8855,2756,3548,2756,3548,0,1,train,1353
8026,8856,944,4555,4555,944,1,0,train,2974
8027,8857,5995,4882,4882,5995,1,0,train,5056
8028,8858,2756,1935,2756,1935,0,1,train,2100
8029,8860,4848,9093,9093,4848,1,0,train,5772
8030,8861,4892,55,55,4892,1,0,train,7480
8031,8862,3114,1174,3114,1174,0,1,train,229
8032,8863,2099,1149,1149,2099,1,0,test,222
8033,8864,2756,3825,2756,3825,0,1,train,6306
8034,8866,1631,7058,7058,1631,1,0,train,508
8035,8867,2082,2821,2821,2082,1,0,train,752
8036,8870,8832,3209,8832,3209,0,1,train,6105
8037,8872,8998,4241,4241,8998,1,0,train,1051
8038,8873,7463,920,7463,920,0,1,train,4015
8039,8874,6452,120,120,6452,1,0,test,1271
8040,8876,1345,7134,7134,1345,1,0,train,4747
8041,8877,2651,5249,5249,2651,1,0,train,2013
8042,8880,3028,1763,3028,1763,0,1,train,2695
8043,8881,4002,970,970,4002,1,0,train,6570
8044,8882,576,3809,3809,576,1,0,test,381
8045,8884,9133,9312,9133,9312,0,1,train,7679
8046,8885,4956,6786,6786,4956,1,0,train,2693
8047,8886,8096,2100,8096,2100,0,1,train,6259
8048,8887,4647,2012,2012,4647,1,0,train,964
8049,8888,221,3041,221,3041,0,1,train,1084
8050,8890,5465,9199,9199,5465,1,0,train,6112
8051,8891,4247,248,4247,248,0,1,train,481
8052,8892,4247,1747,4247,1747,0,1,train,355
8053,8893,4247,4436,4436,4247,1,0,train,1319
8054,8894,7346,6999,6999,7346,1,0,train,5596
8055,8895,326,6018,326,6018,0,1,train,7194
8056,8896,3920,4079,3920,4079,0,1,train,2461
8057,8897,6938,5758,6938,5758,0,1,test,747
8058,8898,4391,1694,4391,1694,0,1,test,509
8059,8899,9026,1139,9026,1139,0,1,train,146
8060,8900,6332,5473,6332,5473,0,1,train,2687
8061,8901,8743,991,8743,991,0,1,train,3070
8062,8902,4429,8701,8701,4429,1,0,train,3680
8063,8903,1879,3732,3732,1879,1,0,train,537
8064,8905,5465,1831,1831,5465,1,0,train,2348
8065,8907,6185,6017,6017,6185,1,0,test,1631
8066,8908,5262,8158,8158,5262,1,0,test,1235
8067,8909,4977,7429,4977,7429,0,1,test,539
8068,8910,3493,2629,2629,3493,1,0,test,894
8069,8912,1131,9316,9316,1131,1,0,train,7292
8070,8913,5876,1702,5876,1702,0,1,train,5366
8071,8914,3496,5350,3496,5350,0,1,train,6070
8072,8915,3130,4800,3130,4800,0,1,test,1129
8073,8916,7827,2206,2206,7827,1,0,train,2282
8074,8917,2136,4222,4222,2136,1,0,train,339
8075,8918,8320,8077,8077,8320,1,0,train,2516
8076,8919,108,2854,108,2854,0,1,test,613
8077,8920,9247,7216,9247,7216,0,1,train,6485
8078,8921,3085,3161,3085,3161,0,1,train,1
8079,8923,3716,5320,3716,5320,0,1,test,1308
8080,8925,2102,7661,7661,2102,1,0,train,6932
8081,8926,1866,1645,1866,1645,0,1,train,1330
8082,8927,2102,1427,1427,2102,1,0,train,5948
8083,8928,941,8158,8158,941,1,0,train,6162
8084,8929,2020,739,2020,739,0,1,test,982
8085,8930,5265,3328,5265,3328,0,1,train,3964
8086,8931,5260,915,915,5260,1,0,train,4733
8087,8933,2136,5566,5566,2136,1,0,train,7826
8088,8934,5236,2971,2971,5236,1,0,test,685
8089,8935,1631,7427,1631,7427,0,1,test,622
8090,8936,1092,6017,6017,1092,1,0,train,7506
8091,8937,1435,501,1435,501,0,1,train,6123
8092,8938,782,7825,7825,782,1,0,train,4264
8093,8939,925,4898,4898,925,1,0,train,6247
8094,8940,334,1902,334,1902,0,1,train,3885
8095,8941,577,2747,2747,577,1,0,train,7619
8096,8943,1643,3788,3788,1643,1,0,test,1567
8097,8944,1367,8583,1367,8583,0,1,test,1802
8098,8945,7691,5148,7691,5148,0,1,test,908
8099,8946,1102,2373,1102,2373,0,1,test,1089
8100,8947,847,8461,8461,847,1,0,train,1671
8101,8948,380,7948,380,7948,0,1,train,1923
8102,8949,7559,7480,7559,7480,0,1,train,924
8103,8950,7137,8176,7137,8176,0,1,train,185
8104,8951,6615,4121,6615,4121,0,1,test,1034
8105,8952,888,2197,2197,888,1,0,test,289
8106,8954,1454,8138,1454,8138,0,1,train,6257
8107,8955,230,8779,8779,230,1,0,train,6176
8108,8956,619,3333,619,3333,0,1,train,1577
8109,8958,1131,5076,5076,1131,1,0,train,3512
8110,8959,7395,4492,7395,4492,0,1,train,7847
8111,8962,2119,3916,3916,2119,1,0,test,1119
8112,8963,567,8991,567,8991,0,1,train,1812
8113,8964,266,3335,3335,266,1,0,train,7750
8114,8966,2124,3308,2124,3308,0,1,train,652
8115,8969,8339,7489,8339,7489,0,1,train,1557
8116,8970,3709,5781,3709,5781,0,1,train,3401
8117,8971,7290,7563,7290,7563,0,1,train,5540
8118,8972,3812,2270,3812,2270,0,1,train,1360
8119,8973,8265,5992,8265,5992,0,1,test,1534
8120,8974,4039,5124,5124,4039,1,0,train,5848
8121,8975,2379,6293,2379,6293,0,1,train,1492
8122,8976,1564,1800,1564,1800,0,1,train,2773
8123,8978,8940,6635,6635,8940,1,0,train,7796
8124,8979,4886,6762,6762,4886,1,0,train,4972
8125,8980,1375,8616,1375,8616,0,1,test,1826
8126,8981,5615,4322,5615,4322,0,1,train,1332
8127,8984,4519,4185,4519,4185,0,1,train,3275
8128,8985,7264,1441,7264,1441,0,1,train,5298
8129,8986,7805,319,319,7805,1,0,train,242
8130,8987,5301,5177,5177,5301,1,0,train,3844
8131,8988,266,4220,4220,266,1,0,train,1318
8132,8989,6108,376,376,6108,1,0,test,475
8133,8991,5171,3353,3353,5171,1,0,train,4792
8134,8992,5201,4862,5201,4862,0,1,train,6676
8135,8993,3746,3764,3746,3764,0,1,train,3180
8136,8994,2617,7997,2617,7997,0,1,train,3387
8137,8995,2193,7556,7556,2193,1,0,train,58
8138,8996,426,100,426,100,0,1,test,682
8139,8997,450,1872,1872,450,1,0,test,443
8140,8998,1764,8438,1764,8438,0,1,test,1533
8141,8999,8154,7743,8154,7743,0,1,train,3983
8142,9000,1925,5081,1925,5081,0,1,train,7165
8143,9001,3476,7979,7979,3476,1,0,train,6837
8144,9002,2139,2132,2132,2139,1,0,train,4149
8145,9003,8491,610,8491,610,0,1,test,1541
8146,9005,5052,7194,5052,7194,0,1,train,4538
8147,9006,574,8511,8511,574,1,0,train,5391
8148,9007,350,385,350,385,0,1,train,6418
8149,9008,3285,2770,2770,3285,1,0,train,5088
8150,9009,1319,7379,7379,1319,1,0,train,713
8151,9010,1091,7978,1091,7978,0,1,train,5036
8152,9011,2134,508,2134,508,0,1,train,4534
8153,9012,4096,1378,1378,4096,1,0,train,3813
8154,9013,5479,1163,1163,5479,1,0,train,1205
8155,9014,3018,6437,3018,6437,0,1,train,6256
8156,9015,2458,7577,2458,7577,0,1,train,4573
8157,9017,5876,8951,8951,5876,1,0,train,5988
8158,9018,4066,163,4066,163,0,1,train,1850
8159,9021,1589,6122,6122,1589,1,0,train,7648
8160,9022,4008,5963,4008,5963,0,1,train,405
8161,9023,2031,2314,2314,2031,1,0,test,1630
8162,9024,6050,6905,6905,6050,1,0,train,4960
8163,9026,6152,8143,6152,8143,0,1,test,1527
8164,9027,6429,9327,6429,9327,0,1,test,1721
8165,9028,5432,2540,5432,2540,0,1,train,5534
8166,9029,3337,2042,2042,3337,1,0,train,7056
8167,9030,3337,3433,3433,3337,1,0,train,2510
8168,9031,772,7962,772,7962,0,1,test,1619
8169,9032,8460,4870,8460,4870,0,1,train,4043
8170,9033,5305,4477,4477,5305,1,0,train,1677
8171,9034,1071,7595,7595,1071,1,0,train,2158
8172,9035,1914,2462,2462,1914,1,0,test,1663
8173,9037,9063,2476,2476,9063,1,0,train,5816
8174,9038,1127,7618,1127,7618,0,1,train,1513
8175,9039,1281,4722,4722,1281,1,0,train,6397
8176,9040,2903,4625,4625,2903,1,0,train,6717
8177,9041,5389,7868,5389,7868,0,1,train,6648
8178,9042,6424,5164,5164,6424,1,0,test,1296
8179,9043,217,5529,5529,217,1,0,train,6780
8180,9044,6254,7640,6254,7640,0,1,train,6517
8181,9045,1058,2736,2736,1058,1,0,train,109
8182,9046,1501,1810,1810,1501,1,0,train,7447
8183,9047,8923,435,8923,435,0,1,train,833
8184,9048,356,3709,3709,356,1,0,train,436
8185,9049,1317,6272,1317,6272,0,1,train,1469
8186,9051,4179,5528,5528,4179,1,0,train,3681
8187,9052,2379,5913,2379,5913,0,1,train,5386
8188,9053,9002,275,275,9002,1,0,train,1697
8189,9054,8282,4904,8282,4904,0,1,train,134
8190,9055,2439,1258,1258,2439,1,0,test,1511
8191,9056,6400,2943,2943,6400,1,0,train,7084
8192,9057,9192,2163,9192,2163,0,1,test,7
8193,9058,7915,6760,6760,7915,1,0,train,7440
8194,9060,3924,6328,6328,3924,1,0,test,1754
8195,9062,195,1920,195,1920,0,1,train,673
8196,9063,1097,7774,7774,1097,1,0,train,7261
8197,9064,5981,1555,1555,5981,1,0,train,6140
8198,9065,3157,4333,4333,3157,1,0,train,582
8199,9066,340,6923,6923,340,1,0,train,425
8200,9067,1441,5946,5946,1441,1,0,train,5681
8201,9068,2339,8662,8662,2339,1,0,train,903
8202,9069,1998,8873,1998,8873,0,1,train,5149
8203,9071,3522,735,3522,735,0,1,train,7760
8204,9072,7431,4291,7431,4291,0,1,train,327
8205,9074,3234,7970,3234,7970,0,1,train,5073
8206,9075,5899,374,374,5899,1,0,train,3421
8207,9076,5864,1986,1986,5864,1,0,train,574
8208,9077,8473,8573,8573,8473,1,0,test,740
8209,9078,7330,243,243,7330,1,0,test,116
8210,9079,1275,7931,1275,7931,0,1,test,1755
8211,9080,248,7550,248,7550,0,1,train,3216
8212,9082,2507,4205,4205,2507,1,0,train,6399
8213,9083,9172,6448,6448,9172,1,0,train,1352
8214,9084,1696,9304,1696,9304,0,1,test,593
8215,9085,8939,3516,8939,3516,0,1,train,5249
8216,9088,6811,8721,8721,6811,1,0,train,6296
8217,9089,2889,7306,7306,2889,1,0,train,7200
8218,9090,6404,2986,6404,2986,0,1,train,4148
8219,9091,2745,7967,2745,7967,0,1,train,3821
8220,9092,438,2747,2747,438,1,0,train,6338
8221,9094,7064,7795,7795,7064,1,0,test,1183
8222,9095,3888,4085,3888,4085,0,1,train,3679
8223,9096,2774,3116,2774,3116,0,1,test,1410
8224,9097,1716,8602,8602,1716,1,0,test,463
8225,9098,2525,7123,7123,2525,1,0,test,586
8226,9099,3440,5949,3440,5949,0,1,test,340
8227,9101,9220,1740,1740,9220,1,0,test,152
8228,9102,6025,8175,6025,8175,0,1,train,5964
8229,9103,7875,60,60,7875,1,0,train,2144
8230,9104,1616,8373,1616,8373,0,1,test,1666
8231,9105,2078,946,946,2078,1,0,train,3310
8232,9107,9134,4195,9134,4195,0,1,train,865
8233,9108,2508,4741,4741,2508,1,0,train,4673
8234,9109,9185,5999,9185,5999,0,1,train,5004
8235,9111,1016,9216,9216,1016,1,0,train,1527
8236,9112,598,2298,2298,598,1,0,train,5343
8237,9114,6982,7684,7684,6982,1,0,train,94
8238,9116,2796,833,2796,833,0,1,test,1488
8239,9118,2226,2791,2791,2226,1,0,train,7197
8240,9119,4941,408,408,4941,1,0,train,2251
8241,9120,4941,2077,4941,2077,0,1,train,5786
8242,9121,8667,712,8667,712,0,1,test,1466
8243,9122,7347,33,7347,33,0,1,test,1744
8244,9123,8322,3010,3010,8322,1,0,train,6598
8245,9124,3282,5699,5699,3282,1,0,test,1928
8246,9125,248,8697,248,8697,0,1,train,2011
8247,9126,4510,8469,8469,4510,1,0,train,7777
8248,9128,7274,4570,7274,4570,0,1,train,7448
8249,9129,6051,756,6051,756,0,1,test,327
8250,9131,8984,4345,4345,8984,1,0,train,638
8251,9132,2155,4538,2155,4538,0,1,train,5814
8252,9134,326,6296,6296,326,1,0,train,4066
8253,9135,3983,2614,3983,2614,0,1,train,240
8254,9136,5568,4862,5568,4862,0,1,train,718
8255,9137,400,2634,2634,400,1,0,train,602
8256,9138,18,2405,18,2405,0,1,test,1813
8257,9139,448,5234,448,5234,0,1,train,1575
8258,9140,5156,3129,5156,3129,0,1,train,5885
8259,9141,6493,2766,6493,2766,0,1,train,6264
8260,9142,5792,7297,5792,7297,0,1,test,1030
8261,9143,6342,7247,6342,7247,0,1,train,5155
8262,9144,8982,5103,8982,5103,0,1,train,4047
8263,9145,4391,7107,4391,7107,0,1,test,627
8264,9146,831,3946,831,3946,0,1,test,200
8265,9147,4819,8876,4819,8876,0,1,train,6704
8266,9148,3388,8592,3388,8592,0,1,train,4782
8267,9149,8314,3,3,8314,1,0,test,1418
8268,9150,4992,788,788,4992,1,0,train,887
8269,9151,8322,72,72,8322,1,0,train,7821
8270,9152,5723,266,266,5723,1,0,train,7441
8271,9153,9105,3198,3198,9105,1,0,train,181
8272,9154,6668,1668,1668,6668,1,0,train,3652
8273,9155,8576,2520,8576,2520,0,1,test,1824
8274,9156,2134,8517,2134,8517,0,1,train,5312
8275,9157,637,5062,637,5062,0,1,train,4360
8276,9158,6112,9101,9101,6112,1,0,train,5800
8277,9159,9322,3653,9322,3653,0,1,train,971
8278,9160,1984,3368,3368,1984,1,0,train,3015
8279,9162,4294,6695,6695,4294,1,0,train,7681
8280,9163,37,7021,37,7021,0,1,train,5466
8281,9164,5905,3502,5905,3502,0,1,train,3697
8282,9165,517,8460,517,8460,0,1,train,7365
8283,9166,8712,2826,8712,2826,0,1,train,6791
8284,9167,3116,8034,3116,8034,0,1,train,5311
8285,9168,1134,8448,8448,1134,1,0,train,2078
8286,9169,5834,1988,1988,5834,1,0,train,6087
8287,9170,3116,8316,3116,8316,0,1,train,936
8288,9171,6595,4357,4357,6595,1,0,train,6208
8289,9172,1802,1116,1802,1116,0,1,test,1516
8290,9173,3624,4629,3624,4629,0,1,train,876
8291,9174,8819,8750,8750,8819,1,0,train,5135
8292,9175,8930,8700,8930,8700,0,1,test,58
8293,9176,8716,3052,3052,8716,1,0,train,3927
8294,9177,7161,4876,4876,7161,1,0,train,6805
8295,9178,8563,5622,8563,5622,0,1,train,5431
8296,9179,8553,7137,7137,8553,1,0,train,3471
8297,9180,7073,1900,1900,7073,1,0,train,3770
8298,9181,9310,8733,9310,8733,0,1,test,473
8299,9182,527,4291,4291,527,1,0,train,2065
8300,9183,304,3975,304,3975,0,1,train,3339
8301,9184,441,3982,441,3982,0,1,train,5404
8302,9185,143,3246,143,3246,0,1,train,6573
8303,9186,4050,5573,4050,5573,0,1,train,1959
8304,9188,6817,6821,6821,6817,1,0,train,1702
8305,9190,4050,8207,8207,4050,1,0,train,3559
8306,9191,4957,2478,2478,4957,1,0,train,2246
8307,9192,7759,2029,2029,7759,1,0,train,1414
8308,9193,1945,1728,1945,1728,0,1,train,5996
8309,9194,1673,5850,1673,5850,0,1,train,2256
8310,9195,7070,7798,7070,7798,0,1,test,1492
8311,9197,8730,5975,5975,8730,1,0,train,552
8312,9199,5596,8126,8126,5596,1,0,train,4141
8313,9200,11,2414,11,2414,0,1,train,505
8314,9201,8817,5817,5817,8817,1,0,train,2555
8315,9202,5892,1956,5892,1956,0,1,test,72
8316,9203,4274,215,215,4274,1,0,train,5782
8317,9204,2579,599,599,2579,1,0,train,6501
8318,9205,7597,7400,7597,7400,0,1,train,6492
8319,9208,4814,442,4814,442,0,1,train,2002
8320,9209,110,8541,110,8541,0,1,train,1858
8321,9210,2193,5937,2193,5937,0,1,train,3517
8322,9211,3183,5099,3183,5099,0,1,train,530
8323,9213,5168,499,5168,499,0,1,train,307
8324,9214,266,1001,1001,266,1,0,train,1375
8325,9216,5168,6020,5168,6020,0,1,train,3358
8326,9218,8701,4654,8701,4654,0,1,train,5849
8327,9219,8845,528,528,8845,1,0,train,2659
8328,9220,5013,6475,5013,6475,0,1,train,7111
8329,9221,577,3906,577,3906,0,1,train,1220
8330,9222,3910,2326,2326,3910,1,0,train,1590
8331,9225,1225,3389,3389,1225,1,0,train,612
8332,9227,1487,405,405,1487,1,0,train,2827
8333,9228,3123,4056,3123,4056,0,1,train,2490
8334,9229,8945,2713,2713,8945,1,0,train,6287
8335,9230,266,6460,266,6460,0,1,train,4703
8336,9231,4878,53,4878,53,0,1,test,706
8337,9232,6435,470,6435,470,0,1,train,3986
8338,9233,1437,7252,7252,1437,1,0,train,1192
8339,9234,614,1225,1225,614,1,0,train,5217
8340,9235,3309,1610,3309,1610,0,1,train,1900
8341,9236,4814,1831,4814,1831,0,1,train,7493
8342,9237,3002,4543,4543,3002,1,0,train,6149
8343,9239,2628,3195,3195,2628,1,0,test,1595
8344,9240,6813,5649,6813,5649,0,1,train,5092
8345,9242,7251,453,7251,453,0,1,train,5661
8346,9243,567,5486,5486,567,1,0,train,2662
8347,9244,8797,3486,8797,3486,0,1,train,11
8348,9245,8189,8661,8661,8189,1,0,train,3274
8349,9246,9099,4184,9099,4184,0,1,train,7618
8350,9247,4388,1930,4388,1930,0,1,train,5269
8351,9248,1400,8411,1400,8411,0,1,train,6336
8352,9249,5899,2742,5899,2742,0,1,train,4587
8353,9250,7392,7956,7392,7956,0,1,train,3960
8354,9251,131,1924,1924,131,1,0,train,6604
8355,9252,2098,10,2098,10,0,1,train,878
8356,9253,6117,8845,6117,8845,0,1,train,6875
8357,9254,5749,5502,5749,5502,0,1,train,3104
8358,9255,266,6757,266,6757,0,1,train,4685
8359,9256,1503,4198,1503,4198,0,1,train,2503
8360,9257,1047,9064,1047,9064,0,1,train,5268
8361,9260,134,9211,9211,134,1,0,train,3117
8362,9262,3840,8787,3840,8787,0,1,train,1165
8363,9264,6810,5250,5250,6810,1,0,train,5120
8364,9265,6424,6727,6727,6424,1,0,train,5801
8365,9266,6256,5016,5016,6256,1,0,train,4450
8366,9267,903,9218,903,9218,0,1,train,7280
8367,9268,6280,2758,2758,6280,1,0,test,468
8368,9270,4403,986,4403,986,0,1,test,1859
8369,9271,2193,4687,4687,2193,1,0,train,4210
8370,9272,4851,8702,4851,8702,0,1,train,1607
8371,9273,4851,467,4851,467,0,1,train,2206
8372,9274,6394,9059,6394,9059,0,1,train,5600
8373,9275,8213,3664,8213,3664,0,1,train,4567
8374,9276,3344,4966,4966,3344,1,0,train,4612
8375,9277,7502,8153,7502,8153,0,1,train,2111
8376,9278,8687,8595,8595,8687,1,0,train,6135
8377,9279,3163,1019,1019,3163,1,0,train,5667
8378,9282,293,152,293,152,0,1,train,3658
8379,9283,2538,3690,3690,2538,1,0,train,5284
8380,9284,8922,1494,8922,1494,0,1,train,5326
8381,9285,7205,6173,7205,6173,0,1,train,2141
8382,9286,8953,3096,8953,3096,0,1,train,7481
8383,9287,7942,4741,7942,4741,0,1,train,719
8384,9288,8811,8718,8811,8718,0,1,train,7578
8385,9289,2884,3390,2884,3390,0,1,train,7270
8386,9290,4367,1829,4367,1829,0,1,train,4035
8387,9291,8496,866,866,8496,1,0,train,1803
8388,9292,8305,5170,8305,5170,0,1,train,1562
8389,9294,5969,5177,5969,5177,0,1,test,1123
8390,9295,8427,1142,8427,1142,0,1,train,3097
8391,9296,3752,8196,8196,3752,1,0,test,1247
8392,9297,789,8098,789,8098,0,1,train,7756
8393,9298,2596,6475,2596,6475,0,1,train,5438
8394,9299,5939,8848,8848,5939,1,0,train,4633
8395,9300,7223,8012,8012,7223,1,0,train,2179
8396,9301,8365,868,868,8365,1,0,train,3900
8397,9302,121,8065,8065,121,1,0,train,6988
8398,9303,8954,6429,6429,8954,1,0,test,1378
8399,9304,6080,7661,6080,7661,0,1,train,1818
8400,9305,757,1825,757,1825,0,1,train,4582
8401,9306,2142,1465,2142,1465,0,1,test,459
8402,9307,757,3166,757,3166,0,1,test,130
8403,9310,6145,1274,6145,1274,0,1,test,732
8404,9311,6307,8987,8987,6307,1,0,train,5954
8405,9312,3932,2582,3932,2582,0,1,test,1531
8406,9313,8275,7559,7559,8275,1,0,train,4422
8407,9314,6170,4300,4300,6170,1,0,train,13
8408,9315,582,3689,3689,582,1,0,train,5080
8409,9316,164,9316,9316,164,1,0,train,4419
8410,9317,5024,116,116,5024,1,0,train,4367
8411,9318,1036,3994,1036,3994,0,1,train,1703
8412,9319,6408,7352,6408,7352,0,1,train,7507
8413,9320,4964,5034,4964,5034,0,1,train,3488
8414,9321,2624,6200,2624,6200,0,1,train,7800
8415,9322,3894,8909,3894,8909,0,1,test,501
8416,9323,3324,3656,3324,3656,0,1,train,5322
8417,9324,5102,8788,8788,5102,1,0,test,124
8418,9327,439,2936,439,2936,0,1,train,789
8419,9328,6682,8353,8353,6682,1,0,train,5197
8420,9329,4153,5876,5876,4153,1,0,train,1128
8421,9330,4975,2294,4975,2294,0,1,test,1175
8422,9331,40,6475,40,6475,0,1,train,72
8423,9332,5608,6088,5608,6088,0,1,train,4208
8424,9333,1507,925,1507,925,0,1,train,1611
8425,9334,5755,3641,3641,5755,1,0,train,3391
8426,9335,5325,9119,9119,5325,1,0,test,649
8427,9337,1916,5131,5131,1916,1,0,train,2800
8428,9338,4291,6437,4291,6437,0,1,train,6127
8429,9339,8390,4912,8390,4912,0,1,train,7883
8430,9343,5993,2313,2313,5993,1,0,train,715
8431,9345,5194,2485,2485,5194,1,0,test,435
8432,9346,4097,3747,3747,4097,1,0,train,205
8433,9347,3106,6303,3106,6303,0,1,train,347
8434,9348,8968,9173,8968,9173,0,1,train,840
8435,9349,555,6102,555,6102,0,1,test,1749
8436,9350,806,5655,806,5655,0,1,train,316
8437,9353,9287,7187,9287,7187,0,1,train,4886
8438,9354,2910,351,2910,351,0,1,test,1096
8439,9355,980,7095,980,7095,0,1,train,2766
8440,9356,2926,2836,2836,2926,1,0,train,6341
8441,9357,180,7438,180,7438,0,1,train,3534
8442,9360,8942,4018,8942,4018,0,1,train,2826
8443,9361,284,7495,284,7495,0,1,train,7454
8444,9362,1160,4252,4252,1160,1,0,train,6379
8445,9363,8009,8273,8273,8009,1,0,test,277
8446,9364,3260,6067,3260,6067,0,1,train,3161
8447,9365,2591,3056,3056,2591,1,0,test,970
8448,9366,6264,8706,8706,6264,1,0,train,3701
8449,9367,1171,5052,5052,1171,1,0,train,461
8450,9368,6935,1871,1871,6935,1,0,train,3478
8451,9369,8756,1260,8756,1260,0,1,train,3594
8452,9371,4563,8591,8591,4563,1,0,train,6748
8453,9372,5149,4182,4182,5149,1,0,test,148
8454,9373,2345,1712,2345,1712,0,1,train,6439
8455,9374,984,354,354,984,1,0,train,2131
8456,9375,164,3704,3704,164,1,0,train,6192
8457,9376,7941,5448,5448,7941,1,0,train,3209
8458,9377,3907,8766,3907,8766,0,1,test,1208
8459,9378,276,4844,276,4844,0,1,train,539
8460,9379,8055,6836,8055,6836,0,1,train,7567
8461,9380,6037,1073,6037,1073,0,1,train,6333
8462,9381,248,7373,7373,248,1,0,train,6971
8463,9382,3948,7032,3948,7032,0,1,train,603
8464,9383,4252,6865,4252,6865,0,1,train,6553
8465,9384,4681,3093,3093,4681,1,0,train,5273
8466,9385,4287,5685,5685,4287,1,0,train,107
8467,9386,4124,5825,5825,4124,1,0,train,6949
8468,9387,2758,6744,2758,6744,0,1,train,5264
8469,9390,5143,2389,5143,2389,0,1,test,535
8470,9391,9101,4723,9101,4723,0,1,train,3764
8471,9392,4655,7875,7875,4655,1,0,test,287
8472,9393,7906,6849,7906,6849,0,1,train,2478
8473,9394,5091,2294,2294,5091,1,0,train,496
8474,9395,149,1341,149,1341,0,1,train,265
8475,9396,475,413,475,413,0,1,train,2418
8476,9397,4078,245,245,4078,1,0,train,7839
8477,9398,2364,1363,1363,2364,1,0,train,4973
8478,9400,3832,4707,3832,4707,0,1,train,4656
8479,9401,1341,7311,1341,7311,0,1,train,6624
8480,9402,5260,7819,5260,7819,0,1,train,3739
8481,9403,932,659,659,932,1,0,test,1667
8482,9404,2132,8621,2132,8621,0,1,train,2588
8483,9405,5924,1613,5924,1613,0,1,test,367
8484,9406,1800,5870,1800,5870,0,1,train,1231
8485,9407,7323,8176,7323,8176,0,1,train,5909
8486,9408,7559,4851,7559,4851,0,1,train,3306
8487,9409,3005,8209,8209,3005,1,0,train,7771
8488,9410,5939,3568,3568,5939,1,0,train,1470
8489,9412,1127,7725,1127,7725,0,1,train,5642
8490,9413,132,3346,3346,132,1,0,train,3096
8491,9414,2570,3415,3415,2570,1,0,train,1915
8492,9415,7784,7440,7784,7440,0,1,train,3245
8493,9416,1236,45,45,1236,1,0,test,1679
8494,9417,1158,6065,1158,6065,0,1,train,3966
8495,9420,4156,8852,8852,4156,1,0,train,3406
8496,9421,2048,5994,2048,5994,0,1,test,1146
8497,9422,1354,5578,1354,5578,0,1,train,7852
8498,9426,7652,62,7652,62,0,1,train,4401
8499,9427,5872,7649,5872,7649,0,1,train,7412
8500,9428,44,9115,44,9115,0,1,train,690
8501,9429,5915,2501,2501,5915,1,0,test,1091
8502,9430,4190,1433,4190,1433,0,1,train,3604
8503,9432,8286,6794,6794,8286,1,0,train,3634
8504,9433,4495,4842,4842,4495,1,0,train,953
8505,9434,131,2092,131,2092,0,1,train,4861
8506,9435,134,850,850,134,1,0,train,2814
8507,9436,4025,8376,8376,4025,1,0,train,1059
8508,9437,278,8221,278,8221,0,1,train,4372
8509,9438,7259,6449,6449,7259,1,0,train,3119
8510,9439,4153,279,4153,279,0,1,train,5024
8511,9440,4211,8837,4211,8837,0,1,train,1981
8512,9441,5846,3707,3707,5846,1,0,test,1784
8513,9442,1374,1485,1485,1374,1,0,train,788
8514,9444,7980,5919,7980,5919,0,1,train,7535
8515,9445,33,7199,33,7199,0,1,train,1773
8516,9446,92,6708,92,6708,0,1,train,5320
8517,9447,1166,5397,1166,5397,0,1,train,5020
8518,9448,1498,1273,1273,1498,1,0,train,401
8519,9450,4707,7353,7353,4707,1,0,train,5933
8520,9451,124,299,299,124,1,0,train,7416
8521,9453,9023,648,9023,648,0,1,train,1927
8522,9454,4692,1304,4692,1304,0,1,test,1448
8523,9456,698,7603,7603,698,1,0,train,5482
8524,9457,7588,6676,7588,6676,0,1,train,4750
8525,9459,5546,74,74,5546,1,0,test,699
8526,9460,4509,5405,4509,5405,0,1,test,212
8527,9461,5608,7422,5608,7422,0,1,train,577
8528,9462,8807,4309,8807,4309,0,1,test,1652
8529,9463,3910,5320,5320,3910,1,0,test,875
8530,9464,1468,2688,2688,1468,1,0,train,3976
8531,9466,5246,8370,5246,8370,0,1,train,730
8532,9467,7282,1578,1578,7282,1,0,train,6020
8533,9468,1735,7332,1735,7332,0,1,test,1966
8534,9470,319,4756,4756,319,1,0,train,761
8535,9472,3396,3750,3750,3396,1,0,train,7043
8536,9473,6408,2429,6408,2429,0,1,train,2794
8537,9474,8010,5327,8010,5327,0,1,train,7409
8538,9475,3056,1225,1225,3056,1,0,train,3906
8539,9476,8412,3911,3911,8412,1,0,train,6120
8540,9477,888,3991,3991,888,1,0,train,3434
8541,9478,1068,5841,1068,5841,0,1,train,2577
8542,9479,191,8787,8787,191,1,0,train,5825
8543,9480,4096,8389,8389,4096,1,0,train,6160
8544,9481,326,6200,326,6200,0,1,train,3210
8545,9483,354,4137,4137,354,1,0,train,4115
8546,9484,1022,357,357,1022,1,0,train,2937
8547,9485,304,219,219,304,1,0,train,4465
8548,9486,3477,465,3477,465,0,1,train,3933
8549,9487,1933,3666,1933,3666,0,1,train,2981
8550,9488,3417,5866,5866,3417,1,0,train,3720
8551,9489,351,5345,5345,351,1,0,train,7223
8552,9491,401,5516,401,5516,0,1,train,3936
8553,9492,1086,8941,8941,1086,1,0,train,2533
8554,9493,4061,2915,4061,2915,0,1,train,3942
8555,9495,3585,2781,3585,2781,0,1,test,1675
8556,9496,140,9213,9213,140,1,0,train,4781
8557,9497,8494,5791,8494,5791,0,1,test,1538
8558,9498,2589,2189,2589,2189,0,1,train,4531
8559,9500,1409,2402,2402,1409,1,0,test,50
8560,9501,1909,4904,1909,4904,0,1,train,2592
8561,9503,440,1153,1153,440,1,0,train,80
8562,9504,7514,6957,6957,7514,1,0,test,182
8563,9505,1907,9233,9233,1907,1,0,train,7799
8564,9506,18,3894,3894,18,1,0,train,7388
8565,9507,3403,9271,9271,3403,1,0,train,4759
8566,9508,1208,9201,1208,9201,0,1,train,7205
8567,9509,6273,4638,6273,4638,0,1,train,7236
8568,9510,439,7610,439,7610,0,1,train,6706
8569,9511,7474,3013,7474,3013,0,1,train,7832
8570,9512,2239,3758,3758,2239,1,0,test,1566
8571,9513,1576,5105,1576,5105,0,1,train,2247
8572,9516,3530,6157,3530,6157,0,1,test,1656
8573,9517,4246,5128,4246,5128,0,1,train,6388
8574,9518,143,903,903,143,1,0,train,1588
8575,9522,6260,3769,3769,6260,1,0,train,2898
8576,9524,1431,6169,6169,1431,1,0,test,643
8577,9526,3237,2574,3237,2574,0,1,train,1120
8578,9527,4291,8974,8974,4291,1,0,train,7309
8579,9528,906,7390,906,7390,0,1,train,6843
8580,9529,388,6150,6150,388,1,0,train,3792
8581,9530,4406,6351,4406,6351,0,1,train,7519
8582,9531,7154,5461,5461,7154,1,0,test,906
8583,9532,5141,2420,5141,2420,0,1,train,3889
8584,9534,6960,3474,6960,3474,0,1,train,5005
8585,9536,4535,4355,4535,4355,0,1,train,5289
8586,9537,7047,8726,7047,8726,0,1,train,7726
8587,9538,7439,8244,7439,8244,0,1,train,2374
8588,9540,3219,565,3219,565,0,1,train,6767
8589,9542,2148,3791,2148,3791,0,1,train,3656
8590,9543,4691,22,22,4691,1,0,train,4630
8591,9544,7254,8154,8154,7254,1,0,test,1557
8592,9545,5772,4266,4266,5772,1,0,train,762
8593,9546,2826,6596,2826,6596,0,1,train,5926
8594,9547,6726,2219,6726,2219,0,1,test,1845
8595,9548,1514,4992,4992,1514,1,0,train,7393
8596,9549,2010,8131,2010,8131,0,1,train,5388
8597,9550,4062,2541,2541,4062,1,0,train,2663
8598,9551,4943,8705,4943,8705,0,1,test,798
8599,9552,8346,2242,8346,2242,0,1,train,7380
8600,9553,3367,8071,3367,8071,0,1,test,1714
8601,9555,8889,3113,3113,8889,1,0,train,2956
8602,9556,3094,2409,3094,2409,0,1,train,783
8603,9557,293,875,293,875,0,1,train,6000
8604,9558,3474,8334,8334,3474,1,0,test,540
8605,9559,7989,4437,4437,7989,1,0,train,1924
8606,9560,1281,5685,1281,5685,0,1,train,4052
8607,9561,933,5296,933,5296,0,1,train,532
8608,9562,3461,4823,4823,3461,1,0,train,6636
8609,9563,1127,5534,5534,1127,1,0,train,4392
8610,9564,2561,22,22,2561,1,0,train,2037
8611,9565,3283,2092,2092,3283,1,0,train,3532
8612,9566,6603,963,6603,963,0,1,test,1348
8613,9567,8252,366,366,8252,1,0,train,4397
8614,9568,6292,3162,3162,6292,1,0,test,440
8615,9569,5013,3129,5013,3129,0,1,train,1317
8616,9570,5130,5046,5130,5046,0,1,train,3714
8617,9571,2614,2555,2614,2555,0,1,train,6589
8618,9573,5685,3472,3472,5685,1,0,train,1727
8619,9574,6759,1186,6759,1186,0,1,train,6822
8620,9575,3566,216,3566,216,0,1,test,1954
8621,9576,8346,5834,8346,5834,0,1,train,4828
8622,9577,2514,5290,5290,2514,1,0,train,3221
8623,9578,4006,1306,4006,1306,0,1,train,2083
8624,9580,9067,1558,9067,1558,0,1,train,266
8625,9581,1844,4689,1844,4689,0,1,train,3712
8626,9582,2997,4201,2997,4201,0,1,train,3937
8627,9583,6855,6991,6991,6855,1,0,test,1490
8628,9584,4001,559,4001,559,0,1,train,3178
8629,9585,296,5754,5754,296,1,0,train,4469
8630,9586,409,7300,7300,409,1,0,test,1180
8631,9588,9120,3142,3142,9120,1,0,train,4427
8632,9589,1020,4314,4314,1020,1,0,train,670
8633,9590,3389,4646,3389,4646,0,1,train,3827
8634,9591,1085,1276,1276,1085,1,0,train,3198
8635,9592,983,4101,983,4101,0,1,train,5316
8636,9593,3282,2295,2295,3282,1,0,train,6684
8637,9594,2802,3547,2802,3547,0,1,train,7768
8638,9596,7372,1866,1866,7372,1,0,train,4022
8639,9598,8554,1075,1075,8554,1,0,test,686
8640,9599,8806,5960,5960,8806,1,0,test,1700
8641,9600,8750,2686,8750,2686,0,1,train,2051
8642,9601,3936,5929,3936,5929,0,1,train,2008
8643,9602,7934,3375,7934,3375,0,1,train,5038
8644,9605,9005,2113,9005,2113,0,1,train,5300
8645,9607,751,2777,751,2777,0,1,test,779
8646,9609,207,7021,207,7021,0,1,train,4883
8647,9610,207,7449,207,7449,0,1,test,1110
8648,9611,338,383,338,383,0,1,train,1294
8649,9612,2772,8512,2772,8512,0,1,train,5792
8650,9613,2690,8910,8910,2690,1,0,train,6355
8651,9614,527,8994,527,8994,0,1,train,2359
8652,9616,370,2265,370,2265,0,1,train,7714
8653,9617,8618,3813,3813,8618,1,0,train,99
8654,9618,3955,2446,3955,2446,0,1,train,139
8655,9619,8277,9016,9016,8277,1,0,train,7566
8656,9620,86,2582,86,2582,0,1,train,4250
8657,9621,8109,8297,8109,8297,0,1,train,2181
8658,9622,1131,1872,1131,1872,0,1,test,88
8659,9623,4707,2392,4707,2392,0,1,train,2204
8660,9624,876,3180,876,3180,0,1,test,1880
8661,9626,6276,2438,2438,6276,1,0,train,4108
8662,9627,1058,1819,1058,1819,0,1,train,1212
8663,9628,2438,3370,2438,3370,0,1,train,2330
8664,9631,780,5439,5439,780,1,0,train,4748
8665,9632,1629,765,1629,765,0,1,train,6273
8666,9634,2923,3034,2923,3034,0,1,train,1363
8667,9635,2882,8279,2882,8279,0,1,test,1768
8668,9637,135,2527,135,2527,0,1,train,3529
8669,9638,1319,3467,3467,1319,1,0,train,2398
8670,9639,131,1312,1312,131,1,0,train,3395
8671,9641,822,4656,4656,822,1,0,train,1034
8672,9642,4763,9289,4763,9289,0,1,train,2945
8673,9643,2473,3818,2473,3818,0,1,train,4774
8674,9644,771,995,771,995,0,1,test,1934
8675,9645,3147,6732,6732,3147,1,0,train,2532
8676,9646,952,3679,952,3679,0,1,train,7369
8677,9648,109,8063,109,8063,0,1,train,5474
8678,9649,5024,3039,5024,3039,0,1,test,1233
8679,9650,8775,9204,9204,8775,1,0,train,2576
8680,9651,8891,4687,4687,8891,1,0,test,1612
8681,9652,3815,4634,3815,4634,0,1,train,4281
8682,9653,8792,8574,8574,8792,1,0,train,3530
8683,9655,5552,3443,3443,5552,1,0,train,1022
8684,9656,8734,8428,8428,8734,1,0,train,3494
8685,9657,7903,1399,7903,1399,0,1,train,4099
8686,9658,2561,3277,3277,2561,1,0,train,4433
8687,9660,3014,8217,8217,3014,1,0,train,1496
8688,9661,6571,1319,1319,6571,1,0,test,1911
8689,9662,9045,4730,9045,4730,0,1,train,5789
8690,9663,7699,7574,7574,7699,1,0,train,3327
8691,9664,5722,3958,3958,5722,1,0,train,7228
8692,9665,853,6746,853,6746,0,1,test,939
8693,9666,6606,934,6606,934,0,1,train,6039
8694,9667,8525,6298,6298,8525,1,0,train,6550
8695,9668,9085,8803,9085,8803,0,1,train,4205
8696,9670,3229,8652,3229,8652,0,1,train,4707
8697,9671,7720,7910,7910,7720,1,0,test,112
8698,9672,1498,3908,3908,1498,1,0,train,7693
8699,9673,3198,6329,3198,6329,0,1,test,1335
8700,9674,1396,8848,1396,8848,0,1,train,5843
8701,9675,2104,6237,6237,2104,1,0,train,5752
8702,9676,4964,276,4964,276,0,1,train,2105
8703,9677,1353,9215,9215,1353,1,0,test,309
8704,9679,7410,9019,7410,9019,0,1,test,1723
8705,9680,2298,3125,2298,3125,0,1,train,6454
8706,9681,944,5855,944,5855,0,1,train,2886
8707,9682,9013,612,9013,612,0,1,test,1445
8708,9683,869,2997,869,2997,0,1,train,6383
8709,9684,8346,2988,8346,2988,0,1,train,2907
8710,9686,1914,5688,1914,5688,0,1,train,5908
8711,9687,4137,8776,8776,4137,1,0,train,7483
8712,9688,2015,4522,2015,4522,0,1,train,482
8713,9689,1851,7806,7806,1851,1,0,test,1010
8714,9690,2015,2727,2015,2727,0,1,train,3353
8715,9691,7631,7441,7441,7631,1,0,train,91
8716,9692,6979,1582,1582,6979,1,0,train,1045
8717,9693,1360,1395,1360,1395,0,1,train,7024
8718,9694,1784,8465,1784,8465,0,1,train,5884
8719,9695,164,8803,164,8803,0,1,train,93
8720,9696,7106,1706,1706,7106,1,0,train,4009
8721,9697,2866,4840,4840,2866,1,0,train,261
8722,9698,1372,5177,1372,5177,0,1,test,1128
8723,9699,1372,4666,1372,4666,0,1,train,2787
8724,9700,210,1543,210,1543,0,1,train,3188
8725,9701,4825,6639,6639,4825,1,0,train,4855
8726,9702,936,811,811,936,1,0,train,7885
8727,9704,2717,1990,1990,2717,1,0,train,4979
8728,9705,2155,4641,4641,2155,1,0,train,1725
8729,9707,465,1809,465,1809,0,1,test,1067
8730,9708,3198,2924,3198,2924,0,1,train,2392
8731,9709,448,523,448,523,0,1,train,974
8732,9710,3183,6144,3183,6144,0,1,train,6894
8733,9711,7417,7824,7824,7417,1,0,train,7209
8734,9712,7178,8113,8113,7178,1,0,test,634
8735,9713,4325,5182,4325,5182,0,1,train,4716
8736,9714,255,9198,9198,255,1,0,train,6998
8737,9715,4519,6146,4519,6146,0,1,train,5261
8738,9716,3375,1794,3375,1794,0,1,train,2519
8739,9717,999,1396,1396,999,1,0,train,7807
8740,9718,6889,4433,6889,4433,0,1,train,596
8741,9720,6307,7106,6307,7106,0,1,train,5564
8742,9721,8231,8327,8231,8327,0,1,train,2575
8743,9722,2280,1744,1744,2280,1,0,train,462
8744,9723,8291,5100,5100,8291,1,0,train,5543
8745,9724,5282,944,5282,944,0,1,train,4126
8746,9725,7489,4921,7489,4921,0,1,test,424
8747,9726,6049,7109,7109,6049,1,0,train,7158
8748,9727,7065,5900,5900,7065,1,0,train,5108
8749,9729,3532,8358,8358,3532,1,0,train,4498
8750,9730,4628,5154,4628,5154,0,1,train,4404
8751,9732,6906,7987,6906,7987,0,1,train,1819
8752,9733,8513,3464,8513,3464,0,1,train,4018
8753,9734,2535,3272,2535,3272,0,1,train,6962
8754,9735,8759,6765,8759,6765,0,1,test,405
8755,9736,1659,9031,9031,1659,1,0,train,1751
8756,9737,1773,792,1773,792,0,1,train,150
8757,9738,1949,6849,6849,1949,1,0,train,4607
8758,9739,4862,5971,4862,5971,0,1,train,7265
8759,9740,7444,2173,2173,7444,1,0,train,1682
8760,9741,8212,8887,8887,8212,1,0,train,6898
8761,9742,5370,3497,5370,3497,0,1,train,7658
8762,9743,7464,5556,5556,7464,1,0,train,5102
8763,9744,1949,8260,8260,1949,1,0,train,2174
8764,9745,6052,868,6052,868,0,1,train,2620
8765,9746,1949,6358,6358,1949,1,0,test,1215
8766,9747,7476,37,7476,37,0,1,train,2232
8767,9748,1035,1903,1903,1035,1,0,test,762
8768,9749,5190,5187,5190,5187,0,1,train,1868
8769,9750,5709,4781,5709,4781,0,1,train,6053
8770,9752,4779,6773,4779,6773,0,1,train,1085
8771,9753,7884,4983,4983,7884,1,0,train,4394
8772,9754,8244,803,8244,803,0,1,train,5340
8773,9755,1172,5706,5706,1172,1,0,test,351
8774,9756,1672,5327,5327,1672,1,0,test,1885
8775,9757,299,3589,299,3589,0,1,train,7198
8776,9758,147,165,147,165,0,1,train,5248
8777,9760,3515,2626,3515,2626,0,1,train,1604
8778,9761,6061,4259,6061,4259,0,1,test,1256
8779,9762,8594,4210,4210,8594,1,0,train,5744
8780,9763,8617,8626,8617,8626,0,1,train,6450
8781,9764,5653,3716,3716,5653,1,0,train,1967
8782,9765,6108,4537,6108,4537,0,1,train,5837
8783,9767,2551,2284,2551,2284,0,1,train,1904
8784,9768,2762,4731,4731,2762,1,0,train,4564
8785,9769,948,5208,5208,948,1,0,test,163
8786,9770,6352,399,399,6352,1,0,train,3205
8787,9771,6346,5582,5582,6346,1,0,test,286
8788,9772,8669,5207,5207,8669,1,0,train,2278
8789,9773,6347,3792,3792,6347,1,0,train,3233
8790,9774,7105,6967,7105,6967,0,1,train,645
8791,9776,1999,7529,1999,7529,0,1,train,1381
8792,9777,6467,5879,5879,6467,1,0,train,3854
8793,9778,6897,6320,6897,6320,0,1,train,6874
8794,9779,76,1050,76,1050,0,1,train,3092
8795,9780,9184,2717,9184,2717,0,1,train,3075
8796,9781,7065,4589,4589,7065,1,0,train,7816
8797,9782,1620,1371,1371,1620,1,0,train,4691
8798,9784,4140,2521,2521,4140,1,0,train,3597
8799,9785,1341,2277,1341,2277,0,1,train,4817
8800,9786,6122,8606,8606,6122,1,0,train,5168
8801,9787,4202,3464,4202,3464,0,1,train,4334
8802,9788,771,6287,6287,771,1,0,train,4113
8803,9789,6019,4009,4009,6019,1,0,train,7637
8804,9790,3890,2323,3890,2323,0,1,train,46
8805,9791,6153,5775,5775,6153,1,0,test,1457
8806,9792,2478,1067,1067,2478,1,0,test,244
8807,9793,1469,1750,1469,1750,0,1,train,774
8808,9794,1621,1365,1621,1365,0,1,test,1109
8809,9795,6354,1629,6354,1629,0,1,train,6664
8810,9796,1977,4416,4416,1977,1,0,train,1573
8811,9797,1687,542,1687,542,0,1,train,3895
8812,9799,7635,7995,7995,7635,1,0,test,1887
8813,9800,9219,1226,1226,9219,1,0,train,785
8814,9801,5242,1509,1509,5242,1,0,train,2274
8815,9802,9269,5938,5938,9269,1,0,train,1866
8816,9803,6267,8670,8670,6267,1,0,train,5277
8817,9804,6562,8487,6562,8487,0,1,train,6953
8818,9805,8241,8683,8683,8241,1,0,train,4004
8819,9806,8393,3248,8393,3248,0,1,test,1642
8820,9808,5352,6482,5352,6482,0,1,test,209
8821,9809,1589,5658,1589,5658,0,1,train,2001
8822,9811,796,2269,796,2269,0,1,test,1370
8823,9812,8800,5305,5305,8800,1,0,test,579
8824,9813,3556,8733,3556,8733,0,1,train,6730
8825,9814,7696,8191,7696,8191,0,1,train,4023
8826,9815,6568,597,597,6568,1,0,train,1130
8827,9816,5845,4664,4664,5845,1,0,train,1169
8828,9818,2103,8842,8842,2103,1,0,test,423
8829,9819,368,5528,368,5528,0,1,train,1891
8830,9820,7967,1787,1787,7967,1,0,train,6560
8831,9821,3275,4211,4211,3275,1,0,test,360
8832,9822,7668,2964,7668,2964,0,1,train,390
8833,9823,4771,4421,4421,4771,1,0,train,432
8834,9824,7640,7422,7422,7640,1,0,train,4873
8835,9825,1332,2400,1332,2400,0,1,train,5858
8836,9826,8301,2352,8301,2352,0,1,train,5000
8837,9827,6604,3290,6604,3290,0,1,train,4645
8838,9828,3892,5987,5987,3892,1,0,train,6857
8839,9829,8327,3040,3040,8327,1,0,train,626
8840,9830,1787,7852,1787,7852,0,1,train,1627
8841,9831,6954,3557,6954,3557,0,1,train,3858
8842,9832,2705,8104,8104,2705,1,0,train,6609
8843,9833,1071,1339,1071,1339,0,1,test,1764
8844,9834,8125,6658,8125,6658,0,1,test,1848
8845,9835,439,4790,439,4790,0,1,train,6227
8846,9836,5052,1611,1611,5052,1,0,train,2014
8847,9838,5730,3515,5730,3515,0,1,train,2116
8848,9839,2041,5884,2041,5884,0,1,test,198
8849,9840,7038,305,305,7038,1,0,train,4833
8850,9841,6277,7644,6277,7644,0,1,test,574
8851,9842,4991,460,4991,460,0,1,train,5180
8852,9843,8424,2178,2178,8424,1,0,train,2327
8853,9844,7883,5962,5962,7883,1,0,train,2455
8854,9845,2465,1559,1559,2465,1,0,train,6842
8855,9846,3088,8424,3088,8424,0,1,train,7436
8856,9847,2088,2082,2088,2082,0,1,test,1515
8857,9848,4710,2641,4710,2641,0,1,test,1070
8858,9849,3340,4482,4482,3340,1,0,train,76
8859,9851,263,4127,263,4127,0,1,train,1065
8860,9852,8463,9087,8463,9087,0,1,train,522
8861,9853,7990,2012,7990,2012,0,1,train,4408
8862,9854,3856,1044,1044,3856,1,0,test,197
8863,9855,1297,8472,1297,8472,0,1,test,1479
8864,9856,9049,3198,3198,9049,1,0,train,1338
8865,9858,7258,3838,7258,3838,0,1,train,5097
8866,9860,4706,2637,4706,2637,0,1,train,1057
8867,9861,8403,714,714,8403,1,0,test,1645
8868,9862,6177,7059,7059,6177,1,0,train,2195
8869,9863,3893,6059,6059,3893,1,0,train,6947
8870,9864,1940,7374,7374,1940,1,0,test,1846
8871,9865,5993,8365,8365,5993,1,0,train,1753
8872,9866,3463,8061,8061,3463,1,0,train,4719
8873,9867,4153,2601,2601,4153,1,0,train,4637
8874,9868,2144,7328,7328,2144,1,0,train,779
8875,9869,6390,2790,6390,2790,0,1,train,3054
8876,9871,3613,7697,7697,3613,1,0,train,3382
8877,9872,7078,910,7078,910,0,1,train,565
8878,9873,8628,9251,8628,9251,0,1,train,6539
8879,9874,9280,1356,1356,9280,1,0,train,1772
8880,9875,990,7015,7015,990,1,0,train,5601
8881,9876,7956,7629,7629,7956,1,0,train,5226
8882,9877,8734,5343,8734,5343,0,1,test,1333
8883,9878,4016,3780,3780,4016,1,0,train,1417
8884,9879,2368,681,681,2368,1,0,train,7343
8885,9881,7793,8331,7793,8331,0,1,test,1575
8886,9882,4016,1723,1723,4016,1,0,train,5844
8887,9883,4156,2305,4156,2305,0,1,train,5763
8888,9884,4156,6407,4156,6407,0,1,train,6212
8889,9885,4149,4356,4149,4356,0,1,train,896
8890,9886,3347,1982,3347,1982,0,1,train,2300
8891,9888,6446,2445,2445,6446,1,0,train,2074
8892,9889,7738,6442,7738,6442,0,1,train,6309
8893,9890,8676,722,722,8676,1,0,train,4452
8894,9892,5370,8926,8926,5370,1,0,train,7334
8895,9893,3793,7540,7540,3793,1,0,train,513
8896,9894,774,138,138,774,1,0,train,2979
8897,9895,8240,6271,8240,6271,0,1,test,194
8898,9897,6886,5283,5283,6886,1,0,test,1054
8899,9899,8057,8402,8057,8402,0,1,train,3083
8900,9900,8346,3140,8346,3140,0,1,train,702
8901,9901,6797,5182,6797,5182,0,1,test,1860
8902,9902,4910,258,4910,258,0,1,test,280
8903,9903,3533,837,837,3533,1,0,train,2439
8904,9904,567,7201,567,7201,0,1,test,898
8905,9905,6438,1066,1066,6438,1,0,train,1984
8906,9907,3098,6617,3098,6617,0,1,train,768
8907,9908,6664,7716,6664,7716,0,1,train,4316
8908,9909,6722,427,427,6722,1,0,train,4800
8909,9910,4621,7565,7565,4621,1,0,train,4834
8910,9913,6107,5051,5051,6107,1,0,train,3934
8911,9914,5668,3858,5668,3858,0,1,train,7250
8912,9915,5788,4927,4927,5788,1,0,train,5486
8913,9916,5452,1520,5452,1520,0,1,train,2556
8914,9917,4153,8457,4153,8457,0,1,test,144
8915,9918,4635,1778,1778,4635,1,0,train,2401
8916,9919,7392,8679,8679,7392,1,0,train,4851
8917,9920,7942,4595,4595,7942,1,0,test,1025
8918,9922,5287,9265,5287,9265,0,1,train,7583
8919,9923,5351,4469,4469,5351,1,0,test,1955
8920,9924,2183,1298,2183,1298,0,1,train,7071
8921,9925,2081,5233,2081,5233,0,1,test,1737
8922,9926,4749,2797,4749,2797,0,1,train,6559
8923,9927,909,2410,909,2410,0,1,train,4731
8924,9928,4749,635,4749,635,0,1,train,5047
8925,9929,4968,4977,4968,4977,0,1,train,2362
8926,9930,5476,6164,5476,6164,0,1,train,6274
8927,9931,1121,7086,7086,1121,1,0,train,820
8928,9932,7796,8792,7796,8792,0,1,train,203
8929,9933,1910,5246,1910,5246,0,1,train,6967
8930,9934,3096,6602,6602,3096,1,0,test,1509
8931,9935,1122,3799,1122,3799,0,1,train,540
8932,9936,5480,4442,5480,4442,0,1,test,403
8933,9938,9125,2513,2513,9125,1,0,train,874
8934,9939,6458,8199,8199,6458,1,0,test,1239
8935,9940,3610,3277,3277,3610,1,0,train,2538
8936,9941,1481,5992,1481,5992,0,1,test,1350
8937,9942,7438,598,598,7438,1,0,train,3466
8938,9944,9304,329,329,9304,1,0,test,487
8939,9945,1873,2199,1873,2199,0,1,train,6288
8940,9946,4769,8136,8136,4769,1,0,train,2376
8941,9947,5013,1863,1863,5013,1,0,train,6832
8942,9949,6110,2040,2040,6110,1,0,test,91
8943,9950,2183,9181,2183,9181,0,1,train,467
8944,9951,450,6458,450,6458,0,1,train,6263
8945,9952,2540,8130,2540,8130,0,1,train,2831
8946,9954,7171,827,827,7171,1,0,train,5204
8947,9955,3898,3962,3898,3962,0,1,train,3090
8948,9956,972,5764,5764,972,1,0,train,2436
8949,9957,4335,4986,4335,4986,0,1,train,2941
8950,9958,6402,4356,4356,6402,1,0,test,460
8951,9959,4038,6628,6628,4038,1,0,test,1398
8952,9960,4692,4685,4692,4685,0,1,train,2077
8953,9961,3954,1021,1021,3954,1,0,train,259
8954,9962,2103,1155,1155,2103,1,0,train,2843
8955,9963,1172,1738,1172,1738,0,1,train,5824
8956,9964,6066,2869,2869,6066,1,0,train,2267
8957,9967,6405,8504,8504,6405,1,0,test,66
8958,9968,408,6626,6626,408,1,0,train,0
8959,9969,7682,6559,6559,7682,1,0,train,6838
8960,9970,3234,5760,5760,3234,1,0,train,297
8961,9971,8694,7682,8694,7682,0,1,test,703
8962,9972,1760,167,167,1760,1,0,train,2705
8963,9973,3532,4841,3532,4841,0,1,train,5258
8964,9974,8322,8237,8322,8237,0,1,train,1962
8965,9975,8991,3273,8991,3273,0,1,train,1223
8966,9976,8724,4365,4365,8724,1,0,train,4037
8967,9977,875,7463,7463,875,1,0,test,1864
8968,9978,3038,8676,8676,3038,1,0,train,5150
8969,9979,7336,7920,7920,7336,1,0,train,1453
8970,9980,7432,588,7432,588,0,1,train,6656
8971,9981,6342,9163,6342,9163,0,1,train,710
8972,9982,7419,9267,7419,9267,0,1,train,2061
8973,9983,6080,7524,6080,7524,0,1,train,7008
8974,9984,7457,4824,7457,4824,0,1,train,7291
8975,9986,8483,7009,7009,8483,1,0,test,1903
8976,9987,4872,4898,4872,4898,0,1,train,7571
8977,9988,1869,4166,4166,1869,1,0,test,1851
8978,9989,1678,1061,1061,1678,1,0,train,5078
8979,9990,6404,6347,6404,6347,0,1,train,5941
8980,9991,2586,8360,2586,8360,0,1,train,6669
8981,9992,7457,2087,2087,7457,1,0,test,1357
8982,9993,7485,4752,4752,7485,1,0,train,7213
8983,9994,4921,7104,7104,4921,1,0,test,1958
8984,9995,6662,785,785,6662,1,0,train,6302
8985,9996,5830,8422,5830,8422,0,1,train,4272
8986,9997,4277,2326,4277,2326,0,1,test,1385
8987,9998,9159,8076,9159,8076,0,1,train,7244
8988,9999,1933,405,1933,405,0,1,train,2121
8989,10000,8624,6753,6753,8624,1,0,train,692
8990,10001,4621,6606,6606,4621,1,0,train,736
8991,10002,2550,7513,7513,2550,1,0,train,3345
8992,10003,799,1703,1703,799,1,0,train,3878
8993,10005,5091,1928,1928,5091,1,0,train,2757
8994,10006,9169,6291,6291,9169,1,0,train,1227
8995,10007,7514,1934,7514,1934,0,1,test,1447
8996,10009,3158,3452,3158,3452,0,1,train,845
8997,10010,870,2081,2081,870,1,0,train,7294
8998,10011,6907,9028,9028,6907,1,0,test,218
8999,10012,3091,6715,3091,6715,0,1,train,2608
9000,10013,5260,218,218,5260,1,0,train,4046
9001,10014,5009,3695,3695,5009,1,0,train,1168
9002,10015,8864,1174,8864,1174,0,1,train,2764
9003,10016,8558,8091,8558,8091,0,1,train,1752
9004,10017,1674,1603,1603,1674,1,0,train,7712
9005,10018,8972,52,8972,52,0,1,train,3539
9006,10020,9235,8659,9235,8659,0,1,train,4090
9007,10022,4866,8310,8310,4866,1,0,train,6187
9008,10023,1724,4016,4016,1724,1,0,train,1449
9009,10024,1516,5409,5409,1516,1,0,test,698
9010,10025,2039,4183,4183,2039,1,0,train,121
9011,10026,6908,3967,6908,3967,0,1,train,2508
9012,10027,6304,6182,6182,6304,1,0,train,6172
9013,10028,8969,7923,8969,7923,0,1,train,4358
9014,10029,93,8128,93,8128,0,1,train,4283
9015,10030,2505,3141,2505,3141,0,1,test,1597
9016,10031,96,7492,96,7492,0,1,train,6618
9017,10032,4821,8496,4821,8496,0,1,train,26
9018,10033,8147,956,8147,956,0,1,train,198
9019,10034,7545,920,7545,920,0,1,train,7473
9020,10035,292,7871,7871,292,1,0,train,386
9021,10037,7429,4716,7429,4716,0,1,train,7358
9022,10039,9161,1650,1650,9161,1,0,train,7866
9023,10040,1481,1027,1481,1027,0,1,train,1563
9024,10041,6934,904,904,6934,1,0,train,7332
9025,10042,8683,346,8683,346,0,1,train,4165
9026,10044,50,1472,1472,50,1,0,train,6534
9027,10045,9100,1584,1584,9100,1,0,train,7022
9028,10046,8230,4396,4396,8230,1,0,train,1785
9029,10047,7324,3602,7324,3602,0,1,test,774
9030,10048,4651,8830,4651,8830,0,1,train,2566
9031,10050,7249,3877,3877,7249,1,0,train,411
9032,10051,8903,4528,8903,4528,0,1,train,4520
9033,10052,8372,1407,8372,1407,0,1,train,4057
9034,10053,6817,5658,5658,6817,1,0,train,1925
9035,10054,7276,6772,7276,6772,0,1,train,3696
9036,10055,6979,5112,5112,6979,1,0,train,2290
9037,10056,6315,1366,6315,1366,0,1,train,1953
9038,10058,7047,7576,7576,7047,1,0,train,1526
9039,10059,5272,6009,5272,6009,0,1,train,6474
9040,10060,9083,5190,9083,5190,0,1,train,3399
9041,10061,781,5250,781,5250,0,1,train,4094
9042,10063,5102,7006,7006,5102,1,0,train,1255
9043,10064,7573,4348,4348,7573,1,0,test,1002
9044,10065,3095,8479,8479,3095,1,0,train,4579
9045,10066,9035,8900,9035,8900,0,1,test,903
9046,10067,1045,7915,1045,7915,0,1,train,4677
9047,10068,2811,5423,2811,5423,0,1,train,1032
9048,10072,6977,7168,7168,6977,1,0,test,201
9049,10073,7092,8271,8271,7092,1,0,train,3944
9050,10074,8039,5332,8039,5332,0,1,test,1748
9051,10075,8663,8388,8663,8388,0,1,test,505
9052,10076,6658,7764,6658,7764,0,1,train,2944
9053,10077,3940,5670,3940,5670,0,1,train,2254
9054,10078,6603,7538,7538,6603,1,0,test,336
9055,10079,3861,2019,2019,3861,1,0,train,6855
9056,10080,2445,1892,1892,2445,1,0,train,5649
9057,10081,6603,408,6603,408,0,1,train,2056
9058,10083,208,1899,1899,208,1,0,train,5880
9059,10084,5641,8710,5641,8710,0,1,train,882
9060,10085,6887,4729,4729,6887,1,0,train,1935
9061,10086,8433,922,922,8433,1,0,train,589
9062,10087,2312,6863,2312,6863,0,1,train,5883
9063,10088,1328,6270,6270,1328,1,0,test,414
9064,10089,1328,8323,1328,8323,0,1,train,965
9065,10090,4584,731,4584,731,0,1,test,885
9066,10092,5296,4310,4310,5296,1,0,train,4908
9067,10093,7790,3561,7790,3561,0,1,train,7304
9068,10094,6454,3167,6454,3167,0,1,train,142
9069,10096,6454,7288,6454,7288,0,1,train,1881
9070,10097,5233,4021,4021,5233,1,0,train,429
9071,10098,1045,1353,1353,1045,1,0,test,544
9072,10100,2028,6923,2028,6923,0,1,train,4772
9073,10101,8337,5383,8337,5383,0,1,train,3797
9074,10102,8715,1835,8715,1835,0,1,train,2257
9075,10103,5438,6799,5438,6799,0,1,train,6413
9076,10104,7914,6364,7914,6364,0,1,train,1950
9077,10105,9302,7358,7358,9302,1,0,train,7511
9078,10106,9317,3029,3029,9317,1,0,test,121
9079,10107,9325,4644,4644,9325,1,0,train,3271
9080,10108,868,6832,868,6832,0,1,test,704
9081,10109,9241,7241,7241,9241,1,0,train,2447
9082,10110,4074,734,734,4074,1,0,test,1396
9083,10111,4604,5800,4604,5800,0,1,train,126
9084,10112,3489,3836,3489,3836,0,1,train,7082
9085,10113,8040,5950,8040,5950,0,1,test,1144
9086,10114,6662,493,493,6662,1,0,train,5356
9087,10115,5228,9327,9327,5228,1,0,test,1088
9088,10117,1686,5338,5338,1686,1,0,train,6919
9089,10119,7548,6128,7548,6128,0,1,train,2847
9090,10120,2160,8112,2160,8112,0,1,train,7450
9091,10121,6127,7569,7569,6127,1,0,test,992
9092,10122,8169,7422,8169,7422,0,1,train,4922
9093,10123,1578,2059,1578,2059,0,1,train,3226
9094,10124,2360,4221,4221,2360,1,0,train,7466
9095,10125,6133,6647,6133,6647,0,1,train,5328
9096,10126,4707,2371,2371,4707,1,0,train,7684
9097,10127,4187,6643,6643,4187,1,0,train,29
9098,10128,1414,8898,8898,1414,1,0,train,219
9099,10129,6186,4366,6186,4366,0,1,train,957
9100,10130,780,1668,780,1668,0,1,test,780
9101,10131,4609,5419,5419,4609,1,0,test,1810
9102,10132,7298,8782,7298,8782,0,1,train,1483
9103,10133,2064,8728,8728,2064,1,0,train,3726
9104,10134,1448,2980,2980,1448,1,0,train,1012
9105,10135,2651,322,2651,322,0,1,train,1741
9106,10136,3155,6836,6836,3155,1,0,test,14
9107,10137,9154,5251,9154,5251,0,1,train,4214
9108,10140,8231,1541,1541,8231,1,0,test,1741
9109,10141,4066,3470,3470,4066,1,0,train,6997
9110,10142,1427,5185,1427,5185,0,1,test,1009
9111,10143,8099,4866,4866,8099,1,0,train,2342
9112,10144,2855,1215,1215,2855,1,0,train,664
9113,10146,7745,9273,7745,9273,0,1,train,4396
9114,10148,940,9244,9244,940,1,0,train,2050
9115,10149,3568,9194,9194,3568,1,0,test,814
9116,10150,6010,8104,8104,6010,1,0,train,6442
9117,10151,7435,2792,7435,2792,0,1,train,7556
9118,10153,7776,3634,7776,3634,0,1,train,2302
9119,10154,2322,1121,2322,1121,0,1,train,1737
9120,10155,7960,4616,4616,7960,1,0,test,216
9121,10156,3419,3952,3952,3419,1,0,test,164
9122,10157,7514,232,7514,232,0,1,test,523
9123,10158,2761,2176,2176,2761,1,0,test,1402
9124,10159,5428,7279,5428,7279,0,1,train,3982
9125,10160,6195,3432,6195,3432,0,1,train,7168
9126,10162,6967,692,6967,692,0,1,test,224
9127,10163,1853,8394,1853,8394,0,1,train,1337
9128,10164,9252,5393,5393,9252,1,0,train,4041
9129,10165,4934,4319,4319,4934,1,0,train,4225
9130,10166,4595,1879,4595,1879,0,1,train,2909
9131,10167,6662,5293,5293,6662,1,0,train,1304
9132,10168,3333,502,3333,502,0,1,test,1176
9133,10169,7068,4589,4589,7068,1,0,train,3722
9134,10170,2932,3336,3336,2932,1,0,train,3034
9135,10171,4721,3401,3401,4721,1,0,test,1948
9136,10172,1300,7891,1300,7891,0,1,train,3836
9137,10173,2468,4582,4582,2468,1,0,train,6922
9138,10174,5364,7770,7770,5364,1,0,train,3388
9139,10175,3285,7012,3285,7012,0,1,test,564
9140,10176,9127,6610,6610,9127,1,0,train,1978
9141,10177,7299,7772,7299,7772,0,1,test,159
9142,10178,6866,22,22,6866,1,0,test,1560
9143,10179,4602,764,4602,764,0,1,train,7469
9144,10180,7973,3563,7973,3563,0,1,train,5407
9145,10181,3625,6997,3625,6997,0,1,train,1015
9146,10182,1798,5855,5855,1798,1,0,train,1000
9147,10183,6417,5171,6417,5171,0,1,test,598
9148,10184,2517,2089,2089,2517,1,0,train,4118
9149,10185,748,4323,748,4323,0,1,train,4519
9150,10186,1933,4567,4567,1933,1,0,test,1359
9151,10189,7318,2690,7318,2690,0,1,test,1179
9152,10190,4852,7194,7194,4852,1,0,train,5552
9153,10191,4957,3766,4957,3766,0,1,train,2803
9154,10192,789,4135,4135,789,1,0,train,1493
9155,10193,5249,6031,5249,6031,0,1,train,3507
9156,10194,4884,4616,4616,4884,1,0,train,3748
9157,10195,5465,2838,2838,5465,1,0,train,3746
9158,10198,2379,5015,2379,5015,0,1,test,42
9159,10199,7346,3452,7346,3452,0,1,train,2967
9160,10200,4778,8691,8691,4778,1,0,train,1393
9161,10201,1937,3791,3791,1937,1,0,train,6223
9162,10202,3561,6580,6580,3561,1,0,train,1194
9163,10203,1259,6503,1259,6503,0,1,train,5937
9164,10205,7310,8690,7310,8690,0,1,train,293
9165,10206,2761,8040,2761,8040,0,1,train,600
9166,10207,5075,8587,5075,8587,0,1,train,2531
9167,10208,3701,7729,7729,3701,1,0,train,619
9168,10209,9232,8426,8426,9232,1,0,train,2007
9169,10210,3566,6934,3566,6934,0,1,train,3390
9170,10211,1431,5838,5838,1431,1,0,train,3037
9171,10212,8767,1437,8767,1437,0,1,train,5760
9172,10214,7830,4469,4469,7830,1,0,train,6002
9173,10215,3816,3721,3721,3816,1,0,test,829
9174,10216,1442,8339,8339,1442,1,0,test,1444
9175,10217,7276,2872,7276,2872,0,1,train,6620
9176,10218,1209,736,736,1209,1,0,test,1935
9177,10219,164,307,164,307,0,1,test,55
9178,10220,7762,7858,7858,7762,1,0,train,3509
9179,10221,3599,4265,4265,3599,1,0,train,6592
9180,10222,1938,6264,1938,6264,0,1,test,1623
9181,10223,5378,6085,6085,5378,1,0,train,5918
9182,10224,5274,7376,5274,7376,0,1,test,57
9183,10225,8444,5712,5712,8444,1,0,train,2349
9184,10226,8739,6022,6022,8739,1,0,train,3464
9185,10227,4022,5503,5503,4022,1,0,test,604
9186,10228,1448,6353,6353,1448,1,0,train,7745
9187,10232,2465,735,2465,735,0,1,train,3676
9188,10233,1809,1545,1809,1545,0,1,train,1311
9189,10234,80,4295,4295,80,1,0,test,145
9190,10235,4550,2328,4550,2328,0,1,test,177
9191,10237,4846,6957,6957,4846,1,0,train,3584
9192,10238,7688,2884,2884,7688,1,0,test,1743
9193,10239,6431,6038,6431,6038,0,1,train,5475
9194,10240,9211,2794,9211,2794,0,1,train,5044
9195,10241,6305,5158,6305,5158,0,1,test,1090
9196,10242,6504,1283,1283,6504,1,0,train,4256
9197,10243,8888,5522,5522,8888,1,0,test,963
9198,10244,1343,7296,7296,1343,1,0,train,337
9199,10245,5905,6773,6773,5905,1,0,train,1049
9200,10246,1524,5143,5143,1524,1,0,train,2094
9201,10247,6807,1868,6807,1868,0,1,train,262
9202,10248,7352,1368,7352,1368,0,1,test,1561
9203,10249,7205,530,530,7205,1,0,train,292
9204,10250,5833,5977,5833,5977,0,1,test,1367
9205,10251,6305,3776,6305,3776,0,1,train,7789
9206,10252,2134,4167,4167,2134,1,0,train,2789
9207,10253,6928,7743,6928,7743,0,1,train,1163
9208,10254,7550,5852,5852,7550,1,0,train,3228
9209,10255,948,7110,7110,948,1,0,train,4849
9210,10256,35,7064,35,7064,0,1,test,1169
9211,10257,7368,3683,7368,3683,0,1,train,3904
9212,10260,6438,4499,4499,6438,1,0,test,1159
9213,10261,1908,4692,4692,1908,1,0,train,5441
9214,10262,772,6217,6217,772,1,0,train,3954
9215,10263,4382,8698,8698,4382,1,0,train,6434
9216,10264,5084,6564,5084,6564,0,1,train,858
9217,10265,7410,3226,3226,7410,1,0,train,210
9218,10266,1131,3688,1131,3688,0,1,train,5650
9219,10267,4748,4983,4983,4748,1,0,train,3948
9220,10268,3088,473,3088,473,0,1,train,5358
9221,10269,3090,6959,6959,3090,1,0,test,1046
9222,10270,2068,7447,2068,7447,0,1,train,5566
9223,10271,8433,8004,8004,8433,1,0,train,3613
9224,10272,2257,7473,7473,2257,1,0,train,4627
9225,10273,6467,7747,6467,7747,0,1,train,5435
9226,10274,6137,49,6137,49,0,1,train,7203
9227,10275,6938,1246,1246,6938,1,0,train,100
9228,10276,3866,1513,1513,3866,1,0,train,566
9229,10277,6984,5195,6984,5195,0,1,train,6719
9230,10278,1909,9096,1909,9096,0,1,train,6897
9231,10279,221,826,826,221,1,0,train,2347
9232,10280,1909,1908,1908,1909,1,0,train,3501
9233,10281,8716,6538,8716,6538,0,1,train,5214
9234,10282,8500,6925,8500,6925,0,1,train,943
9235,10283,7402,3603,7402,3603,0,1,test,1771
9236,10284,5118,7834,5118,7834,0,1,train,2481
9237,10285,2447,3466,2447,3466,0,1,train,7794
9238,10286,7507,7363,7507,7363,0,1,train,4710
9239,10287,4062,1499,4062,1499,0,1,test,1891
9240,10288,8562,3722,8562,3722,0,1,train,5142
9241,10289,3819,7466,3819,7466,0,1,train,3823
9242,10290,5134,4780,4780,5134,1,0,train,2885
9243,10291,876,7098,876,7098,0,1,train,4994
9244,10292,30,2807,2807,30,1,0,train,5392
9245,10293,4502,2801,4502,2801,0,1,train,5768
9246,10294,6244,5304,6244,5304,0,1,train,3385
9247,10295,7759,7230,7759,7230,0,1,train,6072
9248,10296,9041,7353,7353,9041,1,0,test,794
9249,10297,8728,7016,8728,7016,0,1,train,7526
9250,10298,7202,2821,2821,7202,1,0,train,7719
9251,10299,6806,315,315,6806,1,0,train,4753
9252,10300,1456,5302,1456,5302,0,1,train,2674
9253,10301,1345,6647,1345,6647,0,1,test,589
9254,10302,7334,58,58,7334,1,0,test,79
9255,10303,2872,6863,2872,6863,0,1,test,470
9256,10305,1069,3019,1069,3019,0,1,train,5169
9257,10306,7635,205,7635,205,0,1,train,4764
9258,10307,6259,2611,6259,2611,0,1,test,1353
9259,10308,6052,4020,6052,4020,0,1,train,2242
9260,10309,2156,4793,2156,4793,0,1,train,769
9261,10310,3462,6611,6611,3462,1,0,train,1933
9262,10311,771,7078,771,7078,0,1,test,526
9263,10313,5979,8152,5979,8152,0,1,test,484
9264,10314,1940,3594,3594,1940,1,0,test,26
9265,10315,164,6108,164,6108,0,1,test,585
9266,10316,204,5815,204,5815,0,1,test,916
9267,10317,2866,3111,2866,3111,0,1,train,2259
9268,10318,932,6710,6710,932,1,0,train,345
9269,10319,7283,6079,7283,6079,0,1,train,3926
9270,10320,6707,6669,6707,6669,0,1,train,4662
9271,10322,3529,2007,2007,3529,1,0,train,2902
9272,10325,8978,7651,8978,7651,0,1,train,3544
9273,10327,5014,1832,1832,5014,1,0,train,875
9274,10330,4705,6946,6946,4705,1,0,train,1426
9275,10331,1839,2433,1839,2433,0,1,train,5633
9276,10332,8964,3969,8964,3969,0,1,train,50
9277,10334,8479,4223,4223,8479,1,0,train,6496
9278,10335,5780,6232,6232,5780,1,0,train,1889
9279,10336,7581,6457,7581,6457,0,1,train,5
9280,10337,6155,9234,9234,6155,1,0,train,763
9281,10338,3022,846,3022,846,0,1,test,947
9282,10340,9165,3850,3850,9165,1,0,train,7370
9283,10341,1479,369,1479,369,0,1,train,4517
9284,10342,5162,8300,5162,8300,0,1,train,1887
9285,10343,3766,1327,3766,1327,0,1,train,6771
9286,10344,7797,6740,6740,7797,1,0,train,2570
9287,10345,1683,4809,4809,1683,1,0,train,7423
9288,10346,2193,419,2193,419,0,1,train,7425
9289,10347,8350,1865,8350,1865,0,1,train,4321
9290,10348,1341,5393,1341,5393,0,1,train,2383
9291,10349,6239,6265,6265,6239,1,0,train,4770
9292,10351,2900,8650,8650,2900,1,0,train,1840
9293,10352,6404,3331,3331,6404,1,0,train,913
9294,10353,8511,7500,8511,7500,0,1,train,2186
9295,10354,2788,6382,6382,2788,1,0,train,7748
9296,10355,3333,2522,2522,3333,1,0,train,217
9297,10356,9225,6807,9225,6807,0,1,train,77
9298,10357,8353,2818,8353,2818,0,1,train,3713
9299,10358,4241,2512,2512,4241,1,0,train,5704
9300,10361,8179,433,433,8179,1,0,test,1037
9301,10362,8915,8272,8915,8272,0,1,test,1481
9302,10363,8424,6561,8424,6561,0,1,train,4333
9303,10364,1573,6560,6560,1573,1,0,train,6375
9304,10365,8103,2326,8103,2326,0,1,train,1237
9305,10366,2172,441,2172,441,0,1,train,6153
9306,10367,6552,1571,6552,1571,0,1,train,700
9307,10368,4802,5914,4802,5914,0,1,test,827
9308,10369,4839,2381,4839,2381,0,1,train,2453
9309,10370,4808,214,4808,214,0,1,test,1036
9310,10371,3344,5307,5307,3344,1,0,train,1810
9311,10372,4261,1053,1053,4261,1,0,train,2213
9312,10373,5753,5973,5973,5753,1,0,train,2759
9313,10374,4765,6632,6632,4765,1,0,train,3225
9314,10376,4534,6078,4534,6078,0,1,test,1704
9315,10377,7850,6763,7850,6763,0,1,test,1908
9316,10378,1385,569,1385,569,0,1,train,3342
9317,10379,3125,7322,7322,3125,1,0,train,5271
9318,10380,5229,6928,5229,6928,0,1,train,4280
9319,10381,748,623,623,748,1,0,train,135
9320,10382,3905,7344,7344,3905,1,0,test,4
9321,10383,2599,7164,7164,2599,1,0,train,5067
9322,10385,3483,9241,9241,3483,1,0,test,1970
9323,10386,7442,348,7442,348,0,1,train,6233
9324,10387,2687,469,2687,469,0,1,train,3940
9325,10388,6975,1284,1284,6975,1,0,train,647
9326,10389,5614,4216,5614,4216,0,1,train,4398
9327,10390,4827,4587,4587,4827,1,0,train,1809
9328,10391,8508,8362,8362,8508,1,0,train,3671
9329,10393,6739,5296,5296,6739,1,0,train,7817
9330,10394,8495,449,449,8495,1,0,train,1610
9331,10395,5685,3960,5685,3960,0,1,train,7253
9332,10396,5101,426,426,5101,1,0,train,6342
9333,10397,6130,2822,6130,2822,0,1,train,5413
9334,10398,4626,5413,4626,5413,0,1,train,5050
9335,10399,6562,7251,6562,7251,0,1,train,7150
9336,10400,9265,6200,6200,9265,1,0,train,371
9337,10401,3360,7592,3360,7592,0,1,train,6452
9338,10402,5,6802,5,6802,0,1,train,2291
9339,10403,2512,5359,5359,2512,1,0,train,3393
9340,10404,2380,1671,2380,1671,0,1,train,7680
9341,10405,3496,4011,3496,4011,0,1,train,4811
9342,10407,8130,3305,8130,3305,0,1,test,832
9343,10408,4894,4544,4544,4894,1,0,test,1710
9344,10409,7068,6137,7068,6137,0,1,train,6945
9345,10410,3587,5071,3587,5071,0,1,train,2154
9346,10412,8970,878,8970,878,0,1,train,1808
9347,10413,4626,4674,4674,4626,1,0,train,2614
9348,10414,3125,5009,3125,5009,0,1,train,7662
9349,10415,9021,8300,9021,8300,0,1,train,4723
9350,10416,7086,280,7086,280,0,1,test,407
9351,10417,6195,8742,6195,8742,0,1,train,7656
9352,10418,1381,404,404,1381,1,0,train,5364
9353,10419,5898,1449,1449,5898,1,0,train,7478
9354,10420,3220,855,855,3220,1,0,test,86
9355,10422,4024,1379,4024,1379,0,1,train,2554
9356,10423,3722,5359,3722,5359,0,1,test,1725
9357,10424,7565,7708,7708,7565,1,0,train,7367
9358,10425,1168,1139,1139,1168,1,0,train,4206
9359,10426,7285,1755,7285,1755,0,1,train,3670
9360,10427,4852,4030,4852,4030,0,1,train,1974
9361,10428,1189,6165,6165,1189,1,0,train,6141
9362,10429,6851,3092,6851,3092,0,1,test,342
9363,10430,8960,2450,2450,8960,1,0,train,6297
9364,10431,9179,3553,9179,3553,0,1,train,2925
9365,10432,8433,6962,8433,6962,0,1,train,7647
9366,10433,7815,2722,2722,7815,1,0,train,5942
9367,10434,8072,4474,4474,8072,1,0,train,2289
9368,10435,6657,7604,7604,6657,1,0,train,6446
9369,10436,6180,5565,6180,5565,0,1,train,16
9370,10437,9291,3356,3356,9291,1,0,train,238
9371,10438,48,4757,48,4757,0,1,train,3084
9372,10439,2101,1294,2101,1294,0,1,train,5664
9373,10440,3253,8108,3253,8108,0,1,test,691
9374,10441,8776,3405,8776,3405,0,1,train,7670
9375,10442,221,6340,6340,221,1,0,test,104
9376,10443,8691,1152,1152,8691,1,0,train,5618
9377,10444,2012,2340,2012,2340,0,1,train,263
9378,10445,1265,7681,1265,7681,0,1,train,1746
9379,10447,2075,7201,7201,2075,1,0,test,267
9380,10448,2441,1398,1398,2441,1,0,train,3010
9381,10449,8440,3384,3384,8440,1,0,train,1830
9382,10450,3278,7739,3278,7739,0,1,train,2426
9383,10451,5446,215,215,5446,1,0,train,2440
9384,10452,5393,1265,5393,1265,0,1,train,6144
9385,10453,2645,4591,2645,4591,0,1,train,7289
9386,10454,2910,4760,2910,4760,0,1,test,575
9387,10455,6066,6749,6749,6066,1,0,train,6335
9388,10456,1562,8093,8093,1562,1,0,train,7112
9389,10457,771,3494,771,3494,0,1,train,5215
9390,10458,5003,1666,1666,5003,1,0,test,1328
9391,10459,4559,6362,4559,6362,0,1,train,5569
9392,10460,4907,2252,4907,2252,0,1,test,1414
9393,10461,8903,5124,8903,5124,0,1,train,5266
9394,10462,6315,7864,6315,7864,0,1,train,1937
9395,10463,7392,6155,7392,6155,0,1,train,6036
9396,10464,9053,4202,4202,9053,1,0,train,2456
9397,10465,3521,8390,3521,8390,0,1,train,1412
9398,10466,6205,5956,6205,5956,0,1,train,4506
9399,10468,5487,1120,1120,5487,1,0,test,1290
9400,10469,2781,8374,2781,8374,0,1,train,1243
9401,10470,5887,4037,5887,4037,0,1,train,4209
9402,10471,1826,8011,8011,1826,1,0,train,4901
9403,10472,1402,2300,2300,1402,1,0,train,5093
9404,10473,8290,2887,8290,2887,0,1,train,3959
9405,10474,4093,7504,4093,7504,0,1,test,9
9406,10476,6849,7002,7002,6849,1,0,test,1263
9407,10478,1643,2314,2314,1643,1,0,train,3801
9408,10479,4576,2888,2888,4576,1,0,train,2604
9409,10480,6749,2687,2687,6749,1,0,test,1569
9410,10481,7063,2393,2393,7063,1,0,train,276
9411,10482,8904,1011,8904,1011,0,1,train,6526
9412,10483,3933,3556,3933,3556,0,1,test,374
9413,10484,5099,8199,8199,5099,1,0,train,4477
9414,10485,3584,6120,3584,6120,0,1,train,3812
9415,10486,8867,7693,7693,8867,1,0,train,1110
9416,10487,8703,5230,8703,5230,0,1,train,1477
9417,10488,97,9079,9079,97,1,0,train,1870
9418,10489,8804,2799,2799,8804,1,0,train,7327
9419,10490,2108,1831,1831,2108,1,0,test,344
9420,10491,6559,179,6559,179,0,1,train,4071
9421,10492,2911,9095,9095,2911,1,0,train,2900
9422,10494,4826,4992,4992,4826,1,0,train,353
9423,10495,4208,2409,4208,2409,0,1,test,430
9424,10497,4808,2479,2479,4808,1,0,train,7729
9425,10499,8232,4708,8232,4708,0,1,train,4898
9426,10501,2763,5595,5595,2763,1,0,test,1952
9427,10503,5257,6436,6436,5257,1,0,train,5350
9428,10504,6370,5840,6370,5840,0,1,test,513
9429,10505,3665,2624,3665,2624,0,1,train,3113
9430,10506,8984,4437,8984,4437,0,1,train,4492
9431,10507,8227,4929,8227,4929,0,1,train,7815
9432,10508,3603,2176,3603,2176,0,1,test,266
9433,10509,37,2958,37,2958,0,1,train,905
9434,10510,3465,2389,3465,2389,0,1,train,5961
9435,10511,3913,8717,3913,8717,0,1,train,6929
9436,10512,3948,1641,1641,3948,1,0,train,2385
9437,10513,5421,1605,5421,1605,0,1,test,555
9438,10514,8986,8486,8986,8486,0,1,train,691
9439,10515,8365,8794,8794,8365,1,0,train,6959
9440,10516,1148,6493,6493,1148,1,0,test,1485
9441,10517,8878,508,8878,508,0,1,train,3884
9442,10518,7197,3476,7197,3476,0,1,test,764
9443,10519,8855,7653,8855,7653,0,1,test,1437
9444,10520,3953,5957,3953,5957,0,1,train,7876
9445,10521,8799,1551,8799,1551,0,1,train,5832
9446,10522,8564,6407,8564,6407,0,1,train,318
9447,10523,8988,6611,6611,8988,1,0,test,1316
9448,10524,3925,6326,3925,6326,0,1,test,1365
9449,10525,8562,1275,8562,1275,0,1,train,893
9450,10526,8408,3971,3971,8408,1,0,train,3263
9451,10527,8408,6894,6894,8408,1,0,train,3668
9452,10528,9295,8984,9295,8984,0,1,train,7572
9453,10529,9295,4086,4086,9295,1,0,train,906
9454,10530,7284,1145,1145,7284,1,0,test,1668
9455,10531,3965,4823,3965,4823,0,1,train,3375
9456,10532,8802,1418,8802,1418,0,1,train,3985
9457,10533,5397,6644,6644,5397,1,0,train,3624
9458,10534,7904,6301,7904,6301,0,1,train,7765
9459,10535,9078,5324,9078,5324,0,1,train,4008
9460,10536,9240,7410,9240,7410,0,1,train,7268
9461,10537,8866,2665,2665,8866,1,0,train,4167
9462,10538,4954,5746,4954,5746,0,1,train,6537
9463,10539,8847,4752,4752,8847,1,0,train,1999
9464,10540,7259,4655,4655,7259,1,0,train,1373
9465,10541,3964,7366,7366,3964,1,0,test,795
9466,10542,8859,5532,5532,8859,1,0,train,1748
9467,10544,2573,468,2573,468,0,1,train,3912
9468,10545,8702,4194,4194,8702,1,0,train,3449
9469,10547,3959,3276,3959,3276,0,1,train,541
9470,10548,8277,3351,8277,3351,0,1,train,4623
9471,10549,8560,1105,8560,1105,0,1,train,7349
9472,10550,8560,7450,7450,8560,1,0,train,6350
9473,10551,8382,9151,9151,8382,1,0,train,1156
9474,10552,7577,4948,7577,4948,0,1,test,503
9475,10553,7562,328,7562,328,0,1,test,278
9476,10554,7425,7797,7797,7425,1,0,train,4814
9477,10555,6244,3953,6244,3953,0,1,train,3410
9478,10557,4984,557,4984,557,0,1,train,511
9479,10558,7308,3361,3361,7308,1,0,train,3485
9480,10560,2548,777,2548,777,0,1,train,611
9481,10561,7189,8918,8918,7189,1,0,train,4500
9482,10562,8934,5648,5648,8934,1,0,train,6425
9483,10563,2548,536,2548,536,0,1,train,7565
9484,10564,8794,4314,4314,8794,1,0,test,251
9485,10565,9072,9307,9072,9307,0,1,test,1604
9486,10566,8565,3195,8565,3195,0,1,train,3363
9487,10567,6998,2553,2553,6998,1,0,test,1125
9488,10568,8849,184,184,8849,1,0,train,6542
9489,10569,821,6518,6518,821,1,0,train,5297
9490,10570,8192,1611,1611,8192,1,0,test,962
9491,10571,7170,504,7170,504,0,1,train,2724
9492,10572,6998,4223,6998,4223,0,1,train,4443
9493,10573,88,6104,6104,88,1,0,train,3774
9494,10574,8371,817,8371,817,0,1,train,6417
9495,10575,109,7146,109,7146,0,1,train,7055
9496,10576,8932,8110,8110,8932,1,0,train,621
9497,10577,1400,2414,2414,1400,1,0,test,1246
9498,10578,7460,4423,7460,4423,0,1,train,2016
9499,10579,1325,7160,7160,1325,1,0,test,676
9500,10580,7432,8835,7432,8835,0,1,train,7639
9501,10581,6503,7961,7961,6503,1,0,train,5408
9502,10582,2676,1382,2676,1382,0,1,train,1939
9503,10583,7588,1351,7588,1351,0,1,train,7635
9504,10584,8969,3049,8969,3049,0,1,train,6027
9505,10585,8465,4601,4601,8465,1,0,train,3155
9506,10587,934,2650,2650,934,1,0,train,3168
9507,10588,1440,2379,2379,1440,1,0,test,660
9508,10589,8192,3617,3617,8192,1,0,train,6211
9509,10590,8884,4462,8884,4462,0,1,train,4147
9510,10591,3950,1612,3950,1612,0,1,train,83
9511,10592,8983,4487,8983,4487,0,1,train,1913
9512,10593,8448,2775,2775,8448,1,0,train,4001
9513,10595,5438,2343,2343,5438,1,0,train,2906
9514,10596,8501,2221,8501,2221,0,1,train,4474
9515,10597,8885,9299,8885,9299,0,1,train,5751
9516,10598,9078,859,859,9078,1,0,train,3778
9517,10599,2348,3689,3689,2348,1,0,train,4978
9518,10600,5392,910,5392,910,0,1,train,7660
9519,10601,5438,6599,6599,5438,1,0,train,1432
9520,10602,8232,1401,1401,8232,1,0,train,2681
9521,10603,7075,8329,8329,7075,1,0,train,5588
9522,10604,8878,3252,8878,3252,0,1,train,3411
9523,10605,7244,4037,4037,7244,1,0,train,950
9524,10607,8386,8084,8084,8386,1,0,test,90
9525,10609,9302,2131,9302,2131,0,1,test,45
9526,10610,3318,2149,2149,3318,1,0,train,1848
9527,10612,2575,2718,2575,2718,0,1,train,7034
9528,10613,7922,1115,1115,7922,1,0,test,1946
9529,10614,7919,1188,1188,7919,1,0,train,6225
9530,10615,8831,2606,2606,8831,1,0,train,3809
9531,10616,6827,2663,2663,6827,1,0,train,5758
9532,10617,9329,7873,9329,7873,0,1,train,3468
9533,10618,8960,3370,8960,3370,0,1,train,4462
9534,10619,2573,4792,4792,2573,1,0,train,3922
9535,10620,8797,7017,8797,7017,0,1,train,4442
9536,10621,8985,5799,5799,8985,1,0,train,1861
9537,10622,7059,3446,3446,7059,1,0,train,547
9538,10623,8913,8250,8913,8250,0,1,train,7628
9539,10625,8232,3439,3439,8232,1,0,train,4541
9540,10626,8791,6752,6752,8791,1,0,train,2692
9541,10627,9268,1323,1323,9268,1,0,test,1407
9542,10628,8966,1184,1184,8966,1,0,train,6493
9543,10629,5932,443,443,5932,1,0,train,2388
9544,10630,5448,7490,5448,7490,0,1,train,7708
9545,10631,285,1833,285,1833,0,1,train,4924
9546,10632,7284,134,134,7284,1,0,test,754
9547,10633,2505,6685,2505,6685,0,1,train,3355
9548,10634,8870,4448,8870,4448,0,1,train,3343
9549,10635,9072,953,953,9072,1,0,train,1170
9550,10636,7330,7189,7189,7330,1,0,test,1298
9551,10637,5438,7053,5438,7053,0,1,train,1615
9552,10638,9288,2693,9288,2693,0,1,train,5461
9553,10639,8845,6964,8845,6964,0,1,train,1329
9554,10640,4057,2075,4057,2075,0,1,train,3474
9555,10641,4043,7966,4043,7966,0,1,train,2729
9556,10642,2048,2583,2583,2048,1,0,train,6236
9557,10643,7914,6696,6696,7914,1,0,train,2287
9558,10644,6279,3021,3021,6279,1,0,test,1556
9559,10645,8500,2088,8500,2088,0,1,test,624
9560,10646,8142,6617,8142,6617,0,1,train,3833
9561,10647,7355,2810,2810,7355,1,0,train,781
9562,10648,8712,3056,8712,3056,0,1,test,1286
9563,10649,8986,1983,8986,1983,0,1,train,7002
9564,10650,5663,2479,2479,5663,1,0,train,999
9565,10651,2591,5974,2591,5974,0,1,train,454
9566,10652,4069,2268,2268,4069,1,0,test,1766
9567,10653,101,6187,6187,101,1,0,train,3146
9568,10654,8812,5554,8812,5554,0,1,train,6775
9569,10655,8830,2617,2617,8830,1,0,train,2413
9570,10656,5262,8186,8186,5262,1,0,train,3380
9571,10657,95,7793,7793,95,1,0,train,7754
9572,10659,7233,6828,6828,7233,1,0,train,7057
9573,10660,3543,1139,1139,3543,1,0,train,7842
9574,10661,3147,7117,3147,7117,0,1,train,1025
9575,10662,8812,800,800,8812,1,0,train,613
9576,10663,3123,5222,5222,3123,1,0,train,4308
9577,10664,3123,228,3123,228,0,1,train,6440
9578,10665,8559,1627,1627,8559,1,0,train,5414
9579,10666,5130,798,798,5130,1,0,train,3941
9580,10667,2866,8202,2866,8202,0,1,train,1722
9581,10668,3102,4599,3102,4599,0,1,train,5839
9582,10669,7691,5184,7691,5184,0,1,train,5034
9583,10670,442,711,442,711,0,1,test,1358
9584,10671,5736,6550,6550,5736,1,0,train,330
9585,10673,4606,6726,6726,4606,1,0,test,1371
9586,10674,5236,1531,5236,1531,0,1,test,543
9587,10675,6879,8255,6879,8255,0,1,train,4289
9588,10676,5893,8653,5893,8653,0,1,train,7438
9589,10677,7991,657,7991,657,0,1,train,5870
9590,10679,8278,3819,3819,8278,1,0,test,1232
9591,10680,6913,112,6913,112,0,1,train,2319
9592,10681,2030,8211,8211,2030,1,0,train,5726
9593,10682,6487,4958,6487,4958,0,1,train,5465
9594,10683,761,8472,761,8472,0,1,test,683
9595,10685,7688,1641,7688,1641,0,1,train,39
9596,10686,9155,2920,9155,2920,0,1,test,1278
9597,10687,8674,8251,8674,8251,0,1,train,1544
9598,10688,4945,7452,7452,4945,1,0,train,5292
9599,10689,8410,2344,8410,2344,0,1,train,5055
9600,10690,8463,1068,1068,8463,1,0,train,2410
9601,10691,9306,2264,2264,9306,1,0,test,439
9602,10692,9303,4552,4552,9303,1,0,train,3519
9603,10693,7575,3605,7575,3605,0,1,train,3480
9604,10694,4562,3145,3145,4562,1,0,train,6585
9605,10695,1654,2855,2855,1654,1,0,train,6332
9606,10697,8347,8221,8221,8347,1,0,train,1392
9607,10698,4595,7832,4595,7832,0,1,train,3839
9608,10699,9152,7760,7760,9152,1,0,train,148
9609,10700,4196,5547,5547,4196,1,0,train,6591
9610,10703,7207,2946,2946,7207,1,0,test,1542
9611,10704,909,8895,909,8895,0,1,train,2084
9612,10705,8263,4539,8263,4539,0,1,train,5469
9613,10706,7861,850,7861,850,0,1,train,1827
9614,10707,9317,5001,5001,9317,1,0,test,804
9615,10709,6238,3239,3239,6238,1,0,train,4572
9616,10710,8970,3357,3357,8970,1,0,test,118
9617,10711,7570,3312,7570,3312,0,1,train,3558
9618,10713,8799,8481,8481,8799,1,0,train,7114
9619,10714,3623,3293,3293,3623,1,0,train,6195
9620,10715,6463,8322,8322,6463,1,0,train,7715
9621,10716,2068,2676,2068,2676,0,1,test,1343
9622,10717,2133,1458,1458,2133,1,0,train,5861
9623,10718,3610,9314,9314,3610,1,0,train,4328
9624,10719,7808,382,7808,382,0,1,train,5473
9625,10720,5344,2247,5344,2247,0,1,train,3896
9626,10721,6722,5265,5265,6722,1,0,train,7778
9627,10722,8313,1575,8313,1575,0,1,train,1137
9628,10723,8351,2963,8351,2963,0,1,test,502
9629,10724,782,2565,782,2565,0,1,train,2535
9630,10726,9078,1001,1001,9078,1,0,train,3971
9631,10727,9296,1561,1561,9296,1,0,train,2958
9632,10728,5985,6298,6298,5985,1,0,test,1734
9633,10729,9239,8567,9239,8567,0,1,train,5417
9634,10730,8570,6716,6716,8570,1,0,train,5857
9635,10731,6827,8737,8737,6827,1,0,test,333
9636,10732,8566,4784,8566,4784,0,1,test,1064
9637,10734,8693,6740,6740,8693,1,0,train,3456
9638,10735,8562,8149,8562,8149,0,1,train,5706
9639,10736,7943,2061,2061,7943,1,0,train,1442
9640,10737,8547,463,8547,463,0,1,train,3887
9641,10738,3948,1019,1019,3948,1,0,train,2313
9642,10739,5342,2018,2018,5342,1,0,train,3864
9643,10740,4901,524,4901,524,0,1,train,7012
9644,10741,6430,52,6430,52,0,1,train,6396
9645,10743,6719,4869,4869,6719,1,0,train,2150
9646,10744,7152,3507,7152,3507,0,1,train,6754
9647,10745,3956,2986,3956,2986,0,1,train,5344
9648,10746,8979,6888,6888,8979,1,0,train,1020
9649,10748,4397,7254,4397,7254,0,1,train,28
9650,10749,7161,6598,7161,6598,0,1,train,7446
9651,10750,9098,6533,9098,6533,0,1,test,637
9652,10751,751,2116,2116,751,1,0,test,338
9653,10752,8877,1062,8877,1062,0,1,train,4273
9654,10753,7056,1174,1174,7056,1,0,train,584
9655,10754,7167,907,907,7167,1,0,train,4400
9656,10755,8269,2381,2381,8269,1,0,train,1691
9657,10757,8303,6620,6620,8303,1,0,test,314
9658,10758,3157,2332,3157,2332,0,1,train,2058
9659,10759,4891,4008,4891,4008,0,1,train,1885
9660,10761,4664,8534,4664,8534,0,1,train,2973
9661,10762,7508,6046,7508,6046,0,1,train,6723
9662,10763,5612,5547,5612,5547,0,1,train,3324
9663,10764,6359,6707,6359,6707,0,1,test,855
9664,10765,6039,8906,8906,6039,1,0,train,5621
9665,10766,2312,8437,8437,2312,1,0,train,2263
9666,10768,6895,6829,6895,6829,0,1,train,4255
9667,10769,2010,5005,5005,2010,1,0,test,1374
9668,10770,6344,6851,6344,6851,0,1,train,805
9669,10772,6012,3099,3099,6012,1,0,train,6047
9670,10773,7029,5895,5895,7029,1,0,train,3294
9671,10774,4377,533,533,4377,1,0,train,1564
9672,10775,4505,8209,4505,8209,0,1,train,1614
9673,10776,4018,1593,1593,4018,1,0,train,3629
9674,10777,8519,2092,2092,8519,1,0,test,76
9675,10780,7631,7929,7929,7631,1,0,train,5387
9676,10781,6069,6517,6517,6069,1,0,train,1288
9677,10782,1871,5175,1871,5175,0,1,train,5558
9678,10783,944,3947,944,3947,0,1,test,1877
9679,10784,7326,3993,7326,3993,0,1,train,98
9680,10786,131,5779,5779,131,1,0,train,663
9681,10787,3167,157,3167,157,0,1,test,282
9682,10788,7063,5067,5067,7063,1,0,train,7841
9683,10789,354,9114,9114,354,1,0,test,1620
9684,10790,3869,7873,3869,7873,0,1,train,3626
9685,10792,1118,2259,2259,1118,1,0,train,4435
9686,10793,2650,5178,2650,5178,0,1,train,4315
9687,10794,7762,4689,4689,7762,1,0,train,2709
9688,10795,5424,5238,5238,5424,1,0,test,1403
9689,10796,6571,5237,5237,6571,1,0,train,7406
9690,10798,6128,9152,9152,6128,1,0,train,5233
9691,10799,5998,2343,2343,5998,1,0,test,725
9692,10800,8607,7587,7587,8607,1,0,train,5838
9693,10801,2922,5217,5217,2922,1,0,train,4275
9694,10802,5106,2789,5106,2789,0,1,train,5223
9695,10804,6707,5268,6707,5268,0,1,train,6457
9696,10805,1062,247,1062,247,0,1,test,1696
9697,10806,5594,5893,5893,5594,1,0,train,4525
9698,10807,5480,5729,5729,5480,1,0,train,7256
9699,10808,6112,7552,6112,7552,0,1,train,608
9700,10809,1872,6816,1872,6816,0,1,train,2749
9701,10810,8733,5872,8733,5872,0,1,train,776
9702,10811,8428,3448,8428,3448,0,1,train,2044
9703,10813,7,1211,7,1211,0,1,train,5361
9704,10814,3148,7760,3148,7760,0,1,train,2723
9705,10815,7101,940,7101,940,0,1,train,5153
9706,10816,8861,1030,1030,8861,1,0,test,1844
9707,10817,767,9297,9297,767,1,0,train,2635
9708,10818,9320,2523,2523,9320,1,0,train,6023
9709,10819,8097,426,8097,426,0,1,train,6370
9710,10820,1413,2264,2264,1413,1,0,train,6642
9711,10822,2332,8457,8457,2332,1,0,train,199
9712,10824,1163,3938,1163,3938,0,1,train,1806
9713,10825,3339,7651,3339,7651,0,1,train,3830
9714,10826,9170,7267,7267,9170,1,0,train,2499
9715,10827,2031,6043,2031,6043,0,1,test,1422
9716,10828,7286,9081,7286,9081,0,1,train,3756
9717,10829,2569,1614,2569,1614,0,1,train,2450
9718,10830,3030,2,3030,2,0,1,train,2761
9719,10831,6065,4012,6065,4012,0,1,test,1924
9720,10833,944,9029,9029,944,1,0,train,780
9721,10834,808,2593,808,2593,0,1,train,7738
9722,10836,774,2134,2134,774,1,0,train,5115
9723,10837,2535,6428,6428,2535,1,0,train,5741
9724,10838,3465,3846,3846,3465,1,0,train,1853
9725,10839,3869,1575,3869,1575,0,1,test,1791
9726,10840,3197,3785,3785,3197,1,0,train,1664
9727,10841,2809,9042,2809,9042,0,1,train,2218
9728,10843,779,7883,779,7883,0,1,train,6300
9729,10844,799,3891,3891,799,1,0,train,977
9730,10845,3350,751,3350,751,0,1,train,1771
9731,10846,2445,1962,2445,1962,0,1,train,3811
9732,10847,1409,135,135,1409,1,0,train,1995
9733,10848,5013,4984,5013,4984,0,1,train,3357
9734,10849,6912,7277,7277,6912,1,0,train,1219
9735,10850,944,1716,944,1716,0,1,train,3928
9736,10851,8663,2637,2637,8663,1,0,train,5846
9737,10852,2031,8144,8144,2031,1,0,train,1481
9738,10854,2323,498,498,2323,1,0,train,1042
9739,10855,1925,2355,1925,2355,0,1,train,6157
9740,10856,8440,5246,5246,8440,1,0,train,4350
9741,10859,7232,3221,3221,7232,1,0,test,948
9742,10861,5816,3177,5816,3177,0,1,train,7391
9743,10862,7965,4167,4167,7965,1,0,train,7456
9744,10863,4658,1551,4658,1551,0,1,train,7232
9745,10865,5492,69,5492,69,0,1,train,6021
9746,10866,4183,6676,4183,6676,0,1,train,676
9747,10867,5612,8506,5612,8506,0,1,train,4195
9748,10868,4784,785,4784,785,0,1,train,3909
9749,10869,6382,5291,6382,5291,0,1,test,1219
9750,10870,6011,8935,6011,8935,0,1,train,3740
9751,10872,376,8365,376,8365,0,1,train,6841
9752,10873,6145,1938,1938,6145,1,0,test,1071
9753,10874,777,4401,4401,777,1,0,test,1459
9754,10875,2567,3337,2567,3337,0,1,test,1106
9755,10876,9014,6201,9014,6201,0,1,train,81
9756,10877,5872,7115,5872,7115,0,1,train,1172
9757,10879,5991,2166,5991,2166,0,1,test,1500
9758,10880,7033,3930,3930,7033,1,0,train,2448
9759,10881,4397,8867,4397,8867,0,1,train,4566
9760,10882,3771,8210,8210,3771,1,0,train,1968
9761,10884,1978,8017,8017,1978,1,0,train,2975
9762,10885,2846,4634,2846,4634,0,1,train,1505
9763,10886,5718,1616,1616,5718,1,0,train,187
9764,10887,6038,7708,6038,7708,0,1,train,3213
9765,10888,4163,1889,1889,4163,1,0,train,5740
9766,10889,5898,6772,6772,5898,1,0,train,1635
9767,10890,771,3520,771,3520,0,1,test,415
9768,10891,5024,1273,5024,1273,0,1,train,7811
9769,10893,8884,6627,8884,6627,0,1,test,412
9770,10895,8491,5899,5899,8491,1,0,train,1629
9771,10896,8559,4665,4665,8559,1,0,test,89
9772,10897,7058,5208,7058,5208,0,1,test,506
9773,10898,8358,9165,9165,8358,1,0,train,7122
9774,10899,1341,3427,3427,1341,1,0,test,1375
9775,10900,4273,8230,4273,8230,0,1,train,3737
9776,10901,6021,5693,6021,5693,0,1,test,406
9777,10902,86,1364,86,1364,0,1,test,619
9778,10903,7197,7781,7197,7781,0,1,test,469
9779,10904,8874,2889,8874,2889,0,1,test,1605
9780,10906,5497,2653,2653,5497,1,0,train,202
9781,10907,8287,8217,8287,8217,0,1,train,6401
9782,10908,490,8093,490,8093,0,1,train,2178
9783,10909,6199,3939,3939,6199,1,0,test,1068
9784,10910,6625,2078,2078,6625,1,0,train,1179
9785,10912,8780,5239,5239,8780,1,0,train,741
9786,10913,8460,6301,8460,6301,0,1,train,7551
9787,10917,476,3781,476,3781,0,1,train,3041
9788,10918,932,2299,932,2299,0,1,train,4818
9789,10919,106,3653,3653,106,1,0,test,1907
9790,10920,3147,9095,9095,3147,1,0,train,3949
9791,10921,6712,2099,2099,6712,1,0,train,2624
9792,10922,1700,7661,1700,7661,0,1,test,595
9793,10923,8134,1428,1428,8134,1,0,train,4603
9794,10924,4631,5516,5516,4631,1,0,test,96
9795,10925,3869,1535,1535,3869,1,0,train,1867
9796,10926,3156,5580,3156,5580,0,1,test,1092
9797,10927,3452,1381,1381,3452,1,0,train,239
9798,10928,2061,3027,2061,3027,0,1,train,1452
9799,10930,1873,3575,1873,3575,0,1,test,733
9800,10932,9301,9305,9305,9301,1,0,train,7763
9801,10933,4585,4822,4585,4822,0,1,train,6147
9802,10935,2849,4380,4380,2849,1,0,train,6918
9803,10936,1409,1739,1409,1739,0,1,train,1078
9804,10937,5010,1719,1719,5010,1,0,test,900
9805,10938,2445,9220,2445,9220,0,1,train,6833
9806,10939,6782,3581,3581,6782,1,0,train,1997
9807,10940,8872,3353,8872,3353,0,1,train,3444
9808,10942,7913,2171,7913,2171,0,1,train,4905
9809,10943,1894,7992,1894,7992,0,1,train,5451
9810,10944,471,8126,471,8126,0,1,train,6097
9811,10945,6158,2891,2891,6158,1,0,train,4863
9812,10946,3234,5275,3234,5275,0,1,train,4187
9813,10947,1180,1475,1180,1475,0,1,train,1674
9814,10949,6938,6236,6236,6938,1,0,train,7568
9815,10950,3803,6695,3803,6695,0,1,test,1243
9816,10951,8014,3451,8014,3451,0,1,train,3991
9817,10952,1619,4183,4183,1619,1,0,train,4271
9818,10953,5890,8384,5890,8384,0,1,test,1040
9819,10954,131,9217,9217,131,1,0,train,5928
9820,10955,698,5399,5399,698,1,0,test,85
9821,10956,78,180,78,180,0,1,train,397
9822,10957,5718,8785,8785,5718,1,0,train,7725
9823,10958,8933,1280,1280,8933,1,0,train,2548
9824,10959,6959,8246,8246,6959,1,0,test,1155
9825,10961,304,410,304,410,0,1,train,3661
9826,10962,2911,843,2911,843,0,1,train,7881
9827,10963,131,3642,3642,131,1,0,train,3049
9828,10964,3349,1031,1031,3349,1,0,train,4680
9829,10965,6491,2746,6491,2746,0,1,test,914
9830,10966,5712,174,5712,174,0,1,test,1628
9831,10968,3148,8261,3148,8261,0,1,train,367
9832,10969,5379,640,5379,640,0,1,train,7603
9833,10970,8108,7020,8108,7020,0,1,train,4553
9834,10971,2039,7157,7157,2039,1,0,train,6808
9835,10973,8461,8645,8461,8645,0,1,train,7199
9836,10974,8864,1135,8864,1135,0,1,test,714
9837,10975,3941,3632,3632,3941,1,0,test,1472
9838,10976,6150,8913,6150,8913,0,1,train,2819
9839,10977,8532,2393,2393,8532,1,0,train,6218
9840,10978,1409,5953,5953,1409,1,0,train,5940
9841,10979,6636,7334,7334,6636,1,0,train,6593
9842,10980,6431,5322,6431,5322,0,1,train,2583
9843,10981,7662,8130,7662,8130,0,1,train,2462
9844,10982,5944,1606,5944,1606,0,1,train,4376
9845,10983,2012,3492,2012,3492,0,1,train,6716
9846,10985,292,4159,4159,292,1,0,train,658
9847,10986,4993,917,917,4993,1,0,train,3272
9848,10988,6037,5159,6037,5159,0,1,train,4964
9849,10989,8790,256,256,8790,1,0,train,1775
9850,10990,3935,1234,1234,3935,1,0,train,3783
9851,10991,7251,315,7251,315,0,1,train,5517
9852,10992,8847,5211,5211,8847,1,0,train,3787
9853,10993,7161,3403,7161,3403,0,1,test,848
9854,10994,7222,2239,7222,2239,0,1,train,1586
9855,10995,7308,6897,6897,7308,1,0,train,1166
9856,10996,4264,7873,7873,4264,1,0,train,6546
9857,10997,5977,6471,5977,6471,0,1,train,2697
9858,10998,3774,8017,8017,3774,1,0,train,4787
9859,10999,6335,2911,2911,6335,1,0,train,795
