entity_type,entity_id,full_vs_masked_cosine
user,0,-0.0456355512
user,1,-0.13241601
user,2,0.0294031296
user,3,0.0431670547
user,4,0.356010556
user,5,-0.0117954127
user,6,0.0516904816
user,7,-0.0369713902
user,8,0.0449518897
user,9,0.0431825146
user,10,-0.112627096
user,11,-0.130209476
user,12,-0.0870961249
user,13,-0.363454163
user,14,-0.148330152
user,15,-0.180089921
user,16,-0.194807902
user,17,-0.188769668
user,18,-0.154522896
user,19,-0.176006898
user,20,0.0359852985
user,21,0.0575212687
user,22,0.0274925232
user,23,-0.0351827852
user,24,-0.0977373868
user,25,-0.0678934902
user,26,0.118259251
user,27,0.000514806248
user,28,0.0852366239
user,29,-0.0391540006
user,30,-0.335519105
user,31,-0.213754907
user,32,-0.042261444
user,33,0.222828627
user,34,0.166055009
user,35,-0.0321264863
user,36,-0.1545396
user,37,-0.0151660312
user,38,-0.0226686709
user,39,-0.074900575
user,40,-0.0141100027
user,41,-0.00966876745
user,42,-0.081810981
user,43,0.0163824726
user,44,-0.0667733997
user,45,-0.0672319904
user,46,0.203174055
user,47,-0.0459670722
user,48,0.0204742625
user,49,0.0282584988
user,50,-0.104944609
user,51,0.0370735526
user,52,-0.0766225755
user,53,-0.0942486823
user,54,-0.0924780443
user,55,-0.00231823698
user,56,0.0897436142
user,57,-0.0192381404
user,58,0.0590513907
user,59,-0.0857821479
user,60,-0.11831744
user,61,-0.037688449
user,62,-0.175160229
user,63,0.157438487
user,64,0.14164421
user,65,0.0122119263
user,66,0.163388044
user,67,-0.066052109
user,68,0.113280289
user,69,-0.0316813849
user,70,-0.182717651
user,71,-0.142216876
user,72,-0.1909931
user,73,0.032904923
user,74,0.0408319756
user,75,-0.0418384075
user,76,0.0797622055
user,77,0.0237545669
user,78,0.0237019286
user,79,-0.147858649
user,80,0.0263807029
user,81,0.184827104
user,82,0.0801589414
user,83,0.150871471
user,84,-0.0315120704
user,85,0.021770101
user,86,0.000958487391
user,87,0.028704267
user,88,-0.0273112394
user,89,-0.0366316438
user,90,-0.0308871381
user,91,0.13194862
user,92,-0.00989929121
user,93,-0.113622144
user,94,0.163553312
user,95,-0.0934872031
user,96,0.0496168248
user,97,0.278071314
user,98,0.00493361149
user,99,0.0793997645
user,100,0.0255171843
user,101,-0.0699555352
user,102,-0.00486132503
user,103,-0.0335067213
user,104,-0.0745849535
user,105,-0.187794685
user,106,0.0611708984
user,107,0.128121987
user,108,0.0467310697
user,109,-0.00302059948
user,110,-0.138533726
user,111,-0.09388116
user,112,-0.241101578
user,113,-0.0242094174
user,114,0.0770424977
user,115,0.0518161878
user,116,0.115569815
user,117,-0.0751508027
user,118,-0.196547985
user,119,0.110707775
user,120,-0.0486215651
user,121,0.172825187
user,122,0.0831476301
user,123,0.0816516876
user,124,-0.0941628888
user,125,-0.00600930303
user,126,-0.0433061011
user,127,0.0819290429
user,128,0.112246722
user,129,0.0255466066
user,130,0.0581434965
user,131,0.112633824
user,132,-0.0929043069
user,133,-0.124589756
user,134,-0.170685366
user,135,-0.0551758856
user,136,-0.171947032
user,137,0.183851033
user,138,0.0373606607
user,139,0.0518539883
user,140,-0.175621584
user,141,-0.0874279886
user,142,0.0573818572
user,143,0.0170746557
user,144,-0.232421711
user,145,-0.10577286
user,146,0.0453274846
user,147,-0.0843914226
user,148,-0.0198924467
user,149,-0.00502724387
user,150,0.141169488
user,151,-0.0732573569
user,152,0.147553802
user,153,-0.165732846
user,154,-0.146937698
user,155,-0.109219171
user,156,-0.121136874
user,157,-0.0286956206
user,158,-0.186121598
user,159,0.0289394557
user,160,0.251193166
user,161,-0.231524587
user,162,-0.00903120264
user,163,-0.0765455365
user,164,-0.0334863439
user,165,-0.140948445
user,166,0.177375197
user,167,0.0659086257
user,168,-0.165386543
user,169,-0.102160238
user,170,-0.0980863571
user,171,0.0460275188
user,172,0.0297712758
user,173,0.122396074
user,174,0.0835343152
user,175,0.0761549026
user,176,0.0354680903
user,177,-0.307967812
user,178,0.0934488773
user,179,-0.0814868584
user,180,-0.111070007
user,181,-0.0412781425
user,182,-0.040747758
user,183,-0.00453926064
user,184,-0.0977060199
user,185,-0.0520297848
user,186,0.0725583807
user,187,-0.0325563811
user,188,0.0727831796
user,189,-0.060756404
user,190,-0.118531331
user,191,-0.250055194
user,192,0.0210525468
user,193,-0.0165285077
user,194,0.0450263694
user,195,-0.118476912
user,196,-0.0601119995
user,197,0.0948864073
user,198,0.0603894144
user,199,-0.152368397
user,200,0.164646775
user,201,0.0529015921
user,202,0.0135795213
user,203,-0.0232096016
user,204,-0.170811817
user,205,-0.0648484454
user,206,-0.118969887
user,207,-0.203304887
user,208,0.126357168
user,209,-0.0921844095
user,210,0.036281202
user,211,-0.0673224926
user,212,-0.0792084634
user,213,0.00817531347
user,214,-0.0923731327
user,215,-0.223484203
user,216,0.0834263861
user,217,-0.148462877
user,218,-0.101772949
user,219,0.0484226793
user,220,0.074555628
user,221,-0.226185828
user,222,-0.144234881
user,223,-0.112975821
user,224,-0.324232727
user,225,0.0272606611
user,226,-0.0826259553
user,227,0.101299122
user,228,0.0186172351
user,229,-0.132446289
user,230,0.236660853
user,231,0.0670210198
user,232,0.0118309408
user,233,0.0929351896
user,234,0.236861691
user,235,-0.167333841
user,236,-0.0632918254
user,237,0.0522158705
user,238,0.104257956
user,239,0.0940151811
user,240,-0.158309639
user,241,0.00151925534
user,242,-0.124558501
user,243,-0.103385031
user,244,0.148183033
user,245,0.100965679
user,246,0.152510837
user,247,0.106741786
user,248,-0.159871116
user,249,-0.0521653667
user,250,0.143261552
user,251,-0.135170698
user,252,0.0159995928
user,253,0.0198270082
user,254,0.118937358
user,255,-0.055216521
user,256,-0.152037546
user,257,0.00447258353
user,258,0.0212061908
user,259,-0.0175661035
user,260,0.0157199763
user,261,-0.150746301
user,262,-0.000815948471
user,263,-0.0614050142
user,264,0.0227998048
user,265,0.0416393578
user,266,-0.00888989121
user,267,-0.348342955
user,268,0.114839308
user,269,0.0232547522
user,270,-0.0427611694
user,271,-0.0147474781
user,272,0.0463668108
user,273,-0.107572876
user,274,0.129377022
user,275,-0.104696423
user,276,0.12859416
user,277,0.0451315194
user,278,-0.0208180249
user,279,-0.116880126
user,280,-0.0863008648
user,281,-0.257841647
user,282,-0.194835812
user,283,0.0235725883
user,284,0.0025793463
user,285,-0.0930748954
user,286,-0.12468449
user,287,-0.0417096913
user,288,-0.00439869985
user,289,0.0196567886
user,290,-0.171995446
user,291,-0.200476229
user,292,0.0467285328
user,293,-0.24871324
user,294,-0.0730026066
user,295,0.0876300335
user,296,-0.0951819867
user,297,-0.339830965
user,298,-0.15898481
user,299,-0.215188786
user,300,-0.112117268
user,301,0.0212223604
user,302,-0.156542137
user,303,0.247541502
user,304,0.0394454412
user,305,0.166515052
user,306,0.22843571
user,307,-0.169974521
user,308,0.0983483642
user,309,0.056325838
user,310,0.0867129415
user,311,-0.0370478258
user,312,-0.0152612561
user,313,0.145268708
user,314,-0.160143897
user,315,0.141753435
user,316,-0.0722734928
user,317,0.0664152056
user,318,-0.125724003
user,319,0.0351582915
user,320,-0.132091358
user,321,0.104326837
user,322,0.00575361401
user,323,0.269070804
user,324,-0.01472749
user,325,0.124335609
user,326,0.148733467
user,327,-0.00554681197
user,328,-0.0163831599
user,329,0.011220688
user,330,-0.153265953
user,331,-0.0618997589
user,332,0.341916233
user,333,-0.232765108
user,334,0.0597431362
user,335,-0.120769255
user,336,-0.206885338
user,337,-0.0378784649
user,338,-0.179481864
user,339,0.0899058282
user,340,-0.0154474778
user,341,-0.00176198781
user,342,-0.144748867
user,343,-0.0331535898
user,344,0.111575946
user,345,-0.0705227852
user,346,-0.405178249
user,347,-0.14779909
user,348,0.0759418979
user,349,-0.0362210386
user,350,-0.0998532698
user,351,0.181034476
user,352,-0.143090278
user,353,-0.0844326615
user,354,0.134757072
user,355,-0.0449020043
user,356,0.187231287
user,357,-0.110065229
user,358,-0.135129631
user,359,-0.120111942
user,360,-0.123759165
user,361,0.130488232
user,362,-0.0390092582
user,363,-0.0344602242
user,364,-0.0678121671
user,365,-0.0928774476
user,366,-0.0754303485
user,367,-0.37209639
user,368,-0.0672253221
user,369,0.12000335
user,370,0.0176400188
user,371,-0.0667704791
user,372,0.0706318021
user,373,0.0640333667
user,374,0.0224578604
user,375,0.119386494
user,376,-0.164903402
user,377,-0.0587609485
user,378,0.0745504275
user,379,-0.185725421
user,380,-0.079787381
user,381,0.0659032464
user,382,-0.0298975129
user,383,0.0107927546
user,384,-0.0500936098
user,385,0.212254092
user,386,0.0423863679
user,387,0.0815278366
user,388,0.143016592
user,389,-0.109935939
user,390,-0.248424485
user,391,0.143512502
user,392,0.0824918672
user,393,0.0444943346
user,394,-0.0200000741
user,395,0.0394281521
user,396,-0.232848942
user,397,0.0390759483
user,398,0.207062483
user,399,-0.246144846
user,400,0.0199658871
user,401,0.0215027388
user,402,-0.0647112876
user,403,-0.0274917986
user,404,-0.0549119897
user,405,-0.0673446804
user,406,0.0120792724
user,407,-0.0362008661
user,408,0.0152289569
user,409,0.100730434
user,410,-0.246235862
user,411,-0.163332671
user,412,-0.0278053526
user,413,0.0294973925
user,414,0.0645245165
user,415,-0.00738618895
user,416,-0.241606027
user,417,0.0814789608
user,418,0.114269197
user,419,-0.0880430341
user,420,0.0610397905
user,421,-0.131345451
user,422,0.0120416218
user,423,0.0690899566
user,424,-0.027272597
user,425,0.0779561996
user,426,0.14089404
user,427,-0.112448089
user,428,-0.143812642
user,429,0.0213503391
user,430,0.151649237
user,431,0.258081973
user,432,0.153485969
user,433,0.0291028246
user,434,0.0343958773
user,435,0.116893634
user,436,0.0304300822
user,437,0.091924727
user,438,0.0819975138
user,439,0.0616124496
user,440,-0.142029107
user,441,0.0700635761
user,442,0.124565177
user,443,0.0486114658
user,444,0.0247056335
user,445,-0.159184709
user,446,0.269146442
user,447,-0.104762062
user,448,0.0572622344
user,449,-0.045811072
user,450,0.0950772241
user,451,-0.0552074909
user,452,0.0650825277
user,453,0.162902102
user,454,-0.159320861
user,455,-0.188566864
user,456,-0.0134312361
user,457,-0.0235767923
user,458,0.152106747
user,459,-0.0599711388
user,460,-0.00800713897
user,461,0.110762805
user,462,0.0354039222
user,463,0.20777522
user,464,0.184901655
user,465,-0.0113522718
user,466,-0.104282849
user,467,-0.0426963568
user,468,-0.070300594
user,469,-0.2122031
user,470,-0.112547576
user,471,-0.0250189956
user,472,0.0695263371
user,473,-0.0622567087
user,474,0.17853722
user,475,0.196320474
user,476,-0.0335926712
user,477,0.141471237
user,478,0.0460833237
user,479,0.0120905656
user,480,-0.0340326056
user,481,0.0474813581
user,482,0.0220488887
user,483,0.136247158
user,484,0.289501756
user,485,0.1542705
user,486,-0.0545621961
user,487,0.166975662
user,488,0.037104629
user,489,0.0457691625
user,490,0.0320532918
user,491,-0.104879044
user,492,-0.0326957703
user,493,-0.253666043
user,494,0.0933637396
user,495,0.086720027
user,496,-0.0447677448
user,497,0.0158288442
user,498,-0.202788055
user,499,0.0112799592
user,500,0.0399915949
user,501,0.131283075
user,502,-0.142673448
user,503,-0.0922064856
user,504,0.0767879039
user,505,0.0627933741
user,506,-0.0974900052
user,507,0.0484909266
user,508,-0.090776369
user,509,0.120384373
user,510,0.144202009
user,511,-0.0346295312
user,512,0.0996269509
user,513,0.0807925612
user,514,0.151865333
user,515,0.153153181
user,516,-0.0334462523
user,517,-0.0400683358
user,518,-0.0378870852
user,519,0.131073743
user,520,-0.141793698
user,521,-0.0211818907
user,522,-0.151680797
user,523,-0.156313702
user,524,-0.0354744233
user,525,0.0828543156
user,526,0.226506278
user,527,0.0155900121
user,528,0.1126661
user,529,-0.0670197308
user,530,0.116737261
user,531,0.0145493262
user,532,0.0373937562
user,533,0.0899159014
user,534,0.131629735
user,535,-0.0902576447
user,536,-0.0568938628
user,537,0.0508337319
user,538,-0.0779938251
user,539,-0.0275540054
user,540,-0.0314039513
user,541,-0.111802801
user,542,0.231903955
user,543,-0.0232554339
user,544,-0.0397049747
user,545,-0.0247245729
user,546,-0.0423584767
user,547,-0.0583687797
user,548,-0.00101080351
user,549,-0.0280718673
user,550,-0.16999279
user,551,0.162522614
user,552,-0.00751393288
user,553,-0.0994597301
user,554,0.0472861379
user,555,0.145547494
user,556,0.0749438033
user,557,0.0723609179
user,558,0.106954768
user,559,0.00240965933
user,560,-0.0809089541
user,561,-0.109715968
user,562,-0.0388007462
user,563,-0.0129466243
user,564,-0.136432335
user,565,0.0778596848
user,566,0.0649012923
user,567,0.0574010238
user,568,0.0130659938
user,569,-0.135798693
user,570,0.0456730127
user,571,0.000823626295
user,572,-0.169264525
user,573,-0.183895618
user,574,-0.0567206666
user,575,0.189127445
user,576,0.0617889911
user,577,-0.0426793322
user,578,-0.0131988898
user,579,0.00278386474
user,580,-0.035245847
user,581,0.0468957983
user,582,0.0549121872
user,583,0.203808188
user,584,-0.175577849
user,585,-0.083444111
user,586,-0.0542198382
user,587,0.144634604
user,588,0.0422481149
user,589,0.120102897
user,590,-0.168196708
user,591,0.06225463
user,592,-0.102494225
user,593,0.0431311056
user,594,0.229143277
user,595,-0.100773647
user,596,-0.235190615
user,597,-0.00868029892
user,598,0.00540745631
user,599,-0.141899019
user,600,-0.0793441609
user,601,-0.13896209
user,602,-0.374620795
user,603,0.146266282
user,604,0.0653816238
user,605,-0.116948426
user,606,0.00739231706
user,607,0.160361379
user,608,-0.00515584275
user,609,-0.147643089
user,610,0.195822209
user,611,-0.132034808
user,612,0.0880763605
user,613,-0.0598556995
user,614,0.000329591334
user,615,0.0845162943
user,616,0.0350921527
user,617,0.0704756826
user,618,0.00888921879
user,619,-0.0563381612
user,620,-0.211174577
user,621,-0.0445238054
user,622,0.0653652176
user,623,0.00881336629
user,624,0.0665249079
user,625,-0.0297304764
user,626,0.0183251277
user,627,0.172525585
user,628,0.0129938498
user,629,-0.179370016
user,630,0.0455159023
user,631,0.0332935899
user,632,-0.0173225775
user,633,-0.0500709862
user,634,-0.193416312
user,635,0.0389656834
user,636,0.0137204994
user,637,-0.046378009
user,638,0.218654245
user,639,0.0372663066
user,640,-0.0688227788
user,641,0.0444473699
user,642,0.214514062
user,643,-0.00775588676
user,644,0.000995613635
user,645,0.0254575573
user,646,-0.198409095
user,647,0.128332049
user,648,-0.0652964115
user,649,-0.164989054
user,650,-0.15099743
user,651,-0.111480415
user,652,-0.0758244991
user,653,-0.0721173435
user,654,-0.0704272911
user,655,0.184521645
user,656,-0.0357547998
user,657,-0.235844493
user,658,-0.0333082005
user,659,-0.16282919
user,660,-0.0308907758
user,661,-0.148462415
user,662,-0.0946198627
user,663,-0.0657581389
user,664,-0.123999238
user,665,-0.0920832902
user,666,-0.164801374
user,667,0.0991528183
user,668,-0.0957188085
user,669,-0.132888213
user,670,-0.0776382387
user,671,0.0682895631
user,672,-0.257442892
user,673,-0.0781308785
user,674,0.111464344
user,675,0.0500567555
user,676,-0.145426169
user,677,-0.211600229
user,678,-0.163622677
user,679,0.12349768
user,680,-0.149650648
user,681,-0.0905278623
user,682,-0.0621805079
user,683,-0.0845554397
user,684,0.0113953426
user,685,0.160396814
user,686,-0.0214152522
user,687,0.106625341
user,688,-0.184840575
user,689,0.140515298
user,690,-0.156444907
user,691,-0.0931011289
user,692,-0.0391207933
user,693,-0.0789715797
user,694,-0.00331458077
user,695,0.0576940104
user,696,-0.0831202194
user,697,0.0817393214
user,698,-0.153679863
user,699,-0.276258945
user,700,-0.00808973052
user,701,0.0430298224
user,702,-0.140893698
user,703,-0.223647237
user,704,0.00765909906
user,705,0.100664765
user,706,-0.187283695
user,707,0.176701829
user,708,-0.121665567
user,709,0.0379745588
user,710,-0.06748496
user,711,0.0492494255
user,712,-0.261382908
user,713,0.0367246643
user,714,-0.0651094541
user,715,0.00666137179
user,716,-0.0554070249
user,717,-0.20377706
user,718,-0.136952713
user,719,-0.0995734036
user,720,-0.0174649805
user,721,-0.111580417
user,722,0.0508183986
user,723,-0.0504687168
user,724,-0.170255616
user,725,0.131664529
user,726,0.0802618638
user,727,0.0379251912
user,728,0.190034658
user,729,0.212377831
user,730,-0.187399372
user,731,0.348509312
user,732,-0.111770757
user,733,0.232750267
user,734,0.138300166
user,735,-0.0591016412
user,736,0.00653582066
user,737,-0.106470272
user,738,-0.0978783518
user,739,0.00851167366
user,740,-0.0756204426
user,741,-0.0321381688
user,742,0.0249673724
user,743,-0.139860466
user,744,-0.0147816762
user,745,0.0997279882
user,746,0.0254433732
user,747,0.00573419407
user,748,-0.178798705
user,749,-0.0387697257
user,750,0.159197405
user,751,-0.126308069
user,752,0.0988834724
user,753,-0.00682824105
user,754,-0.0307694152
user,755,-0.0263623744
user,756,-0.0315797478
user,757,-0.15639174
user,758,0.05423408
user,759,0.217619717
user,760,-0.139723942
user,761,-0.199759677
user,762,-0.0580412447
user,763,-0.0861909613
user,764,-0.0273603275
user,765,-0.15515025
user,766,0.386455595
user,767,-0.00441934168
user,768,-0.127958059
user,769,-0.02109842
user,770,-0.0883516446
user,771,-0.0512906574
user,772,-0.121485688
user,773,-0.0680853426
user,774,-0.0897447839
user,775,0.175452635
user,776,-0.0546913445
user,777,-0.122415744
user,778,0.00770527869
user,779,0.0612497553
user,780,-0.142974854
user,781,0.123125874
user,782,-0.216036722
user,783,-0.118084311
user,784,-0.164427266
user,785,-0.0683467239
user,786,-0.0872802883
user,787,0.00651478022
user,788,0.0286894143
user,789,-0.19965589
user,790,0.0883664414
user,791,0.00527950749
user,792,-0.105504051
user,793,-0.0554887801
user,794,-0.0421102382
user,795,0.00140554551
user,796,-0.10068588
user,797,-0.127699465
user,798,0.0736352503
user,799,-0.0610717498
user,800,0.115579233
user,801,-0.0750907585
user,802,0.092059046
user,803,-0.0773023218
user,804,-0.170923337
user,805,-0.00306481868
user,806,0.0324404202
user,807,-0.305762738
user,808,0.282099396
user,809,-0.101353414
user,810,0.0858071744
user,811,-0.0353772417
user,812,0.0985931158
user,813,0.0688505322
user,814,0.21066016
user,815,0.105190985
user,816,-0.018195698
user,817,0.169249058
user,818,0.152323976
user,819,0.0120262578
user,820,0.0729028732
user,821,0.110705107
user,822,0.0563979223
user,823,0.237365723
user,824,0.0945529044
user,825,0.0240436662
user,826,-0.0767541453
user,827,-0.00516493618
user,828,0.306414753
user,829,0.0427103788
user,830,-0.00984277762
user,831,0.137142077
user,832,-0.0699698254
user,833,0.0484040789
user,834,-0.0414699912
user,835,-0.0991859585
user,836,-0.142115891
user,837,0.0141786933
user,838,-0.0383938476
user,839,-0.0582382269
user,840,0.18378754
user,841,-0.067761004
user,842,0.106565669
user,843,-0.115752131
user,844,0.0547115728
user,845,-0.230031863
user,846,-0.0977841914
user,847,-0.173268169
user,848,-0.0943687558
user,849,0.0561382622
user,850,0.152204618
user,851,0.0291566141
user,852,-0.0502470881
user,853,-0.300670981
user,854,-0.165040344
user,855,0.0137904892
user,856,0.0367479064
user,857,-0.0751659274
user,858,0.110996045
user,859,-0.0209875926
user,860,0.16138041
user,861,-0.134265661
user,862,-0.000524876639
user,863,-0.0451546498
user,864,-0.310731262
user,865,-0.10946627
user,866,-0.0487528965
user,867,0.211893588
user,868,-0.157130897
user,869,-0.0528465062
user,870,-0.116871305
user,871,0.210567236
user,872,-0.210060149
user,873,-0.00905210152
user,874,0.183998361
user,875,0.134743392
user,876,0.206691951
user,877,0.169893295
user,878,0.170515135
user,879,-0.0398989767
user,880,-0.137872383
user,881,0.0459048301
user,882,0.0826431736
user,883,-0.126735523
user,884,-0.165143609
user,885,-0.0380163044
user,886,0.0345637277
user,887,0.0558163226
user,888,0.0238405876
user,889,0.0616446808
user,890,-0.00684281439
user,891,0.0379144512
user,892,0.0802777559
user,893,-0.069210656
user,894,0.210273743
user,895,0.0367729738
user,896,-0.0035385415
user,897,-0.0915781409
user,898,-0.139016345
user,899,0.154013604
user,900,-0.189095095
user,901,-0.0370350406
user,902,-0.130209625
user,903,0.00886334479
user,904,-0.104800299
user,905,-0.0522146709
user,906,-0.0706091821
user,907,0.022864908
user,908,0.0814279243
user,909,0.045975253
user,910,0.0831799582
user,911,0.153750077
user,912,0.1022176
user,913,0.146880373
user,914,0.109068081
user,915,-0.0479821414
user,916,-0.362597138
user,917,-0.070239909
user,918,0.0134223774
user,919,-0.0414308235
user,920,-0.120180346
user,921,-0.0571564138
user,922,-0.133903265
user,923,0.141366065
user,924,0.0893366784
user,925,-0.119121179
user,926,0.0256252047
user,927,-0.0183605589
user,928,-0.0179053582
user,929,0.0530755371
user,930,-0.0372681208
user,931,0.11199636
user,932,-0.0743118227
user,933,-0.0932928473
user,934,-0.0165680945
user,935,-0.174685031
user,936,-0.266375601
user,937,-0.0181837194
user,938,-0.113831043
user,939,0.298495173
user,940,-0.0619436689
user,941,-0.126096278
user,942,0.205913335
user,943,-0.059237048
user,944,-0.14737317
user,945,0.0411951393
user,946,-0.140030205
user,947,0.0600125343
user,948,-0.174807444
user,949,0.0170784891
user,950,-0.0969074145
user,951,-0.108079284
user,952,0.0550539531
user,953,0.00590649247
user,954,-0.181448922
user,955,-0.214024544
user,956,-0.0912457034
user,957,0.0561916307
user,958,0.135125995
user,959,-0.0486093313
user,960,-0.109582812
user,961,0.0944256559
user,962,0.118624374
user,963,0.028502848
user,964,-0.0819125324
user,965,-0.0477548093
user,966,-0.199052393
user,967,0.122736216
user,968,-0.21877262
user,969,-0.0130912438
user,970,0.10794834
user,971,-0.0674064234
user,972,-0.0973582417
user,973,0.105176754
user,974,0.0961941555
user,975,-0.0758857578
user,976,0.129643247
user,977,-0.260547519
user,978,0.0956133157
user,979,0.0316666663
user,980,0.241935804
user,981,0.0707383454
user,982,0.0553170703
user,983,0.113840654
user,984,-0.0721736029
user,985,0.11050652
user,986,0.0728147477
user,987,-0.11244785
user,988,-0.0312497523
user,989,0.0185558721
user,990,0.105299234
user,991,-0.0884136707
user,992,-0.0154328421
user,993,0.219805911
user,994,0.0519669726
user,995,-0.0913003236
user,996,-0.0349774249
user,997,-0.0199255552
user,998,-0.0731471628
user,999,-0.0188727714
user,1000,0.0695906803
user,1001,-0.032845445
user,1002,0.105701789
user,1003,-0.00717429072
user,1004,-0.0848685279
user,1005,-0.0253520869
user,1006,-0.0344195515
user,1007,-0.111643046
user,1008,0.0679510981
user,1009,-0.0731322318
user,1010,0.3150841
user,1011,0.106506467
user,1012,-0.0569959134
user,1013,0.0327671617
user,1014,-0.184789866
user,1015,0.0726970434
user,1016,-0.0197803453
user,1017,0.219379991
user,1018,-0.0465561077
user,1019,0.137950659
user,1020,-0.243602037
user,1021,-0.046634838
user,1022,0.195776016
user,1023,-0.117201529
user,1024,0.147902012
user,1025,0.174554944
user,1026,0.217214674
user,1027,-0.171820566
user,1028,0.0637281612
user,1029,-0.0404454581
user,1030,-0.0413459651
user,1031,-0.134827971
user,1032,0.00939630903
user,1033,-0.138721347
user,1034,-0.15700689
user,1035,0.0760361254
user,1036,-0.0668931603
user,1037,-0.0588616319
user,1038,0.202264383
user,1039,-0.00537587889
user,1040,0.00429411605
user,1041,0.0888862386
user,1042,-0.0535461791
user,1043,-0.087381877
user,1044,0.171910763
user,1045,-0.141300932
user,1046,0.112322547
user,1047,-0.0517551899
user,1048,0.0232308991
user,1049,0.204107657
user,1050,-0.0111823268
user,1051,-0.0914211571
user,1052,0.131597906
user,1053,-0.0611051917
user,1054,-0.0101597551
user,1055,0.0528349429
user,1056,-0.042524416
user,1057,-0.12356697
user,1058,-0.150466844
user,1059,0.0600089245
user,1060,-0.430722058
user,1061,-0.0697387457
user,1062,-0.0589238852
user,1063,-0.323176652
user,1064,-0.128848225
user,1065,-0.192693189
user,1066,0.147031203
user,1067,-0.00958517939
user,1068,-0.227486491
user,1069,0.0929784328
user,1070,-0.12076658
user,1071,-0.193922043
user,1072,-0.0529401824
user,1073,0.214122415
user,1074,0.0226252545
user,1075,-0.1103957
user,1076,-0.129457116
user,1077,-0.0551174581
user,1078,0.0743644387
user,1079,0.221142232
user,1080,-0.037636552
user,1081,0.329632044
user,1082,-0.0373576097
user,1083,-0.246011823
user,1084,-0.11316181
user,1085,0.0332394689
user,1086,0.0662883371
user,1087,0.133772939
user,1088,0.0393375382
user,1089,-0.148469269
user,1090,0.136429414
user,1091,-0.0785183907
user,1092,-0.105498224
user,1093,-0.204220861
user,1094,0.0472897068
user,1095,-0.0619838163
user,1096,0.0391152501
user,1097,0.0325289741
user,1098,-0.0715043545
user,1099,0.155096427
user,1100,-0.0572470129
user,1101,-0.113691278
user,1102,0.143971801
user,1103,-0.0210811272
user,1104,-0.0231514424
user,1105,0.154188514
user,1106,0.161832303
user,1107,-0.0040846318
user,1108,0.129423857
user,1109,0.0719947889
user,1110,-0.0949751884
user,1111,0.10716673
user,1112,0.169299319
user,1113,-0.215235785
user,1114,-0.204342112
user,1115,-0.128079191
user,1116,-0.145973191
user,1117,0.0554725379
user,1118,-0.0618711114
user,1119,0.138349131
user,1120,0.166217238
user,1121,0.0981432199
user,1122,-0.0155624105
user,1123,-0.146557167
user,1124,-0.0757278949
user,1125,-0.263576061
user,1126,-0.173842385
user,1127,0.0343321525
user,1128,-0.196191475
user,1129,-0.104310676
user,1130,0.00206108019
user,1131,0.0959745049
user,1132,-0.0301872343
user,1133,0.0287073981
user,1134,-0.226935297
user,1135,0.0266691968
user,1136,-0.154917464
user,1137,0.0456443354
user,1138,0.0122376606
user,1139,-0.0877597108
user,1140,-0.109868199
user,1141,0.153184816
user,1142,-0.0804136023
user,1143,-0.202831388
user,1144,-0.166637674
user,1145,0.0592913777
user,1146,0.313739538
user,1147,0.112911701
user,1148,0.180624664
user,1149,0.113342054
user,1150,0.0314642787
user,1151,0.128121078
user,1152,-0.138605103
user,1153,-0.176156566
user,1154,0.169292331
user,1155,0.0567167997
user,1156,0.0270944014
user,1157,0.0417375639
user,1158,-0.0517347082
user,1159,-0.183861971
user,1160,-0.247454643
user,1161,0.136523381
user,1162,0.107314087
user,1163,-0.110373512
user,1164,-0.0374273583
user,1165,-0.134725124
user,1166,0.0614167489
user,1167,0.00196445826
user,1168,-0.167600468
user,1169,-0.255091846
user,1170,-0.0906325579
user,1171,-0.0262320526
user,1172,-0.183078945
user,1173,-0.013184838
user,1174,0.0566345155
user,1175,0.121869124
user,1176,0.0856193304
user,1177,0.0417284369
user,1178,0.0300493147
user,1179,0.0110145267
user,1180,-0.0607507788
user,1181,-0.0552483574
user,1182,-0.225983709
user,1183,-0.0629722103
user,1184,-0.00131112337
user,1185,-0.108501405
user,1186,-0.157680601
user,1187,-0.0702400431
user,1188,-0.139458671
user,1189,-0.109041467
user,1190,-0.0135505795
user,1191,0.293143272
user,1192,-0.0214585811
user,1193,0.0931551382
user,1194,0.160656661
user,1195,-0.103759646
user,1196,0.0494832136
user,1197,0.14159368
user,1198,0.0396470353
user,1199,0.28572315
user,1200,-0.147380292
user,1201,-0.0628120154
user,1202,0.034159936
user,1203,-0.149933025
user,1204,-0.0602624342
user,1205,0.0944391489
user,1206,-0.215487242
user,1207,0.184495807
user,1208,-0.041996479
user,1209,-0.00371516868
user,1210,-0.175038964
user,1211,-0.0278564692
user,1212,0.0112856142
user,1213,0.0170749687
user,1214,-0.20287919
user,1215,-0.105726287
user,1216,-0.0375000872
user,1217,-0.0394675285
user,1218,-0.116023466
user,1219,0.0325568914
user,1220,0.0250318833
user,1221,0.198338568
user,1222,-0.00568819791
user,1223,0.0292655602
user,1224,0.0248741396
user,1225,0.0576542541
user,1226,-0.0868660361
user,1227,0.0715541169
user,1228,-0.0263515674
user,1229,0.104502536
user,1230,0.118732721
user,1231,0.222208202
user,1232,0.0369982198
user,1233,0.0528108627
user,1234,0.0672849566
user,1235,0.110206947
user,1236,-0.0168221965
user,1237,0.11725866
user,1238,-0.113207698
user,1239,0.143193141
user,1240,0.053501986
user,1241,0.165193185
user,1242,-0.0970053673
user,1243,0.0585834421
user,1244,0.0735457465
user,1245,0.0437142327
user,1246,0.380680382
user,1247,-0.111984797
user,1248,-0.073030673
user,1249,-0.332474947
user,1250,0.0759481117
user,1251,0.0906788632
user,1252,0.227215737
user,1253,0.0015693903
user,1254,-0.182756469
user,1255,-0.117328718
user,1256,-0.082197167
user,1257,-0.18917428
user,1258,-0.0991320014
user,1259,0.0461914316
user,1260,0.153974384
user,1261,-0.0860529244
user,1262,0.100341037
user,1263,0.104474157
user,1264,0.0326393843
user,1265,-0.149191231
user,1266,0.179205373
user,1267,-0.0733885542
user,1268,-0.0666015744
user,1269,0.0621638149
user,1270,-0.0249326304
user,1271,-0.0768437609
user,1272,-0.156114012
user,1273,0.0460223109
user,1274,-0.214054018
user,1275,0.228052914
user,1276,0.0893247873
user,1277,-0.0550887212
user,1278,-0.0384509414
user,1279,0.11788781
user,1280,-0.0792382509
user,1281,-0.0667880699
user,1282,-0.117491685
user,1283,0.120040663
user,1284,-0.0859774351
user,1285,-0.00589826144
user,1286,-0.175913364
user,1287,-0.213803113
user,1288,-0.207072586
user,1289,0.0579890981
user,1290,0.0622484908
user,1291,-0.110926919
user,1292,0.0914820135
user,1293,0.176190272
user,1294,-0.00771990418
user,1295,0.144147038
user,1296,0.0129329339
user,1297,-0.0629792362
user,1298,0.0605168268
user,1299,0.00402381271
user,1300,0.114242688
user,1301,-0.0875032023
user,1302,0.119135499
user,1303,-0.302024513
user,1304,0.0163526479
user,1305,-0.0132570937
user,1306,-0.068992652
user,1307,0.0759689137
user,1308,0.0860470682
user,1309,0.163277477
user,1310,-0.0751996934
user,1311,0.152152568
user,1312,0.122933567
user,1313,0.152571693
user,1314,-0.0992110968
user,1315,0.076834023
user,1316,0.0170073472
user,1317,0.00844030827
user,1318,-0.147183001
user,1319,-0.0293606762
user,1320,0.180411071
user,1321,0.0417369232
user,1322,0.10824085
user,1323,0.0638075992
user,1324,-0.0152616389
user,1325,0.0819268227
user,1326,0.0540054031
user,1327,0.0968086272
user,1328,-0.00602446543
user,1329,0.311281651
user,1330,-0.0391105935
user,1331,-0.146667242
user,1332,-0.116113245
user,1333,-0.0779037401
user,1334,0.0892985761
user,1335,-0.044571083
user,1336,0.125294819
user,1337,0.162107229
user,1338,0.0415671803
user,1339,0.049190633
user,1340,0.166222364
user,1341,-0.11192359
user,1342,-0.169523999
user,1343,0.0132086053
user,1344,-0.0849312842
user,1345,0.274659306
user,1346,0.288274288
user,1347,-0.130991161
user,1348,0.133629352
user,1349,0.00347506814
user,1350,0.183282375
user,1351,0.0921994597
user,1352,0.0816146582
user,1353,0.041345045
user,1354,0.213282824
user,1355,0.0642701983
user,1356,-0.0470491908
user,1357,0.280788451
user,1358,0.0438373163
user,1359,-0.0188731086
user,1360,-0.0133888572
user,1361,0.309067875
user,1362,0.128107578
user,1363,0.143230319
user,1364,0.172067076
user,1365,0.273330092
user,1366,0.0528925098
user,1367,0.0472536683
user,1368,0.0642234534
user,1369,0.105202012
user,1370,0.138344318
user,1371,0.134191662
user,1372,-0.080742985
user,1373,-0.000674948096
user,1374,-0.00182138383
user,1375,0.170469075
user,1376,0.0676008388
user,1377,-0.115037121
user,1378,-0.120222971
user,1379,-0.188939705
user,1380,0.0499482118
user,1381,-0.0792852864
user,1382,0.212777466
user,1383,0.140274882
user,1384,-0.026385583
user,1385,0.0170439072
user,1386,0.138238221
user,1387,0.113893554
user,1388,0.110658556
user,1389,0.0777896121
user,1390,0.0568721592
user,1391,-0.2320337
user,1392,-0.0200818144
user,1393,-0.26976797
user,1394,0.0473410897
user,1395,0.282403767
user,1396,-0.0768426061
user,1397,0.0580228083
user,1398,0.0401794389
user,1399,-0.0338876098
user,1400,-0.0546464473
user,1401,-0.122815982
user,1402,0.0723590329
user,1403,-0.235210642
user,1404,-0.208028838
user,1405,-0.141226083
user,1406,0.109928943
user,1407,0.00891674869
user,1408,-0.157981783
user,1409,0.0372247472
user,1410,-0.100371771
user,1411,0.0987658277
user,1412,-0.124391027
user,1413,-0.102007821
user,1414,-0.108278111
user,1415,0.122009113
user,1416,0.0349875204
user,1417,-0.17202118
user,1418,0.0654668361
user,1419,0.167303264
user,1420,-0.158621669
user,1421,0.0261479653
user,1422,-0.102572806
user,1423,-0.0903747305
user,1424,-0.172780335
user,1425,0.119192615
user,1426,-0.173027128
user,1427,-0.0224965066
user,1428,0.0113843232
user,1429,-0.094734937
user,1430,-0.0697097257
user,1431,0.04122499
user,1432,0.123371534
user,1433,-0.318588942
user,1434,-0.22221522
user,1435,-0.118834525
user,1436,-0.26999715
user,1437,0.0238919407
user,1438,0.12559104
user,1439,0.172186732
user,1440,0.0179015007
user,1441,-0.226792842
user,1442,-0.0199186318
user,1443,0.0944591314
user,1444,-0.00898858532
user,1445,-0.228583112
user,1446,-0.0631802157
user,1447,-0.169467509
user,1448,-0.330180854
user,1449,0.185179427
user,1450,-0.30999583
user,1451,0.185126185
user,1452,0.209553495
user,1453,0.0646352395
user,1454,0.0417667776
user,1455,-0.218658194
user,1456,0.180720612
user,1457,0.0295561366
user,1458,-0.132761881
user,1459,-0.000404648483
user,1460,-0.0519008189
user,1461,-0.0313398018
user,1462,-0.0736709014
user,1463,0.257845014
user,1464,-0.0174816195
user,1465,0.0246907026
user,1466,-0.138788417
user,1467,0.0128908921
user,1468,-0.0761833414
user,1469,-0.271279246
user,1470,0.0329689234
user,1471,0.183913082
user,1472,0.0872485936
user,1473,-0.0846795365
user,1474,0.00835891813
user,1475,-0.00437524728
user,1476,-0.188136667
user,1477,0.0403074101
user,1478,0.0571688563
user,1479,-0.00997032598
user,1480,0.0539074466
user,1481,0.0553775057
user,1482,-0.129291281
user,1483,-0.189411134
user,1484,-0.0814648047
user,1485,-0.0783365965
user,1486,0.017062109
user,1487,-0.278841943
user,1488,-0.0328779109
user,1489,0.0667448714
user,1490,0.0494691581
user,1491,-0.152662784
user,1492,-0.0385961011
user,1493,0.115585938
user,1494,0.172256112
user,1495,0.273975968
user,1496,0.0378128029
user,1497,0.0735248327
user,1498,0.00556473061
user,1499,0.0310462229
user,1500,-0.0490322448
user,1501,0.171750158
user,1502,-0.162223503
user,1503,-0.0224373285
user,1504,-0.0295411497
user,1505,-0.168014303
user,1506,-0.139385194
user,1507,-0.175520867
user,1508,-0.0337606519
user,1509,-0.188924089
user,1510,0.073741883
user,1511,0.0174077675
user,1512,-0.0412839465
user,1513,-0.207230181
user,1514,-0.101785019
user,1515,-0.0228254572
user,1516,-0.234726757
user,1517,-0.0135668665
user,1518,-0.0366827771
user,1519,-0.12913543
user,1520,-0.066504091
user,1521,-0.186715111
user,1522,0.0309756808
user,1523,-0.0548726991
user,1524,0.00338905398
user,1525,-0.111403406
user,1526,0.0323243365
user,1527,-0.243800089
user,1528,0.0061174687
user,1529,0.071432583
user,1530,0.0375829712
user,1531,0.0259832107
user,1532,-0.0145576689
user,1533,-0.177444279
user,1534,0.152852252
user,1535,-0.0155410022
user,1536,-0.00707469136
user,1537,-0.14634642
user,1538,0.00940436777
user,1539,-0.0345237702
user,1540,-0.0770892724
user,1541,-0.0754811615
user,1542,-0.0762201771
user,1543,0.0149397496
user,1544,0.118413277
user,1545,0.142871782
user,1546,0.0529398769
user,1547,0.204503313
user,1548,0.052668035
user,1549,0.195665509
user,1550,0.0258321762
user,1551,0.0283476263
user,1552,0.16258657
user,1553,-0.0240732096
user,1554,-0.0681361854
user,1555,-0.360042542
user,1556,-0.0258510113
user,1557,-0.0439737551
user,1558,-0.0520456396
user,1559,-0.0686530322
user,1560,-0.0057234522
user,1561,0.0648513585
user,1562,-0.0773156434
user,1563,-0.129572019
user,1564,-0.0353155471
user,1565,0.130541846
user,1566,-0.140004784
user,1567,-0.102658175
user,1568,0.045986563
user,1569,-0.131637484
user,1570,0.174261868
user,1571,0.0908645615
user,1572,0.109903917
user,1573,-0.11131651
user,1574,0.304602951
user,1575,0.167197526
user,1576,0.0567650795
user,1577,0.0349322967
user,1578,-0.176341295
user,1579,-0.0899021626
user,1580,0.18020016
user,1581,0.114927664
user,1582,0.0060692858
user,1583,-0.133563355
user,1584,-0.00915489346
user,1585,0.147155568
user,1586,0.175490618
user,1587,-0.146178156
user,1588,0.0316175893
user,1589,-0.0397903174
user,1590,-0.17179358
user,1591,0.125487849
user,1592,0.144122705
user,1593,0.300523788
user,1594,0.0212519057
user,1595,0.114625767
user,1596,0.137244761
user,1597,0.289035171
user,1598,0.0770399943
user,1599,0.271205932
user,1600,0.187529907
user,1601,0.00771389902
user,1602,0.139155641
user,1603,0.251005113
user,1604,-0.0851388425
user,1605,0.148711845
user,1606,0.0430813357
user,1607,0.110553823
user,1608,-0.122927539
user,1609,0.149861798
user,1610,0.0124907922
user,1611,0.0587451681
user,1612,0.0413545072
user,1613,-0.218185663
user,1614,0.190719217
user,1615,-0.112361521
user,1616,0.0102692395
user,1617,0.0351036564
user,1618,-0.0670177117
user,1619,0.215257809
user,1620,-0.218534887
user,1621,-0.0362875387
user,1622,-0.106517553
user,1623,-0.151457429
user,1624,0.118329272
user,1625,-0.202274352
user,1626,-0.0487812646
user,1627,-0.0185382217
user,1628,0.0889959186
user,1629,0.0996460766
user,1630,0.0873901695
user,1631,0.139962181
user,1632,0.129448473
user,1633,-0.158978447
user,1634,0.0196705833
user,1635,-0.041210629
user,1636,0.0428045467
user,1637,0.0163200907
user,1638,0.0326155946
user,1639,-0.0861929357
user,1640,0.0657295585
user,1641,0.154011965
user,1642,-0.18996416
user,1643,-0.047712367
user,1644,0.085830301
user,1645,0.0335466005
user,1646,0.0353252254
user,1647,0.274458945
user,1648,0.0913082063
user,1649,0.0372926332
user,1650,0.0458507165
user,1651,0.124681622
user,1652,0.063635543
user,1653,0.0374238193
user,1654,-0.0618329495
user,1655,-0.0605813302
user,1656,-0.130035371
user,1657,-0.0859407336
user,1658,-0.0287431814
user,1659,-0.00207405817
user,1660,-0.0232894942
user,1661,-0.0337156206
user,1662,0.0351804271
user,1663,-0.0118065756
user,1664,0.10853979
user,1665,0.0278079342
user,1666,0.0936976001
user,1667,-0.0144189168
user,1668,0.0190386213
user,1669,-0.00275022537
user,1670,-0.0716357008
user,1671,-0.145219445
user,1672,-0.224039048
user,1673,0.00554132368
user,1674,0.0395706221
user,1675,0.125353068
user,1676,-0.0766173527
user,1677,0.0848367065
user,1678,0.0046530515
user,1679,-0.145906851
user,1680,-0.175543159
user,1681,-0.0824765563
user,1682,0.107182622
user,1683,0.023537986
user,1684,-0.00617937744
user,1685,-0.0242195278
user,1686,0.118429855
user,1687,0.0630979538
user,1688,0.0674845278
user,1689,-0.0607235432
user,1690,0.000201486051
user,1691,0.0182575248
user,1692,0.0630786121
user,1693,-0.11760474
user,1694,0.116299413
user,1695,0.0494472757
user,1696,0.0459653288
user,1697,0.0492032096
user,1698,-0.122677267
user,1699,-0.129555076
user,1700,-0.244856387
user,1701,0.220790744
user,1702,0.120700784
user,1703,-0.059561111
user,1704,0.0544951633
user,1705,-0.0882502049
user,1706,0.00241835881
user,1707,-0.22499533
user,1708,0.017576253
user,1709,-0.065488629
user,1710,-0.0592451692
user,1711,0.0629983619
user,1712,-0.2218972
user,1713,-0.068064481
user,1714,-0.0261136368
user,1715,0.0353569239
user,1716,-0.19771947
user,1717,-0.0333247259
user,1718,-0.0469191372
user,1719,0.241169661
user,1720,-0.203083292
user,1721,0.0516601428
user,1722,0.0636394694
user,1723,0.192165673
user,1724,0.0422469527
user,1725,0.0295844227
user,1726,0.177474901
user,1727,-0.0335428827
user,1728,0.0230438523
user,1729,-0.0177605227
user,1730,-0.0127471797
user,1731,0.120235354
user,1732,0.00383255072
user,1733,0.299679071
user,1734,-0.140807629
user,1735,0.0790859461
user,1736,0.138239354
user,1737,-0.093692854
user,1738,-0.109829247
user,1739,0.256973952
user,1740,-0.0303613041
user,1741,0.127940148
user,1742,-0.0521227419
user,1743,0.0988398343
user,1744,0.00628862903
user,1745,-0.314689517
user,1746,0.0679641366
user,1747,-0.0323683172
user,1748,0.169260189
user,1749,-0.0338242054
user,1750,-0.0429093689
user,1751,-0.164609522
user,1752,0.0797443837
user,1753,0.148129836
user,1754,-0.0443351008
user,1755,-0.0671267807
user,1756,-0.199873626
user,1757,-0.0461385772
user,1758,-0.0966423303
user,1759,-0.1618599
user,1760,0.196002573
user,1761,0.0196521953
user,1762,-0.131218195
user,1763,0.0707604662
user,1764,-0.0329142287
user,1765,0.233571351
user,1766,-0.0253910646
user,1767,0.124085039
user,1768,0.0283043422
user,1769,-0.00721851736
user,1770,0.0500087664
user,1771,-0.266982734
user,1772,0.013576718
user,1773,-0.210172415
user,1774,0.074919261
user,1775,-0.0250341222
user,1776,-0.104242623
user,1777,-0.0740931928
user,1778,-0.213904187
user,1779,0.154319137
user,1780,-0.0805354714
user,1781,0.0460641086
user,1782,-0.21111773
user,1783,0.08257851
user,1784,0.0178688131
user,1785,0.155110016
user,1786,-0.0879613906
user,1787,0.0938404575
user,1788,-0.0720904768
user,1789,-0.0227683112
user,1790,-0.0622121654
user,1791,-0.055731073
user,1792,0.0874752924
user,1793,0.0465303399
user,1794,-0.182309747
user,1795,-0.019865483
user,1796,0.0102456287
user,1797,-0.0606644824
user,1798,-0.00596392155
user,1799,0.208597615
user,1800,0.141999453
user,1801,-0.0474748984
user,1802,-0.152752176
user,1803,-0.00528633595
user,1804,-0.0408671759
user,1805,0.130751044
user,1806,0.159353584
user,1807,-0.178307191
user,1808,-0.211785853
user,1809,-0.0587034486
user,1810,0.103692263
user,1811,0.119149126
user,1812,0.058384005
user,1813,-0.0810531005
user,1814,-0.173785076
user,1815,-0.245073915
user,1816,-0.187862486
user,1817,0.0438978374
user,1818,0.102326125
user,1819,-0.190186366
user,1820,0.0459308326
user,1821,0.0146942697
user,1822,-0.146029726
user,1823,-0.157932624
user,1824,-0.124690242
user,1825,-0.0188256521
user,1826,-0.091375269
user,1827,-0.115548521
user,1828,0.0187505707
user,1829,-0.242228419
user,1830,-0.0222272053
user,1831,-0.0612244196
user,1832,0.00853477698
user,1833,-0.00451124413
user,1834,-0.0566883571
user,1835,-0.128956094
user,1836,0.134126186
user,1837,-0.0175941382
user,1838,0.106094033
user,1839,-0.0444889516
user,1840,0.140057623
user,1841,-0.11162746
user,1842,-0.176648229
user,1843,-0.00993670151
user,1844,0.115757279
user,1845,0.0414583907
user,1846,-0.101005808
user,1847,-0.0408338755
user,1848,0.0807638094
user,1849,0.160553724
user,1850,-0.144961372
user,1851,-0.0379250087
user,1852,0.123547263
user,1853,0.0918998122
user,1854,-0.000893978635
user,1855,-0.0374757275
user,1856,0.0910110697
user,1857,0.0394730903
user,1858,0.0301709734
user,1859,-0.0258685369
user,1860,-0.28135559
user,1861,0.0795186237
user,1862,-0.104451567
user,1863,-0.0626872852
user,1864,-0.0108220559
user,1865,-0.140139654
user,1866,0.0520303324
user,1867,0.107176162
user,1868,-0.134689495
user,1869,-0.0564054139
user,1870,-0.00339384563
user,1871,0.0562740974
user,1872,-0.16662249
user,1873,0.0913303792
user,1874,0.041174721
user,1875,0.10725949
user,1876,0.0648728833
user,1877,0.171113193
user,1878,-0.132785127
user,1879,0.0297828093
user,1880,-0.0305269733
user,1881,0.197254941
user,1882,-0.00618646806
user,1883,0.173734576
user,1884,-0.204551786
user,1885,-0.0527126864
user,1886,-0.0406760946
user,1887,-0.106944382
user,1888,-0.0808957666
user,1889,0.101675823
user,1890,-0.0868875086
user,1891,0.162146837
user,1892,-0.0915950388
user,1893,0.223481208
user,1894,-0.290703475
user,1895,0.00820012391
user,1896,-0.101670079
user,1897,-0.152654171
user,1898,-0.186062276
user,1899,0.145173505
user,1900,0.080895409
user,1901,0.0198736489
user,1902,-0.177204117
user,1903,0.127894998
user,1904,0.14153333
user,1905,-0.129597932
user,1906,-0.0956782326
user,1907,0.0617960617
user,1908,0.0686650872
user,1909,-0.0876837
user,1910,-0.176778033
user,1911,-0.131491467
user,1912,0.046325244
user,1913,-0.115638673
user,1914,0.023966644
user,1915,0.0799295157
user,1916,0.0733632147
user,1917,0.00215766206
user,1918,-0.0175821036
user,1919,0.196726918
user,1920,-0.0867108479
user,1921,-0.236900389
user,1922,0.0336765945
user,1923,0.0125515014
user,1924,-0.0898764729
user,1925,-0.0689193904
user,1926,-0.095523499
user,1927,0.194618195
user,1928,0.176135197
user,1929,-0.151501328
user,1930,0.292125106
user,1931,0.182499975
user,1932,-0.139555007
user,1933,-0.0468896739
user,1934,-0.234334797
user,1935,0.0675932467
user,1936,0.061094176
user,1937,-0.296078473
user,1938,0.027259253
user,1939,-0.0374109745
user,1940,0.000298894942
user,1941,0.0271427147
user,1942,-0.27630198
user,1943,-0.0605394989
user,1944,0.0196298622
user,1945,0.123048887
user,1946,-0.136996582
user,1947,0.0279766023
user,1948,0.134244457
user,1949,-0.323524863
user,1950,-0.0428991467
user,1951,0.112702265
user,1952,0.0314843133
user,1953,0.100208014
user,1954,-0.0549014062
user,1955,0.0830132663
user,1956,-0.0218917802
user,1957,0.110915601
user,1958,-0.0161990039
user,1959,-0.141219109
user,1960,-0.126337007
user,1961,-0.152627915
user,1962,0.0446029939
user,1963,7.07730651e-05
user,1964,-0.117309071
user,1965,-0.0845245868
user,1966,0.0699903667
user,1967,-0.0999728292
user,1968,0.0268293656
user,1969,0.0543765873
user,1970,-0.0197811201
user,1971,0.0808746666
user,1972,-0.065795958
user,1973,0.0703422427
user,1974,0.0523821861
user,1975,-0.0361243784
user,1976,-0.0196518749
user,1977,0.102258049
user,1978,0.0268805828
user,1979,-0.0135593861
user,1980,-0.101255715
user,1981,-0.134932131
user,1982,0.0123379827
user,1983,0.0595369786
user,1984,0.113157719
user,1985,0.015775118
user,1986,0.0511391163
user,1987,0.000218458474
user,1988,-0.0863898769
user,1989,0.220974907
user,1990,0.0915123522
user,1991,0.128944308
user,1992,-0.00990740955
user,1993,-0.0240836777
user,1994,0.129182756
user,1995,0.0606768951
user,1996,0.0345874578
user,1997,-0.00734041911
user,1998,0.0711333007
user,1999,-0.0471880585
user,2000,0.14856416
user,2001,0.0116049126
user,2002,-0.0530796722
user,2003,-0.180229902
user,2004,-0.00366663933
user,2005,-0.176611602
user,2006,0.0990420058
user,2007,-0.163205862
user,2008,-0.129251763
user,2009,-0.149766892
user,2010,-0.0878969878
user,2011,-0.170167491
user,2012,-0.0354194269
user,2013,0.017751053
user,2014,-0.156515375
user,2015,-0.106961414
user,2016,-0.158277735
user,2017,-0.0667565912
user,2018,-0.00256512314
user,2019,0.00874855369
user,2020,-0.108687162
user,2021,0.0169090517
user,2022,-0.134103462
user,2023,0.0698591322
user,2024,-0.0187348463
user,2025,-0.0816280022
user,2026,0.0195869859
user,2027,-0.0869750455
user,2028,0.159885973
user,2029,-0.0215468407
user,2030,0.217585653
user,2031,0.0983561426
user,2032,0.00408989191
user,2033,0.107238173
user,2034,-0.0177396983
user,2035,-0.0109286038
user,2036,-0.213079825
user,2037,-0.0747079104
user,2038,-0.0853640884
user,2039,-0.0235983822
user,2040,-0.336479485
user,2041,0.0829347968
user,2042,-0.141058132
user,2043,0.164504901
user,2044,-0.29222858
user,2045,-0.133541644
user,2046,-0.0558822788
user,2047,-0.0477949455
user,2048,-0.217922136
user,2049,-0.208974749
user,2050,0.00997143798
user,2051,0.151896358
user,2052,-0.0892776102
user,2053,-0.22762844
user,2054,-0.0185083151
user,2055,-0.175318494
user,2056,-0.0220663827
user,2057,-0.0666621178
user,2058,0.0210614428
user,2059,-0.114756458
user,2060,-0.0647099242
user,2061,-0.0499613658
user,2062,-0.0687678903
user,2063,-0.0798463672
user,2064,-0.00797138736
user,2065,-0.0541671365
user,2066,0.0354176089
user,2067,-0.0830828547
user,2068,-0.103642434
user,2069,-0.0639072061
user,2070,-0.183036476
user,2071,-0.0343365297
user,2072,0.152946472
user,2073,-0.146227434
user,2074,0.0217016935
user,2075,-0.200545862
user,2076,0.183956832
user,2077,0.0232427008
user,2078,-0.177079543
user,2079,0.0812271014
user,2080,-0.0291062929
user,2081,0.0085614007
user,2082,-0.0502055585
user,2083,0.0781979933
user,2084,-0.00127832033
user,2085,0.0115695391
user,2086,0.132455781
user,2087,0.0644632131
user,2088,-0.0420913547
user,2089,-0.160774812
user,2090,0.0629958361
user,2091,-0.0969490558
user,2092,-0.231618091
user,2093,0.0749973506
user,2094,0.00605132524
user,2095,-0.120588899
user,2096,-0.0505196936
user,2097,-0.0956732258
user,2098,0.0227889158
user,2099,0.157264113
user,2100,0.0424931869
user,2101,-0.371680796
user,2102,-0.204096332
user,2103,-0.115836293
user,2104,-0.0592417568
user,2105,-0.102578394
user,2106,-0.298666954
user,2107,-0.0379668847
user,2108,-0.102302656
user,2109,0.0293254685
user,2110,-0.134459987
user,2111,-0.0292089563
user,2112,-0.0249220748
user,2113,0.0598330311
user,2114,0.277309328
user,2115,0.132559046
user,2116,-0.0806324184
user,2117,0.011932943
user,2118,-0.00944598578
user,2119,0.0315761194
user,2120,-0.0951849371
user,2121,0.210980147
user,2122,0.210119203
user,2123,-0.0797008127
user,2124,-0.0423083231
user,2125,-0.126176342
user,2126,0.0331533737
user,2127,-0.00608067494
user,2128,0.0175488889
user,2129,0.108638272
user,2130,-0.0577834547
user,2131,-0.149363935
user,2132,-0.0609881319
user,2133,-0.280279398
user,2134,0.139228851
user,2135,-0.0849701762
user,2136,0.115176454
user,2137,-0.0522406101
user,2138,-0.122007228
user,2139,-0.171579167
user,2140,-0.198972791
user,2141,-0.169140592
user,2142,-0.23763527
user,2143,-0.213765487
user,2144,-0.200295091
user,2145,0.0112210736
user,2146,-0.10946165
user,2147,-0.0904865861
user,2148,0.0110843312
user,2149,-0.267470419
user,2150,-0.0794952437
user,2151,-0.259850204
user,2152,-0.210133702
user,2153,0.147684827
user,2154,-0.24899897
user,2155,0.00984172896
user,2156,-0.00635994505
user,2157,-0.250621319
user,2158,-0.0565881655
user,2159,-0.166702136
user,2160,0.0341619216
user,2161,0.0254259575
user,2162,0.0659348965
user,2163,0.100776426
user,2164,-0.104002237
user,2165,0.0937210172
user,2166,0.0276754759
user,2167,0.140723169
user,2168,-0.12925154
user,2169,0.0354091749
user,2170,-0.00232860819
user,2171,0.14974086
user,2172,0.077664271
user,2173,0.105531245
user,2174,0.0288023129
user,2175,-0.0399059542
user,2176,0.0756444633
user,2177,-0.078892
user,2178,-0.0898862183
user,2179,0.00719786249
user,2180,0.240402415
user,2181,-0.135717854
user,2182,0.104178593
user,2183,-0.169150352
user,2184,0.0804021358
user,2185,0.129310668
user,2186,0.306575119
user,2187,0.0323379487
user,2188,0.0273472294
user,2189,-0.337306798
user,2190,-0.229766175
user,2191,0.173513219
user,2192,0.182737038
user,2193,0.0515970886
user,2194,-0.132405192
user,2195,0.0647478998
user,2196,-0.114295147
user,2197,0.0982779711
user,2198,-0.0900124907
user,2199,0.130104691
user,2200,0.231310487
user,2201,0.191754058
user,2202,-0.00811575539
user,2203,-0.0260263868
user,2204,0.0795628577
user,2205,-0.0760377347
user,2206,-0.148316085
user,2207,-0.026699435
user,2208,-0.0713523775
user,2209,-0.15896827
user,2210,0.0547032543
user,2211,0.303674608
user,2212,-0.0340845957
user,2213,0.00259039178
user,2214,-0.15557614
user,2215,0.0470418409
user,2216,0.037589021
user,2217,0.0857820362
user,2218,-0.0756726563
user,2219,0.00841617491
user,2220,-0.0332862511
user,2221,0.115492046
user,2222,0.00371140055
user,2223,-0.0297117196
user,2224,-0.0337502733
user,2225,0.0798868239
user,2226,-0.0318553075
user,2227,0.0203406978
user,2228,0.00676529855
user,2229,0.130516633
user,2230,-0.0984804332
user,2231,-0.0562975518
user,2232,0.0793373659
user,2233,0.00775600597
user,2234,-0.0518925637
user,2235,-0.0654982775
user,2236,-0.0735780299
user,2237,-0.0623329468
user,2238,-0.0509375855
user,2239,0.108138599
user,2240,-0.00332305953
user,2241,-0.0575344115
user,2242,-0.217662513
user,2243,0.31589967
user,2244,-0.267683923
user,2245,-0.198056951
user,2246,-0.0392875895
user,2247,0.0540901497
user,2248,-0.0158658288
user,2249,-0.119301505
user,2250,0.0998724252
user,2251,0.0104820207
user,2252,0.0916964337
user,2253,-0.321404994
user,2254,-0.0655235276
user,2255,-0.166412801
user,2256,-0.164361805
user,2257,0.0832918957
user,2258,0.115986407
user,2259,0.00604575127
user,2260,-0.191429213
user,2261,-0.0633632988
user,2262,-0.045836743
user,2263,-0.0172210038
user,2264,0.235643074
user,2265,-0.0677291602
user,2266,0.299990982
user,2267,-0.206942558
user,2268,0.00835955888
user,2269,0.0295973476
user,2270,0.0522889867
user,2271,0.097595498
user,2272,-0.0980605632
user,2273,-0.0493352935
user,2274,-0.129062533
user,2275,-0.16940847
user,2276,0.0340791419
user,2277,0.191562206
user,2278,0.193730056
user,2279,0.0438699424
user,2280,0.135896951
user,2281,-0.0519043207
user,2282,-0.0147631876
user,2283,0.0335806943
user,2284,0.186371803
user,2285,-0.0339822024
user,2286,-0.0344990268
user,2287,0.0216479842
user,2288,-0.0240938067
user,2289,0.0771287531
user,2290,-0.0110070901
user,2291,0.103829294
user,2292,0.186839104
user,2293,0.0263808742
user,2294,-0.00691523403
user,2295,-0.100277334
user,2296,-0.13188228
user,2297,-0.171631694
user,2298,-0.0850543678
user,2299,0.112015799
user,2300,0.137595206
user,2301,-0.0601366833
user,2302,-0.12581332
user,2303,0.0588836968
user,2304,-0.0782141238
user,2305,0.116083875
user,2306,0.0237391926
user,2307,-0.0627464578
user,2308,0.198720634
user,2309,0.107781999
user,2310,0.128632396
user,2311,0.161659732
user,2312,-0.017890092
user,2313,0.141813248
user,2314,-0.0843345523
user,2315,-0.0471111052
user,2316,0.0732178688
user,2317,-0.211706549
user,2318,-0.128297478
user,2319,-0.138488576
user,2320,0.18133308
user,2321,0.0165437702
user,2322,0.142291278
user,2323,-0.0521324314
user,2324,0.188064471
user,2325,0.129381761
user,2326,0.0435542911
user,2327,0.00638047932
user,2328,0.171713009
user,2329,-0.190786391
user,2330,-0.0266767293
user,2331,0.0719145164
user,2332,-0.049041003
user,2333,0.0702051371
user,2334,0.131337047
user,2335,0.0838000625
user,2336,-0.0408003032
user,2337,0.0461051501
user,2338,-0.0162198152
user,2339,-0.0620885491
user,2340,-0.075861305
user,2341,-0.00654518232
user,2342,0.246540308
user,2343,-0.0630614758
user,2344,0.182042658
user,2345,0.0535542257
user,2346,0.102854505
user,2347,0.0198444352
user,2348,0.0389051177
user,2349,0.0188977849
user,2350,-0.0725489035
user,2351,-0.0453259833
user,2352,-0.0906806514
user,2353,-0.0197733864
user,2354,-0.02165154
user,2355,-0.0616317093
user,2356,-0.0647829622
user,2357,-0.0726420581
user,2358,0.322610617
user,2359,0.0713707581
user,2360,-0.0590090081
user,2361,-0.195673898
user,2362,0.167980671
user,2363,0.0154273435
user,2364,0.105231732
user,2365,-0.265018761
user,2366,-0.211164057
user,2367,-0.328140348
user,2368,-0.283807188
user,2369,-0.241851762
user,2370,-0.00294788973
user,2371,0.0987791121
user,2372,0.175070614
user,2373,0.00590912905
user,2374,-0.244906157
user,2375,-0.0323472582
user,2376,-0.0578630716
user,2377,0.332156658
user,2378,0.0684549883
user,2379,-0.0507701114
user,2380,0.0928876847
user,2381,0.0613758564
user,2382,-0.105014883
user,2383,0.0376208723
user,2384,-0.061295446
user,2385,-0.166505322
user,2386,0.0462512597
user,2387,0.075074926
user,2388,-0.0149104111
user,2389,0.128921688
user,2390,-0.133685291
user,2391,-0.115654856
user,2392,-0.0455897413
user,2393,-0.0697043911
user,2394,0.18551445
user,2395,0.179042801
user,2396,0.0794708729
user,2397,-0.017253466
user,2398,-0.151795805
user,2399,-0.006923154
user,2400,-0.123821393
user,2401,-0.182625934
user,2402,0.0362720191
user,2403,0.0366133787
user,2404,-0.148967415
user,2405,-0.122786179
user,2406,0.0521153882
user,2407,0.0895074606
user,2408,0.0161272585
user,2409,-0.195661858
user,2410,-0.0242656637
user,2411,-0.2334169
user,2412,0.139423698
user,2413,0.194477782
user,2414,-0.0511820838
user,2415,0.0352810659
user,2416,0.0983074084
user,2417,0.0723351613
user,2418,-0.0419204012
user,2419,0.074812904
user,2420,0.0284125321
user,2421,-0.123024195
user,2422,0.0938491374
user,2423,0.159391865
user,2424,0.192188501
user,2425,-0.0292743333
user,2426,-0.125008732
user,2427,-0.004560709
user,2428,0.134528056
user,2429,-0.11324776
user,2430,0.00582454726
user,2431,0.0381009839
user,2432,0.0484891981
user,2433,0.0526290387
user,2434,0.0859120861
user,2435,-0.113712713
user,2436,-0.0793585777
user,2437,0.0766388476
user,2438,-0.0555605069
user,2439,-0.138074964
user,2440,-0.138747394
user,2441,-0.190675959
user,2442,0.155964285
user,2443,0.00494316407
user,2444,0.0673419312
user,2445,0.195936128
user,2446,0.0151199177
user,2447,0.0609030984
user,2448,-0.0760653242
user,2449,0.0209390521
user,2450,0.103277385
user,2451,-0.116363421
user,2452,0.0488527678
user,2453,0.118292831
user,2454,-0.0223455355
user,2455,0.0378617197
user,2456,-0.00731665269
user,2457,-0.0714838579
user,2458,-0.127701372
user,2459,-0.0863838494
user,2460,-0.227582365
user,2461,-0.331339926
user,2462,-0.182882696
user,2463,-0.00627212599
user,2464,0.121936642
user,2465,-0.113397583
user,2466,-0.0666334778
user,2467,0.0495716035
user,2468,0.0552327894
user,2469,0.0719120055
user,2470,0.0486560687
user,2471,0.0956913829
user,2472,-0.000492751598
user,2473,-0.182666004
user,2474,0.0607604757
user,2475,-0.0333330035
user,2476,0.160958111
user,2477,0.0637640059
user,2478,0.231971025
user,2479,0.0329548828
user,2480,-0.039131809
user,2481,-0.214392737
user,2482,-0.318531543
user,2483,0.103350222
user,2484,0.183144569
user,2485,0.0383138806
user,2486,0.00316921622
user,2487,0.0200661067
user,2488,-0.0969305187
user,2489,-0.019117631
user,2490,-0.100329131
user,2491,-0.0708010942
user,2492,0.042776648
user,2493,-0.0106502036
user,2494,0.11891374
user,2495,0.0980542228
user,2496,0.0206686724
user,2497,0.125414029
user,2498,-0.0312678069
user,2499,-0.00782211125
user,2500,0.0686885938
user,2501,-0.0972562954
user,2502,-0.115856826
user,2503,0.183508188
user,2504,-0.0607724823
user,2505,0.156330988
user,2506,0.0333657637
user,2507,0.00988343731
user,2508,0.135753706
user,2509,-0.0831622481
user,2510,-0.03719436
user,2511,-0.067993328
user,2512,0.026159972
user,2513,0.0111084823
user,2514,0.0897689909
user,2515,-0.013887614
user,2516,0.0109737869
user,2517,0.226437926
user,2518,0.0984756574
user,2519,0.0350348651
user,2520,0.0598226972
user,2521,-0.130300283
user,2522,0.155200213
user,2523,-0.0903266221
user,2524,0.182195663
user,2525,-0.0366696641
user,2526,0.289604783
user,2527,-0.111203514
user,2528,0.0254414342
user,2529,0.116023585
user,2530,0.116850123
user,2531,0.112743691
user,2532,-0.0756675676
user,2533,0.170934588
user,2534,0.0825465247
user,2535,0.0332254954
user,2536,0.218397826
user,2537,-0.0197804496
user,2538,-0.0784531832
user,2539,0.122746125
user,2540,-0.147966087
user,2541,0.0508029237
user,2542,-0.0761957094
user,2543,0.0106985234
user,2544,0.00556357205
user,2545,-0.0258629229
user,2546,0.123577043
user,2547,0.152851045
user,2548,0.112032086
user,2549,0.038889721
user,2550,0.0209048539
user,2551,0.228031069
user,2552,-0.130889088
user,2553,-0.0465547442
user,2554,-0.136633605
user,2555,-0.210662827
user,2556,-0.0371785611
user,2557,-0.156674728
user,2558,-0.153221875
user,2559,0.213091254
user,2560,0.0279915091
user,2561,-0.0667170584
user,2562,0.0737081468
user,2563,-0.161786944
user,2564,0.103697263
user,2565,0.44527927
user,2566,-0.0767926425
user,2567,-0.0721458495
user,2568,-0.128002018
user,2569,-0.0282921176
user,2570,-0.0193008631
user,2571,-0.0133176465
user,2572,0.118331671
user,2573,-0.0727335513
user,2574,-0.10638608
user,2575,-0.0507891886
user,2576,-0.0657234788
user,2577,-0.193611488
user,2578,0.210361421
user,2579,0.0087026488
user,2580,0.164539099
user,2581,0.0576167181
user,2582,0.0601141825
user,2583,-0.261200875
user,2584,-0.0833377689
user,2585,-0.0452320725
user,2586,0.0603269339
user,2587,0.180490091
user,2588,0.128450349
user,2589,-0.0707645565
user,2590,-0.0165095609
user,2591,-0.179892242
user,2592,-0.00581386127
user,2593,0.090107806
user,2594,-0.127121568
user,2595,-0.027877856
user,2596,-0.130381376
user,2597,-0.0232665706
user,2598,-0.0393420756
user,2599,0.083926715
user,2600,-0.14527902
user,2601,0.0924249664
user,2602,0.0307884887
user,2603,-0.223648787
user,2604,-0.0540560521
user,2605,-0.130328327
user,2606,-0.0233360939
user,2607,0.0619682521
user,2608,-0.152726233
user,2609,0.156073362
user,2610,0.0486097895
user,2611,0.191010579
user,2612,-0.0507733785
user,2613,-0.123107389
user,2614,0.19457604
user,2615,0.0730183423
user,2616,-0.0379690863
user,2617,0.0119919274
user,2618,-0.180891842
user,2619,0.0148950778
user,2620,-0.14755547
user,2621,-0.0250517949
user,2622,-0.020987317
user,2623,0.27199921
user,2624,-0.0279938281
user,2625,0.267115802
user,2626,-0.0854949728
user,2627,-0.105743684
user,2628,-0.327069879
user,2629,-0.00230892003
user,2630,-0.0537348911
user,2631,0.0688997358
user,2632,-0.112367496
user,2633,-0.152942151
user,2634,-0.0447904132
user,2635,0.160667747
user,2636,0.116266891
user,2637,0.105289154
user,2638,0.143362865
user,2639,-0.0629074574
user,2640,-0.0218250267
user,2641,-0.146121547
user,2642,0.138954312
user,2643,-0.0162570886
user,2644,-0.0645022616
user,2645,-0.0987272784
user,2646,0.0777992904
user,2647,0.0172053128
user,2648,0.073340036
user,2649,0.00322470837
user,2650,0.0011053849
user,2651,0.0334931239
user,2652,0.102393091
user,2653,0.274896234
user,2654,0.0810379386
user,2655,0.113030419
user,2656,0.168024272
user,2657,0.123736553
user,2658,0.0821506381
user,2659,-0.238666341
user,2660,0.0308810472
user,2661,-0.096200265
user,2662,0.352151453
user,2663,0.0844226629
user,2664,-0.209624439
user,2665,0.112248376
user,2666,-0.143778637
user,2667,-0.0695462972
user,2668,0.0754205287
user,2669,0.0119616017
user,2670,-0.0668654069
user,2671,0.023761224
user,2672,-0.153351247
user,2673,-0.0874136686
user,2674,0.124913305
user,2675,0.0717967898
user,2676,0.122284241
user,2677,-0.0215299539
user,2678,0.16165702
user,2679,-0.119285896
user,2680,-0.204021215
user,2681,-0.161577955
user,2682,-0.11878413
user,2683,-0.182050169
user,2684,-0.0658925846
user,2685,0.13724035
user,2686,-0.052693788
user,2687,0.0278621353
user,2688,-0.0264069084
user,2689,-0.319020569
user,2690,0.0669440106
user,2691,-0.0092187319
user,2692,-0.123367682
user,2693,-0.0423497334
user,2694,-0.266913831
user,2695,-0.215385482
user,2696,0.12855199
user,2697,-0.0414073616
user,2698,-0.184114709
user,2699,-0.00857830048
user,2700,-0.164694309
user,2701,-0.0036154734
user,2702,-0.193538219
user,2703,-0.0856267139
user,2704,0.0676971003
user,2705,-0.0907659233
user,2706,0.291307747
user,2707,0.20525372
user,2708,0.061206691
user,2709,0.263002932
user,2710,0.13301757
user,2711,0.065016076
user,2712,-0.139514029
user,2713,-0.0285974387
user,2714,-0.0113767982
user,2715,-0.15461266
user,2716,0.196186677
user,2717,-0.282772571
user,2718,0.0201635212
user,2719,0.0234209448
user,2720,0.134536386
user,2721,0.0799001157
user,2722,0.025194943
user,2723,0.0303893462
user,2724,0.020111816
user,2725,0.198646143
user,2726,0.0965768397
user,2727,0.0610707253
user,2728,-0.108040512
user,2729,-0.0704553872
user,2730,0.0062236879
user,2731,-0.220976263
user,2732,0.0307441428
user,2733,0.3709957
user,2734,-0.237087846
user,2735,2.13142484e-05
user,2736,0.12390478
user,2737,0.217185244
user,2738,0.0873071849
user,2739,0.0645429567
user,2740,0.0207106862
user,2741,-0.105793625
user,2742,-0.00508060306
user,2743,0.145171598
user,2744,-0.0963376984
user,2745,0.0401841998
user,2746,0.0507238768
user,2747,-0.0234229397
user,2748,0.180340871
user,2749,0.0722444803
user,2750,-0.00704270042
user,2751,0.046660617
user,2752,0.00362447649
user,2753,0.268223524
user,2754,0.364484668
user,2755,-0.0865934044
user,2756,-0.145852834
user,2757,-0.0362779945
user,2758,0.0500325151
user,2759,0.0586740375
user,2760,0.0306407772
user,2761,-0.107325964
user,2762,-0.1963671
user,2763,0.136875674
user,2764,-0.0338153206
user,2765,0.0422177874
user,2766,-0.0338518023
user,2767,0.0823871642
user,2768,0.0686688721
user,2769,0.193967268
user,2770,0.130744115
user,2771,0.113468334
user,2772,0.127940238
user,2773,0.0319783166
user,2774,0.0977150053
user,2775,0.237054691
user,2776,-0.0387603492
user,2777,-0.104700603
user,2778,0.0446527526
user,2779,-0.114249632
user,2780,-0.174146563
user,2781,0.0124580227
user,2782,0.0320721343
user,2783,0.199243277
user,2784,-0.0908664837
user,2785,-0.20071879
user,2786,0.0639202446
user,2787,0.0525068156
user,2788,0.127823994
user,2789,0.0188221
user,2790,-0.102474876
user,2791,-0.0271747485
user,2792,-0.0955717266
user,2793,-0.109909311
user,2794,-0.0913656652
user,2795,-0.00784298778
user,2796,-0.0935050622
user,2797,0.069473885
user,2798,-0.0447600633
user,2799,0.137098417
user,2800,-0.138325199
user,2801,0.0774011016
user,2802,-0.0183066726
user,2803,-0.142345577
user,2804,0.0582575463
user,2805,0.216879353
user,2806,-0.00304797292
user,2807,0.0547119007
user,2808,-0.0974352956
user,2809,-0.104047135
user,2810,-0.0650736615
user,2811,0.138801739
user,2812,-0.13649033
user,2813,-0.128796607
user,2814,0.114351794
user,2815,0.0288473666
user,2816,0.045219589
user,2817,-0.203597397
user,2818,-0.0381505154
user,2819,-0.109675169
user,2820,0.156032518
user,2821,0.100598894
user,2822,-0.0218135957
user,2823,-0.048982542
user,2824,-0.0928278714
user,2825,0.178390175
user,2826,-0.038930364
user,2827,0.237214893
user,2828,-0.0759394988
user,2829,-0.108592242
user,2830,-0.0980191305
user,2831,-0.120083503
user,2832,0.0335600637
user,2833,-0.185673773
user,2834,-0.126707137
user,2835,0.023240272
user,2836,-0.0853212029
user,2837,-0.0245507099
user,2838,0.0185029656
user,2839,-0.0286008082
user,2840,-0.0195768885
user,2841,-0.197233215
user,2842,-0.0658588186
user,2843,-0.110622354
user,2844,-0.0896233916
user,2845,0.0496239327
user,2846,-0.019292891
user,2847,-0.0060394723
user,2848,-0.00630962942
user,2849,0.0942510664
user,2850,0.0688352138
user,2851,-0.0137424357
user,2852,-0.118419364
user,2853,-0.0783710778
user,2854,-0.0208472647
user,2855,-0.282248408
user,2856,-0.0534753837
user,2857,-0.239260554
user,2858,0.0190449115
user,2859,-0.0963516608
user,2860,-0.244197369
user,2861,-0.00644902699
user,2862,-0.150772214
user,2863,-0.174439847
user,2864,-0.0929952562
user,2865,-0.119038358
user,2866,-0.113442756
user,2867,0.0513925813
user,2868,0.0395637006
user,2869,-0.072863698
user,2870,-0.172062963
user,2871,-0.144079447
user,2872,0.130136237
user,2873,0.00377001613
user,2874,-0.127504379
user,2875,0.0930154324
user,2876,0.0764149502
user,2877,-0.110789374
user,2878,0.0101932287
user,2879,-0.0702525973
user,2880,-0.100813121
user,2881,-0.120847456
user,2882,-0.385880142
user,2883,0.181576088
user,2884,-0.160324186
user,2885,-0.156048626
user,2886,-0.292061031
user,2887,0.0213231072
user,2888,-0.154999003
user,2889,-0.207523733
user,2890,-0.0923319831
user,2891,0.0846647918
user,2892,-0.269191056
user,2893,0.126980543
user,2894,-0.187453002
user,2895,-0.155537099
user,2896,0.0376018547
user,2897,0.0442514904
user,2898,0.0937829316
user,2899,0.0064783413
user,2900,-0.0932464525
user,2901,-0.0365695804
user,2902,-0.154645234
user,2903,-0.0298204497
user,2904,0.0988639072
user,2905,-0.0964982957
user,2906,0.0112952553
user,2907,-0.0209559277
user,2908,0.166791633
user,2909,-0.123130187
user,2910,-0.154139698
user,2911,0.0239864811
user,2912,0.0617579892
user,2913,0.0607375987
user,2914,-0.0481904894
user,2915,-0.299762517
user,2916,0.207410932
user,2917,-0.0421960391
user,2918,-0.0270034075
user,2919,0.0645646229
user,2920,0.137827098
user,2921,-0.19178611
user,2922,-0.0388157815
user,2923,-0.0756860673
user,2924,-0.0856897384
user,2925,-0.0235346556
user,2926,-0.0788941234
user,2927,-0.272536457
user,2928,0.0333886892
user,2929,0.0785423666
user,2930,-0.148153067
user,2931,-0.196518093
user,2932,-0.173755631
user,2933,-0.0542573631
user,2934,0.00787496939
user,2935,0.103495739
user,2936,0.137672544
user,2937,0.0225047302
user,2938,0.00455793086
user,2939,-0.0181402899
user,2940,0.123211883
user,2941,-0.0088583231
user,2942,-0.0602742024
user,2943,0.0672509819
user,2944,0.112078428
user,2945,0.0555703454
user,2946,-0.127252132
user,2947,0.0211246759
user,2948,-0.0132607138
user,2949,0.0171365775
user,2950,-0.0104664471
user,2951,0.0931267142
user,2952,-0.260884762
user,2953,-0.102816209
user,2954,-0.118421212
user,2955,0.0569732413
user,2956,0.400914371
user,2957,-0.064233005
user,2958,0.0749486089
user,2959,0.0960826427
user,2960,0.146040395
user,2961,-0.00376088917
user,2962,-0.0292883031
user,2963,0.0406276211
user,2964,-0.15301846
user,2965,0.00663961284
user,2966,0.0156847015
user,2967,-0.101879627
user,2968,0.182657272
user,2969,0.184962213
user,2970,0.00458333269
user,2971,0.153503478
user,2972,0.049316559
user,2973,0.169014394
user,2974,0.365391225
user,2975,0.0621506721
user,2976,0.206079081
user,2977,0.132638842
user,2978,0.0258040708
user,2979,0.0873431116
user,2980,0.238255262
user,2981,-0.149976224
user,2982,0.252043426
user,2983,0.123402998
user,2984,0.0880169719
user,2985,0.0226811133
user,2986,0.358097553
user,2987,0.120518588
user,2988,-0.119512841
user,2989,-0.0272293296
user,2990,-0.1032684
user,2991,0.0291849487
user,2992,-0.167122304
user,2993,0.015859738
user,2994,-0.103671581
user,2995,-0.121646792
user,2996,-0.0250627287
user,2997,0.00337676704
user,2998,0.141863421
user,2999,0.0483893566
user,3000,-0.0267907679
user,3001,-0.115239345
user,3002,0.0383918621
user,3003,-0.0398696363
user,3004,-0.208832398
user,3005,-0.133090645
user,3006,0.121601969
user,3007,-0.00642988086
user,3008,0.0207186919
user,3009,0.15025717
user,3010,-0.208777428
user,3011,-0.0815920234
user,3012,-0.0203057751
user,3013,0.10428258
user,3014,-0.0262559503
user,3015,-0.0113978293
user,3016,0.108823299
user,3017,0.0695666
user,3018,-0.0104042515
user,3019,-0.238135099
user,3020,0.0367005616
user,3021,0.0135160461
user,3022,-0.075047791
user,3023,0.0637563467
user,3024,-0.0822307393
user,3025,-0.0330637507
user,3026,0.205635384
user,3027,0.180593997
user,3028,-0.165361464
user,3029,0.160476267
user,3030,-0.0824666917
user,3031,0.0381878391
user,3032,-0.0462262407
user,3033,0.127217263
user,3034,-0.0941063911
user,3035,-0.0330509469
user,3036,-0.028608311
user,3037,-0.0317087397
user,3038,-0.0556716174
user,3039,-0.0968138129
user,3040,-0.279923558
user,3041,-0.0692834929
user,3042,-0.0468008555
user,3043,0.0817836002
user,3044,-0.0503152907
user,3045,0.0519901663
user,3046,-0.0645595565
user,3047,-0.0222334173
user,3048,0.0602537841
user,3049,0.0320362411
user,3050,0.0689365417
user,3051,0.171346799
user,3052,0.00392291695
user,3053,-0.0163843445
user,3054,-0.0521804839
user,3055,0.0398054123
user,3056,0.10654857
user,3057,-0.0400607735
user,3058,-0.0891367048
user,3059,0.053510543
user,3060,0.102218255
user,3061,-0.00864973851
user,3062,0.197428226
user,3063,0.139359474
user,3064,0.0635322332
user,3065,0.101980589
user,3066,0.148237646
user,3067,-0.00489000138
user,3068,0.0613105372
user,3069,-0.00999992341
user,3070,0.052299466
user,3071,0.0739438012
user,3072,-0.0809412375
user,3073,-0.0879609957
user,3074,-0.0831105933
user,3075,0.189558148
user,3076,0.0296421461
user,3077,0.0191132389
user,3078,0.186163485
user,3079,-0.122344792
user,3080,0.0166437961
user,3081,-0.05144573
user,3082,0.152962804
user,3083,-0.137946591
user,3084,-0.196116924
user,3085,-0.0966335237
user,3086,-0.123137951
user,3087,0.153311014
user,3088,0.264752805
user,3089,0.24927476
user,3090,0.187262461
user,3091,0.194784477
user,3092,-0.156303898
user,3093,-0.168519631
user,3094,0.0670646578
user,3095,-0.0339460932
user,3096,-0.142306253
user,3097,0.0741149783
user,3098,0.0781994313
user,3099,0.0414075367
user,3100,0.0709445924
user,3101,0.16450344
user,3102,-0.0487335846
user,3103,-0.163121626
user,3104,0.137600079
user,3105,0.167955056
user,3106,0.0948080644
user,3107,-0.113345839
user,3108,-0.228583336
user,3109,-0.133470833
user,3110,-0.0981486812
user,3111,0.108958051
user,3112,-0.234458357
user,3113,-0.0224681199
user,3114,-0.045448631
user,3115,0.00068898499
user,3116,0.13697733
user,3117,0.0506950095
user,3118,0.142754465
user,3119,-0.245786399
user,3120,0.0258645378
user,3121,0.0368642882
user,3122,-0.165041357
user,3123,0.137286901
user,3124,-0.05030917
user,3125,-0.00286847493
user,3126,-0.177100837
user,3127,0.0230524559
user,3128,-0.140932158
user,3129,-0.011950206
user,3130,-0.1309755
user,3131,-0.0700160712
user,3132,-0.086754635
user,3133,0.0204111077
user,3134,-0.0377923734
user,3135,0.053267885
user,3136,0.0643492937
user,3137,0.0808594897
user,3138,0.110020384
user,3139,0.0915568545
user,3140,0.207752347
user,3141,0.314068884
user,3142,-0.0925066024
user,3143,0.0560940951
user,3144,-0.0110695902
user,3145,-0.088201493
user,3146,-0.00267613679
user,3147,-0.00971570611
user,3148,-0.155776024
user,3149,-0.160664484
user,3150,0.175733402
user,3151,-0.243664116
user,3152,0.276912391
user,3153,0.00951992907
user,3154,-0.0207868349
user,3155,-0.141939655
user,3156,-0.107064508
user,3157,-0.18587549
user,3158,-0.0935120955
user,3159,-0.238159776
user,3160,-0.0175432153
user,3161,-0.103169523
user,3162,0.136513889
user,3163,-0.0746518001
user,3164,0.0834013894
user,3165,-0.0576652959
user,3166,-0.156094909
user,3167,0.187592864
user,3168,-0.150865018
user,3169,-0.0112788118
user,3170,-0.0600318164
user,3171,-0.152353287
user,3172,0.167344749
user,3173,-0.092644386
user,3174,0.201810092
user,3175,0.0332547799
user,3176,-0.0518562309
user,3177,0.0718733892
user,3178,0.265944064
user,3179,0.180736497
user,3180,-0.05168356
user,3181,-0.105597682
user,3182,-0.00415467843
user,3183,-0.0888654366
user,3184,-0.00617961399
user,3185,0.165106207
user,3186,-0.0368785635
user,3187,0.0977104232
user,3188,0.0890976265
user,3189,0.102584064
user,3190,0.039747607
user,3191,0.184759617
user,3192,0.0738281682
user,3193,-0.114002034
user,3194,0.117108777
user,3195,0.177849412
user,3196,-0.103811778
user,3197,0.139881238
user,3198,0.168887079
user,3199,-0.165057078
user,3200,0.128615916
user,3201,-0.00191385671
user,3202,0.126470745
user,3203,-0.114032723
user,3204,-0.0319852754
user,3205,0.0702208653
user,3206,-0.168995008
user,3207,-0.131857947
user,3208,-0.0538590811
user,3209,0.0123839751
user,3210,0.00721950084
user,3211,0.114837669
user,3212,0.0377581827
user,3213,0.138261586
user,3214,0.0496129394
user,3215,0.0558225177
user,3216,0.0823901147
user,3217,-0.108720765
user,3218,0.118718222
user,3219,0.0734378994
user,3220,-0.15711008
user,3221,-0.0322637409
user,3222,-0.0258169696
user,3223,-0.143927723
user,3224,-0.200017929
user,3225,0.121562779
user,3226,0.148766428
user,3227,0.0631217584
user,3228,-0.2003638
user,3229,0.129766405
user,3230,0.0765019208
user,3231,-0.116793893
user,3232,0.108106583
user,3233,-0.0487087406
user,3234,-0.0386460945
user,3235,-0.0239895303
user,3236,-0.204511642
user,3237,-0.0799502358
user,3238,-0.0303150639
user,3239,0.0199694447
user,3240,-0.0170238595
user,3241,-0.0676216185
user,3242,0.025239246
user,3243,-0.11538776
user,3244,0.0788344219
user,3245,0.00204099063
user,3246,0.170442671
user,3247,-0.024586739
user,3248,0.0731509477
user,3249,0.0374338999
user,3250,0.0383607671
user,3251,0.0532547608
user,3252,0.104287207
user,3253,-0.123812728
user,3254,0.223925218
user,3255,0.283447742
user,3256,-0.212489069
user,3257,-0.0490572117
user,3258,0.0115389042
user,3259,-0.11324729
user,3260,0.00299021765
user,3261,0.061725881
user,3262,0.130114362
user,3263,-0.0487496629
user,3264,-0.132265851
user,3265,0.0267285723
user,3266,-0.253899127
user,3267,-0.0208862275
user,3268,0.00146312639
user,3269,0.080459848
user,3270,-0.204249337
user,3271,-0.0733858645
user,3272,-0.200408638
user,3273,-0.147811711
user,3274,-0.22743848
user,3275,0.179636046
user,3276,0.235808343
user,3277,-0.0810493529
user,3278,0.0722607747
user,3279,0.0374535695
user,3280,0.158664405
user,3281,-0.0921260267
user,3282,-0.195433855
user,3283,-0.152343631
user,3284,-0.0502111278
user,3285,0.113317728
user,3286,0.0367653817
user,3287,-0.0391618423
user,3288,0.115001902
user,3289,0.077441074
user,3290,-0.00415217876
user,3291,-0.179090336
user,3292,-0.00226042047
user,3293,-0.109541386
user,3294,0.111716524
user,3295,0.0204598624
user,3296,-0.0343493447
user,3297,0.101810522
user,3298,-0.107027665
user,3299,0.00674094632
user,3300,-0.0199238993
user,3301,-0.0927717835
user,3302,0.142872214
user,3303,-0.0652230307
user,3304,-0.0482080057
user,3305,-0.114968829
user,3306,0.157566637
user,3307,-0.0749131143
user,3308,0.025199784
user,3309,-0.0129765868
user,3310,-0.128283918
user,3311,-0.12065576
user,3312,0.0884142816
user,3313,0.028594492
user,3314,0.186124146
user,3315,0.126921088
user,3316,0.11146713
user,3317,0.0145381317
user,3318,-0.00738804787
user,3319,0.140376717
user,3320,0.087522462
user,3321,-0.0537953712
user,3322,-0.0861164033
user,3323,-0.0168791413
user,3324,-0.0628097281
user,3325,0.0332655758
user,3326,0.308844835
user,3327,0.0586725138
user,3328,-0.0475627258
user,3329,-0.229055107
user,3330,-0.029810831
user,3331,-0.0177582912
user,3332,-0.0193773769
user,3333,0.00744650513
user,3334,-0.107537642
user,3335,-0.131655291
user,3336,-0.118084863
user,3337,0.0352899209
user,3338,0.00100349076
user,3339,-0.297832608
user,3340,-0.16932787
user,3341,0.0646759123
user,3342,-0.178849846
user,3343,0.0401144959
user,3344,0.162287384
user,3345,-0.0787717551
user,3346,-0.117527306
user,3347,0.0444839075
user,3348,-0.174536958
user,3349,0.013533935
user,3350,0.161165223
user,3351,-0.0515324138
user,3352,-0.149839103
user,3353,-0.159810364
user,3354,-0.137143254
user,3355,-0.0311671942
user,3356,0.146078169
user,3357,-0.0405500047
user,3358,0.111041442
user,3359,-0.100998387
user,3360,0.105664335
user,3361,-0.118858926
user,3362,-0.167091429
user,3363,-0.0840058625
user,3364,-0.231499612
user,3365,0.0545180142
user,3366,-0.19713372
user,3367,0.0920254886
user,3368,0.078694582
user,3369,0.124901183
user,3370,0.018148303
user,3371,-0.176396951
user,3372,-0.306090623
user,3373,-0.120714553
user,3374,-0.0855360627
user,3375,0.0406774618
user,3376,0.0815283582
user,3377,-0.105194487
user,3378,-0.0613194108
user,3379,-0.179970548
user,3380,-0.153073758
user,3381,-0.187141657
user,3382,-0.0478404425
user,3383,-0.0752869099
user,3384,0.0862907246
user,3385,-0.034800306
user,3386,-0.146307647
user,3387,0.153219074
user,3388,0.0357975215
user,3389,-0.121619701
user,3390,0.0333833098
user,3391,-0.396079183
user,3392,0.144369707
user,3393,0.08294826
user,3394,0.0356300399
user,3395,-0.0260157138
user,3396,-0.10608767
user,3397,0.230921671
user,3398,-0.127061695
user,3399,0.0635832399
user,3400,0.0205150247
user,3401,0.221189857
user,3402,0.266864002
user,3403,0.0396375097
user,3404,-0.103337213
user,3405,0.154906094
user,3406,-0.144984663
user,3407,0.0153755937
user,3408,0.0167225935
user,3409,0.0864587575
user,3410,-0.207352161
user,3411,0.0432740375
user,3412,0.213997722
user,3413,0.0482114553
user,3414,-0.0609270446
user,3415,0.115945578
user,3416,0.0175935179
user,3417,-0.204321995
user,3418,-0.0603234246
user,3419,-0.038155403
user,3420,0.167060986
user,3421,0.122562349
user,3422,0.0197992511
user,3423,-0.00315279141
user,3424,0.112206012
user,3425,-0.0787474141
user,3426,-0.100669824
user,3427,-0.253043264
user,3428,0.166511834
user,3429,-0.0354939811
user,3430,-0.0294932891
user,3431,-0.118169591
user,3432,-0.301440895
user,3433,0.0122629888
user,3434,-0.0390028842
user,3435,-0.0530056134
user,3436,0.0813694894
user,3437,-0.0270091109
user,3438,-0.214083031
user,3439,0.105359301
user,3440,-0.0405661017
user,3441,-0.016985774
user,3442,-0.153939173
user,3443,-0.149742126
user,3444,-0.109957129
user,3445,-0.104487546
user,3446,-0.108073846
user,3447,-0.0719788969
user,3448,0.112036631
user,3449,0.0334863737
user,3450,0.0611413456
user,3451,0.0684725493
user,3452,0.108544417
user,3453,-0.0703538954
user,3454,-0.0276267417
user,3455,-0.0515216775
user,3456,-0.017657049
user,3457,-0.00304707931
user,3458,0.102058709
user,3459,-0.0130203199
user,3460,-0.419186175
user,3461,0.0577553809
user,3462,-0.220851213
user,3463,-0.0734051764
user,3464,0.142249361
user,3465,0.071854949
user,3466,0.0482594445
user,3467,0.0222409666
user,3468,-0.0538371429
user,3469,0.126076788
user,3470,-0.0771926939
user,3471,-0.150283158
user,3472,-0.191668451
user,3473,-0.198433086
user,3474,-0.0641005263
user,3475,-0.0618677139
user,3476,-0.337318748
user,3477,-0.149258882
user,3478,-0.102960765
user,3479,-0.012632532
user,3480,-0.227963984
user,3481,0.0629754215
user,3482,-0.0700864494
user,3483,0.117048256
user,3484,-0.000910755247
user,3485,-0.209462807
user,3486,-0.0263885371
user,3487,0.131559059
user,3488,-0.157625198
user,3489,0.00904655363
user,3490,-0.0067976974
user,3491,-0.376681983
user,3492,0.00814789161
user,3493,0.0315136127
user,3494,0.0692260861
user,3495,0.17932196
user,3496,0.218079165
user,3497,-0.141247943
user,3498,-0.167956501
user,3499,0.128837705
user,3500,-0.15908277
user,3501,-0.202349156
user,3502,0.116694853
user,3503,-0.0159259401
user,3504,-0.117974982
user,3505,0.177945003
user,3506,-0.0719387233
user,3507,0.0438894108
user,3508,-0.0400345996
user,3509,-0.141197488
user,3510,0.0380158722
user,3511,0.0822506398
user,3512,0.164854556
user,3513,-0.130626261
user,3514,-0.0367770046
user,3515,-0.00514114276
user,3516,-0.135721549
user,3517,0.20152843
user,3518,0.0823451132
user,3519,-0.214935735
user,3520,-0.04161302
user,3521,-0.00191962719
user,3522,0.0312772021
user,3523,-0.00950713083
user,3524,-0.082049787
user,3525,0.0483872145
user,3526,-0.10920132
user,3527,-0.0190272629
user,3528,-0.192670509
user,3529,0.222685546
user,3530,0.12061502
user,3531,-0.0101514719
user,3532,0.140657455
user,3533,-0.0409752354
user,3534,-0.101245642
user,3535,0.148944214
user,3536,-0.0817571282
user,3537,0.00816935301
user,3538,-0.197089896
user,3539,-0.13543573
user,3540,-0.0785192549
user,3541,-0.00805100612
user,3542,-0.0134899728
user,3543,0.233858362
user,3544,0.119650081
user,3545,-0.0631335601
user,3546,0.128021002
user,3547,0.0866533145
user,3548,-0.0948795974
user,3549,0.194118828
user,3550,8.70600343e-05
user,3551,0.235895887
user,3552,0.0703606606
user,3553,-0.0562626421
user,3554,0.177348152
user,3555,0.121511787
user,3556,0.164654627
user,3557,-0.00467708707
user,3558,0.112898007
user,3559,0.171068817
user,3560,0.104716808
user,3561,0.359540939
user,3562,0.0707094073
user,3563,-0.0331770927
user,3564,-0.0783583149
user,3565,0.0541779362
user,3566,-0.0734380484
user,3567,-0.0091634281
user,3568,-0.0719504356
user,3569,-0.121624723
user,3570,0.00447612721
user,3571,-0.0473699942
user,3572,-0.0967998356
user,3573,-0.0424196571
user,3574,0.171706185
user,3575,0.0353609212
user,3576,-0.156802595
user,3577,-0.00897039194
user,3578,-0.00132678263
user,3579,-0.213318795
user,3580,-0.289951921
user,3581,0.184501991
user,3582,0.228059411
user,3583,-0.0125395022
user,3584,0.16195792
user,3585,-0.0731874332
user,3586,-0.204715893
user,3587,0.106036663
user,3588,-0.272530854
user,3589,-0.0110554937
user,3590,-0.0910166726
user,3591,0.0557537563
user,3592,0.126724377
user,3593,0.431319803
user,3594,0.0372421257
user,3595,-0.363039941
user,3596,0.101554304
user,3597,-0.121136002
user,3598,-0.0360996574
user,3599,0.0275125802
user,3600,0.0439564325
user,3601,0.0689014718
user,3602,-0.0872043371
user,3603,-0.005111821
user,3604,0.0143430531
user,3605,-0.182841152
user,3606,0.179925144
user,3607,-0.0442868732
user,3608,-0.0296619274
user,3609,0.161403269
user,3610,0.00559214037
user,3611,-0.0350491628
user,3612,0.0125780888
user,3613,0.0846923739
user,3614,0.177934155
user,3615,0.132614523
user,3616,-0.10740006
user,3617,0.237689406
user,3618,-0.138674334
user,3619,0.00599454716
user,3620,0.0219867043
user,3621,0.0283037797
user,3622,-0.124904953
user,3623,-0.159194082
user,3624,-0.0670465678
user,3625,0.273936272
user,3626,-0.243183002
user,3627,-0.0884285122
user,3628,0.188570723
user,3629,-0.137974158
user,3630,0.227812827
user,3631,0.155740842
user,3632,-0.153110921
user,3633,-0.116330601
user,3634,0.0370343477
user,3635,0.108340904
user,3636,-0.143927276
user,3637,-0.131923839
user,3638,-0.231356829
user,3639,-0.0395718887
user,3640,0.081022501
user,3641,0.0293907542
user,3642,0.105427645
user,3643,0.0547443405
user,3644,-0.126553223
user,3645,0.0153680369
user,3646,0.0591490753
user,3647,-0.0598050281
user,3648,-0.110897906
user,3649,-0.0462696627
user,3650,0.103640415
user,3651,0.115878612
user,3652,-0.065963164
user,3653,-0.0998152345
user,3654,-0.0394601673
user,3655,0.0410869494
user,3656,0.0317861699
user,3657,0.0307468139
user,3658,-0.180899307
user,3659,-0.242025629
user,3660,-0.184499606
user,3661,0.254706442
user,3662,-0.25032419
user,3663,0.0866873786
user,3664,0.0890172571
user,3665,-0.0106014963
user,3666,0.0353077017
user,3667,0.0707383081
user,3668,0.0597130507
user,3669,-0.0444501787
user,3670,-0.085772723
user,3671,0.0707043111
user,3672,0.0957523659
user,3673,0.080079332
user,3674,0.0337351151
user,3675,-0.00298637524
user,3676,-0.202870607
user,3677,-0.0132573098
user,3678,-0.0827876478
user,3679,0.0680221915
user,3680,-0.252794892
user,3681,0.0761116669
user,3682,0.00842726231
user,3683,-0.112006396
user,3684,-0.0712172389
user,3685,-0.187507421
user,3686,-0.122775927
user,3687,0.0163167119
user,3688,-0.0314286686
user,3689,0.0553680249
user,3690,-0.15570356
user,3691,0.116675071
user,3692,-0.0988607258
user,3693,-0.0235084817
user,3694,-0.174271733
user,3695,0.00837802514
user,3696,0.0580780208
user,3697,-0.0158240013
user,3698,0.0718710572
user,3699,-0.0769859403
user,3700,-0.0742688403
user,3701,-0.135348827
user,3702,-0.211490661
user,3703,-0.0811664835
user,3704,-2.25100666e-05
user,3705,-0.195700243
user,3706,0.0179278739
user,3707,-0.0674621314
user,3708,-0.100275777
user,3709,-0.139881343
user,3710,0.0923939794
user,3711,-0.0911550075
user,3712,0.0400119126
user,3713,-0.138424039
user,3714,-0.11105594
user,3715,-0.208978087
user,3716,-0.000844601542
user,3717,-0.0359533802
user,3718,0.149522305
user,3719,0.0515827686
user,3720,-0.0141377142
user,3721,0.000896718353
user,3722,0.109086737
user,3723,0.108985871
user,3724,-0.275636852
user,3725,-0.327328563
user,3726,0.128590092
user,3727,0.0789033994
user,3728,0.00198920444
user,3729,-0.215744436
user,3730,-0.0348508805
user,3731,-0.0461186506
user,3732,-0.192308903
user,3733,0.0921709239
user,3734,0.207700208
user,3735,-0.0472390354
user,3736,0.14683339
user,3737,-0.087174207
user,3738,-0.0955000296
user,3739,-0.00616213307
user,3740,0.126584575
user,3741,0.152753264
user,3742,-0.169447392
user,3743,-0.050781507
user,3744,-0.0376838632
user,3745,0.137009695
user,3746,-0.0238231178
user,3747,-0.00731150247
user,3748,-0.0819822475
user,3749,0.171563804
user,3750,0.129297674
user,3751,0.0878396556
user,3752,-0.0512113199
user,3753,0.00970091671
user,3754,-0.101501629
user,3755,0.164196163
user,3756,0.0393271074
user,3757,0.179030403
user,3758,0.0448728539
user,3759,-0.00551434979
user,3760,-0.0994191915
user,3761,0.111538857
user,3762,0.29448694
user,3763,-0.178636208
user,3764,0.0727607012
user,3765,0.125103712
user,3766,0.0631339028
user,3767,-0.0488301814
user,3768,0.040251404
user,3769,0.0957359821
user,3770,-0.0415970571
user,3771,-0.027467601
user,3772,-0.141506642
user,3773,0.00319360383
user,3774,0.101375826
user,3775,-0.0575305112
user,3776,0.078157559
user,3777,0.288783371
user,3778,-0.0796053708
user,3779,-0.0542283803
user,3780,-0.264053464
user,3781,-0.145961016
user,3782,0.049294427
user,3783,-0.203792393
user,3784,0.0555689111
user,3785,-0.14291966
user,3786,-0.0679730326
user,3787,0.111983553
user,3788,0.146671981
user,3789,0.0317105949
user,3790,-0.0629709363
user,3791,0.152976587
user,3792,0.197011784
user,3793,0.023578966
user,3794,0.115932524
user,3795,0.0848709717
user,3796,-0.229860336
user,3797,0.0135383783
user,3798,0.236458763
user,3799,0.0979722291
user,3800,0.0402037241
user,3801,0.103660427
user,3802,-0.0913099274
user,3803,-0.0689608306
user,3804,-0.0308303982
user,3805,0.061062593
user,3806,0.0660272092
user,3807,0.25320673
user,3808,-0.104030386
user,3809,0.175986767
user,3810,0.0809813738
user,3811,-0.155038983
user,3812,0.230674967
user,3813,0.0529743806
user,3814,-0.00644798949
user,3815,0.157701328
user,3816,0.0178641304
user,3817,0.0857371166
user,3818,0.127538472
user,3819,-0.00224434957
user,3820,-0.0131682679
user,3821,-0.0197469145
user,3822,0.135656714
user,3823,-0.10770689
user,3824,0.0176170766
user,3825,0.0549965948
user,3826,0.0359906405
user,3827,0.0413979292
user,3828,-0.148707539
user,3829,0.0512123704
user,3830,-0.0112735033
user,3831,-0.0495268367
user,3832,0.113018721
user,3833,0.173009053
user,3834,-0.0200323276
user,3835,-0.0916576013
user,3836,0.00903738849
user,3837,0.0463876911
user,3838,0.129038721
user,3839,-0.154303923
user,3840,0.0861776918
user,3841,0.0709063187
user,3842,0.18146202
user,3843,0.220990464
user,3844,0.106620893
user,3845,-0.0738444924
user,3846,0.0959954113
user,3847,0.127435595
user,3848,-0.14504002
user,3849,0.0374085754
user,3850,-0.0565852672
user,3851,-0.151036322
user,3852,-0.270016491
user,3853,-0.0488159508
user,3854,0.149688408
user,3855,0.0646399185
user,3856,0.122354724
user,3857,-0.0891479999
user,3858,0.0757437646
user,3859,0.00921884179
user,3860,0.156933308
user,3861,-0.0385653935
user,3862,-0.0138789546
user,3863,-0.0042393906
user,3864,-0.0383023769
user,3865,-0.205562025
user,3866,-0.201530054
user,3867,0.217201009
user,3868,-0.212789237
user,3869,-0.164982796
user,3870,-0.0714975595
user,3871,-0.00365953799
user,3872,-0.129239634
user,3873,0.281887352
user,3874,-0.064845562
user,3875,0.0335785151
user,3876,0.202991784
user,3877,-0.149711996
user,3878,0.098857373
user,3879,-0.0263806209
user,3880,0.146958962
user,3881,-0.0812134072
user,3882,-0.10230796
user,3883,0.0754885003
user,3884,-0.0788717866
user,3885,0.0585886613
user,3886,0.216989189
user,3887,-0.0274013206
user,3888,0.00898438692
user,3889,-0.229344249
user,3890,0.0366315246
user,3891,-0.158535466
user,3892,-0.0389303491
user,3893,-0.228385031
user,3894,0.0386225656
user,3895,-0.0497524589
user,3896,-0.0746947229
user,3897,-0.0428111218
user,3898,0.0168752465
user,3899,0.0485734716
user,3900,0.254014343
user,3901,-0.329437613
user,3902,-0.169577181
user,3903,-0.0715136081
user,3904,0.0618918501
user,3905,-0.16905804
user,3906,0.120543838
user,3907,-0.252705634
user,3908,0.146568537
user,3909,-0.361495256
user,3910,-0.172074467
user,3911,-0.0607359856
user,3912,0.231991708
user,3913,-0.109692745
user,3914,0.12759988
user,3915,0.0809209272
user,3916,0.0846236423
user,3917,-0.147933662
user,3918,-0.115719907
user,3919,-0.0115812421
user,3920,-0.0253753513
user,3921,-0.0519949608
user,3922,0.0301889293
user,3923,0.0371181294
user,3924,-0.0768796951
user,3925,0.0041616708
user,3926,-0.118921272
user,3927,-0.0843749791
user,3928,-0.207463339
user,3929,-0.195412964
user,3930,-0.182408154
user,3931,0.0466839075
user,3932,0.0957677811
user,3933,-0.0141271222
user,3934,0.158810243
user,3935,0.0269735046
user,3936,-0.0394153446
user,3937,0.0127674593
user,3938,-0.0202073455
user,3939,-0.199671552
user,3940,-0.148101166
user,3941,-0.252699196
user,3942,-0.004238341
user,3943,-0.120234191
user,3944,-0.285108298
user,3945,-0.073954843
user,3946,-0.102000542
user,3947,0.117786855
user,3948,-0.139437646
user,3949,-0.0849622786
user,3950,0.0104246512
user,3951,-0.0733370334
user,3952,-0.142879114
user,3953,-0.0113240834
user,3954,-0.312623084
user,3955,-0.0588555187
user,3956,0.0706783384
user,3957,0.0529968664
user,3958,-0.0879884213
user,3959,-0.0128559917
user,3960,0.0286014788
user,3961,0.0641855896
user,3962,0.0988000184
user,3963,-0.0680700317
user,3964,0.00784955919
user,3965,-0.19338122
user,3966,0.164564282
user,3967,-0.102976792
user,3968,0.0148525424
user,3969,0.190217137
user,3970,-0.140519723
user,3971,0.00712081417
user,3972,-0.0519371666
user,3973,0.0318140239
user,3974,-0.124174789
user,3975,-0.00590439141
user,3976,-0.0755794048
user,3977,-0.100624532
user,3978,-0.26520741
user,3979,-0.0309282281
user,3980,-0.0916308537
user,3981,0.178522229
user,3982,0.104223847
user,3983,-0.0574213937
user,3984,0.0536984466
user,3985,0.104478545
user,3986,0.083785899
user,3987,-0.0204705
user,3988,0.0744291544
user,3989,0.121038713
user,3990,-0.196981236
user,3991,0.107125483
user,3992,0.0157130659
user,3993,-0.0635282844
user,3994,0.0657605678
user,3995,0.101931915
user,3996,-0.0346653014
user,3997,-0.0173539333
user,3998,0.019657664
user,3999,0.0298535377
user,4000,0.0164708868
user,4001,-0.00396432728
user,4002,0.0688078254
user,4003,0.286951602
user,4004,-0.0974451825
user,4005,-0.0193547942
user,4006,-0.1729265
user,4007,0.226114959
user,4008,0.0200195387
user,4009,0.17089045
user,4010,-0.0526939705
user,4011,-0.0202399828
user,4012,-0.18509081
user,4013,-0.00696622394
user,4014,0.113817655
user,4015,-0.0199391171
user,4016,0.0375090837
user,4017,0.0869469568
user,4018,0.111150213
user,4019,0.0841342807
user,4020,-0.149779737
user,4021,0.00124221668
user,4022,0.116333745
user,4023,0.243328631
user,4024,-0.052214399
user,4025,0.171957672
user,4026,-0.0607430749
user,4027,0.00455679744
user,4028,0.0652039573
user,4029,-0.123292826
user,4030,-0.0137466043
user,4031,0.0589884967
user,4032,-0.0624398552
user,4033,0.104931176
user,4034,0.088581644
user,4035,-0.107822239
user,4036,-0.102365866
user,4037,0.110539868
user,4038,0.0802952796
user,4039,-0.16678977
user,4040,0.115815863
user,4041,0.0223749578
user,4042,-0.0287807956
user,4043,0.0947970599
user,4044,-0.129174858
user,4045,-0.0388515927
user,4046,0.174869984
user,4047,-0.00912368391
user,4048,-0.180565178
user,4049,-0.00116395578
user,4050,-0.141773179
user,4051,0.139824808
user,4052,-0.176044881
user,4053,-0.194032922
user,4054,-0.0144144148
user,4055,-0.126949251
user,4056,-0.0612614453
user,4057,0.0697948486
user,4058,0.0186916403
user,4059,-0.0718332082
user,4060,-0.0830020756
user,4061,-0.00137764402
user,4062,0.0332236886
user,4063,0.116328314
user,4064,0.083856754
user,4065,0.113017328
user,4066,-0.0768129081
user,4067,-0.16020906
user,4068,-0.022775054
user,4069,0.112501927
user,4070,-0.0842334852
user,4071,-0.0645844936
user,4072,-0.0444922596
user,4073,-0.0228676852
user,4074,0.226391852
user,4075,0.277412057
user,4076,0.0144446455
user,4077,-0.125059068
user,4078,0.16260846
user,4079,0.168576628
user,4080,0.0544323847
user,4081,0.0889501125
user,4082,0.087853983
user,4083,0.274932683
user,4084,0.14033331
user,4085,0.100156307
user,4086,-0.0670036972
user,4087,-0.0896472111
user,4088,-0.00404755026
user,4089,0.00396970659
user,4090,-0.129566073
user,4091,-0.159947917
user,4092,-0.082152307
user,4093,0.100313656
user,4094,-0.0834243223
user,4095,-0.0196733177
user,4096,-0.0135592911
user,4097,0.0673383623
user,4098,0.0638128072
user,4099,0.0298195928
user,4100,0.162199005
user,4101,-0.0222727098
user,4102,0.101521999
user,4103,-0.000102523714
user,4104,0.119478554
user,4105,-0.016334407
user,4106,0.165436715
user,4107,-0.0231093019
user,4108,0.194948405
user,4109,-0.00386272464
user,4110,0.0218496863
user,4111,-0.0195962172
user,4112,0.0173319485
user,4113,-0.122248031
user,4114,0.0335993432
user,4115,0.136872381
user,4116,-0.0455107652
user,4117,0.0716275871
user,4118,-0.049455367
user,4119,-0.0977885202
user,4120,-0.0981214866
user,4121,0.183573142
user,4122,-0.0548360981
user,4123,-0.0528261587
user,4124,0.0388368554
user,4125,-0.117671333
user,4126,0.05163984
user,4127,-0.162097842
user,4128,-0.207226545
user,4129,-0.0561962165
user,4130,-0.127365381
user,4131,-0.0242673904
user,4132,0.0269185416
user,4133,0.00536509743
user,4134,-0.309544742
user,4135,-0.19869104
user,4136,0.0328055248
user,4137,-0.0576528832
user,4138,0.0652035698
user,4139,0.00292118266
user,4140,-0.185732201
user,4141,0.0456670746
user,4142,-0.0723691583
user,4143,-0.208309695
user,4144,-0.0503804423
user,4145,0.0368856676
user,4146,0.0503967069
user,4147,-0.0395305082
user,4148,-0.0554151237
user,4149,-0.215310514
user,4150,0.0946138576
user,4151,0.0944840983
user,4152,0.142650917
user,4153,0.16161117
user,4154,-0.185099527
user,4155,0.0614337549
user,4156,0.258205205
user,4157,0.163770244
user,4158,0.0553351864
user,4159,-0.0414653048
user,4160,-0.0360710658
user,4161,-0.249378413
user,4162,0.0219940115
user,4163,0.248403549
user,4164,0.0188558046
user,4165,-0.0958571881
user,4166,-0.0441199206
user,4167,0.046030283
user,4168,0.0689532161
user,4169,-0.128619432
user,4170,-0.0295127463
user,4171,0.227914169
user,4172,-0.31467396
user,4173,-0.0868824124
user,4174,0.0501873121
user,4175,0.0626866817
user,4176,0.00125499815
user,4177,0.113076322
user,4178,0.201291487
user,4179,0.173246264
user,4180,0.214456037
user,4181,0.109195091
user,4182,-0.0205841213
user,4183,-0.0985646844
user,4184,-0.101072937
user,4185,0.134611696
user,4186,-0.0788628012
user,4187,-0.00325531512
user,4188,0.0147027634
user,4189,0.0626883358
user,4190,-0.122612566
user,4191,0.0669479668
user,4192,-0.0690350085
user,4193,0.112786368
user,4194,-0.149078548
user,4195,-0.230175108
user,4196,-0.00290219672
user,4197,-0.2030527
user,4198,-0.12282072
user,4199,-0.0957041681
user,4200,-0.069079265
user,4201,-0.239138678
user,4202,-0.0566274449
user,4203,-0.0584276095
user,4204,-0.0131563116
user,4205,0.194882825
user,4206,-0.0374955535
user,4207,-0.238401502
user,4208,-0.0860101879
user,4209,0.172631711
user,4210,0.0740281343
user,4211,-0.00623865053
user,4212,0.112255007
user,4213,-0.347207695
user,4214,-0.325686932
user,4215,-0.151661664
user,4216,0.127583772
user,4217,0.0159344822
user,4218,-0.109008163
user,4219,-0.0266658571
user,4220,0.0113407224
user,4221,0.189930424
user,4222,0.180728257
user,4223,-0.160525367
user,4224,0.0860524029
user,4225,-0.0504480451
user,4226,-0.281455576
user,4227,-0.2448304
user,4228,-0.00725063402
user,4229,-0.0374165773
user,4230,0.0123755932
user,4231,0.049301587
user,4232,0.051721774
user,4233,0.0629775673
user,4234,0.0421126485
user,4235,-0.189084485
user,4236,0.117668778
user,4237,-0.0624892265
user,4238,0.187170446
user,4239,0.0255419388
user,4240,0.21889092
user,4241,-0.018135462
user,4242,-0.0915947184
user,4243,0.244623721
user,4244,0.237402946
user,4245,0.0843287408
user,4246,0.249425739
user,4247,-0.0258427095
user,4248,0.0966171771
user,4249,-0.199965417
user,4250,0.026854068
user,4251,0.190106437
user,4252,-0.0178192034
user,4253,-0.202572942
user,4254,-0.123937257
user,4255,0.147727117
user,4256,-0.0483774729
user,4257,0.152553588
user,4258,0.0516200438
user,4259,0.142627358
user,4260,-0.178858534
user,4261,-0.0078002587
user,4262,0.0556218177
user,4263,0.0307980068
user,4264,0.0191492923
user,4265,0.179135546
user,4266,-0.106562838
user,4267,0.0825557783
user,4268,0.258208573
user,4269,-0.240480721
user,4270,0.130052447
user,4271,-0.131385535
user,4272,0.0630870461
user,4273,-0.0627745464
user,4274,-0.103736363
user,4275,0.0063979961
user,4276,-0.127460569
user,4277,0.0509176031
user,4278,-0.0464251637
user,4279,0.0533099174
user,4280,0.21324113
user,4281,0.0196930282
user,4282,0.0340919569
user,4283,0.198213875
user,4284,0.0771548152
user,4285,0.100858994
user,4286,-0.0493942127
user,4287,0.0605345592
user,4288,-0.0648716241
user,4289,0.0785778165
user,4290,-0.103426985
user,4291,-0.222356379
user,4292,-0.0595435947
user,4293,-0.0207604989
user,4294,0.176060647
user,4295,-0.0214430615
user,4296,0.237172589
user,4297,-0.0710698068
user,4298,0.0186584815
user,4299,0.150542066
user,4300,0.10831631
user,4301,-0.422880471
user,4302,-0.223488376
user,4303,0.0951832905
user,4304,-0.170071229
user,4305,0.039406769
user,4306,0.146743193
user,4307,-0.146296978
user,4308,0.0966076553
user,4309,-0.112485111
user,4310,0.0694654584
user,4311,-0.121304266
user,4312,-0.0284472536
user,4313,-0.119849935
user,4314,-0.128309727
user,4315,-0.0491564795
user,4316,-0.312010229
user,4317,0.194960594
user,4318,-0.0109074824
user,4319,-0.00988645852
user,4320,0.110943787
user,4321,0.0202505961
user,4322,0.0112635121
user,4323,0.0839354768
user,4324,-0.202267572
user,4325,0.0543733463
user,4326,0.21593827
user,4327,-0.0168416053
user,4328,-0.02252689
user,4329,0.0907730833
user,4330,0.0998161137
user,4331,0.184096053
user,4332,0.0811607391
user,4333,-0.0553958975
user,4334,0.131258458
user,4335,-0.0433413088
user,4336,0.0120665096
user,4337,-0.0102753639
user,4338,0.0407050066
user,4339,0.162160069
user,4340,-0.0752266496
user,4341,0.0591599941
user,4342,0.112214386
user,4343,-0.172608823
user,4344,-0.0235199556
user,4345,-0.116905808
user,4346,0.134395361
user,4347,-0.333122313
user,4348,0.0570061691
user,4349,-0.198389947
user,4350,-0.0101060402
user,4351,-0.0991088822
user,4352,0.0969002917
user,4353,0.0470926315
user,4354,0.277956039
user,4355,0.00354123116
user,4356,-0.0949505046
user,4357,0.221104145
user,4358,-0.112059042
user,4359,-0.0410222784
user,4360,-0.0381903313
user,4361,-0.0893740207
user,4362,-0.0625846088
user,4363,0.0325431488
user,4364,0.0593822375
user,4365,-0.172687635
user,4366,-0.0909205452
user,4367,0.111409649
user,4368,0.0068739187
user,4369,-0.179553986
user,4370,-0.0182455331
user,4371,0.194264889
user,4372,0.047009103
user,4373,-0.273132443
user,4374,-0.0823456794
user,4375,-0.101543799
user,4376,-0.227692634
user,4377,0.0551985875
user,4378,-0.129478961
user,4379,-0.128669932
user,4380,-0.0720941275
user,4381,-0.0261770803
user,4382,0.0507746935
user,4383,0.0786272809
user,4384,-0.220798999
user,4385,0.0851307735
user,4386,0.0535937548
user,4387,-0.0398661755
user,4388,-0.293053031
user,4389,-0.0196715221
user,4390,0.167597085
user,4391,-0.0932563022
user,4392,-0.0722282976
user,4393,0.0849635303
user,4394,-0.0375162661
user,4395,0.061819233
user,4396,0.0202148166
user,4397,0.0141264834
user,4398,-0.0527914762
user,4399,-0.0314208567
user,4400,0.0616990477
user,4401,-0.280233085
user,4402,0.0924736559
user,4403,-0.00999616832
user,4404,-0.247206822
user,4405,0.17952323
user,4406,0.0153520964
user,4407,0.0328450352
user,4408,0.0205084719
user,4409,-0.0841727331
user,4410,0.147694558
user,4411,-0.0185930394
user,4412,0.00547529943
user,4413,-0.0292515028
user,4414,0.257106632
user,4415,0.0383975878
user,4416,-0.220257252
user,4417,-0.00776756182
user,4418,-0.011567913
user,4419,0.0344225354
user,4420,0.0207269639
user,4421,0.0993500054
user,4422,0.174973696
user,4423,0.186522275
user,4424,-0.037822701
user,4425,0.0416738763
user,4426,-0.0409804508
user,4427,0.0648318455
user,4428,-0.136616498
user,4429,0.173460037
user,4430,-0.00715137646
user,4431,0.0645214766
user,4432,0.0137277236
user,4433,-0.0341375209
user,4434,-0.0156769622
user,4435,-0.229594439
user,4436,-0.123498388
user,4437,-0.0164956283
user,4438,-0.0705547705
user,4439,0.225842625
user,4440,-0.0455904938
user,4441,-0.044046253
user,4442,-0.0486047789
user,4443,-0.0798999965
user,4444,0.0295551512
user,4445,-0.134445876
user,4446,0.00309130643
user,4447,-0.0958072692
user,4448,-0.00128097087
user,4449,0.0451106168
user,4450,0.0139723737
user,4451,-0.094350554
user,4452,-0.126846746
user,4453,-0.0238297023
user,4454,-0.167175755
user,4455,0.0833813995
user,4456,0.0321685672
user,4457,0.194271639
user,4458,-0.0498820432
user,4459,0.159806862
user,4460,0.0446088612
user,4461,0.00321976189
user,4462,-0.194383666
user,4463,-0.00115092471
user,4464,-0.00954942033
user,4465,0.0453916937
user,4466,0.0317322314
user,4467,-0.20581989
user,4468,0.0599501841
user,4469,0.181130111
user,4470,-0.0173909236
user,4471,-0.240470946
user,4472,-0.247207955
user,4473,0.00274540856
user,4474,-0.21744059
user,4475,0.119607076
user,4476,0.182962462
user,4477,-0.237993315
user,4478,0.063185744
user,4479,-0.0473726802
user,4480,-0.16404815
user,4481,0.168430015
user,4482,-0.107067525
user,4483,-0.0802175254
user,4484,-0.163862109
user,4485,-0.0209438726
user,4486,-0.0646083951
user,4487,-0.0973932147
user,4488,-0.211341083
user,4489,-0.072970055
user,4490,0.116266251
user,4491,0.166100681
user,4492,-0.152444109
user,4493,0.358005822
user,4494,0.10565269
user,4495,-0.143188581
user,4496,0.00581981707
user,4497,-0.103234991
user,4498,-0.110804185
user,4499,0.0964512825
user,4500,0.103169359
user,4501,0.0038253963
user,4502,-0.000291913748
user,4503,-0.142389253
user,4504,0.187455729
user,4505,0.0134508945
user,4506,0.0718506202
user,4507,0.0148535985
user,4508,-0.0139419325
user,4509,0.174250185
user,4510,-0.110723741
user,4511,0.0111343544
user,4512,0.170624912
user,4513,0.0950701609
user,4514,0.126495138
user,4515,0.123982355
user,4516,0.10699679
user,4517,-0.198622018
user,4518,0.241026044
user,4519,0.0520801619
user,4520,0.066665031
user,4521,0.0147477053
user,4522,-0.25686574
user,4523,0.0583230183
user,4524,-0.0638929307
user,4525,-0.0416352823
user,4526,-0.0829454288
user,4527,0.119278654
user,4528,0.0819033757
user,4529,0.196672067
user,4530,-0.00434166566
user,4531,0.166305795
user,4532,0.0464931428
user,4533,0.0465451069
user,4534,-0.0279372856
user,4535,0.016942732
user,4536,0.0244738683
user,4537,-0.115319915
user,4538,-0.0733362436
user,4539,-0.0900341943
user,4540,-0.0149254985
user,4541,-0.0232283175
user,4542,-0.135352403
user,4543,-0.111755289
user,4544,0.070685856
user,4545,-0.27815634
user,4546,-0.175528035
user,4547,-0.199491099
user,4548,-0.150254771
user,4549,0.175666273
user,4550,-0.239952698
user,4551,-0.0669100583
user,4552,-0.202706888
user,4553,-0.0334782004
user,4554,-0.0333990529
user,4555,-0.273156464
user,4556,-0.128310546
user,4557,0.0525038391
user,4558,0.0946953446
user,4559,-0.127471969
user,4560,-0.0167206153
user,4561,0.00228254963
user,4562,0.148442477
user,4563,-0.0819532275
user,4564,-0.127978176
user,4565,-0.232320219
user,4566,0.0510558188
user,4567,-0.0725422427
user,4568,-0.184125364
user,4569,-0.056951277
user,4570,-0.0332496464
user,4571,-0.0520836003
user,4572,-0.135575563
user,4573,-0.0934534743
user,4574,0.0595251769
user,4575,-0.332425922
user,4576,-0.00992377102
user,4577,-0.0346648507
user,4578,0.0239237994
user,4579,-0.0532489419
user,4580,0.0899712816
user,4581,0.0583214313
user,4582,-0.0646761581
user,4583,0.148336738
user,4584,0.0381700434
user,4585,0.00417958945
user,4586,0.0221102796
user,4587,0.0365259834
user,4588,0.0793597251
user,4589,0.207373455
user,4590,0.197986662
user,4591,-0.0437450893
user,4592,-0.0225574039
user,4593,0.183441401
user,4594,0.153063476
user,4595,0.0856097415
user,4596,-0.127088696
user,4597,-0.120207816
user,4598,-0.023272818
user,4599,0.165374681
user,4600,0.0648402795
user,4601,0.0173766613
user,4602,0.100917719
user,4603,-0.0439399816
user,4604,0.160759613
user,4605,0.0887070894
user,4606,0.0282134861
user,4607,0.13020733
user,4608,0.0824624151
user,4609,-0.228323802
user,4610,-0.189166889
user,4611,0.0651479065
user,4612,0.0710546523
user,4613,0.0973436907
user,4614,-0.123962834
user,4615,-0.248757035
user,4616,0.0746339858
user,4617,0.0119223669
user,4618,0.183144823
user,4619,-0.0567527786
user,4620,0.0503656752
user,4621,-0.0829901621
user,4622,0.0745852962
user,4623,-0.0259865373
user,4624,0.0992591381
user,4625,0.0865680501
user,4626,-0.000192951411
user,4627,0.0832065046
user,4628,-0.310906887
user,4629,-0.00664522871
user,4630,0.0538997613
user,4631,-0.0601567104
user,4632,-0.055675976
user,4633,-0.183680221
user,4634,0.0813966915
user,4635,0.0874120295
user,4636,-0.110264853
user,4637,-0.176427409
user,4638,0.0569787771
user,4639,-0.0978324562
user,4640,-0.0425277948
user,4641,0.0190581009
user,4642,-0.162186459
user,4643,-0.173823014
user,4644,-0.0692396015
user,4645,0.188473821
user,4646,0.0358901098
user,4647,-0.0063819252
user,4648,0.0693053454
user,4649,0.078421399
user,4650,-0.12676993
user,4651,0.10910397
user,4652,0.119946733
user,4653,-0.0475708805
user,4654,0.0876459181
user,4655,-0.0444684438
user,4656,0.0301309898
user,4657,0.0412569009
user,4658,0.0179617405
user,4659,0.0154095739
user,4660,-0.159201026
user,4661,-0.0763143599
user,4662,-0.0773445964
user,4663,-0.0442810208
user,4664,-0.175594717
user,4665,-0.164764345
user,4666,-0.181983694
user,4667,0.0150076821
user,4668,0.159256861
user,4669,0.0993406177
user,4670,-0.120531432
user,4671,-0.0734828115
user,4672,0.179017618
user,4673,0.0534749553
user,4674,0.0270213261
user,4675,-0.0811026096
user,4676,-0.138146281
user,4677,-0.0123110944
user,4678,0.162821218
user,4679,-0.106738865
user,4680,0.0383418016
user,4681,0.0706563741
user,4682,-0.33624956
user,4683,-0.127393112
user,4684,-0.104222775
user,4685,-0.306736827
user,4686,0.053941533
user,4687,0.150757104
user,4688,0.10610567
user,4689,-0.154939532
user,4690,-0.0350378677
user,4691,-0.0624338537
user,4692,-0.0799329132
user,4693,0.0294598006
user,4694,-0.0841052085
user,4695,-0.277130723
user,4696,-0.244766265
user,4697,-0.0887795538
user,4698,0.218382373
user,4699,-0.0278120544
user,4700,-0.00951136369
user,4701,-0.0756722465
user,4702,-0.0299552828
user,4703,-0.0674434453
user,4704,-0.0404293574
user,4705,-0.0272321068
user,4706,-0.032334175
user,4707,-0.0624336451
user,4708,0.119156182
user,4709,0.195597962
user,4710,0.1749174
user,4711,0.282904476
user,4712,-3.75919044e-05
user,4713,0.0276502054
user,4714,-0.0507105887
user,4715,0.105677441
user,4716,-0.151662827
user,4717,-0.0119241588
user,4718,0.205840066
user,4719,-0.176008105
user,4720,-0.21600613
user,4721,0.157563269
user,4722,-0.010352782
user,4723,0.0628582463
user,4724,-0.0897122324
user,4725,0.165709138
user,4726,0.0614964068
user,4727,-0.188224465
user,4728,-0.0558885783
user,4729,-0.138406128
user,4730,0.1174706
user,4731,-0.0919015929
user,4732,-0.152838916
user,4733,-0.0556884035
user,4734,-0.0911008194
user,4735,-0.140616223
user,4736,-0.1432053
user,4737,-0.133290946
user,4738,-0.238914967
user,4739,0.192067027
user,4740,-0.0293243527
user,4741,0.0354898423
user,4742,0.0902989879
user,4743,-0.0918548182
user,4744,-0.195290014
user,4745,-0.0283852629
user,4746,-0.0338368192
user,4747,-0.179147065
user,4748,-0.0525659733
user,4749,-0.0658813193
user,4750,-0.101685293
user,4751,-0.190129727
user,4752,-0.198649257
user,4753,-0.0477560274
user,4754,-0.24936673
user,4755,-0.188465029
user,4756,0.126190603
user,4757,0.10135179
user,4758,0.0314718373
user,4759,0.104083538
user,4760,-0.0775581077
user,4761,-0.154801428
user,4762,0.0520922206
user,4763,-0.193969294
user,4764,-0.108187869
user,4765,-0.0200297982
user,4766,-0.00957368687
user,4767,-0.1971654
user,4768,0.00274891849
user,4769,-0.0854516625
user,4770,0.0655005351
user,4771,-0.125787124
user,4772,0.0294188876
user,4773,0.154061288
user,4774,-0.204870075
user,4775,-0.114807382
user,4776,0.00431682914
user,4777,-0.138155237
user,4778,-0.159340724
user,4779,-0.107263312
user,4780,0.210704282
user,4781,-0.229033425
user,4782,-0.119552575
user,4783,0.0149249099
user,4784,-0.0199369565
user,4785,-0.0812185481
user,4786,0.127979234
user,4787,0.0503425263
user,4788,-0.220197409
user,4789,-0.062535733
user,4790,0.097835049
user,4791,0.00990552269
user,4792,-0.0731544122
user,4793,0.0507246666
user,4794,-0.0972732678
user,4795,-0.222839803
user,4796,0.0222846791
user,4797,0.129554674
user,4798,-0.0229364894
user,4799,0.184868157
user,4800,0.04734727
user,4801,-0.0458512791
user,4802,-0.221155062
user,4803,-0.0220563523
user,4804,0.018644765
user,4805,-0.0445366241
user,4806,0.0335557535
user,4807,-0.239446387
user,4808,0.125552624
user,4809,-0.0742402747
user,4810,-0.0271532927
user,4811,-0.051276207
user,4812,0.07581985
user,4813,0.0580380447
user,4814,-0.169331998
user,4815,0.0479893275
user,4816,0.111762509
user,4817,-0.0759388357
user,4818,0.249450222
user,4819,-0.0134375505
user,4820,-0.129613012
user,4821,0.120371059
user,4822,-0.0113820732
user,4823,0.101913199
user,4824,0.0857807621
user,4825,0.111797027
user,4826,0.0465873182
user,4827,0.108930647
user,4828,0.0412458107
user,4829,0.266101152
user,4830,-0.0212306976
user,4831,-0.00225047767
user,4832,0.0700727701
user,4833,-0.0120766759
user,4834,-0.154625699
user,4835,0.136229113
user,4836,-0.134195
user,4837,-0.16462931
user,4838,-0.136458009
user,4839,-0.0924877599
user,4840,-0.235894337
user,4841,-0.149510324
user,4842,0.0252454691
user,4843,0.125279665
user,4844,0.176779777
user,4845,0.123304054
user,4846,0.000691719353
user,4847,0.117755517
user,4848,0.15120624
user,4849,0.191894695
user,4850,-0.0639815032
user,4851,0.0654583797
user,4852,-0.0976822078
user,4853,0.0712764487
user,4854,-0.0436916761
user,4855,-0.160914063
user,4856,-0.199507892
user,4857,-0.116571113
user,4858,-0.119098566
user,4859,0.0992903858
user,4860,-0.0601283088
user,4861,0.229365751
user,4862,-0.0424300358
user,4863,-0.00531485491
user,4864,0.178046241
user,4865,-0.0180240311
user,4866,0.0978230834
user,4867,-0.0370947905
user,4868,-0.110055283
user,4869,0.191589534
user,4870,-0.234077394
user,4871,-0.150919765
user,4872,0.255374312
user,4873,0.10898339
user,4874,0.075890705
user,4875,-0.00711470097
user,4876,-0.166199356
user,4877,-0.000871445984
user,4878,-0.00249728188
user,4879,0.162447497
user,4880,-0.0360955968
user,4881,0.042752251
user,4882,0.0119668208
user,4883,0.277501851
user,4884,0.0150581598
user,4885,-0.166028082
user,4886,-0.0812012553
user,4887,-0.234359294
user,4888,-0.0339355543
user,4889,-0.104806468
user,4890,0.234092429
user,4891,-0.133225992
user,4892,-0.0414555892
user,4893,0.00446628779
user,4894,-0.121897861
user,4895,-0.159392819
user,4896,-0.0433698073
user,4897,-0.119462401
user,4898,0.126362249
user,4899,0.105001867
user,4900,-0.143118456
user,4901,-0.118258193
user,4902,-0.0514308065
user,4903,0.0336171277
user,4904,-0.180568397
user,4905,-0.225471675
user,4906,-0.0789405107
user,4907,-0.113862835
user,4908,-0.147326082
user,4909,-0.230135739
user,4910,0.154266343
user,4911,-0.0245017186
user,4912,0.180251166
user,4913,0.0337492824
user,4914,-0.050213784
user,4915,-0.15335989
user,4916,0.0872171819
user,4917,-0.0221810862
user,4918,0.0982566178
user,4919,0.00819891691
user,4920,-0.0285287462
user,4921,-0.0267623328
user,4922,0.0383572653
user,4923,0.00059055537
user,4924,0.0153317451
user,4925,0.0252972469
user,4926,0.0497317575
user,4927,0.124667034
user,4928,0.259616226
user,4929,0.221374914
user,4930,-0.110735774
user,4931,0.110027634
user,4932,0.159477413
user,4933,0.0919604227
user,4934,-0.050274156
user,4935,0.0150045678
user,4936,-0.0675649047
user,4937,0.119609199
user,4938,0.0530049056
user,4939,-0.161007375
user,4940,-0.155510336
user,4941,-0.164654791
user,4942,-0.139246672
user,4943,0.172758535
user,4944,0.0862025768
user,4945,0.17465508
user,4946,0.138619542
user,4947,-0.142332211
user,4948,-0.14446792
user,4949,-0.307785273
user,4950,-0.278525949
user,4951,-0.253120869
user,4952,-0.182716101
user,4953,-0.152296811
user,4954,-0.2472945
user,4955,-0.177348271
user,4956,-0.143306747
user,4957,-0.0877591819
user,4958,-0.0393287353
user,4959,0.0627335012
user,4960,-0.222352773
user,4961,-0.252655059
user,4962,0.13554658
user,4963,-0.065843299
user,4964,-0.0259189457
user,4965,0.335099638
user,4966,-0.00769577175
user,4967,0.0714702457
user,4968,0.102497041
user,4969,0.0294806547
user,4970,-0.157070771
user,4971,0.176452994
user,4972,-0.0757026225
user,4973,-0.00494032353
user,4974,0.0353612304
user,4975,0.0663170964
user,4976,0.190247625
user,4977,-0.0670944601
user,4978,-0.0322245806
user,4979,0.0707573146
user,4980,-0.0938858017
user,4981,-0.221204415
user,4982,0.204753488
user,4983,-0.0345405117
user,4984,0.159064427
user,4985,0.178860009
user,4986,-0.0411148593
user,4987,-0.136320576
user,4988,0.227284327
user,4989,-0.0571451746
user,4990,-0.172024518
user,4991,-0.080197975
user,4992,0.0776897371
user,4993,-0.0255904794
user,4994,0.0519359596
user,4995,-0.173020184
user,4996,-0.116680756
user,4997,-0.0573669001
user,4998,-0.0952038616
user,4999,-0.133743212
user,5000,0.197920814
user,5001,0.00431234762
user,5002,0.172174677
user,5003,0.0906707272
user,5004,0.100589372
user,5005,-0.0637741238
user,5006,-0.0271889493
user,5007,0.0797664002
user,5008,-0.131585583
user,5009,-0.17522271
user,5010,-0.173466623
user,5011,-0.0441116802
user,5012,-0.0235514119
user,5013,0.049873881
user,5014,-0.2379715
user,5015,0.0911471099
user,5016,-0.0559213758
user,5017,0.152482778
user,5018,-0.0586319491
user,5019,-0.178104401
user,5020,-0.0539392084
user,5021,0.0219136775
user,5022,-0.0656678602
user,5023,0.038231194
user,5024,-0.166594595
user,5025,0.0802943781
user,5026,-0.183630869
user,5027,-0.0705502108
user,5028,-0.119836591
user,5029,-0.0820693299
user,5030,-0.125214919
user,5031,0.0791579112
user,5032,-0.123101048
user,5033,-0.032999441
user,5034,-0.0347627737
user,5035,-0.0595881939
user,5036,0.219357967
user,5037,-0.131751299
user,5038,-0.0377125777
user,5039,-0.0233641751
user,5040,-0.0647427514
user,5041,0.115968801
user,5042,0.0308833253
user,5043,-0.151491165
user,5044,0.136161432
user,5045,-0.349247485
user,5046,-0.20362711
user,5047,-0.174369439
user,5048,0.0516192541
user,5049,-0.017576877
user,5050,-0.0519675091
user,5051,-0.100047953
user,5052,-0.0599141419
user,5053,-0.0359533057
user,5054,0.0542209521
user,5055,0.0512526557
user,5056,0.0885856599
user,5057,0.146303207
user,5058,0.0150665659
user,5059,0.0169826169
user,5060,-0.116509996
user,5061,-0.161962047
user,5062,0.127013817
user,5063,-0.0219602678
user,5064,0.0668025911
user,5065,-0.188396916
user,5066,0.0459104478
user,5067,0.0625601709
user,5068,-0.0050900951
user,5069,-0.00870295241
user,5070,-0.216935068
user,5071,-0.208228692
user,5072,0.126822203
user,5073,-0.258662105
user,5074,0.119174019
user,5075,0.0375430025
user,5076,-0.022390563
user,5077,-0.15414159
user,5078,-0.217916772
user,5079,0.00194179267
user,5080,-0.00900246948
user,5081,0.221387789
user,5082,0.0543075427
user,5083,0.048195783
user,5084,0.0305278935
user,5085,-0.0988168567
user,5086,0.00566185266
user,5087,-0.0818594843
user,5088,-0.0890591294
user,5089,0.028184507
user,5090,-0.0508158766
user,5091,-0.0159131996
user,5092,0.133864284
user,5093,-0.0779859126
user,5094,0.161155477
user,5095,-0.12427742
user,5096,-0.00191597082
user,5097,0.125794798
user,5098,0.046949774
user,5099,0.0253152326
user,5100,-0.0869535059
user,5101,-0.286618739
user,5102,-0.268033147
user,5103,0.107821196
user,5104,0.0623811632
user,5105,-0.0271390527
user,5106,-0.218793288
user,5107,0.0557382107
user,5108,0.246874213
user,5109,0.142644644
user,5110,0.183717534
user,5111,-0.0942840874
user,5112,0.0839969292
user,5113,0.1211145
user,5114,-0.127952725
user,5115,-0.0416650474
user,5116,-0.17965661
user,5117,-0.133478314
user,5118,-0.0351055861
user,5119,-0.0294522308
user,5120,-0.204136908
user,5121,0.190320179
user,5122,0.0212831199
user,5123,-0.166035384
user,5124,-0.162227839
user,5125,-0.0973929018
user,5126,-0.164377049
user,5127,0.103542238
user,5128,-0.123239107
user,5129,0.107608296
user,5130,0.178486109
user,5131,-0.0439176671
user,5132,-0.00756697543
user,5133,-0.0841847062
user,5134,-0.0472477712
user,5135,0.0538352132
user,5136,-0.11464595
user,5137,-0.162228599
user,5138,-0.231119052
user,5139,-0.0134256277
user,5140,0.103963897
user,5141,0.0738326088
user,5142,0.104116134
user,5143,-0.084324345
user,5144,0.137632698
user,5145,-0.0969374254
user,5146,-0.16907686
user,5147,-0.00284370407
user,5148,0.102480151
user,5149,-0.0812014639
user,5150,0.0801437721
user,5151,0.174107522
user,5152,0.112821706
user,5153,0.0612312295
user,5154,-0.000944999978
user,5155,-0.00180742983
user,5156,-0.147171348
user,5157,-0.186768174
user,5158,-0.0618725717
user,5159,0.0480244011
user,5160,-0.0550161824
user,5161,0.0466166809
user,5162,0.224478245
user,5163,0.0766037554
user,5164,0.0422478989
user,5165,-0.0946351588
user,5166,-0.0480350032
user,5167,-0.0614680387
user,5168,-0.0922572613
user,5169,0.108526364
user,5170,-0.0256014187
user,5171,-0.0909015387
user,5172,-0.0280854478
user,5173,0.0372456983
user,5174,0.0805034339
user,5175,-0.023660738
user,5176,0.139279991
user,5177,0.0331777744
user,5178,0.0273921527
user,5179,-0.327522725
user,5180,-0.0380817503
user,5181,-0.152521223
user,5182,-0.0194861405
user,5183,0.0403603055
user,5184,0.138984472
user,5185,0.0478328392
user,5186,0.181547955
user,5187,0.0491369292
user,5188,0.176233917
user,5189,0.242339507
user,5190,-0.0435866863
user,5191,-0.103035808
user,5192,-0.0218899716
user,5193,-0.0971248671
user,5194,0.0941141993
user,5195,-0.122486874
user,5196,0.120022789
user,5197,-0.103606939
user,5198,-0.0839466304
user,5199,0.0352728516
user,5200,-0.193954274
user,5201,0.0563899502
user,5202,0.103513055
user,5203,0.0432358757
user,5204,0.021973718
user,5205,-0.0386517644
user,5206,-0.0163389035
user,5207,-0.173108593
user,5208,-0.127414882
user,5209,0.047528252
user,5210,-0.150667474
user,5211,-0.190237209
user,5212,0.0614713952
user,5213,-0.322335482
user,5214,-0.0980416685
user,5215,0.197933555
user,5216,0.0600891784
user,5217,-0.0300730187
user,5218,-0.000636350363
user,5219,0.0638935715
user,5220,0.143293142
user,5221,0.157179564
user,5222,-0.235871106
user,5223,-0.395628482
user,5224,0.181196004
user,5225,-0.128040358
user,5226,0.053179957
user,5227,-0.244687691
user,5228,-0.0454022363
user,5229,-0.169420406
user,5230,-0.0315068774
user,5231,0.129979938
user,5232,0.0791631639
user,5233,-0.0171322785
user,5234,-0.0571570992
user,5235,0.0833681971
user,5236,-0.165361881
user,5237,0.0199349336
user,5238,-0.135872692
user,5239,0.021719411
user,5240,0.0841717124
user,5241,0.103169814
user,5242,0.0528984442
user,5243,-0.0744981095
user,5244,0.117206782
user,5245,0.170564532
user,5246,-0.230219871
user,5247,0.0285853334
user,5248,-0.120974422
user,5249,0.161818877
user,5250,-0.0323080942
user,5251,0.00446891412
user,5252,-0.0751736909
user,5253,0.0207291543
user,5254,0.00764303468
user,5255,0.0962291062
user,5256,0.0943994969
user,5257,0.112802267
user,5258,0.0163878053
user,5259,0.109547839
user,5260,0.177298903
user,5261,0.0420672335
user,5262,0.0106376028
user,5263,-0.0998225883
user,5264,-0.00879735686
user,5265,0.162414283
user,5266,0.154974014
user,5267,-0.0928214267
user,5268,-0.0235056281
user,5269,0.203347877
user,5270,0.112649128
user,5271,0.150332779
user,5272,0.0942856744
user,5273,-0.104735464
user,5274,0.144340992
user,5275,-0.0696992427
user,5276,-0.120722137
user,5277,0.0278380588
user,5278,-0.0497088879
user,5279,-0.0572904721
user,5280,-0.00364900008
user,5281,0.240185767
user,5282,0.294059247
user,5283,0.0583457649
user,5284,-0.189883262
user,5285,-0.0867092907
user,5286,0.0512804165
user,5287,-0.100452363
user,5288,-0.132754594
user,5289,0.128233567
user,5290,0.055920992
user,5291,0.0640092641
user,5292,-0.10639549
user,5293,-0.00797053799
user,5294,-0.0813618675
user,5295,-0.0617221668
user,5296,0.0531812496
user,5297,0.0536670908
user,5298,-0.0593239367
user,5299,0.0651048198
user,5300,0.096378915
user,5301,0.0710986257
user,5302,-0.251598209
user,5303,0.0591357499
user,5304,0.290968388
user,5305,0.0896501839
user,5306,-0.0531708598
user,5307,-0.0482355729
user,5308,0.0586773418
user,5309,-0.0591254942
user,5310,0.0308445394
user,5311,0.311152846
user,5312,0.00276999176
user,5313,0.0199509896
user,5314,0.0850568861
user,5315,-0.0877099037
user,5316,0.0193087868
user,5317,0.149897754
user,5318,-0.1311979
user,5319,-0.176649973
user,5320,0.00590645522
user,5321,0.0132058486
user,5322,0.124179348
user,5323,0.0236076564
user,5324,0.106587216
user,5325,0.25772053
user,5326,-0.0678564906
user,5327,-0.0715706795
user,5328,0.044916831
user,5329,-0.0230591819
user,5330,0.0639269128
user,5331,0.0207415484
user,5332,0.0458882973
user,5333,0.0753679872
user,5334,-0.192323416
user,5335,0.0367150567
user,5336,-0.0509902425
user,5337,-0.0991457105
user,5338,-0.0317622572
user,5339,-0.204326168
user,5340,0.00554884085
user,5341,-0.195902169
user,5342,0.00111762434
user,5343,0.105889797
user,5344,0.113475367
user,5345,0.0333300829
user,5346,0.0948089063
user,5347,-0.0117925834
user,5348,0.0621897057
user,5349,-0.286980331
user,5350,0.0720013604
user,5351,0.0741872564
user,5352,0.0801789612
user,5353,-0.0833055377
user,5354,0.0743006915
user,5355,-0.0237530805
user,5356,-0.129854187
user,5357,-0.0609519482
user,5358,-0.0907343775
user,5359,0.076803863
user,5360,-0.0522868112
user,5361,0.017353911
user,5362,0.0134015158
user,5363,-0.233804762
user,5364,-0.00796546042
user,5365,-0.133562386
user,5366,0.0356624126
user,5367,0.150711954
user,5368,0.0374768823
user,5369,0.00583069026
user,5370,0.090695858
user,5371,-0.025270259
user,5372,-0.150819942
user,5373,0.0582761914
user,5374,0.105746873
user,5375,-0.0776675195
user,5376,-0.0118214693
user,5377,-0.255354404
user,5378,-0.0974784866
user,5379,-0.264411211
user,5380,0.0341468565
user,5381,0.236205086
user,5382,0.12999168
user,5383,0.0261815414
user,5384,-0.118575908
user,5385,0.0208445489
user,5386,-0.203299999
user,5387,0.127661303
user,5388,-0.150415048
user,5389,0.0401556492
user,5390,0.011497844
user,5391,0.107993878
user,5392,0.0218589231
user,5393,-0.157199755
user,5394,-0.0973328352
user,5395,-0.103877023
user,5396,-0.0732132941
user,5397,0.111153595
user,5398,0.0887331367
user,5399,-0.026604116
user,5400,0.044419203
user,5401,-0.0876495913
user,5402,-0.0808649883
user,5403,0.0997953415
user,5404,-0.150309101
user,5405,0.152861446
user,5406,-0.100648522
user,5407,-0.00874066353
user,5408,0.0123988353
user,5409,-0.123981752
user,5410,0.222091958
user,5411,0.0184938535
user,5412,-0.0934190005
user,5413,-0.245670676
user,5414,-0.137944847
user,5415,0.177278951
user,5416,0.0731447563
user,5417,0.104851857
user,5418,0.0235335305
user,5419,0.0959604532
user,5420,-0.00683655776
user,5421,0.262002647
user,5422,0.0944107324
user,5423,-0.134926811
user,5424,0.0142724495
user,5425,0.118538029
user,5426,-0.218830287
user,5427,0.11147736
user,5428,-0.109607488
user,5429,0.110796921
user,5430,-0.0488339104
user,5431,-0.0382101908
user,5432,0.00898060948
user,5433,0.0477791205
user,5434,-0.0249568317
user,5435,-0.286842614
user,5436,-0.0309608281
user,5437,-0.0269671828
user,5438,-0.131889313
user,5439,0.0506469868
user,5440,0.190701023
user,5441,0.0792399496
user,5442,0.108762287
user,5443,0.150933594
user,5444,-0.0742452368
user,5445,0.013719989
user,5446,-0.18445608
user,5447,0.226375654
user,5448,-0.24349691
user,5449,0.0615422577
user,5450,0.00932740793
user,5451,0.0025822632
user,5452,0.00900482014
user,5453,0.118020825
user,5454,0.0514101833
user,5455,-0.256452411
user,5456,0.167649508
user,5457,-0.0034626238
user,5458,-0.103947453
user,5459,0.0374779887
user,5460,0.066948019
user,5461,0.0983123928
user,5462,-0.0544180572
user,5463,-0.110438332
user,5464,-0.189620107
user,5465,0.0747648254
user,5466,0.110035852
user,5467,-0.163282216
user,5468,-0.00262798555
user,5469,0.0655563548
user,5470,-0.154229134
user,5471,-0.105585285
user,5472,-0.0398826562
user,5473,-0.159055933
user,5474,0.0961540639
user,5475,0.0475846976
user,5476,0.097481668
user,5477,0.152349368
user,5478,0.0559789017
user,5479,0.0333367065
user,5480,-0.0230817683
user,5481,0.126718342
user,5482,-0.192567214
user,5483,0.0157278776
user,5484,0.149867192
user,5485,0.0259104297
user,5486,-0.254118651
user,5487,-0.130009204
user,5488,0.210427865
user,5489,-0.00468629971
user,5490,0.0662142336
user,5491,0.0317923203
user,5492,0.0344034284
user,5493,-0.0469894037
user,5494,0.0161877908
user,5495,-0.364978492
user,5496,0.146648198
user,5497,-0.1820838
user,5498,0.01318538
user,5499,0.170769274
user,5500,-0.229749113
user,5501,-0.113694198
user,5502,0.0796094984
user,5503,0.100772291
user,5504,0.0479738042
user,5505,-0.0928551406
user,5506,0.105391033
user,5507,-0.146587491
user,5508,-0.0550784729
user,5509,-0.0215455629
user,5510,-0.269710183
user,5511,0.0126696881
user,5512,0.135229737
user,5513,-0.0935734808
user,5514,-0.218342841
user,5515,-0.0402208827
user,5516,0.163839325
user,5517,-0.0704140291
user,5518,-0.211841077
user,5519,0.0817290395
user,5520,0.110975295
user,5521,-0.138397008
user,5522,0.0546236858
user,5523,-0.109581426
user,5524,0.321353704
user,5525,-0.167586625
user,5526,0.163483903
user,5527,0.0491741449
user,5528,-0.0571662039
user,5529,-0.128465831
user,5530,0.142418966
user,5531,-0.16296345
user,5532,-0.168090343
user,5533,-0.150746331
user,5534,-0.256265402
user,5535,0.296069831
user,5536,-0.0937067717
user,5537,-0.0239435993
user,5538,-0.0580536164
user,5539,-0.291679502
user,5540,-0.244150862
user,5541,-0.00200763345
user,5542,-0.14970918
user,5543,-0.037824057
user,5544,0.102608949
user,5545,0.0901094824
user,5546,-0.0360603966
user,5547,0.0635693744
user,5548,0.118051343
user,5549,0.0294163954
user,5550,-0.0143469032
user,5551,0.0845270231
user,5552,0.228708625
user,5553,-0.00351304468
user,5554,-0.157749057
user,5555,-0.125447273
user,5556,0.107060231
user,5557,-0.0555967465
user,5558,-0.0101154018
user,5559,0.0076257661
user,5560,0.120292544
user,5561,-0.127654493
user,5562,0.0169221461
user,5563,-0.227288425
user,5564,0.130082205
user,5565,-0.0270592775
user,5566,-0.0261981338
user,5567,0.166104272
user,5568,0.0545332879
user,5569,0.0164919887
user,5570,0.0122038983
user,5571,0.114277862
user,5572,-0.0454174876
user,5573,0.0132996012
user,5574,-0.230294332
user,5575,0.0619251877
user,5576,0.0654892847
user,5577,-0.141313985
user,5578,-0.0630579665
user,5579,-0.144145966
user,5580,0.0848710686
user,5581,-0.446073413
user,5582,0.0826231465
user,5583,-0.0299539194
user,5584,0.0847763866
user,5585,0.164824486
user,5586,-0.199187905
user,5587,-0.118390918
user,5588,0.0159935802
user,5589,-0.0325599164
user,5590,0.109382942
user,5591,-0.101173773
user,5592,-0.134412915
user,5593,-0.0989362448
user,5594,0.106288716
user,5595,-0.196106583
user,5596,-0.281607211
user,5597,-0.0483228937
user,5598,-0.161794633
user,5599,-0.0952737331
user,5600,-0.217853963
user,5601,-0.000638071448
user,5602,0.35671404
user,5603,-0.0594321005
user,5604,0.0974594802
user,5605,-0.062263757
user,5606,0.255551785
user,5607,-0.268765092
user,5608,-0.32647121
user,5609,-0.130389318
user,5610,-0.165250301
user,5611,-0.108053364
user,5612,-0.163422927
user,5613,-0.00401048362
user,5614,0.148385227
user,5615,0.0194489751
user,5616,-0.016430337
user,5617,-0.124349043
user,5618,-0.11575304
user,5619,-0.0306685213
user,5620,0.163033009
user,5621,-0.175834551
user,5622,-0.0330002904
user,5623,-0.268087894
user,5624,-0.269495845
user,5625,0.215937585
user,5626,0.201791897
user,5627,-0.00746700168
user,5628,-0.00509778038
user,5629,-0.13090378
user,5630,-0.182047248
user,5631,-0.114172168
user,5632,-0.00635641068
user,5633,-0.127331316
user,5634,0.00738178194
user,5635,0.0736599788
user,5636,-0.0333517417
user,5637,-0.0848907828
user,5638,-0.0104610473
user,5639,0.127297923
user,5640,-0.205245763
user,5641,0.130193889
user,5642,-0.183610469
user,5643,-0.046986457
user,5644,0.0344488621
user,5645,0.180255428
user,5646,0.0459726155
user,5647,0.0582360253
user,5648,-0.00347601622
user,5649,-0.0395771675
user,5650,-0.197622001
user,5651,-0.21696052
user,5652,-0.237890184
user,5653,0.127965361
user,5654,-0.232478216
user,5655,0.00181939453
user,5656,-0.150346786
user,5657,-0.327122271
user,5658,0.0611635484
user,5659,-0.00554069132
user,5660,-0.192695826
user,5661,-0.276064277
user,5662,-0.073204197
user,5663,-0.0327390581
user,5664,-0.0366473049
user,5665,0.0308455508
user,5666,0.234401777
user,5667,0.0565992221
user,5668,-0.0172135606
user,5669,-0.023816837
user,5670,-0.0993640274
user,5671,-0.199104831
user,5672,0.0732239187
user,5673,-0.050984621
user,5674,-0.293139786
user,5675,0.0264277905
user,5676,0.0791725516
user,5677,-0.212310359
user,5678,0.0884655267
user,5679,0.171853662
user,5680,-0.146710187
user,5681,-0.0543814339
user,5682,0.110303953
user,5683,0.107372358
user,5684,-0.00240015239
user,5685,0.102128476
user,5686,0.137838349
user,5687,-0.108201697
user,5688,-0.0894737095
user,5689,-0.141072989
user,5690,0.00098137185
user,5691,-0.212095395
user,5692,-0.0752198994
user,5693,-0.038290374
user,5694,0.257973611
user,5695,0.0898452997
user,5696,0.00770498067
user,5697,0.13914153
user,5698,-0.0229979381
user,5699,-0.0539215878
user,5700,-0.0566168763
user,5701,-0.0266697425
user,5702,0.0876098648
user,5703,0.0457460284
user,5704,-0.00780270062
user,5705,-0.0100929476
user,5706,0.120826922
user,5707,-0.0551809557
user,5708,0.162326515
user,5709,0.0446278714
user,5710,0.0209247023
user,5711,0.16623494
user,5712,-0.0549780801
user,5713,-0.0868544132
user,5714,0.211574554
user,5715,-0.00646802783
user,5716,-0.000206708908
user,5717,-0.0266055856
user,5718,0.0581894107
user,5719,0.0598041192
user,5720,0.0709399804
user,5721,0.188379049
user,5722,-0.205574989
user,5723,-0.028825203
user,5724,-0.149108827
user,5725,0.0483513102
user,5726,-0.0338444524
user,5727,0.0311218314
user,5728,-0.113938168
user,5729,-0.239924401
user,5730,-0.29477191
user,5731,-0.082821995
user,5732,-0.0568257831
user,5733,0.0283471271
user,5734,-0.206260577
user,5735,0.0630004406
user,5736,-0.0188690573
user,5737,-0.30055964
user,5738,0.197629213
user,5739,-0.0670291334
user,5740,0.168047354
user,5741,0.0370278098
user,5742,-0.0322047621
user,5743,-0.192528248
user,5744,-0.00918718055
user,5745,-0.00220654905
user,5746,-0.174536481
user,5747,0.040827021
user,5748,-0.0747090131
user,5749,0.00522112474
user,5750,-0.285470366
user,5751,0.0851134658
user,5752,0.152324378
user,5753,0.0293136053
user,5754,-0.0655221567
user,5755,-0.0399855003
user,5756,-0.119724452
user,5757,-0.0819161758
user,5758,-0.254218429
user,5759,0.0743495673
user,5760,-0.0498337634
user,5761,-0.00185949076
user,5762,0.0241785087
user,5763,-0.0096206516
user,5764,-0.0771452412
user,5765,-0.0114072971
user,5766,0.218687683
user,5767,-0.0058879545
user,5768,0.147026747
user,5769,0.0502338484
user,5770,0.0166591331
user,5771,0.038675338
user,5772,0.136541665
user,5773,0.00800341368
user,5774,-0.0706990883
user,5775,-0.162508294
user,5776,0.00105806813
user,5777,-0.0442461893
user,5778,0.0195509195
user,5779,0.0387957357
user,5780,0.135638624
user,5781,0.0633159429
user,5782,-0.0977377817
user,5783,-0.0174837038
user,5784,-0.214444801
user,5785,-0.130855605
user,5786,-0.0394528992
user,5787,-0.147577763
user,5788,-0.114655197
user,5789,-0.129189789
user,5790,0.105193585
user,5791,0.163688242
user,5792,0.041154325
user,5793,-0.162833005
user,5794,-0.125067145
user,5795,-0.0374561958
user,5796,-0.199460283
user,5797,-0.148726702
user,5798,-0.268580109
user,5799,0.0522758886
user,5800,-0.0532357916
user,5801,0.0023227036
user,5802,-0.271551043
user,5803,-0.0257018767
user,5804,-0.00559803098
user,5805,-0.117452085
user,5806,-0.0623292625
user,5807,-0.0787098482
user,5808,-0.0112129562
user,5809,0.01368431
user,5810,-0.102238946
user,5811,-0.061339695
user,5812,0.172196656
user,5813,0.0815333277
user,5814,-0.224818915
user,5815,-0.0494718701
user,5816,-0.19896023
user,5817,0.0688539892
user,5818,-0.032289423
user,5819,-0.167304233
user,5820,-0.14811942
user,5821,0.0932026282
user,5822,-0.142897502
user,5823,-0.0246158391
user,5824,-0.0890376195
user,5825,0.207066327
user,5826,0.0187963322
user,5827,-0.0523666218
user,5828,-0.162848383
user,5829,0.165075034
user,5830,0.114914916
user,5831,-0.16374357
user,5832,0.154904246
user,5833,-0.0513948239
user,5834,-0.097925365
user,5835,-0.115603626
user,5836,-0.0764734298
user,5837,-0.0399445407
user,5838,0.177065343
user,5839,0.0629915372
user,5840,-0.0590504631
user,5841,-0.0351564176
user,5842,0.0713482723
user,5843,-0.0178773329
user,5844,0.0746033639
user,5845,0.28420946
user,5846,-0.151394337
user,5847,0.24496837
user,5848,-0.129935533
user,5849,0.120793492
user,5850,-0.18741174
user,5851,-0.0124726985
user,5852,-0.278862447
user,5853,-0.00269370526
user,5854,0.0125774853
user,5855,-0.191010043
user,5856,0.030991938
user,5857,-0.236739784
user,5858,-0.196427405
user,5859,-0.0712415576
user,5860,0.140329435
user,5861,-0.011418879
user,5862,-0.0911664367
user,5863,-0.0978626683
user,5864,-0.135169938
user,5865,-0.10498403
user,5866,-0.246157125
user,5867,-0.128972352
user,5868,0.00440072641
user,5869,-0.0553970188
user,5870,-0.128383234
user,5871,-0.0774818286
user,5872,-0.141273916
user,5873,-0.323356688
user,5874,0.139974013
user,5875,-0.0766800418
user,5876,-0.105398804
user,5877,0.00122986408
user,5878,0.102697
user,5879,-0.102641806
user,5880,-0.104315326
user,5881,-0.0580984503
user,5882,-0.0555599779
user,5883,-0.00278919563
user,5884,-0.118724391
user,5885,0.23315458
user,5886,-0.0914790481
user,5887,0.00520820171
user,5888,-0.0863576457
user,5889,-0.132919252
user,5890,-0.0106241889
user,5891,0.0724890083
user,5892,-0.188646704
user,5893,0.132725179
user,5894,-0.0914296359
user,5895,0.147176668
user,5896,-0.0598797798
user,5897,-0.15370433
user,5898,0.0913642347
user,5899,0.0408908427
user,5900,0.129238933
user,5901,0.00885214657
user,5902,-0.0753462166
user,5903,-0.284273058
user,5904,0.208788589
user,5905,-0.226282984
user,5906,-0.0540832467
user,5907,0.247169137
user,5908,-0.266633809
user,5909,-0.0175566301
user,5910,0.332148582
user,5911,-0.0260561742
user,5912,-0.230911091
user,5913,-0.161119044
user,5914,0.0359492488
user,5915,0.196277559
user,5916,0.195554018
user,5917,0.375640839
user,5918,0.112614781
user,5919,0.0952183455
user,5920,0.125203639
user,5921,0.108853549
user,5922,0.132731989
user,5923,-0.00118060224
user,5924,-0.0739164576
user,5925,0.0837452635
user,5926,0.201394737
user,5927,-0.0763268098
user,5928,-0.0280688554
user,5929,0.0299008358
user,5930,-0.118138827
user,5931,0.0100469217
user,5932,-0.0435319915
user,5933,0.0583830141
user,5934,-0.105074316
user,5935,-0.0908249989
user,5936,-0.139142394
user,5937,0.0781144798
user,5938,-0.131527707
user,5939,0.0440652855
user,5940,0.077315852
user,5941,0.0913525969
user,5942,-0.225349367
user,5943,-0.0321440734
user,5944,0.0144196432
user,5945,-0.0549573079
user,5946,0.0905536413
user,5947,0.195797205
user,5948,0.0704690963
user,5949,-0.040296834
user,5950,-0.0555212572
user,5951,-0.213423297
user,5952,-0.0596398637
user,5953,0.207724884
user,5954,-0.130679533
user,5955,-0.0976741016
user,5956,-0.220668763
user,5957,-0.225860372
user,5958,-0.0520460308
user,5959,0.166308671
user,5960,0.113693431
user,5961,-0.0551513135
user,5962,0.0604201332
user,5963,-0.115317881
user,5964,-0.153795168
user,5965,0.098283194
user,5966,0.0837920606
user,5967,-0.137807041
user,5968,0.108648017
user,5969,-0.102449372
user,5970,-0.108322151
user,5971,-0.04620298
user,5972,0.10585741
user,5973,-0.0666719601
user,5974,0.0898673609
user,5975,-0.0150657296
user,5976,-0.196607947
user,5977,-0.144982174
user,5978,0.167188883
user,5979,0.0581405833
user,5980,-0.0507457778
user,5981,-0.097914055
user,5982,-0.340795159
user,5983,-0.0119904261
user,5984,0.00850139186
user,5985,0.0459043384
user,5986,-0.00183385611
user,5987,0.184388191
user,5988,-0.133280396
user,5989,0.0801330879
user,5990,0.142398179
user,5991,0.0318438597
user,5992,0.196901113
user,5993,-0.0495195314
user,5994,-0.11924687
user,5995,-0.136265174
user,5996,-0.255856723
user,5997,-0.200661927
user,5998,-0.203145564
user,5999,-0.304616928
user,6000,-0.14035365
user,6001,0.0313019753
user,6002,0.14489156
user,6003,-0.0861612335
user,6004,0.0771445334
user,6005,-0.19849804
user,6006,-0.165070474
user,6007,0.0559150651
user,6008,0.0605093352
user,6009,-0.0464035869
user,6010,0.0633999482
user,6011,0.0561289266
user,6012,0.0594315305
user,6013,-0.214669481
user,6014,-0.0087996535
user,6015,0.0173842739
user,6016,-0.0807616413
user,6017,-0.0546641946
user,6018,-0.130250543
user,6019,0.038210135
user,6020,0.0554176904
user,6021,-0.206440628
user,6022,0.174583524
user,6023,0.225857615
user,6024,0.00193401426
user,6025,-0.0295970365
user,6026,-0.0963213742
user,6027,-0.0193974897
user,6028,-0.0776441395
user,6029,0.0224316623
user,6030,-0.093067646
user,6031,0.133859038
user,6032,0.00953209493
user,6033,-0.122838974
user,6034,0.0500793085
user,6035,0.0505281277
user,6036,-0.118927158
user,6037,-0.126560062
user,6038,0.0632423311
user,6039,0.0374651961
user,6040,-0.0371760279
user,6041,0.106644355
user,6042,0.0829998404
user,6043,-0.0980054587
user,6044,0.0147497281
user,6045,-0.0777429342
user,6046,-0.0703287125
user,6047,-0.207450673
user,6048,-0.309370756
user,6049,0.167975307
user,6050,0.16990979
user,6051,0.00692628045
user,6052,-0.000105185434
user,6053,0.0328657031
user,6054,0.0613308102
user,6055,0.241657913
user,6056,0.115120888
user,6057,0.0324083194
user,6058,-0.0774640441
user,6059,0.00429294445
user,6060,-0.0730734318
user,6061,-0.107240096
user,6062,-0.197753087
user,6063,0.115589753
user,6064,-0.0950135589
user,6065,-0.139417961
user,6066,-0.0424140394
user,6067,-0.0395256132
user,6068,-0.0422568731
user,6069,0.122304723
user,6070,-0.0514123589
user,6071,0.114189148
user,6072,4.07081097e-06
user,6073,0.0906987861
user,6074,-0.00806822255
user,6075,0.0630692467
user,6076,0.0629529506
user,6077,-0.0864577293
user,6078,0.043956697
user,6079,0.0835256577
user,6080,-0.0533758551
user,6081,-0.0942765847
user,6082,0.000855900347
user,6083,0.0732594877
user,6084,-0.0460358933
user,6085,0.0128955543
user,6086,-0.0994440243
user,6087,-0.152915612
user,6088,0.051490441
user,6089,0.051712919
user,6090,-0.131740332
user,6091,0.0328995064
user,6092,0.0460153967
user,6093,-0.0298107043
user,6094,-0.0237934105
user,6095,-0.14013195
user,6096,-0.143693
user,6097,-0.130766287
user,6098,-0.00810601935
user,6099,0.15799284
user,6100,0.219776019
user,6101,-0.163716033
user,6102,0.0532843284
user,6103,0.286842108
user,6104,0.0818957686
user,6105,-0.0170707218
user,6106,-0.049086716
user,6107,-0.0530508608
user,6108,-0.0882429481
user,6109,-0.0957562625
user,6110,0.0667201653
user,6111,0.165109113
user,6112,-0.0708360225
user,6113,0.042157121
user,6114,0.00613839179
user,6115,0.0270849019
user,6116,0.125619441
user,6117,-0.245453298
user,6118,0.164612353
user,6119,-0.0251438152
user,6120,-0.0557103083
user,6121,0.0510589927
user,6122,-0.146620929
user,6123,-0.0884245038
user,6124,-0.0308161732
user,6125,0.203346044
user,6126,-0.264448047
user,6127,0.127735093
user,6128,0.00905939564
user,6129,-0.0220257863
user,6130,-0.104161471
user,6131,-0.0130592957
user,6132,0.192173466
user,6133,-0.131154865
user,6134,0.0122311097
user,6135,0.253456056
user,6136,-0.273766458
user,6137,-0.044540219
user,6138,-0.118009865
user,6139,0.00791434944
user,6140,0.0254301224
user,6141,-0.0232472867
user,6142,-0.0379047915
user,6143,0.0615415201
user,6144,-0.0930819958
user,6145,-0.0283287726
user,6146,-0.00693378597
user,6147,-0.00326450448
user,6148,-0.212013796
user,6149,-0.0368635207
user,6150,0.130018443
user,6151,0.0707630813
user,6152,0.108719669
user,6153,0.0369581431
user,6154,-0.121029302
user,6155,0.0119767785
user,6156,0.146064743
user,6157,-0.193463832
user,6158,-0.0483541191
user,6159,-0.105099067
user,6160,0.0951525196
user,6161,0.106446169
user,6162,-0.113343745
user,6163,0.24763003
user,6164,-0.105975755
user,6165,-0.0834911168
user,6166,-0.0191623569
user,6167,-0.104146093
user,6168,-0.239261061
user,6169,-0.1580998
user,6170,-0.144947439
user,6171,-0.0541271418
user,6172,0.102438934
user,6173,-0.112064004
user,6174,-0.189105317
user,6175,0.225949824
user,6176,-0.0236526355
user,6177,-0.135097846
user,6178,-0.200209171
user,6179,0.00254828855
user,6180,0.000894069672
user,6181,0.0373750217
user,6182,0.0579304732
user,6183,0.175082862
user,6184,-0.081967704
user,6185,-0.0518556684
user,6186,-0.00500922464
user,6187,-0.239709839
user,6188,-0.164641604
user,6189,-0.0711798742
user,6190,0.328412414
user,6191,-0.0163489394
user,6192,-0.0454460084
user,6193,-0.250177562
user,6194,0.0295065418
user,6195,0.0614852495
user,6196,-0.150344297
user,6197,0.0571526662
user,6198,0.155055821
user,6199,-0.0769404098
user,6200,-0.105043255
user,6201,-0.0963528976
user,6202,0.129832327
user,6203,-0.266972959
user,6204,-0.080079481
user,6205,-0.107655622
user,6206,-0.0431552455
user,6207,0.134000406
user,6208,0.00782202557
user,6209,0.154873461
user,6210,0.196103513
user,6211,-0.170535535
user,6212,-0.0492854677
user,6213,-0.0178305134
user,6214,0.020565778
user,6215,-0.00710061193
user,6216,-0.0839239508
user,6217,-0.0992079377
user,6218,0.148619235
user,6219,-0.0518318787
user,6220,-0.287011892
user,6221,0.00961508974
user,6222,0.120896161
user,6223,0.111612618
user,6224,0.0751639083
user,6225,-0.0134965368
user,6226,-0.0530328713
user,6227,0.00676649623
user,6228,0.171422184
user,6229,0.071023494
user,6230,0.0178031102
user,6231,0.263900936
user,6232,0.109245047
user,6233,-0.00622658245
user,6234,-0.11885567
user,6235,-0.0578316748
user,6236,-0.327099085
user,6237,-0.416849792
user,6238,-0.103013992
user,6239,-0.121979937
user,6240,0.0143344039
user,6241,0.0605446659
user,6242,-0.169756979
user,6243,0.0485639162
user,6244,-0.170221493
user,6245,0.140407592
user,6246,-0.0755206794
user,6247,0.0984553099
user,6248,0.0562966838
user,6249,0.177360028
user,6250,-0.205855161
user,6251,-0.0957967266
user,6252,-0.129691795
user,6253,-0.11531315
user,6254,0.107720315
user,6255,0.0437537581
user,6256,0.113478571
user,6257,-0.0973648801
user,6258,-0.128440902
user,6259,-0.0103796273
user,6260,0.0200185031
user,6261,-0.0480524525
user,6262,-0.238512754
user,6263,-0.0994540602
user,6264,0.0187013689
user,6265,-0.0887684301
user,6266,-0.114497744
user,6267,-0.109105214
user,6268,0.181942284
user,6269,0.0245785676
user,6270,-0.000662833452
user,6271,-0.0407580957
user,6272,-0.0799883381
user,6273,-0.180093825
user,6274,-0.113639742
user,6275,0.0716935769
user,6276,-0.288134098
user,6277,0.0575535186
user,6278,-0.116345413
user,6279,0.252710998
user,6280,-0.254177809
user,6281,-0.0407693014
user,6282,0.000435782596
user,6283,-0.00507105514
user,6284,-0.212134495
user,6285,-0.331750482
user,6286,0.0198682193
user,6287,-0.0694264919
user,6288,0.263613313
user,6289,-0.162697658
user,6290,0.109250255
user,6291,0.209941402
user,6292,-0.0622488745
user,6293,-0.10173586
user,6294,0.00720270351
user,6295,0.135990083
user,6296,-0.0899833962
user,6297,-0.205627054
user,6298,0.0470432118
user,6299,0.106968313
user,6300,0.0907696486
user,6301,-0.144758046
user,6302,-0.0295458362
user,6303,0.148877069
user,6304,-0.0359189287
user,6305,-0.146440268
user,6306,-0.126078174
user,6307,-0.0876084119
user,6308,0.258300573
user,6309,0.0728444308
user,6310,-0.110299274
user,6311,0.0520012528
user,6312,0.080015257
user,6313,-0.11625547
user,6314,0.238469511
user,6315,0.117195688
user,6316,0.27365455
user,6317,-0.0897988454
user,6318,0.0775596499
user,6319,-0.0660383105
user,6320,-0.17046614
user,6321,-0.135464147
user,6322,-0.0788865015
user,6323,-0.25187403
user,6324,-0.309947759
user,6325,-0.161099732
user,6326,0.0455493778
user,6327,0.0939354748
user,6328,0.0660800263
user,6329,-0.0674310252
user,6330,-0.25431481
user,6331,-0.108521074
user,6332,-0.129052639
user,6333,-0.0990545526
user,6334,-0.146474689
user,6335,-0.0351110995
user,6336,-0.112608045
user,6337,0.0273840465
user,6338,0.0263144262
user,6339,-0.109601095
user,6340,-0.0211487189
user,6341,-0.00209504366
user,6342,-0.0929088742
user,6343,0.191443831
user,6344,0.0128491754
user,6345,0.0530672632
user,6346,0.312794924
user,6347,0.0680954456
user,6348,0.0924260765
user,6349,-0.0647035167
user,6350,-0.115154147
user,6351,0.0600915551
user,6352,0.0251527522
user,6353,-0.308632612
user,6354,-0.0728033558
user,6355,-0.180862755
user,6356,-0.0144545734
user,6357,0.114376441
user,6358,-0.0417400822
user,6359,-0.169385225
user,6360,-0.130126074
user,6361,-0.142460197
user,6362,0.110602602
user,6363,0.109844968
user,6364,-0.194902956
user,6365,0.150468037
user,6366,0.139385432
user,6367,0.084235996
user,6368,0.118739754
user,6369,-0.0795570761
user,6370,0.173335269
user,6371,0.0167489219
user,6372,-0.113876045
user,6373,0.107481889
user,6374,0.0592970923
user,6375,0.114874482
user,6376,0.280293226
user,6377,0.0947152227
user,6378,0.0314295068
user,6379,-0.205768287
user,6380,0.126806185
user,6381,-0.123331904
user,6382,-0.126152307
user,6383,-0.0840080529
user,6384,0.20196861
user,6385,0.110774234
user,6386,-0.109118804
user,6387,-0.235996306
user,6388,0.095823437
user,6389,-0.204909995
user,6390,-0.0268375017
user,6391,-0.254044265
user,6392,-0.060076531
user,6393,-0.211420447
user,6394,-0.0815067813
user,6395,-0.280616552
user,6396,-0.321733475
user,6397,0.0203316789
user,6398,-0.00980623066
user,6399,0.183284864
user,6400,0.0611060783
user,6401,0.00794662721
user,6402,0.117360719
user,6403,-0.217932507
user,6404,0.286017299
user,6405,0.185620308
user,6406,0.0683175027
user,6407,-0.22840859
user,6408,0.113527767
user,6409,-0.00436682487
user,6410,-0.123561993
user,6411,-0.116274089
user,6412,-0.0833167136
user,6413,0.0129674915
user,6414,0.0713769644
user,6415,-0.0392193049
user,6416,-0.174074262
user,6417,-0.0773243904
user,6418,-0.139701024
user,6419,0.0573913977
user,6420,0.0939100012
user,6421,0.15795882
user,6422,-0.0361889638
user,6423,0.0698385984
user,6424,-0.176190555
user,6425,0.0963644534
user,6426,0.101252668
user,6427,0.0907730162
user,6428,0.0417260528
user,6429,0.0749502927
user,6430,-0.167715609
user,6431,0.0620340332
user,6432,0.00790666882
user,6433,0.160072938
user,6434,-0.0136004984
user,6435,0.310832351
user,6436,0.0744146481
user,6437,-0.18080999
user,6438,0.0423262268
user,6439,0.0398199633
user,6440,-0.075674668
user,6441,-0.0343637988
user,6442,0.129784763
user,6443,0.0709038898
user,6444,0.159400657
user,6445,0.0910403505
user,6446,0.016495347
user,6447,0.0709296241
user,6448,-0.0487745255
user,6449,-0.217896342
user,6450,0.0445135683
user,6451,0.0239637569
user,6452,-0.0648304671
user,6453,-0.0207613148
user,6454,-0.0913523212
user,6455,0.0891252756
user,6456,-0.13347894
user,6457,-0.108139552
user,6458,-0.0617509633
user,6459,-0.156847
user,6460,-0.00553410873
user,6461,0.146097481
user,6462,0.00395509973
user,6463,0.0552863479
user,6464,0.0919546187
user,6465,0.0825702697
user,6466,-0.103236057
user,6467,0.0102525167
user,6468,0.0516515523
user,6469,-0.221676767
user,6470,0.052203197
user,6471,0.0700879395
user,6472,-0.166441858
user,6473,-0.0792800412
user,6474,-0.129049778
user,6475,-0.0901221186
user,6476,0.189405024
user,6477,0.0829886645
user,6478,0.120247923
user,6479,-0.061649017
user,6480,-0.236440599
user,6481,-0.056766741
user,6482,-0.259250402
user,6483,0.0261297897
user,6484,0.176308572
user,6485,-0.00949038938
user,6486,0.100433074
user,6487,0.00191208348
user,6488,0.0180149227
user,6489,-0.100505769
user,6490,0.107549399
user,6491,0.159653082
user,6492,0.0440303199
user,6493,0.0462930389
user,6494,0.0279905684
user,6495,0.0738644302
user,6496,-0.0482685268
user,6497,-0.229964405
user,6498,-0.0958277807
user,6499,0.0407071784
user,6500,0.102790833
user,6501,-0.124681503
user,6502,0.0706125945
user,6503,-0.0401158184
user,6504,0.0377581231
user,6505,0.0331819728
user,6506,0.0856701955
user,6507,0.186218485
user,6508,-0.239104584
user,6509,0.0142270643
user,6510,0.190456867
user,6511,-0.0516299941
user,6512,-0.0850870833
user,6513,-0.14503558
user,6514,-0.0848656744
user,6515,-0.174567834
user,6516,0.074200213
user,6517,-0.1658099
user,6518,0.127441734
user,6519,0.00797166303
user,6520,-0.0194264986
user,6521,-0.0591630973
user,6522,-0.0603608936
user,6523,-0.182188466
user,6524,0.0140303671
user,6525,-0.122765571
user,6526,-0.048236765
user,6527,0.139337301
user,6528,-0.0199737176
user,6529,-0.197905988
user,6530,0.101213276
user,6531,-0.0815792456
user,6532,-0.173409909
user,6533,-0.0318681225
user,6534,0.0814828649
user,6535,-0.044837147
user,6536,0.073757723
user,6537,0.0700996965
user,6538,-0.0845402926
user,6539,0.0340937786
user,6540,0.00685654301
user,6541,-0.0357463434
user,6542,-0.103909239
user,6543,-0.0331369042
user,6544,0.0233146735
user,6545,0.0307330489
user,6546,-0.0387792736
user,6547,-0.00521497382
user,6548,0.111437611
user,6549,0.0708602518
user,6550,0.22075054
user,6551,-0.191394031
user,6552,-0.104236029
user,6553,0.0167016629
user,6554,0.0370261893
user,6555,-0.0791171715
user,6556,-0.0307400599
user,6557,-0.096697107
user,6558,0.0810687914
user,6559,-0.0603316426
user,6560,-0.273170501
user,6561,-0.0555676222
user,6562,-0.110158786
user,6563,0.0972241908
user,6564,0.0346664749
user,6565,0.149742588
user,6566,-0.0146970078
user,6567,-0.0557835214
user,6568,0.0866017491
user,6569,-0.24072364
user,6570,-0.147030562
user,6571,-0.026733838
user,6572,-0.326840192
user,6573,-0.113116316
user,6574,-0.0745178759
user,6575,-0.0263562389
user,6576,0.0770273209
user,6577,0.0462048575
user,6578,0.0611495227
user,6579,0.0523339882
user,6580,0.105447903
user,6581,0.00330662914
user,6582,0.0301591754
user,6583,-0.248429328
user,6584,-0.055035565
user,6585,0.239553005
user,6586,0.0779744089
user,6587,-0.0710289106
user,6588,-0.127454847
user,6589,-0.0427560471
user,6590,0.2090552
user,6591,0.346286178
user,6592,0.141734302
user,6593,0.174065098
user,6594,0.0504203588
user,6595,-0.0550767146
user,6596,0.0323740467
user,6597,0.109340064
user,6598,0.164439172
user,6599,0.0731185898
user,6600,0.0114662796
user,6601,0.143942028
user,6602,-0.101389021
user,6603,0.00306628738
user,6604,-0.106733978
user,6605,0.0141535373
user,6606,0.0304198265
user,6607,0.0272892304
user,6608,0.117642656
user,6609,-0.261416614
user,6610,-0.00974400714
user,6611,0.180447966
user,6612,-0.0206426792
user,6613,0.0933344737
user,6614,0.0810880288
user,6615,-0.0118630044
user,6616,0.257508665
user,6617,0.249622419
user,6618,0.019688718
user,6619,0.0808309987
user,6620,-0.120289713
user,6621,-0.0830490589
user,6622,-0.0289624222
user,6623,0.120332494
user,6624,0.134953126
user,6625,0.0816202462
user,6626,-0.0837218463
user,6627,0.158126265
user,6628,-0.198156968
user,6629,-0.0166733898
user,6630,0.0248670913
user,6631,-0.0406261533
user,6632,0.12948139
user,6633,-0.0834125206
user,6634,-0.0293860435
user,6635,0.0810461938
user,6636,-0.347181618
user,6637,-0.0971370041
user,6638,-0.04687218
user,6639,-0.0479967371
user,6640,-0.0306848977
user,6641,-0.0981428251
user,6642,0.0898417532
user,6643,0.0180052295
user,6644,-0.224115074
user,6645,-0.0183029659
user,6646,-0.0962265953
user,6647,-0.0391704962
user,6648,0.0426213965
user,6649,-0.184266463
user,6650,0.151691139
user,6651,0.140162811
user,6652,-0.0215196684
user,6653,-0.0712210163
user,6654,0.00108715333
user,6655,-0.281728804
user,6656,-0.106314376
user,6657,0.0932187587
user,6658,-0.0407507271
user,6659,-0.0871602446
user,6660,-0.131736428
user,6661,-0.0207767542
user,6662,-0.0531614721
user,6663,-0.0796913207
user,6664,0.0682425871
user,6665,-0.213321239
user,6666,0.0642850921
user,6667,-0.144515201
user,6668,-0.0751142129
user,6669,-0.0132469963
user,6670,-0.00549736619
user,6671,-0.0889473259
user,6672,-0.237972707
user,6673,-0.0384769663
user,6674,-0.0557310507
user,6675,-0.0567424931
user,6676,-0.0505405366
user,6677,-0.0940494686
user,6678,0.0620423742
user,6679,0.125273973
user,6680,-0.0481166467
user,6681,-0.0416153818
user,6682,0.0431965813
user,6683,0.223020688
user,6684,-0.0635659248
user,6685,0.046413675
user,6686,-0.0895692483
user,6687,-0.0473391563
user,6688,-0.0440878272
user,6689,-0.0155387521
user,6690,0.124504849
user,6691,0.172222689
user,6692,0.108394623
user,6693,0.0801906288
user,6694,-0.0336120538
user,6695,0.301808655
user,6696,0.035499718
user,6697,0.381250113
user,6698,0.172035336
user,6699,-0.0988054425
user,6700,0.183687449
user,6701,-0.0280402508
user,6702,0.0650517046
user,6703,-0.23230274
user,6704,-0.175984144
user,6705,-0.234822854
user,6706,0.141942978
user,6707,0.0131028593
user,6708,-0.0599726215
user,6709,-0.0793177634
user,6710,-0.0569352806
user,6711,-0.0576394871
user,6712,0.0344807506
user,6713,0.00163482781
user,6714,-0.17838496
user,6715,0.0639936328
user,6716,-0.0530169122
user,6717,-0.136401579
user,6718,0.0461113714
user,6719,0.00468318164
user,6720,0.0620952845
user,6721,0.168858677
user,6722,-0.0120167956
user,6723,-0.0162690803
user,6724,-0.0726408288
user,6725,0.149755493
user,6726,0.106269591
user,6727,0.185122579
user,6728,0.0952828526
user,6729,0.00279277563
user,6730,-0.187736169
user,6731,-0.0756178275
user,6732,0.0818230957
user,6733,-0.0129459817
user,6734,-0.0563565269
user,6735,0.097093299
user,6736,0.0771114677
user,6737,0.166941166
user,6738,-0.0397601724
user,6739,0.0874066874
user,6740,-0.121878445
user,6741,0.176363885
user,6742,0.120063305
user,6743,0.294643462
user,6744,-0.209811598
user,6745,0.049199719
user,6746,0.0677530766
user,6747,-0.176621839
user,6748,-0.0296117328
user,6749,0.0346625298
user,6750,0.0724153817
user,6751,-0.144427091
user,6752,-0.0192991812
user,6753,0.185949624
user,6754,0.127424136
user,6755,0.12976563
user,6756,-0.234951437
user,6757,-0.201669395
user,6758,0.186480746
user,6759,0.125699058
user,6760,0.193568155
user,6761,-0.314223647
user,6762,0.140443206
user,6763,0.123635717
user,6764,-0.0611417592
user,6765,0.13617608
user,6766,0.0531090721
user,6767,-0.0975271314
user,6768,0.0314831845
user,6769,0.142834783
user,6770,-0.166066244
user,6771,0.0971194506
user,6772,0.0313988775
user,6773,0.00591577962
user,6774,0.00895833597
user,6775,-0.13673085
user,6776,0.213905588
user,6777,-0.0440215208
user,6778,-0.0751109794
user,6779,-0.0940883905
user,6780,0.0188186988
user,6781,-0.0811892003
user,6782,-0.0683967322
user,6783,-0.057535518
user,6784,0.212035447
user,6785,0.0404861644
user,6786,0.0341296569
user,6787,0.0965374783
user,6788,0.124875017
user,6789,-0.0782092884
user,6790,0.121301994
user,6791,0.146361411
user,6792,-0.126715094
user,6793,-0.159303203
user,6794,-0.175749406
user,6795,0.144289985
user,6796,-0.154108346
user,6797,0.197591275
user,6798,0.147619307
user,6799,-0.0239303
user,6800,-0.044381611
user,6801,0.0161561035
user,6802,0.065573886
user,6803,-0.0492990464
user,6804,0.127096906
user,6805,-0.0372458883
user,6806,-0.0108179674
user,6807,-0.129496425
user,6808,-0.0723800957
user,6809,-0.033532761
user,6810,0.265057921
user,6811,-0.138587669
user,6812,0.0899687782
user,6813,0.0386586189
user,6814,-0.0127161816
user,6815,0.175580829
user,6816,0.275522619
user,6817,0.245017067
user,6818,0.142421335
user,6819,-0.0211971104
user,6820,0.215551108
user,6821,0.216308355
user,6822,-0.0468167365
user,6823,-0.0368355736
user,6824,-0.10493578
user,6825,0.236415118
user,6826,0.102959521
user,6827,0.195962787
user,6828,-0.0676746294
user,6829,-0.0270851925
user,6830,0.00266919285
user,6831,-0.0802726224
user,6832,-0.0482333377
user,6833,-0.0924709439
user,6834,0.107067198
user,6835,0.109406419
user,6836,-0.0340410545
user,6837,-0.0843167454
user,6838,0.0521066561
user,6839,0.265461028
user,6840,0.109297946
user,6841,0.0175853502
user,6842,-0.0254183151
user,6843,-0.0563219637
user,6844,0.061683625
user,6845,0.00670218747
user,6846,-0.0559065491
user,6847,0.192035556
user,6848,-0.300687701
user,6849,-0.353941441
user,6850,-0.0901163965
user,6851,-0.169504166
user,6852,-0.151577607
user,6853,0.0465820394
user,6854,0.084931545
user,6855,-0.0538243204
user,6856,-0.149579495
user,6857,-0.0295320302
user,6858,0.00831978768
user,6859,-0.0894785374
user,6860,0.152952179
user,6861,0.0671135187
user,6862,0.0879559591
user,6863,0.129685462
user,6864,0.0282254983
user,6865,0.00771491416
user,6866,0.000342324376
user,6867,0.0674164817
user,6868,0.0353736877
user,6869,-0.108075775
user,6870,0.0158156585
user,6871,-0.00215413421
user,6872,-0.0103967153
user,6873,0.0415907092
user,6874,0.0920503214
user,6875,0.132505983
user,6876,0.117071971
user,6877,-0.117248468
user,6878,-0.158559129
user,6879,0.0458769836
user,6880,-0.120427974
user,6881,-0.00633205101
user,6882,0.0575594343
user,6883,0.0837629065
user,6884,-0.0871623158
user,6885,-0.0262687206
user,6886,-0.0683777556
user,6887,-0.30002591
user,6888,-0.148122564
user,6889,-0.113484152
user,6890,0.00412833318
user,6891,-0.106114119
user,6892,-0.255471081
user,6893,0.0300899595
user,6894,0.024489874
user,6895,-0.18670924
user,6896,-0.0581698529
user,6897,-0.0708275288
user,6898,0.0254023187
user,6899,0.0429036729
user,6900,0.012598116
user,6901,-0.2154755
user,6902,-0.224729508
user,6903,0.116061233
user,6904,-0.130001083
user,6905,-0.126902938
user,6906,0.16035223
user,6907,0.0899391621
user,6908,-0.213552982
user,6909,-0.206060365
user,6910,-0.0462454893
user,6911,-0.0791805536
user,6912,0.0281279311
user,6913,-0.0984071717
user,6914,-0.0714794099
user,6915,0.0356913917
user,6916,0.160855934
user,6917,0.170256525
user,6918,-0.0262277983
user,6919,-0.0111429654
user,6920,0.0168576501
user,6921,-0.113778338
user,6922,-0.226828262
user,6923,-0.00743577443
user,6924,-0.133073241
user,6925,-0.176379725
user,6926,0.064891465
user,6927,0.0921872854
user,6928,0.0458579361
user,6929,-0.131658837
user,6930,-0.0622738749
user,6931,-0.187079236
user,6932,-0.133811921
user,6933,0.0212146938
user,6934,-0.236424133
user,6935,0.0271816924
user,6936,-0.0709029585
user,6937,0.027640054
user,6938,0.0059668012
user,6939,0.0135117527
user,6940,0.000631647184
user,6941,0.0538813509
user,6942,-0.0506527424
user,6943,0.0261850357
user,6944,0.0524967983
user,6945,-0.247259155
user,6946,-0.232054949
user,6947,-0.0665140301
user,6948,0.0722813159
user,6949,5.08129597e-06
user,6950,-0.108682878
user,6951,-0.129288867
user,6952,-0.0581437051
user,6953,-0.141023964
user,6954,-0.0809917524
user,6955,-0.00286737084
user,6956,-0.0501578674
user,6957,0.15342994
user,6958,-0.196893349
user,6959,0.0498131961
user,6960,0.0825737864
user,6961,0.0535555035
user,6962,-0.0979302227
user,6963,-0.0800411403
user,6964,0.0662272349
user,6965,0.0324721448
user,6966,0.0518868677
user,6967,-0.0462175682
user,6968,0.245615229
user,6969,-0.0653195456
user,6970,0.124740347
user,6971,-0.0240838919
user,6972,0.213187158
user,6973,-0.106132559
user,6974,0.085588187
user,6975,0.00579812378
user,6976,0.022781821
user,6977,-0.188557655
user,6978,-0.150261208
user,6979,0.100106075
user,6980,-0.25585255
user,6981,-0.138374031
user,6982,-0.0380735919
user,6983,0.189937949
user,6984,-0.173833728
user,6985,-0.0043859072
user,6986,0.175573081
user,6987,-0.00115861744
user,6988,0.0886946619
user,6989,0.0590278208
user,6990,-0.111865982
user,6991,-0.185837328
user,6992,-0.145989552
user,6993,0.146308094
user,6994,-0.0739729777
user,6995,-0.0601663291
user,6996,0.0357581899
user,6997,0.251583457
user,6998,0.0323636606
user,6999,-0.204274878
user,7000,0.12375173
user,7001,-0.0378379598
user,7002,0.0751428679
user,7003,-0.0478256755
user,7004,-0.16861248
user,7005,0.113093629
user,7006,-0.0688070655
user,7007,0.0415371694
user,7008,-0.0879434347
user,7009,-0.123274729
user,7010,-0.0206191652
user,7011,-0.0615815371
user,7012,-0.123396397
user,7013,-0.0672481209
user,7014,0.0727482885
user,7015,-0.191183925
user,7016,-0.0982102603
user,7017,0.179502636
user,7018,0.0607116707
user,7019,0.0284801126
user,7020,0.0893266276
user,7021,-0.102069229
user,7022,0.0572194383
user,7023,0.121596701
user,7024,-0.0290057808
user,7025,0.0455561616
user,7026,0.00272652879
user,7027,0.0142622534
user,7028,-0.315896809
user,7029,-0.0613531359
user,7030,0.116452232
user,7031,-0.165170342
user,7032,-0.0385731868
user,7033,-0.0747499019
user,7034,0.0477164052
user,7035,-0.143579543
user,7036,-0.070867002
user,7037,0.00410564616
user,7038,0.0363269262
user,7039,-0.0835110769
user,7040,-0.0466818921
user,7041,0.10841465
user,7042,0.0960592553
user,7043,-0.0204982534
user,7044,0.101292722
user,7045,-0.0641596913
user,7046,-0.0361406393
user,7047,0.119911924
user,7048,0.125749052
user,7049,0.222779408
user,7050,-0.245489866
user,7051,0.0822106153
user,7052,-0.0141507126
user,7053,0.0929647684
user,7054,0.0613964796
user,7055,-0.0385077819
user,7056,-0.0908778459
user,7057,0.0451466404
user,7058,-0.161159858
user,7059,-0.0136724338
user,7060,-0.156318396
user,7061,0.0437990502
user,7062,-0.064647153
user,7063,-0.138741896
user,7064,0.0382687524
user,7065,0.196152702
user,7066,0.0375899002
user,7067,-0.12564902
user,7068,-0.0796651393
user,7069,0.00127293542
user,7070,-0.184033573
user,7071,-0.143046603
user,7072,-0.238029718
user,7073,-0.18653892
user,7074,-0.198999599
user,7075,0.0398907885
user,7076,0.218245789
user,7077,0.0428125933
user,7078,-0.0197981521
user,7079,-0.0964700729
user,7080,-0.19985795
user,7081,0.14589116
user,7082,0.14244765
user,7083,-0.0727808028
user,7084,-0.00329242647
user,7085,-0.0129674338
user,7086,-0.118940622
user,7087,0.026416719
user,7088,0.0614099726
user,7089,-0.14981465
user,7090,-0.0102547165
user,7091,0.0050579058
user,7092,-0.0882979184
user,7093,-0.0671002418
user,7094,0.000115387142
user,7095,0.134532928
user,7096,-0.0188709497
user,7097,-0.0459184423
user,7098,0.0590207949
user,7099,-0.0407047644
user,7100,-0.105927363
user,7101,-0.315350175
user,7102,0.203053042
user,7103,-0.10950505
user,7104,-0.106069967
user,7105,0.215839058
user,7106,-0.085798949
user,7107,0.0626079291
user,7108,0.0223266855
user,7109,0.0156117305
user,7110,0.276374727
user,7111,0.0784638673
user,7112,-0.0520022549
user,7113,-0.0920164585
user,7114,-0.105006166
user,7115,0.00188703835
user,7116,-0.0386431888
user,7117,-0.134315804
user,7118,0.0523844957
user,7119,0.00238806009
user,7120,0.0225770548
user,7121,0.149174884
user,7122,-0.0422715656
user,7123,-0.0154079534
user,7124,-0.0169991311
user,7125,-0.163476735
user,7126,0.0997655243
user,7127,0.0587498322
user,7128,-0.171147704
user,7129,0.256590486
user,7130,-0.0952842534
user,7131,0.0204754248
user,7132,-0.115788318
user,7133,-0.0213437267
user,7134,-0.212983817
user,7135,-0.0298264064
user,7136,-0.0824400857
user,7137,0.0288360491
user,7138,-0.191615224
user,7139,0.194735751
user,7140,-0.0835330933
user,7141,-0.116671562
user,7142,0.0385551155
user,7143,0.116527393
user,7144,-0.109280758
user,7145,-0.0399467051
user,7146,0.0611997321
user,7147,-0.178927124
user,7148,0.121418014
user,7149,0.0664373934
user,7150,-0.122098476
user,7151,-0.0223244615
user,7152,0.0255966336
user,7153,-0.160764918
user,7154,0.191888019
user,7155,-0.323859483
user,7156,0.0674890429
user,7157,0.0932899415
user,7158,0.160903931
user,7159,0.0633702502
user,7160,-0.101576194
user,7161,0.0856491178
user,7162,0.0164775215
user,7163,-0.324317425
user,7164,0.0446899943
user,7165,-0.0197115745
user,7166,-0.164271563
user,7167,0.0435339026
user,7168,0.0346115641
user,7169,-0.0881523937
user,7170,-0.0696860328
user,7171,-0.181846038
user,7172,-0.0608056374
user,7173,-0.168897822
user,7174,0.00999412127
user,7175,-0.189548045
user,7176,-0.10079065
user,7177,-0.17118372
user,7178,0.299059302
user,7179,-0.358799934
user,7180,0.182538986
user,7181,-0.134259701
user,7182,-0.0647724569
user,7183,-0.0725872293
user,7184,-0.153468832
user,7185,0.0652395561
user,7186,0.00451447815
user,7187,-0.227308407
user,7188,-0.0991578624
user,7189,-0.00974555686
user,7190,0.0508374758
user,7191,0.132798284
user,7192,-0.119366497
user,7193,-0.0940266252
user,7194,0.104642227
user,7195,0.22525394
user,7196,-0.0490902439
user,7197,-0.112309068
user,7198,-0.179130554
user,7199,-0.00176353753
user,7200,0.153606594
user,7201,-0.0575425513
user,7202,-0.137409449
user,7203,0.150615811
user,7204,-0.0131037775
user,7205,-0.0395194776
user,7206,-0.14079389
user,7207,0.0974000841
user,7208,-0.0169320554
user,7209,-0.288862288
user,7210,-0.106043652
user,7211,-0.0562855974
user,7212,-0.12112996
user,7213,0.017641373
user,7214,-0.109075986
user,7215,-0.0343268402
user,7216,0.106877834
user,7217,-0.0105955526
user,7218,-0.0528537594
user,7219,-0.124474764
user,7220,-0.0350606367
user,7221,-0.178903461
user,7222,-0.0309222173
user,7223,0.000158518553
user,7224,0.0933988988
user,7225,-0.131028607
user,7226,-0.167749196
user,7227,0.0176290162
user,7228,0.119197905
user,7229,-0.107682168
user,7230,0.206652075
user,7231,-0.0282783061
user,7232,0.0765200853
user,7233,0.134899959
user,7234,-0.0494273603
user,7235,0.0441329814
user,7236,0.0113341622
user,7237,-0.115085118
user,7238,-0.0657613277
user,7239,0.0597191453
user,7240,0.116829202
user,7241,-0.129066497
user,7242,-0.0649695918
user,7243,0.0091745574
user,7244,-0.0617871545
user,7245,0.210163981
user,7246,-0.0300955437
user,7247,-0.0534797013
user,7248,-0.144820541
user,7249,-0.0747200847
user,7250,-0.175810575
user,7251,-0.0898248404
user,7252,-0.0227321777
user,7253,-0.175098747
user,7254,-0.233136266
user,7255,-0.0977198184
user,7256,0.0320211276
user,7257,-0.155059516
user,7258,-0.0424792245
user,7259,0.0136285499
user,7260,-0.116518155
user,7261,-0.0440621711
user,7262,0.123786256
user,7263,0.0397451781
user,7264,-0.0512435883
user,7265,-0.107541889
user,7266,0.0954435915
user,7267,0.0532392301
user,7268,0.108080894
user,7269,0.0194626097
user,7270,-0.143123001
user,7271,0.103422433
user,7272,-0.116127536
user,7273,-0.175317436
user,7274,-0.120584533
user,7275,-0.101473689
user,7276,-0.170186892
user,7277,-0.0176604129
user,7278,-0.0551373363
user,7279,0.0426807217
user,7280,-0.177967399
user,7281,-0.0396047607
user,7282,0.0210766681
user,7283,0.09759783
user,7284,-0.145724311
user,7285,-0.0825525373
user,7286,-0.0738682449
user,7287,-0.0637598112
user,7288,-0.0815222859
user,7289,0.102075398
user,7290,-0.0302645341
user,7291,0.0163294487
user,7292,0.116983272
user,7293,0.108619563
user,7294,0.0130747845
user,7295,0.030736234
user,7296,0.03243687
user,7297,0.0517438054
user,7298,0.144048676
user,7299,-0.193118021
user,7300,-0.0240945369
user,7301,-0.0159843862
user,7302,0.122466542
user,7303,0.181415156
user,7304,0.109949037
user,7305,-0.0816470236
user,7306,-0.061350707
user,7307,0.0149297602
user,7308,0.00195046514
user,7309,-0.0576527491
user,7310,0.00512182899
user,7311,-0.0862762704
user,7312,-0.176710278
user,7313,-0.0136979371
user,7314,0.0830864012
user,7315,0.15977025
user,7316,-0.0761282444
user,7317,-0.00580690056
user,7318,-0.00380882528
user,7319,0.0385733172
user,7320,-0.00600067526
user,7321,-0.163004726
user,7322,0.00491409004
user,7323,-0.0618825704
user,7324,-0.0342374146
user,7325,-0.139858812
user,7326,0.0855711401
user,7327,-0.0785683021
user,7328,-0.075744994
user,7329,-0.125722498
user,7330,-0.238396868
user,7331,-0.170257434
user,7332,-0.279054254
user,7333,-0.0957214758
user,7334,0.0931614563
user,7335,0.00653001759
user,7336,0.0188512839
user,7337,0.0829571858
user,7338,0.105922654
user,7339,-0.0444070175
user,7340,0.170122385
user,7341,-0.109803028
user,7342,-0.153759569
user,7343,0.13413626
user,7344,-0.0901914909
user,7345,0.0532511622
user,7346,0.0780957043
user,7347,-0.0361977071
user,7348,-0.0336075425
user,7349,0.233833507
user,7350,-0.225421116
user,7351,0.0731405541
user,7352,0.0421047844
user,7353,-0.0211673509
user,7354,-0.0653362423
user,7355,0.0194459818
user,7356,0.223060057
user,7357,-0.0428732932
user,7358,0.0196296703
user,7359,-0.000983461738
user,7360,-0.123570822
user,7361,0.123153254
user,7362,-0.237129807
user,7363,0.0163732506
user,7364,-0.0867808983
user,7365,-0.0589838251
user,7366,0.0427599177
user,7367,0.0648146793
user,7368,0.133772343
user,7369,0.137840912
user,7370,-0.00785569102
user,7371,0.165222824
user,7372,0.0951826572
user,7373,0.141290307
user,7374,-0.0260288045
user,7375,-0.018520005
user,7376,-0.230110601
user,7377,0.0893220752
user,7378,-0.0485508144
user,7379,-0.0847685188
user,7380,-0.05865293
user,7381,0.121722944
user,7382,-0.105163321
user,7383,0.0907104462
user,7384,-0.112132601
user,7385,-0.0680148676
user,7386,0.0406016558
user,7387,0.0875726566
user,7388,0.0322696231
user,7389,0.0480724871
user,7390,0.059339989
user,7391,0.133386895
user,7392,-0.0234816968
user,7393,0.114722177
user,7394,0.159144402
user,7395,0.155364826
user,7396,0.0619542524
user,7397,0.0980108306
user,7398,-0.0417200178
user,7399,-0.122698747
user,7400,-0.0131860264
user,7401,-0.0370052606
user,7402,-0.0450280309
user,7403,-0.0933708325
user,7404,0.0314649232
user,7405,-0.0771512836
user,7406,-0.204618186
user,7407,-0.0852729753
user,7408,0.0216392986
user,7409,-0.0370954275
user,7410,-0.094109565
user,7411,0.154615268
user,7412,0.208660856
user,7413,-0.0461058356
user,7414,-0.0380753241
user,7415,-0.121283539
user,7416,-0.210985944
user,7417,0.243000209
user,7418,-0.146886557
user,7419,0.0215637535
user,7420,-0.0410902575
user,7421,0.0691531524
user,7422,0.0564957261
user,7423,0.0883353055
user,7424,0.0261204932
user,7425,-0.16913119
user,7426,-0.0900159404
user,7427,0.0304996036
user,7428,0.157923758
user,7429,0.0577213466
user,7430,-0.0495302156
user,7431,-0.0455664471
user,7432,-0.0956292972
user,7433,0.129119501
user,7434,-0.135865167
user,7435,-0.0266351886
user,7436,-0.00326980744
user,7437,0.117232576
user,7438,0.125069559
user,7439,-0.0863755345
user,7440,0.012298475
user,7441,-0.0793167353
user,7442,0.077622965
user,7443,0.120445862
user,7444,-0.105337806
user,7445,0.128324509
user,7446,0.0452499688
user,7447,-0.0558462106
user,7448,-0.0130038969
user,7449,0.144156337
user,7450,0.286754936
user,7451,0.125825465
user,7452,-0.168235451
user,7453,-0.153426155
user,7454,-0.0773647279
user,7455,-0.088607721
user,7456,-0.1746943
user,7457,-0.446255863
user,7458,0.0770247132
user,7459,-0.00181684643
user,7460,0.0522013903
user,7461,0.019986853
user,7462,0.122264601
user,7463,-0.0347790942
user,7464,-0.0276793297
user,7465,0.0231425054
user,7466,-0.0056895148
user,7467,0.0866342634
user,7468,-0.00521526486
user,7469,-0.0867064521
user,7470,-0.0756884441
user,7471,-0.358973205
user,7472,-0.344133019
user,7473,-0.364958256
user,7474,-0.0768930167
user,7475,-0.287159026
user,7476,-0.242741823
user,7477,0.050922025
user,7478,0.0693399906
user,7479,-0.0240307264
user,7480,-0.135404453
user,7481,0.115372851
user,7482,0.0707236752
user,7483,0.144223511
user,7484,-0.160739318
user,7485,0.00353004411
user,7486,-0.0843495727
user,7487,0.0678893328
user,7488,0.263152927
user,7489,0.0681266934
user,7490,-0.0407301635
user,7491,-0.0554307066
user,7492,0.107336894
user,7493,-0.103873774
user,7494,0.113004103
user,7495,0.0297199897
user,7496,-0.07011161
user,7497,0.0410755388
user,7498,0.127996147
user,7499,0.00641893595
user,7500,0.113917455
user,7501,0.0508661717
user,7502,-0.106559962
user,7503,0.130283445
user,7504,0.144495293
user,7505,0.2531178
user,7506,-0.0176501237
user,7507,-0.043529693
user,7508,0.116456851
user,7509,-0.246406749
user,7510,0.367429435
user,7511,-0.0809643939
user,7512,-0.0607106127
user,7513,0.136935815
user,7514,0.0593794957
user,7515,0.149708837
user,7516,0.214259982
user,7517,-0.0524851643
user,7518,0.0626894385
user,7519,-0.0285894461
user,7520,-0.0442746058
user,7521,0.115589365
user,7522,-0.074654147
user,7523,0.0858488753
user,7524,-0.178125083
user,7525,-0.0637751222
user,7526,-0.017724596
user,7527,-0.0694019869
user,7528,-0.0596437678
user,7529,0.183545753
user,7530,-0.0840230584
user,7531,0.176309675
user,7532,-0.0204215031
user,7533,-0.0190728586
user,7534,0.00581349246
user,7535,0.069160983
user,7536,-0.154919311
user,7537,-0.221225023
user,7538,-0.289769679
user,7539,-0.0706665665
user,7540,0.0945584476
user,7541,-0.0193702765
user,7542,0.0465970971
user,7543,-0.112016529
user,7544,-0.0524326786
user,7545,-0.153516024
user,7546,-0.0553404167
user,7547,0.0013109073
user,7548,0.0674875006
user,7549,0.0598402321
user,7550,-0.110326514
user,7551,-0.208364576
user,7552,0.153043538
user,7553,-0.194357455
user,7554,0.0210050754
user,7555,-0.244473815
user,7556,0.13053754
user,7557,0.174074814
user,7558,-0.143901467
user,7559,0.00161007047
user,7560,-0.0989588946
user,7561,0.158306569
user,7562,0.0838903338
user,7563,0.025182493
user,7564,-0.0219425634
user,7565,-0.181806013
user,7566,0.110610195
user,7567,-0.0869907066
user,7568,-0.0581883416
user,7569,-0.280411988
user,7570,0.0199570395
user,7571,-0.015887823
user,7572,-0.0242392384
user,7573,0.00292692333
user,7574,0.0292146355
user,7575,0.144918248
user,7576,-0.0900510475
user,7577,-0.0427239984
user,7578,-0.226516038
user,7579,0.0699034631
user,7580,-0.250109762
user,7581,-0.00787172467
user,7582,-0.0830462277
user,7583,-0.0507109836
user,7584,-0.0910830423
user,7585,0.108556725
user,7586,-0.0597341508
user,7587,-0.238531873
user,7588,0.0483044758
user,7589,-0.0274369251
user,7590,-0.0113944951
user,7591,0.160115063
user,7592,-0.0329064056
user,7593,0.062204577
user,7594,-0.220540792
user,7595,-0.0826017708
user,7596,-0.259224147
user,7597,0.0129178073
user,7598,0.0916877314
user,7599,-0.171523571
user,7600,-0.151980206
user,7601,-0.131655082
user,7602,0.0678925514
user,7603,-0.0715874955
user,7604,-0.158304706
user,7605,0.20736964
user,7606,0.095486477
user,7607,0.158935249
user,7608,0.233954325
user,7609,0.154955477
user,7610,-0.0187966172
user,7611,0.15438275
user,7612,0.091503337
user,7613,0.0422467887
user,7614,-0.00465897471
user,7615,-0.025984399
user,7616,-0.12975581
user,7617,-0.182130396
user,7618,-0.169520617
user,7619,-0.0891847461
user,7620,0.026344344
user,7621,0.0856626257
user,7622,-0.195924863
user,7623,-0.118773222
user,7624,0.0491941869
user,7625,-0.0638389736
user,7626,0.182399571
user,7627,0.0882896408
user,7628,-0.135971606
user,7629,-0.156592309
user,7630,-0.110402748
user,7631,0.0974490345
user,7632,0.155391783
user,7633,0.140772268
user,7634,0.0357108489
user,7635,0.224859104
user,7636,0.0736626387
user,7637,0.0118520148
user,7638,0.131009266
user,7639,-0.00504597463
user,7640,0.21736294
user,7641,-0.15614447
user,7642,-0.216086254
user,7643,-0.149872959
user,7644,0.10036552
user,7645,0.118762091
user,7646,0.0585682318
user,7647,-0.0336696394
user,7648,0.020280797
user,7649,-0.253271997
user,7650,-0.0966947973
user,7651,-0.00505884364
user,7652,-0.144077674
user,7653,-0.148660347
user,7654,0.0500822999
user,7655,0.127571702
user,7656,-0.0805936754
user,7657,0.093198061
user,7658,0.0910280421
user,7659,-0.112660095
user,7660,-0.106027573
user,7661,0.114185765
user,7662,0.0855902955
user,7663,0.183560088
user,7664,0.000583188608
user,7665,0.053506542
user,7666,0.0152718164
user,7667,0.00074056536
user,7668,-0.229868293
user,7669,-0.192612469
user,7670,-0.0875785202
user,7671,-0.183097854
user,7672,0.120468587
user,7673,0.146814361
user,7674,-0.0790232718
user,7675,0.082453385
user,7676,-0.108474031
user,7677,-0.207660079
user,7678,-0.114009649
user,7679,-0.282927573
user,7680,0.109952457
user,7681,0.0542917028
user,7682,-0.203525782
user,7683,-0.150315687
user,7684,0.0872757807
user,7685,-0.00416544266
user,7686,0.0880951732
user,7687,0.275942594
user,7688,-0.0997079164
user,7689,0.0200709216
user,7690,-0.0493533425
user,7691,-0.0317335576
user,7692,0.044671949
user,7693,-0.0827403665
user,7694,-0.0778444856
user,7695,-0.101711765
user,7696,0.296027839
user,7697,0.120541662
user,7698,-0.0426460728
user,7699,-0.121155046
user,7700,-0.120536529
user,7701,-0.00191865792
user,7702,-0.0747300163
user,7703,0.0276124254
user,7704,-0.262745529
user,7705,0.0076867044
user,7706,0.132261753
user,7707,-0.119895011
user,7708,-0.269970208
user,7709,-0.128167138
user,7710,-0.0266567748
user,7711,0.077479504
user,7712,0.0051264409
user,7713,-0.0118757775
user,7714,0.138147771
user,7715,-0.124700308
user,7716,0.0586504266
user,7717,-0.0594072044
user,7718,-0.0686202273
user,7719,0.119283475
user,7720,-0.347314954
user,7721,-0.113516949
user,7722,-0.288575977
user,7723,0.054100953
user,7724,-0.00013589114
user,7725,-0.00307271816
user,7726,0.114505574
user,7727,0.0346429013
user,7728,-0.00236074999
user,7729,-0.225110978
user,7730,-0.129113704
user,7731,-0.103464216
user,7732,0.0432298593
user,7733,-0.0553875938
user,7734,-0.0148122683
user,7735,0.117831409
user,7736,-0.0483568683
user,7737,-0.302841634
user,7738,-0.0672234893
user,7739,-0.0547694564
user,7740,0.0326958075
user,7741,-0.0137373731
user,7742,-0.063322559
user,7743,-0.0187609605
user,7744,0.108630091
user,7745,0.0815289766
user,7746,0.0285333693
user,7747,-0.196556464
user,7748,-0.00697397441
user,7749,0.100318797
user,7750,0.0721535236
user,7751,-0.206162453
user,7752,0.163241982
user,7753,0.164607301
user,7754,0.0722727403
user,7755,0.0526230559
user,7756,0.019507017
user,7757,-0.18927756
user,7758,-0.189442217
user,7759,-0.0111510307
user,7760,-0.0696785748
user,7761,-0.162741899
user,7762,0.0791983455
user,7763,0.0364614353
user,7764,0.0586553402
user,7765,0.0611407347
user,7766,0.0560130551
user,7767,0.177101269
user,7768,0.0855826288
user,7769,0.10739658
user,7770,-0.231276929
user,7771,0.222756475
user,7772,-0.149278894
user,7773,-0.051891651
user,7774,0.135351807
user,7775,0.0893616974
user,7776,0.0931510031
user,7777,0.101721361
user,7778,0.0580337271
user,7779,0.0280908644
user,7780,0.104082234
user,7781,-0.0276521854
user,7782,-0.0873066187
user,7783,0.0696160942
user,7784,-0.105788231
user,7785,-0.166635931
user,7786,-0.0827718079
user,7787,0.0722423345
user,7788,0.145388111
user,7789,0.305692792
user,7790,0.13957867
user,7791,-0.153568357
user,7792,-0.0725215375
user,7793,0.0358290896
user,7794,0.0890930891
user,7795,-0.0623162836
user,7796,0.0407133065
user,7797,0.0360696875
user,7798,-0.071476154
user,7799,-0.11470148
user,7800,-0.151514024
user,7801,-0.0328453034
user,7802,-0.170089126
user,7803,0.0761426687
user,7804,-0.0211613029
user,7805,-0.242482543
user,7806,0.110259637
user,7807,-0.0810250714
user,7808,0.0896931514
user,7809,0.0403571427
user,7810,0.175701335
user,7811,-0.141648889
user,7812,-0.199005529
user,7813,-0.170953199
user,7814,-0.195726439
user,7815,0.0964360014
user,7816,-0.0992388204
user,7817,-0.207638219
user,7818,0.222157985
user,7819,0.00804091059
user,7820,0.0247432217
user,7821,0.131168261
user,7822,0.0201785788
user,7823,-0.0630709901
user,7824,0.233007491
user,7825,0.057678882
user,7826,0.21226728
user,7827,-0.10485433
user,7828,0.177132353
user,7829,0.500515103
user,7830,0.0410586335
user,7831,-0.0372708961
user,7832,0.0275756344
user,7833,-0.223779589
user,7834,-0.187799215
user,7835,-0.00597269507
user,7836,0.0993557274
user,7837,0.144788146
user,7838,-0.0718666166
user,7839,0.0620634481
user,7840,-0.15046601
user,7841,0.0232245661
user,7842,0.221033007
user,7843,-0.143485337
user,7844,-0.0516885221
user,7845,-0.216554642
user,7846,0.179503292
user,7847,-0.11721433
user,7848,0.13441962
user,7849,0.021039024
user,7850,-0.0754163489
user,7851,-0.00452441722
user,7852,0.150422096
user,7853,0.0476284325
user,7854,0.0436335281
user,7855,-0.0851337686
user,7856,-0.076349318
user,7857,0.0106886365
user,7858,0.144273996
user,7859,-0.0142891016
user,7860,0.00470913947
user,7861,-0.158597514
user,7862,-0.0718963742
user,7863,-0.0188115854
user,7864,0.00331458822
user,7865,-0.101520576
user,7866,0.0672881305
user,7867,-0.123982452
user,7868,0.0477994345
user,7869,-0.327210486
user,7870,-0.189890206
user,7871,-0.104777515
user,7872,-0.0666572899
user,7873,-0.213755697
user,7874,0.0214689448
user,7875,-0.0625462085
user,7876,-0.0931473821
user,7877,-0.00802749395
user,7878,-0.043602176
user,7879,0.0830415264
user,7880,0.0242986009
user,7881,0.0308147632
user,7882,-0.0179052912
user,7883,0.0680336505
user,7884,-0.113413043
user,7885,-0.0323994532
user,7886,0.0814682096
user,7887,-0.296406984
user,7888,0.0121506862
user,7889,-0.204015106
user,7890,0.15725188
user,7891,0.00869542453
user,7892,-0.131538332
user,7893,0.0194051787
user,7894,0.19912602
user,7895,-0.0925311893
user,7896,-0.0735667422
user,7897,-0.0311998874
user,7898,-0.0583340004
user,7899,-0.00696785562
user,7900,-0.0324335881
user,7901,0.140265733
user,7902,0.0321594626
user,7903,-0.0619063005
user,7904,0.131905958
user,7905,-0.299769223
user,7906,0.0935973227
user,7907,-0.158313319
user,7908,0.124555856
user,7909,0.225731403
user,7910,0.0648040101
user,7911,0.00632880628
user,7912,0.119059294
user,7913,0.0766576827
user,7914,0.0734788477
user,7915,-0.258523464
user,7916,0.075846836
user,7917,0.094383955
user,7918,0.0492406562
user,7919,0.253734916
user,7920,-0.0088606067
user,7921,-0.0494550839
user,7922,-0.0212128125
user,7923,-0.0941267014
user,7924,0.00642458349
user,7925,-0.0390267745
user,7926,-0.0771044269
user,7927,0.0719143674
user,7928,-0.141768083
user,7929,0.015140444
user,7930,0.0285800342
user,7931,-0.185398906
user,7932,0.0332942978
user,7933,0.0918117762
user,7934,0.170787364
user,7935,0.0196774472
user,7936,-0.164925784
user,7937,-0.033028122
user,7938,0.0993901044
user,7939,0.0238826983
user,7940,0.0340687186
user,7941,-0.135887936
user,7942,-0.308611095
user,7943,-0.1291143
user,7944,0.0926952362
user,7945,0.133562177
user,7946,-0.188398853
user,7947,-0.105205841
user,7948,-0.0897300094
user,7949,0.00837623235
user,7950,0.0258227028
user,7951,-0.0170594268
user,7952,0.0838148072
user,7953,-0.000428810716
user,7954,-0.1206249
user,7955,0.0528119281
user,7956,-0.165767014
user,7957,-0.119053498
user,7958,-0.00340489298
user,7959,0.123488359
user,7960,-0.139318243
user,7961,-0.140038341
user,7962,-0.0685496405
user,7963,-0.207210764
user,7964,0.00143929943
user,7965,0.109652124
user,7966,-0.0486620329
user,7967,0.0121091697
user,7968,-0.0622860268
user,7969,0.165807307
user,7970,0.0398065187
user,7971,0.0282393638
user,7972,0.0665103942
user,7973,-0.0546246693
user,7974,-0.032641463
user,7975,0.100082777
user,7976,-0.0443680659
user,7977,0.137015313
user,7978,-0.0735568106
user,7979,-0.173076078
user,7980,0.226837814
user,7981,0.0477008298
user,7982,-0.279795885
user,7983,-0.223380774
user,7984,-0.113291986
user,7985,0.162079245
user,7986,-0.138877481
user,7987,0.0951061249
user,7988,-0.129751295
user,7989,0.161487967
user,7990,0.0728802979
user,7991,0.0203586183
user,7992,0.134345561
user,7993,0.0388755873
user,7994,0.00905194692
user,7995,0.117750868
user,7996,0.0452315062
user,7997,0.069652766
user,7998,0.268767655
user,7999,0.211484984
user,8000,0.0158275962
user,8001,0.201374725
user,8002,0.0850212798
user,8003,0.0303680245
user,8004,-0.117623761
user,8005,-0.160839215
user,8006,-0.0621841848
user,8007,0.0580291972
user,8008,0.096006304
user,8009,0.0850846842
user,8010,0.08798787
user,8011,-0.00478039682
user,8012,0.0865859687
user,8013,0.0690643787
user,8014,-0.0864542276
user,8015,0.0339561887
user,8016,0.0613760538
user,8017,-0.150960028
user,8018,-0.248078406
user,8019,-0.0242784135
user,8020,0.0461803935
user,8021,-0.0602854788
user,8022,-0.0256300271
user,8023,0.172401279
user,8024,-0.0492918529
user,8025,-0.00854131579
user,8026,0.032602638
user,8027,-0.0286160931
user,8028,0.0583651215
user,8029,-0.0124426875
user,8030,0.175238699
user,8031,0.262239099
user,8032,0.266485423
user,8033,-0.22971487
user,8034,-0.115202874
user,8035,-0.123294316
user,8036,-0.0768407732
user,8037,0.0157713145
user,8038,-0.0887554586
user,8039,0.00613768026
user,8040,-0.257121801
user,8041,-0.085427098
user,8042,0.090909116
user,8043,0.113306925
user,8044,0.0260130428
user,8045,-0.135125473
user,8046,-0.15788424
user,8047,0.067681171
user,8048,0.170401484
user,8049,-0.0257350802
user,8050,0.0941798612
user,8051,-0.0688896924
user,8052,0.0433101282
user,8053,-0.182786375
user,8054,-0.0664406195
user,8055,-0.164625585
user,8056,0.000733997673
user,8057,0.0456286184
user,8058,0.0876583159
user,8059,0.0106753595
user,8060,-0.0320135057
user,8061,0.13396579
user,8062,-0.0205696225
user,8063,-0.0306812264
user,8064,-0.00292794965
user,8065,0.0707953349
user,8066,0.0129766902
user,8067,-0.156260252
user,8068,0.0424083732
user,8069,-0.127781883
user,8070,-0.10292539
user,8071,0.0274126343
user,8072,0.00755047798
user,8073,0.0865941346
user,8074,0.0446588919
user,8075,0.0376678705
user,8076,-0.151891842
user,8077,0.00555548258
user,8078,-0.196532458
user,8079,0.319768876
user,8080,0.0676251873
user,8081,-0.0192298889
user,8082,-0.145981073
user,8083,-0.00823046267
user,8084,0.0488956422
user,8085,0.092658855
user,8086,-0.0981067643
user,8087,-0.0423131175
user,8088,0.119230218
user,8089,0.131443739
user,8090,-0.0263584759
user,8091,0.263825476
user,8092,0.250505805
user,8093,0.203435421
user,8094,0.0567859188
user,8095,-0.0241304077
user,8096,0.0640614927
user,8097,-0.0268615447
user,8098,-0.143617049
user,8099,0.185740113
user,8100,0.0413401201
user,8101,0.0451954752
user,8102,-0.0444253124
user,8103,-0.0781832859
user,8104,0.00844412204
user,8105,0.128232434
user,8106,-0.0783917159
user,8107,0.156577051
user,8108,0.200130641
user,8109,0.0572468191
user,8110,0.220266342
user,8111,0.0675338432
user,8112,0.0103222989
user,8113,-0.106262937
user,8114,0.178536668
user,8115,-0.100653186
user,8116,-0.0731874108
user,8117,0.146961719
user,8118,0.191568032
user,8119,0.341216892
user,8120,0.0692820624
user,8121,0.250784546
user,8122,0.0246607978
user,8123,-0.143621296
user,8124,-0.0896975249
user,8125,0.206389144
user,8126,0.108253807
user,8127,0.174899295
user,8128,0.0677996203
user,8129,0.179169446
user,8130,0.0384165011
user,8131,-0.189937934
user,8132,-0.0100480691
user,8133,0.0388327166
user,8134,-0.137144595
user,8135,0.124648675
user,8136,-0.0498352461
user,8137,0.082566984
user,8138,-0.140590563
user,8139,-0.320534289
user,8140,0.147443354
user,8141,-0.228822619
user,8142,-0.0145435482
user,8143,-0.0853566006
user,8144,0.0684120059
user,8145,-0.112216122
user,8146,0.0265436321
user,8147,0.0265820324
user,8148,-0.0989581123
user,8149,0.262043804
user,8150,0.0367399119
user,8151,-0.183712468
user,8152,-0.0320447832
user,8153,0.245870963
user,8154,0.205835447
user,8155,0.00259288028
user,8156,0.132119745
user,8157,-0.0796805024
user,8158,-0.150930524
user,8159,-0.214879736
user,8160,-0.0690325052
user,8161,-0.0883981436
user,8162,-0.108437508
user,8163,-0.130974129
user,8164,0.0135964006
user,8165,-0.105034433
user,8166,0.125634342
user,8167,-0.145631552
user,8168,0.0559506901
user,8169,-0.0084205009
user,8170,0.0457444079
user,8171,0.0895363241
user,8172,-0.014778994
user,8173,0.0645910278
user,8174,0.0426286757
user,8175,0.32290709
user,8176,-0.129734501
user,8177,-0.0886453465
user,8178,-0.325629294
user,8179,-0.0750749707
user,8180,-0.145870775
user,8181,-0.0714625865
user,8182,-0.0340237133
user,8183,-0.153662071
user,8184,0.275743693
user,8185,0.0879873037
user,8186,0.108519956
user,8187,-0.0292975418
user,8188,-0.0467780195
user,8189,0.0588689744
user,8190,-0.0924900025
user,8191,-0.0928684846
user,8192,-0.106243946
user,8193,0.0220788382
user,8194,0.186326608
user,8195,0.14815931
user,8196,0.0516593717
user,8197,0.150306344
user,8198,0.0209995247
user,8199,-0.0525785275
user,8200,0.287424982
user,8201,0.000429082662
user,8202,-0.178577602
user,8203,-0.0401578173
user,8204,0.126073822
user,8205,0.111343607
user,8206,-0.133811891
user,8207,0.0417526476
user,8208,-0.0977559388
user,8209,0.303048998
user,8210,0.243426219
user,8211,0.075460732
user,8212,-0.0213442687
user,8213,0.0454264805
user,8214,-0.0438128375
user,8215,0.0640693232
user,8216,-0.0559480302
user,8217,0.0330926664
user,8218,0.128372878
user,8219,0.0304469913
user,8220,0.179300278
user,8221,0.0332138129
user,8222,-0.144106895
user,8223,-0.136419356
user,8224,-0.133883327
user,8225,0.0407935716
user,8226,0.183419809
user,8227,0.0069526881
user,8228,-0.129662752
user,8229,-0.00449201651
user,8230,-0.164764047
user,8231,-0.121180952
user,8232,0.375281602
user,8233,0.0416930541
user,8234,0.207396328
user,8235,0.0226032883
user,8236,0.0806988627
user,8237,0.0634376407
user,8238,-0.245087788
user,8239,-0.0909394026
user,8240,-0.102127463
user,8241,-0.0851238891
user,8242,-0.124726906
user,8243,-0.0134067014
user,8244,-0.111004435
user,8245,-0.077267319
user,8246,0.123846188
user,8247,-0.203879684
user,8248,0.156455398
user,8249,-0.0945004895
user,8250,-0.183560178
user,8251,0.0761079341
user,8252,-0.224519938
user,8253,-0.0914653689
user,8254,0.107106157
user,8255,-0.0817675889
user,8256,-0.233790457
user,8257,0.101174325
user,8258,-0.111109093
user,8259,-0.00604107976
user,8260,-0.00774547458
user,8261,0.0572976023
user,8262,0.0955478176
user,8263,-0.17876479
user,8264,0.165492341
user,8265,-0.036080502
user,8266,-0.080281727
user,8267,-0.0545398742
user,8268,-0.212080956
user,8269,-0.0340589583
user,8270,-0.177091926
user,8271,0.0384420268
user,8272,-0.0799007416
user,8273,0.0523919016
user,8274,0.339150757
user,8275,0.0259937607
user,8276,0.123655662
user,8277,0.0952201635
user,8278,-0.0551530197
user,8279,0.219103292
user,8280,0.133841425
user,8281,0.0662162602
user,8282,-0.0778873786
user,8283,0.0251062699
user,8284,-0.24224107
user,8285,-0.123263612
user,8286,-0.0987800062
user,8287,-0.0416597947
user,8288,0.0640089437
user,8289,-0.00959905609
user,8290,0.0228104368
user,8291,-0.240502164
user,8292,0.0468495786
user,8293,0.0832058489
user,8294,0.0828745961
user,8295,0.117796361
user,8296,-0.0569080897
user,8297,0.0107771046
user,8298,-0.122440308
user,8299,0.0357765704
user,8300,0.126723945
user,8301,0.131335184
user,8302,0.0626338497
user,8303,-0.219282925
user,8304,0.0627865046
user,8305,-0.0568523854
user,8306,0.0807041079
user,8307,0.122558318
user,8308,0.145174891
user,8309,0.172520831
user,8310,0.0879094154
user,8311,-0.0227852538
user,8312,-0.0190618597
user,8313,0.0889033526
user,8314,0.177186117
user,8315,0.25146544
user,8316,-0.0298869684
user,8317,-0.124942698
user,8318,0.0804302841
user,8319,-0.0261392146
user,8320,-0.296647131
user,8321,-0.022663027
user,8322,-0.00626743212
user,8323,0.019871382
user,8324,-0.145167083
user,8325,-0.133267343
user,8326,0.00278855022
user,8327,-0.126937345
user,8328,-0.161703825
user,8329,0.14373593
user,8330,-0.00773520395
user,8331,-0.0239997394
user,8332,0.126858458
user,8333,0.134030759
user,8334,-0.00505522639
user,8335,0.0187547579
user,8336,-0.0919989273
user,8337,0.107005969
user,8338,0.0583860464
user,8339,-0.0733185261
user,8340,-0.0777793229
user,8341,0.103872836
user,8342,0.175311223
user,8343,0.181051776
user,8344,-0.0580558926
user,8345,-0.226251677
user,8346,0.118528225
user,8347,-0.0278190747
user,8348,-0.173322022
user,8349,-0.107990682
user,8350,-0.0480022468
user,8351,0.068587102
user,8352,-0.117158465
user,8353,-0.0933571756
user,8354,-0.104653805
user,8355,0.164708823
user,8356,-0.25934267
user,8357,-0.153775111
user,8358,-0.178360701
user,8359,0.0604680702
user,8360,-0.0993857235
user,8361,-0.0913263559
user,8362,-0.211193293
user,8363,-0.0848382115
user,8364,0.161765069
user,8365,-0.138171434
user,8366,0.104246579
user,8367,-0.0171666387
user,8368,0.0465229675
user,8369,-0.0429368317
user,8370,-0.190530479
user,8371,0.0169292614
user,8372,0.0643006861
user,8373,-0.0680070594
user,8374,0.07724379
user,8375,-0.224364623
user,8376,0.0317788422
user,8377,0.0486865789
user,8378,-0.320400596
user,8379,-0.062592499
user,8380,-0.164960742
user,8381,-0.174183488
user,8382,0.0757018179
user,8383,-0.00754490495
user,8384,-0.203238636
user,8385,0.0673065186
user,8386,-0.306783855
user,8387,0.123850062
user,8388,-0.0265084766
user,8389,-0.0855283588
user,8390,-0.0656761229
user,8391,-0.0239484403
user,8392,-0.0666072369
user,8393,0.0503761023
user,8394,0.123066328
user,8395,-0.120136984
user,8396,-0.0905878767
user,8397,-0.00199700147
user,8398,-0.058291249
user,8399,-0.0921278596
user,8400,-0.115570672
user,8401,-0.0668315515
user,8402,0.104683861
user,8403,-0.278860211
user,8404,-0.122099459
user,8405,0.0567688011
user,8406,0.0772045776
user,8407,-0.067042999
user,8408,-0.067263104
user,8409,0.0914024264
user,8410,-0.0591847934
user,8411,-0.0744103789
user,8412,-0.0654952973
user,8413,-0.105240457
user,8414,-0.0115512758
user,8415,0.2409762
user,8416,0.0944875851
user,8417,-0.126644894
user,8418,0.164837927
user,8419,0.201986939
user,8420,0.0133303218
user,8421,-0.0198446065
user,8422,0.0904132873
user,8423,-0.0427460745
user,8424,-0.0736750364
user,8425,0.043548964
user,8426,0.0442171618
user,8427,-0.0239851475
user,8428,0.334044248
user,8429,0.144647688
user,8430,0.0392510295
user,8431,-0.0645380765
user,8432,0.0186272729
user,8433,0.00575315207
user,8434,0.0156241767
user,8435,-0.10299959
user,8436,0.251840085
user,8437,-0.156296656
user,8438,-0.0424555652
user,8439,0.136362255
user,8440,-0.0260770544
user,8441,0.0204121768
user,8442,-0.0387563631
user,8443,0.173557281
user,8444,0.060076315
user,8445,0.11377582
user,8446,-0.0252678208
user,8447,-0.227728248
user,8448,-0.0275267567
user,8449,0.118061185
user,8450,0.120775789
user,8451,0.00421307981
user,8452,-0.171094328
user,8453,0.123996787
user,8454,-0.145579934
user,8455,-0.208681777
user,8456,-0.0273745321
user,8457,0.0862607509
user,8458,-0.0103244781
user,8459,0.166614324
user,8460,0.0819921196
user,8461,-0.0170337837
user,8462,-0.0533854961
user,8463,0.0129537797
user,8464,-0.0751937851
user,8465,-0.107510597
user,8466,-0.252340674
user,8467,-0.146603376
user,8468,-0.145200372
user,8469,0.0299052522
user,8470,0.0416737199
user,8471,0.00974741578
user,8472,0.0238159038
user,8473,0.159254923
user,8474,-0.200966433
user,8475,0.132507816
user,8476,-0.0395718254
user,8477,-0.203671545
user,8478,-0.230902016
user,8479,-0.103296794
user,8480,-0.164324492
user,8481,0.089750126
user,8482,-0.097251229
user,8483,0.206904754
user,8484,-0.0824231356
user,8485,0.249708772
user,8486,-0.0422657058
user,8487,-0.198978633
user,8488,0.0380617417
user,8489,0.255717099
user,8490,-0.0323926881
user,8491,-0.120190233
user,8492,0.06562078
user,8493,-0.0683827326
user,8494,0.0136671076
user,8495,-0.331255674
user,8496,-0.294853389
user,8497,-0.0191517882
user,8498,-0.131660387
user,8499,0.0471171401
user,8500,-0.0405713022
user,8501,0.25621751
user,8502,0.336935401
user,8503,-0.131385684
user,8504,0.1070498
user,8505,-0.0909448788
user,8506,0.165830106
user,8507,0.0987105146
user,8508,-0.104517579
user,8509,-0.0313362554
user,8510,-0.107987136
user,8511,0.0450634919
user,8512,-0.0642038286
user,8513,-0.00391431153
user,8514,0.127023369
user,8515,-0.153458148
user,8516,0.0330239981
user,8517,-0.061832957
user,8518,0.0854730383
user,8519,0.197556943
user,8520,-0.122356564
user,8521,-0.0911851004
user,8522,-0.170859486
user,8523,-0.174996153
user,8524,-0.173833147
user,8525,0.143782079
user,8526,-0.0277148858
user,8527,-0.114734486
user,8528,-0.133967027
user,8529,0.0829090849
user,8530,-0.114610627
user,8531,0.0765814632
user,8532,-0.00203341804
user,8533,0.00728465617
user,8534,0.106665261
user,8535,-0.123438045
user,8536,0.19696556
user,8537,-0.0434894189
user,8538,0.00805724412
user,8539,0.054234948
user,8540,-0.0878627002
user,8541,-0.133273423
user,8542,-0.189031675
user,8543,0.221495852
user,8544,0.0963118225
user,8545,-0.061485637
user,8546,0.00328403711
user,8547,-0.0397380665
user,8548,0.110856794
user,8549,-0.154555157
user,8550,0.126492515
user,8551,-0.127903163
user,8552,0.0321715213
user,8553,0.0714597404
user,8554,0.270941347
user,8555,0.0567713305
user,8556,-0.0589117445
user,8557,-0.0459968522
user,8558,-0.131036401
user,8559,0.0981997401
user,8560,-0.0183725376
user,8561,-0.117861852
user,8562,-0.188625157
user,8563,-0.0856390297
user,8564,0.010737367
user,8565,-0.141493797
user,8566,-0.0199011229
user,8567,-0.212475926
user,8568,0.147883788
user,8569,-0.0728360116
user,8570,-0.146116734
user,8571,0.18037042
user,8572,-0.0269984957
user,8573,-0.22725834
user,8574,-0.117848031
user,8575,0.0194760598
user,8576,0.101043247
user,8577,0.105015397
user,8578,-0.145907506
user,8579,0.0455988273
user,8580,-0.232652143
user,8581,-0.034756314
user,8582,-0.0962581187
user,8583,-0.125497833
user,8584,0.0112303654
user,8585,-0.191122398
user,8586,0.13467057
user,8587,0.1746483
user,8588,-0.086476624
user,8589,-0.128270715
user,8590,0.260001451
user,8591,0.0108594522
user,8592,-0.150972769
user,8593,-0.303782016
user,8594,-0.0593056157
user,8595,-0.0441474542
user,8596,0.122579746
user,8597,0.0471298918
user,8598,-0.229181245
user,8599,0.193444133
user,8600,-0.133406371
user,8601,-0.00738138333
user,8602,0.0345726237
user,8603,-0.121941596
user,8604,-0.160473287
user,8605,-0.240160644
user,8606,0.233628914
user,8607,-0.0447799489
user,8608,0.0677017272
user,8609,0.0337800086
user,8610,0.27740559
user,8611,-0.0605721474
user,8612,0.184120536
user,8613,0.163166136
user,8614,0.116506778
user,8615,-0.130400971
user,8616,0.0531730913
user,8617,-0.00834216923
user,8618,-0.120214194
user,8619,-0.109623164
user,8620,0.0108473375
user,8621,0.213359863
user,8622,-0.0180762522
user,8623,0.0706477091
user,8624,-0.0680792034
user,8625,-0.215484574
user,8626,-0.0177270584
user,8627,0.0177841559
user,8628,-0.144569397
user,8629,-0.183048159
user,8630,0.118753806
user,8631,-0.0751676336
user,8632,0.0729191154
user,8633,0.233592182
user,8634,-0.21642825
user,8635,0.0850559324
user,8636,-0.0605232008
user,8637,0.0452239402
user,8638,0.0952414349
user,8639,0.0458920076
user,8640,9.48328525e-05
user,8641,-0.091479592
user,8642,0.0448341593
user,8643,-0.0421517044
user,8644,-0.0614071116
user,8645,-0.0440810211
user,8646,0.117945291
user,8647,-0.236247063
user,8648,0.0720468014
user,8649,-0.0855486244
user,8650,-0.0236375779
user,8651,0.0796528012
user,8652,-0.158968046
user,8653,0.0311498791
user,8654,-0.0399835557
user,8655,-0.0522589609
user,8656,-0.105415717
user,8657,-0.0392881222
user,8658,-0.116404638
user,8659,0.154389396
user,8660,0.0710971653
user,8661,0.0872651115
user,8662,-0.148105681
user,8663,0.0102156866
user,8664,-0.118398033
user,8665,-0.0176120624
user,8666,-0.268019915
user,8667,-0.0630934238
user,8668,-0.155187786
user,8669,-0.0956667066
user,8670,-0.122883573
user,8671,-0.0319286212
user,8672,0.0430275239
user,8673,-0.233414888
user,8674,-0.0436578989
user,8675,0.1322667
user,8676,-0.162666023
user,8677,0.187445298
user,8678,0.0689500123
user,8679,0.00608794112
user,8680,0.112341702
user,8681,-0.10542389
user,8682,-0.196825087
user,8683,0.0433632433
user,8684,-0.0496869162
user,8685,-0.176535994
user,8686,-0.00506588817
user,8687,0.0129062943
user,8688,-0.199091703
user,8689,0.0104305074
user,8690,0.131672516
user,8691,-0.139439836
user,8692,0.0100491978
user,8693,-0.0610674582
user,8694,-0.00978363864
user,8695,-0.151151478
user,8696,-0.0754545256
user,8697,-0.114351198
user,8698,0.0109031983
user,8699,0.00194693357
user,8700,-0.0978026986
user,8701,-0.050184682
user,8702,-0.133268729
user,8703,-0.165560961
user,8704,0.11833708
user,8705,-0.149391487
user,8706,0.116294652
user,8707,0.00401927531
user,8708,-0.0743436217
user,8709,-0.0102456026
user,8710,0.140912265
user,8711,0.00991684385
user,8712,-0.100264363
user,8713,0.200712964
user,8714,-0.100039624
user,8715,0.193061709
user,8716,0.202840492
user,8717,0.000671347603
user,8718,0.0442992449
user,8719,0.115102261
user,8720,-0.00736838393
user,8721,-0.100418277
user,8722,-0.0295249969
user,8723,-0.144523755
user,8724,0.00256300531
user,8725,0.0927463695
user,8726,-0.0182558894
user,8727,-0.280534387
user,8728,-0.0610541254
user,8729,-0.199733466
user,8730,-0.0367930755
user,8731,-0.158785909
user,8732,-0.128573269
user,8733,0.0940139815
user,8734,0.117539734
user,8735,0.151872069
user,8736,0.00987083465
user,8737,0.0913875103
user,8738,0.00569795072
user,8739,0.21902661
user,8740,0.0712632313
user,8741,-0.180751562
user,8742,-0.0363940448
user,8743,0.0236033797
user,8744,0.155866325
user,8745,0.116431899
user,8746,0.0387534387
user,8747,0.0346592665
user,8748,0.0533315986
user,8749,-0.0329680927
user,8750,-0.0886769146
user,8751,-0.0690880418
user,8752,0.139724001
user,8753,-0.152008608
user,8754,0.0363975391
user,8755,-0.0972333848
user,8756,0.00632820651
user,8757,-0.0649692044
user,8758,0.199834675
user,8759,-0.00848134607
user,8760,0.254055619
user,8761,0.0295252595
user,8762,-0.147777647
user,8763,-0.149458721
user,8764,-0.0648559928
user,8765,0.00839453191
user,8766,-0.0364902169
user,8767,0.0548029207
user,8768,0.113334209
user,8769,0.0170078352
user,8770,0.200441793
user,8771,-0.0481746495
user,8772,0.0382229947
user,8773,-0.15171665
user,8774,0.106773034
user,8775,0.106351919
user,8776,0.0157558545
user,8777,0.0790492147
user,8778,0.0392811447
user,8779,0.230633378
user,8780,-0.0674402416
user,8781,0.050961405
user,8782,-0.191039622
user,8783,0.141411483
user,8784,0.0224514976
user,8785,0.120814897
user,8786,-0.17942287
user,8787,-0.279686302
user,8788,0.0248049125
user,8789,-0.28762269
user,8790,-0.206881553
user,8791,0.183676526
user,8792,0.0920937359
user,8793,0.0187746137
user,8794,0.03803657
user,8795,0.100442044
user,8796,-0.0859019533
user,8797,0.063815318
user,8798,0.128379777
user,8799,0.072295472
user,8800,0.00284843007
user,8801,0.176632375
user,8802,-0.057670664
user,8803,0.0504752696
user,8804,0.0306143053
user,8805,-0.0741313025
user,8806,0.0290340781
user,8807,-0.00118252588
user,8808,0.103830874
user,8809,-0.0553178266
user,8810,0.0565205142
user,8811,0.243758306
user,8812,0.199012667
user,8813,0.0349993035
user,8814,-0.0335767977
user,8815,0.23590073
user,8816,0.0377021059
user,8817,-0.10292238
user,8818,-0.13763696
user,8819,0.0184298772
user,8820,-0.145703405
user,8821,-0.0558971018
user,8822,0.107883558
user,8823,0.0989400148
user,8824,-0.0392400622
user,8825,-0.00317682326
user,8826,0.0254638195
user,8827,-0.265006304
user,8828,-0.225755453
user,8829,-0.115986899
user,8830,-0.0870273113
user,8831,0.0550017729
user,8832,0.222723097
user,8833,-0.171631724
user,8834,-0.0362572223
user,8835,-0.1197486
user,8836,-0.06602709
user,8837,0.0713840574
user,8838,-0.0081143789
user,8839,-0.0369118229
user,8840,-0.0425468013
user,8841,0.0822255537
user,8842,0.029157944
user,8843,0.307807028
user,8844,0.000642796978
user,8845,0.0928115696
user,8846,0.0450290628
user,8847,0.000507995486
user,8848,0.111745179
user,8849,-0.16652526
user,8850,0.318918318
user,8851,0.127254605
user,8852,0.195427179
user,8853,0.121880516
user,8854,-0.0360369198
user,8855,-0.174213529
user,8856,-0.205134094
user,8857,0.0085545741
user,8858,0.0582032986
user,8859,0.0972465128
user,8860,0.0619639717
user,8861,-0.0277858209
user,8862,0.273017466
user,8863,-0.0344415009
user,8864,0.09059304
user,8865,0.0632165819
user,8866,0.188157588
user,8867,-0.212436303
user,8868,-0.0922531635
user,8869,-0.230147377
user,8870,-0.23955144
user,8871,0.0417239144
user,8872,-0.0309651867
user,8873,0.0787522793
user,8874,-0.0304971971
user,8875,0.132983357
user,8876,-0.125968784
user,8877,-0.0402772054
user,8878,-0.227581352
user,8879,-0.163498551
user,8880,-0.0508159585
user,8881,-0.0991430879
user,8882,-0.0177801698
user,8883,-0.158532768
user,8884,-0.101355128
user,8885,0.0732192844
user,8886,-0.0575463288
user,8887,-0.119094752
user,8888,0.123450078
user,8889,0.118842281
user,8890,0.0145520791
user,8891,0.110826254
user,8892,-0.0385788642
user,8893,0.231341243
user,8894,0.118440963
user,8895,0.145886779
user,8896,0.0240444448
user,8897,-0.0434485078
user,8898,0.0283248536
user,8899,0.0888294652
user,8900,-0.0136961266
user,8901,0.0805997476
user,8902,-0.0460163355
user,8903,0.0219948292
user,8904,0.0106635205
user,8905,0.0095903296
user,8906,0.0843051076
user,8907,0.154076979
user,8908,-0.192561656
user,8909,-0.144870698
user,8910,-0.0529419184
user,8911,-0.123181827
user,8912,-0.0927966237
user,8913,-0.0503116511
user,8914,0.0460973568
user,8915,-0.0958982408
user,8916,0.0715563223
user,8917,-0.000249002129
user,8918,0.0143323801
user,8919,0.058586508
user,8920,0.103717029
user,8921,0.051294025
user,8922,0.00332520902
user,8923,-0.118030325
user,8924,0.016168179
user,8925,0.166591823
user,8926,0.167724326
user,8927,-0.0256342143
user,8928,-0.00338990148
user,8929,0.075002268
user,8930,-0.195127651
user,8931,-0.1865623
user,8932,-0.149977595
user,8933,-0.0270512663
user,8934,0.0618993714
user,8935,-0.0534786582
user,8936,0.0109990835
user,8937,-0.113146327
user,8938,0.192689747
user,8939,-0.0346783623
user,8940,-0.211827844
user,8941,-0.0167833418
user,8942,0.0597221032
user,8943,-0.00312157907
user,8944,-0.0391234979
user,8945,0.080039233
user,8946,-0.045298811
user,8947,-0.0675714165
user,8948,0.00245485827
user,8949,-0.121226102
user,8950,0.148529619
user,8951,-0.186770737
user,8952,-0.0412659012
user,8953,0.0743290037
user,8954,-0.157181352
user,8955,0.01690083
user,8956,0.00342985056
user,8957,-0.00598681718
user,8958,0.181165084
user,8959,0.0790375099
user,8960,-0.0796688572
user,8961,-0.0768330246
user,8962,-0.0265025273
user,8963,-0.121698499
user,8964,0.261303306
user,8965,-0.164141282
user,8966,0.0742148757
user,8967,0.236272424
user,8968,-0.00547691248
user,8969,-0.223581821
user,8970,-0.00501214713
user,8971,0.0656984746
user,8972,0.0857782066
user,8973,-0.0970097184
user,8974,-0.159952909
user,8975,-0.219431758
user,8976,-0.15403378
user,8977,0.160018086
user,8978,-0.203264549
user,8979,0.171542138
user,8980,-0.175447255
user,8981,0.00549903885
user,8982,-0.157389402
user,8983,0.0172183421
user,8984,-0.135714725
user,8985,0.23011294
user,8986,-0.134320393
user,8987,0.00251531228
user,8988,0.0558295883
user,8989,-0.0689556077
user,8990,-0.09402363
user,8991,-0.110317834
user,8992,0.0574756302
user,8993,0.265851319
user,8994,0.0312687941
user,8995,0.0191360787
user,8996,-0.104265504
user,8997,-0.138239622
user,8998,-0.0848137438
user,8999,-0.062166512
user,9000,0.0354315937
user,9001,0.0585868843
user,9002,0.128953397
user,9003,0.0633315071
user,9004,0.0624843799
user,9005,-0.0837497786
user,9006,0.0577516109
user,9007,0.0940525979
user,9008,0.111786231
user,9009,0.0818921551
user,9010,0.0550234504
user,9011,0.197402313
user,9012,-0.0500048511
user,9013,0.136520669
user,9014,-0.0189425871
user,9015,-0.00327611342
user,9016,-0.0556465276
user,9017,-0.0115975812
user,9018,-0.0604114607
user,9019,-0.110222802
user,9020,0.0397888646
user,9021,-0.190801591
user,9022,0.0128190788
user,9023,-0.0364292935
user,9024,-0.0784542561
user,9025,0.0338564664
user,9026,0.217410266
user,9027,-0.160678089
user,9028,0.000736154616
user,9029,-0.129938066
user,9030,-0.0916514993
user,9031,0.0692109913
user,9032,0.110055387
user,9033,-0.345396221
user,9034,0.179870367
user,9035,-0.188666403
user,9036,-0.178691179
user,9037,0.0245827734
user,9038,0.216443315
user,9039,-0.181378201
user,9040,-0.0342208706
user,9041,0.148268253
user,9042,-0.0843857378
user,9043,-0.0259928498
user,9044,-0.253545046
user,9045,0.0256105922
user,9046,-0.0462109037
user,9047,-0.148351431
user,9048,0.0370596945
user,9049,0.0342998542
user,9050,0.0191516429
user,9051,0.157067686
user,9052,-0.256743789
user,9053,0.0616764501
user,9054,0.129005119
user,9055,0.0103937462
user,9056,0.0347266123
user,9057,0.174408212
user,9058,-0.123123765
user,9059,-0.146932662
user,9060,-0.0355364121
user,9061,-0.208530411
user,9062,0.00437063724
user,9063,-0.0834293664
user,9064,0.191108719
user,9065,0.126634449
user,9066,0.102013506
user,9067,-0.00397063978
user,9068,-0.107717402
user,9069,0.0527284183
user,9070,0.110886469
user,9071,0.0483369529
user,9072,-0.25795728
user,9073,0.210279807
user,9074,0.0333704501
user,9075,-0.183117896
user,9076,0.114222854
user,9077,-0.109909959
user,9078,-0.0811518133
user,9079,-0.0191575587
user,9080,0.174650073
user,9081,-0.238838971
user,9082,-0.163552672
user,9083,-0.171467915
user,9084,-0.139429852
user,9085,0.135794386
user,9086,0.0985594615
user,9087,0.0998499542
user,9088,0.0050572399
user,9089,-0.155485407
user,9090,0.166390538
user,9091,0.19072932
user,9092,0.142646134
user,9093,-0.0764150694
user,9094,0.178994015
user,9095,0.0701282471
user,9096,-0.148955584
user,9097,0.0707568899
user,9098,0.0218398347
user,9099,-0.0456309803
user,9100,0.00876204856
user,9101,0.0659945756
user,9102,0.0747022852
user,9103,0.125324667
user,9104,0.0308288373
user,9105,-0.118699461
user,9106,0.0514207184
user,9107,0.0219264273
user,9108,-0.00366389658
user,9109,-0.119543597
user,9110,0.081665948
user,9111,0.0769515038
user,9112,-0.149884671
user,9113,-0.149815425
user,9114,0.196963027
user,9115,-0.0554630607
user,9116,0.0241010934
user,9117,0.261789739
user,9118,-0.00282640383
user,9119,-0.0477326661
user,9120,-0.0587516427
user,9121,-0.13602069
user,9122,-0.0256777629
user,9123,0.0431241989
user,9124,-0.00992417336
user,9125,0.0466051847
user,9126,0.00485581905
user,9127,-0.130916879
user,9128,-0.234660447
user,9129,0.0457740724
user,9130,0.0222142972
user,9131,0.235577568
user,9132,0.0152790323
user,9133,0.0430468135
user,9134,0.0867133886
user,9135,-0.0542922243
user,9136,-0.0765430033
user,9137,-0.0206226911
user,9138,0.112689726
user,9139,-0.0441618711
user,9140,-0.119581096
user,9141,0.0668756962
user,9142,0.0119317211
user,9143,0.087135829
user,9144,-0.0228039119
user,9145,-0.0322880968
user,9146,0.0580905192
user,9147,0.0863852873
user,9148,0.21380192
user,9149,-0.129349649
user,9150,0.018088039
user,9151,-0.21790272
user,9152,0.0118996054
user,9153,-0.141573161
user,9154,-0.0274090469
user,9155,-0.265217721
user,9156,-0.0388254225
user,9157,-0.09912882
user,9158,0.176387265
user,9159,0.0159377791
user,9160,-0.0450380147
user,9161,0.0709237456
user,9162,-0.104333892
user,9163,-0.0529915318
user,9164,-0.056081932
user,9165,-0.0767742917
user,9166,-0.100896314
user,9167,0.078661792
user,9168,-0.181440324
user,9169,-0.164090022
user,9170,0.10648115
user,9171,0.0906154066
user,9172,-0.271013379
user,9173,-0.129006833
user,9174,0.0541573986
user,9175,0.0472948737
user,9176,0.11209251
user,9177,-0.0136851892
user,9178,0.1477184
user,9179,-0.111602455
user,9180,-0.132912695
user,9181,-0.156145394
user,9182,-0.0766132623
user,9183,0.0773240998
user,9184,-0.0848369449
user,9185,-0.0718486011
user,9186,-0.0236220583
user,9187,0.0387358777
user,9188,0.0833590552
user,9189,-0.0826607719
user,9190,0.0833724141
user,9191,0.0335454978
user,9192,-0.0107915588
user,9193,0.0616411939
user,9194,-0.218282118
user,9195,0.0503946096
user,9196,0.10895814
user,9197,0.0221748389
user,9198,0.0426226407
user,9199,0.0958243012
user,9200,0.0770396292
user,9201,-0.0631392151
user,9202,-0.194016248
user,9203,-0.00434671342
user,9204,-0.0672226921
user,9205,-0.0220018364
user,9206,-0.183300942
user,9207,0.0578640625
user,9208,0.0894981325
user,9209,0.219482973
user,9210,0.162829608
user,9211,-0.00986433029
user,9212,0.0395813659
user,9213,0.139988825
user,9214,0.0462949425
user,9215,0.160626993
user,9216,-0.117102772
user,9217,0.150213376
user,9218,0.0476205647
user,9219,-0.0327777117
user,9220,0.148127034
user,9221,0.0557162166
user,9222,-0.00752164423
user,9223,0.0929712206
user,9224,-0.10052114
user,9225,0.003524011
user,9226,-0.026190158
user,9227,0.131682947
user,9228,0.178663567
user,9229,0.0331570879
user,9230,0.0605284199
user,9231,-0.0799869597
user,9232,0.0258290768
user,9233,0.215185329
user,9234,0.112287521
user,9235,0.15741232
user,9236,0.0557732955
user,9237,-0.178832009
user,9238,-0.0854672268
user,9239,-0.0561902225
user,9240,-0.0387640484
user,9241,-0.126780778
user,9242,-0.192811847
user,9243,0.0305646509
user,9244,-0.142924935
user,9245,0.030607447
user,9246,0.0192403086
user,9247,-0.195807531
user,9248,-0.0628764778
user,9249,0.186231151
user,9250,-0.0310745649
user,9251,-0.0582034215
user,9252,0.100704454
user,9253,-0.0496104211
user,9254,0.0108966976
user,9255,0.19755584
user,9256,-0.107684538
user,9257,-0.141020834
user,9258,0.107912645
user,9259,-0.114884734
user,9260,-0.059098497
user,9261,-0.0724145621
user,9262,-0.0702360198
user,9263,0.0213871896
user,9264,-0.21179381
user,9265,0.0825411081
user,9266,-0.0805629343
user,9267,-0.0647045746
user,9268,0.0707514286
user,9269,-0.0677680671
user,9270,-0.0967949331
user,9271,-0.0244671088
user,9272,-0.0730922595
user,9273,-0.0132606104
user,9274,-0.10638313
user,9275,-0.225630537
user,9276,-0.0444110259
user,9277,0.0374490246
user,9278,-0.0248793792
user,9279,-0.114345327
user,9280,0.27595219
user,9281,0.104371801
user,9282,-0.0181100722
user,9283,0.105903901
user,9284,0.18576026
user,9285,0.118085884
user,9286,0.255453974
user,9287,0.183177486
user,9288,0.0905614421
user,9289,0.150308996
user,9290,-0.0990144834
user,9291,0.295692593
user,9292,0.165726796
user,9293,0.0353246927
user,9294,-0.0635352805
user,9295,-0.0188861433
user,9296,-0.188297257
user,9297,0.114690468
user,9298,-0.179772496
user,9299,0.0814164206
user,9300,0.0465179347
user,9301,-0.0615661442
user,9302,0.0947129652
user,9303,0.154730618
user,9304,-0.0422984548
user,9305,0.0738740191
user,9306,-0.0514543429
user,9307,-0.129870623
user,9308,0.0434690528
user,9309,-0.194848105
user,9310,-0.104673512
user,9311,0.0625134706
user,9312,-0.253720134
user,9313,-0.0413564332
user,9314,-0.152939498
user,9315,-0.218634188
user,9316,0.185749754
user,9317,0.0696069077
user,9318,-0.0976786017
user,9319,0.0857955217
user,9320,0.210392505
user,9321,0.0706586689
user,9322,0.0561842881
user,9323,-0.16348657
user,9324,-0.180648223
user,9325,0.0690675527
user,9326,0.181464851
user,9327,-0.0373499431
user,9328,-0.0480691157
user,9329,0.195017338
user,9330,0.0163332075
user,9331,0.108846784
user,9332,0.041615501
user,9333,-0.0668464079
user,9334,-0.080931671
user,9335,0.0603289157
user,9336,0.0928350314
user,9337,-0.134751752
user,9338,0.211624742
user,9339,-0.0968143567
user,9340,-0.154649019
user,9341,0.0903801546
user,9342,-0.0392265506
user,9343,-0.0110537205
user,9344,0.286890388
user,9345,0.0231543127
user,9346,0.148587853
user,9347,0.177408174
user,9348,-0.0739617795
user,9349,-0.110994577
user,9350,0.198106542
user,9351,0.0577416494
user,9352,0.00039726682
user,9353,-0.178275868
user,9354,0.0931580663
user,9355,0.104084983
user,9356,-0.0767837986
user,9357,0.0397891104
user,9358,-0.0755729005
user,9359,0.248575807
user,9360,-0.0725702792
user,9361,-0.10277801
user,9362,0.00237547886
user,9363,0.0717226565
user,9364,0.0845664069
user,9365,-0.13047111
user,9366,-0.0512756184
user,9367,-0.104399472
user,9368,-0.0804366171
user,9369,0.0365140736
user,9370,0.0576626509
user,9371,0.0177636445
user,9372,-0.0769513771
user,9373,0.0691218525
user,9374,0.020108765
user,9375,-0.0730417818
user,9376,0.125945508
user,9377,-0.170524344
user,9378,-0.0110656396
user,9379,-0.143547937
user,9380,0.0216109268
user,9381,0.0553025901
user,9382,0.229804859
user,9383,-0.0536812991
user,9384,0.227864474
user,9385,-0.019385824
user,9386,-0.169382796
user,9387,-0.0737743676
user,9388,0.0447867587
user,9389,0.310661256
user,9390,0.0623623803
user,9391,0.0532411337
user,9392,-0.0212763064
user,9393,0.103393137
user,9394,0.00138800219
user,9395,-0.0921262056
user,9396,-0.0946229696
user,9397,-0.00812696666
user,9398,0.0350182429
user,9399,-0.0615243874
user,9400,-0.0992302448
user,9401,0.0506611839
user,9402,-0.194061056
user,9403,0.147819355
user,9404,0.102514684
user,9405,0.056044016
user,9406,-0.125163957
user,9407,-0.00110773742
user,9408,0.202113882
user,9409,-0.108320452
user,9410,-0.0894832984
user,9411,0.15028967
user,9412,0.280572653
user,9413,0.0269337818
user,9414,-0.133936197
user,9415,-0.0656105429
user,9416,-0.181481823
user,9417,0.220964104
user,9418,-0.0357086174
user,9419,0.193792284
user,9420,-0.115537837
user,9421,0.129102379
user,9422,0.0555316769
user,9423,-0.110497624
user,9424,-0.244054943
user,9425,0.0257588178
user,9426,0.228039369
user,9427,0.0590917915
user,9428,0.055870451
user,9429,0.13734512
user,9430,-0.20409061
user,9431,-0.148157924
user,9432,0.234152511
user,9433,0.0210212283
user,9434,-0.0175272692
user,9435,0.150621563
user,9436,-0.0012780698
user,9437,-0.0472125076
user,9438,-0.100230157
user,9439,0.0516528487
user,9440,-0.0486168452
user,9441,0.228836566
user,9442,0.198092222
user,9443,-0.160651594
user,9444,-0.0369908139
user,9445,0.0273906998
user,9446,0.00651327521
user,9447,-0.147177279
user,9448,0.00422221795
user,9449,0.0204627626
user,9450,-0.0142206028
user,9451,-0.0660835803
user,9452,-0.212915003
user,9453,0.130074427
user,9454,0.0235491544
user,9455,-0.246881202
user,9456,-0.119541779
user,9457,-0.277802318
user,9458,-0.159641743
user,9459,0.199281767
user,9460,0.0903395861
user,9461,-0.0593456104
user,9462,0.199391112
user,9463,-0.190533966
user,9464,0.12751244
user,9465,0.179289252
user,9466,0.0926202312
user,9467,0.0716042817
user,9468,-0.01229278
user,9469,0.0432744697
user,9470,0.11851383
user,9471,0.0478895232
user,9472,-0.107609123
user,9473,0.0577194318
user,9474,0.0854173526
user,9475,0.0935867876
user,9476,0.0519312285
user,9477,-0.18715474
user,9478,0.000349991024
user,9479,-0.0611262918
user,9480,-0.175820425
user,9481,0.0884090886
user,9482,0.0885951743
user,9483,0.0121498881
user,9484,0.0489594862
user,9485,-0.109107077
user,9486,-0.15882194
user,9487,0.0208214782
user,9488,-0.140853122
user,9489,0.113287188
user,9490,0.11616455
user,9491,0.0548051223
user,9492,0.148304373
user,9493,0.099847585
user,9494,0.0949733108
user,9495,-0.141859353
user,9496,0.149149418
user,9497,-0.0411365516
user,9498,-0.0977442116
user,9499,0.00996978022
user,9500,-0.0414615124
user,9501,0.0641411096
user,9502,0.0790050924
user,9503,0.0273388401
user,9504,0.0401920713
user,9505,-0.0141477641
user,9506,0.252892435
user,9507,0.263279587
user,9508,0.0580825508
user,9509,0.142717063
user,9510,0.0602160357
user,9511,0.0327741392
user,9512,0.0114546828
user,9513,-0.104788922
user,9514,-0.0992679074
user,9515,0.0188372489
user,9516,0.0350821167
user,9517,0.00454355869
user,9518,-0.117121845
user,9519,0.101980723
user,9520,0.092498444
user,9521,-0.230411425
user,9522,0.0254433416
user,9523,0.209831834
user,9524,0.05989898
user,9525,-0.107259154
user,9526,-0.150214076
user,9527,0.0706964731
user,9528,-0.0432601795
user,9529,-0.0766559914
user,9530,-0.0626753196
user,9531,-0.0425615236
user,9532,-0.101287477
user,9533,-0.207116455
user,9534,-0.200708181
user,9535,-0.136059344
user,9536,-0.0532969981
user,9537,-0.277891636
user,9538,0.0398887917
user,9539,-0.0206510425
user,9540,0.0858362466
user,9541,0.0638063699
user,9542,-0.0483891144
user,9543,-0.192190424
user,9544,0.18328765
user,9545,-0.0275149494
user,9546,0.13176249
user,9547,0.0328572094
user,9548,-0.0296463668
user,9549,0.0730490685
user,9550,0.0421221592
user,9551,0.211837649
user,9552,-0.0781128854
user,9553,0.160982043
user,9554,-0.105141811
user,9555,-0.0190108418
user,9556,-0.0625226647
user,9557,-0.0299887098
user,9558,0.124150299
user,9559,-0.113135412
user,9560,0.142988145
user,9561,0.00719385594
user,9562,0.147770628
user,9563,-0.0864344686
user,9564,0.0207062215
user,9565,0.222527295
user,9566,-0.00416658446
user,9567,-0.0216629449
user,9568,-0.0783147141
user,9569,-0.0846241489
user,9570,0.0540983379
user,9571,-0.0736648291
user,9572,0.168398559
user,9573,0.12349993
user,9574,-0.0788250566
user,9575,0.168775722
user,9576,0.0127137695
user,9577,-0.17706117
user,9578,0.0975223258
user,9579,-0.0932843462
user,9580,-0.00983006135
user,9581,-0.150243834
user,9582,-0.30810836
user,9583,-0.10581407
user,9584,-0.10357412
user,9585,0.115923464
user,9586,-0.109605975
user,9587,-0.0340350494
user,9588,-0.0859653056
user,9589,-0.0725088269
user,9590,-0.070263043
user,9591,-0.156147659
user,9592,-0.150977582
user,9593,-0.186008126
user,9594,-0.120688334
user,9595,-0.00341452658
user,9596,-0.112406686
user,9597,0.00184792839
user,9598,0.123217128
user,9599,0.100509867
user,9600,0.035416089
user,9601,-0.010376621
user,9602,-0.0441880226
user,9603,0.137129769
user,9604,-0.0436575189
user,9605,-0.15350464
user,9606,0.131739751
user,9607,0.0128252171
user,9608,-0.109559208
user,9609,-0.124547988
user,9610,-0.0612168089
user,9611,-0.259625316
user,9612,0.0262817275
user,9613,0.0138842799
user,9614,-0.0253145378
user,9615,-0.0342212804
user,9616,-0.0925254524
user,9617,0.136501417
user,9618,0.0867547542
user,9619,-0.123708591
user,9620,0.0187259652
user,9621,-0.0582745597
user,9622,0.0573188439
user,9623,0.0815539137
user,9624,-0.0642127469
user,9625,-0.0352546833
user,9626,-0.140819922
user,9627,-0.0650792271
user,9628,-0.132094085
user,9629,-0.100021176
user,9630,0.0799516588
user,9631,-0.0224868134
user,9632,0.0449897945
user,9633,-0.134410441
user,9634,-0.20807828
user,9635,0.0967794433
user,9636,0.121456958
user,9637,-0.133110061
user,9638,0.0585581288
user,9639,0.15857254
user,9640,0.103559725
user,9641,-0.00907510333
user,9642,-0.0933226794
user,9643,0.232716754
user,9644,0.0113817565
user,9645,-0.114246763
user,9646,0.0402185135
user,9647,0.00656553917
user,9648,-0.127614826
user,9649,0.190434277
user,9650,0.0113719059
user,9651,0.0167160667
user,9652,0.156667382
user,9653,0.0522775017
user,9654,-0.015083218
user,9655,0.128557205
user,9656,-0.163634926
user,9657,0.223829687
user,9658,-0.00758042652
user,9659,-0.166341245
user,9660,-0.164123103
user,9661,-0.250222176
user,9662,-0.114617772
user,9663,0.226392835
user,9664,0.0140323918
user,9665,0.166533351
user,9666,-0.128293917
user,9667,0.156708315
user,9668,-0.0173409395
user,9669,-0.0137079228
user,9670,-0.155912608
user,9671,0.103627458
user,9672,-0.105775028
user,9673,-0.161286339
user,9674,-0.0787684321
user,9675,0.0206800923
user,9676,-0.0131970719
user,9677,0.0738938004
user,9678,-0.0909196585
user,9679,-0.113742873
user,9680,-0.0378573611
user,9681,0.0176121257
user,9682,0.0834774077
user,9683,-0.0285195708
user,9684,0.0907659531
user,9685,-0.171687752
user,9686,0.0102202063
user,9687,0.00346430205
user,9688,0.0426598005
user,9689,-0.228555277
user,9690,-0.0822219402
user,9691,0.108491905
user,9692,0.0697975159
user,9693,0.0737020746
user,9694,-0.347528338
user,9695,-0.285291702
user,9696,0.0565924048
user,9697,0.0862200931
user,9698,0.105957747
user,9699,-0.0788583383
user,9700,0.0348436944
user,9701,-0.0576344207
user,9702,-0.045515541
user,9703,-0.114647329
user,9704,0.0501120239
user,9705,0.13379705
user,9706,-0.205038831
user,9707,-0.0111730471
user,9708,0.0776593834
user,9709,0.306402802
user,9710,0.0977156088
user,9711,0.140418157
user,9712,0.0417235121
user,9713,0.262675136
user,9714,-0.181106716
user,9715,0.0183650926
user,9716,-0.031811446
user,9717,-0.121438384
user,9718,-0.138412625
user,9719,-0.269158721
user,9720,-0.265824795
user,9721,-0.147686407
user,9722,-0.164300993
user,9723,-0.108705387
user,9724,-0.00295869261
user,9725,-0.0802790746
user,9726,0.198867217
user,9727,-0.122693673
user,9728,0.0653267279
user,9729,0.0723297447
user,9730,-0.0808449686
user,9731,-0.305688262
user,9732,-0.145357728
user,9733,0.0646528527
user,9734,0.0504086651
user,9735,-0.0995824113
user,9736,0.0061552301
user,9737,0.121177115
user,9738,-0.067631796
user,9739,-0.173867106
user,9740,-0.0779009685
user,9741,0.0773487315
user,9742,-0.0502830781
user,9743,-0.252157837
user,9744,-0.221031278
user,9745,-0.25103575
user,9746,-0.00707594212
user,9747,-0.292613924
user,9748,-0.0568494573
user,9749,0.0338164046
user,9750,-0.032510519
user,9751,-0.0689712092
user,9752,-0.0140139535
user,9753,-0.163167298
user,9754,0.080159694
user,9755,0.120400801
user,9756,-0.204164296
user,9757,-0.0311147422
user,9758,-0.0658665448
user,9759,-0.12335594
user,9760,-0.248723328
user,9761,0.111190818
user,9762,-0.0599775463
user,9763,-0.0642131418
user,9764,-0.222958744
user,9765,-0.0888479352
user,9766,0.106851697
user,9767,0.0537523516
user,9768,-0.246672928
user,9769,0.0261088237
user,9770,-0.228302911
user,9771,0.0744662955
user,9772,0.143846855
user,9773,0.113027111
user,9774,0.0172717832
user,9775,0.0314444229
user,9776,0.00203510374
user,9777,-0.2093485
user,9778,-0.260681778
user,9779,-0.0270889774
user,9780,0.0659046993
user,9781,-0.228348732
user,9782,0.09963312
user,9783,-0.141702861
user,9784,-0.117777377
user,9785,-0.0473458618
user,9786,-0.189616054
user,9787,-0.345478088
user,9788,-0.0202962756
user,9789,-0.0506634265
user,9790,0.0327193029
user,9791,0.204792812
user,9792,-0.0438674353
user,9793,-0.0583230704
user,9794,-0.0636042804
user,9795,0.0826913267
user,9796,-0.130607247
user,9797,-0.193594158
user,9798,-0.0929650515
user,9799,0.0233717002
user,9800,0.0687170178
user,9801,0.0779105127
user,9802,-0.0729862601
user,9803,0.0559062958
user,9804,0.000701192766
user,9805,0.105478287
user,9806,-0.158226565
user,9807,0.0524051227
user,9808,-0.00226273015
user,9809,-0.0139189661
user,9810,0.0973030925
user,9811,0.0875135958
user,9812,0.039974086
user,9813,-0.108490676
user,9814,-0.00226832554
user,9815,-0.121889509
user,9816,-0.124278851
user,9817,-0.0331491604
user,9818,0.202848032
user,9819,0.0177108012
user,9820,-0.176983491
user,9821,-0.0582695417
user,9822,-0.134557128
user,9823,-0.274061084
user,9824,-0.0999731347
user,9825,-0.0362751186
user,9826,0.236269519
user,9827,-0.167889684
user,9828,0.202500477
user,9829,0.0596524328
user,9830,0.0819306374
user,9831,-0.0643582121
user,9832,-0.0197791755
user,9833,-0.171848714
user,9834,-0.16917108
user,9835,0.170950443
user,9836,0.18925491
user,9837,0.010109799
user,9838,-0.131107822
user,9839,0.0602797158
user,9840,0.0264294371
user,9841,-0.0796680897
user,9842,0.107709929
user,9843,0.131535068
user,9844,0.221844584
user,9845,-0.0523603298
user,9846,-0.0194947422
user,9847,-0.0157544073
user,9848,-0.0389813669
user,9849,-0.0701179504
user,9850,0.0660918951
user,9851,0.184952378
user,9852,-0.0524740145
user,9853,0.143260658
user,9854,0.121750087
user,9855,-0.0269876551
user,9856,0.0468124785
user,9857,-0.0279903561
user,9858,-0.174444184
user,9859,-0.104090065
user,9860,-0.193186536
user,9861,0.169836715
user,9862,0.0999398977
user,9863,-0.0192543473
user,9864,-0.0827618241
user,9865,-0.0305028036
user,9866,0.035776414
user,9867,-0.0909656584
user,9868,-0.168874696
user,9869,-0.120327525
user,9870,-0.146395564
user,9871,0.00615282543
user,9872,0.0896841139
user,9873,-0.112047993
user,9874,-0.0283192303
user,9875,-0.0700817406
user,9876,0.150517896
user,9877,-0.0919954553
user,9878,-0.0458629951
user,9879,0.180916965
user,9880,0.0461196043
user,9881,-0.192640007
user,9882,-0.101973206
user,9883,-0.101016365
user,9884,0.118519612
user,9885,-0.305251181
user,9886,0.0292466842
user,9887,-0.0986250341
user,9888,-0.0994623005
user,9889,0.0017131418
user,9890,-0.0730048493
user,9891,-0.145705432
user,9892,-0.0993926898
user,9893,0.106979981
user,9894,0.156927705
user,9895,-0.0648293048
user,9896,-0.122372046
user,9897,-0.0814924017
user,9898,0.237820327
user,9899,-0.0478335507
user,9900,-0.199830055
user,9901,-0.00277722068
user,9902,-0.220885873
user,9903,-0.0234963708
user,9904,0.120805442
user,9905,-0.0596486181
user,9906,-0.0251796469
user,9907,-0.0698910356
user,9908,0.0610629506
user,9909,-0.110724889
user,9910,-0.118692093
user,9911,-0.120308787
user,9912,0.032858476
user,9913,0.0261621028
user,9914,-0.181783259
user,9915,-0.197414339
user,9916,0.0937280953
user,9917,-0.0544795915
user,9918,0.0968539268
user,9919,-0.0905147046
user,9920,0.149962217
user,9921,-0.0326250643
user,9922,-0.0165265761
user,9923,-0.190545857
user,9924,0.00789807364
user,9925,0.00319754519
user,9926,-0.0478563532
user,9927,-0.0154448319
user,9928,-0.142109826
user,9929,0.232574672
user,9930,-0.141064242
user,9931,0.184067965
user,9932,-0.0254851114
user,9933,-0.00894094352
user,9934,0.397351027
user,9935,-0.0948281959
user,9936,-0.241738707
user,9937,-0.0588401295
user,9938,0.0250280723
user,9939,0.0801283121
user,9940,-0.00251047313
user,9941,0.0261389539
user,9942,0.174091727
user,9943,-0.151555449
user,9944,-0.190176025
user,9945,0.0625574365
user,9946,0.0659088641
user,9947,-0.150568366
user,9948,0.0815989673
user,9949,0.186085418
user,9950,-0.170313418
user,9951,-0.108202539
user,9952,-0.0540918298
user,9953,-0.0579541847
user,9954,-0.0473369472
user,9955,0.0419317633
user,9956,-0.00698516751
user,9957,-0.143329173
user,9958,0.0101383766
user,9959,0.0525643267
user,9960,-0.0957666636
user,9961,-0.168835953
user,9962,-0.0302082226
user,9963,0.230178118
user,9964,-0.113734297
user,9965,0.0511752293
user,9966,-0.0805805996
user,9967,-0.154546469
user,9968,5.2396208e-05
user,9969,0.0328196101
user,9970,0.0364484489
user,9971,-0.00530590117
user,9972,-0.155637547
user,9973,0.0521988273
user,9974,-0.0457888395
user,9975,0.0577734001
user,9976,-0.206380323
user,9977,-0.046150919
user,9978,-0.0813127458
user,9979,0.218800724
user,9980,-0.144124284
user,9981,-0.0680278987
user,9982,0.0375838876
user,9983,-0.256533891
user,9984,0.194376782
user,9985,-0.103605434
user,9986,-0.0951440632
user,9987,0.0978864208
user,9988,-0.185265571
user,9989,0.267268509
user,9990,0.232555762
user,9991,-0.0899837092
user,9992,0.107231185
user,9993,-0.0699537396
user,9994,-0.0268083047
user,9995,0.0233301837
user,9996,-0.00690404698
user,9997,-0.179096863
user,9998,-0.0493296012
user,9999,-0.201056123
user,10000,-0.0495825931
user,10001,-0.0635202378
user,10002,0.0506578982
user,10003,-0.0652899742
user,10004,-0.0107002668
user,10005,0.0796588808
user,10006,0.0349930525
user,10007,-0.020692084
user,10008,-0.102402121
user,10009,-0.153768897
user,10010,0.0298259929
user,10011,-0.00458876044
user,10012,-0.0298609249
user,10013,-0.165411368
user,10014,0.119315334
user,10015,-0.0447646305
user,10016,0.124325514
user,10017,-0.14076823
user,10018,-0.126286626
user,10019,0.112127036
user,10020,-0.266162515
user,10021,0.0808147937
user,10022,0.0107988827
user,10023,-0.0299794301
user,10024,0.0709828958
user,10025,0.0445340648
user,10026,0.0181343034
user,10027,-0.0321180709
user,10028,-0.164954215
user,10029,0.291497499
user,10030,-0.0542483851
user,10031,0.119016819
user,10032,0.139709771
user,10033,-0.146516383
user,10034,-0.0159398094
user,10035,-0.0827616677
user,10036,-0.058540307
user,10037,0.147808328
user,10038,-0.141227931
user,10039,-0.07011953
user,10040,-0.122261874
user,10041,0.0468788967
user,10042,-0.0465609431
user,10043,-0.104166456
user,10044,0.0322812721
user,10045,0.0399439856
user,10046,-0.201738089
user,10047,0.239461914
user,10048,0.112012133
user,10049,-0.117074579
user,10050,-0.220925331
user,10051,0.311331749
user,10052,-0.174313992
user,10053,0.0120687149
user,10054,0.0526499972
user,10055,-0.20030044
user,10056,-0.0263598263
user,10057,-0.219194233
user,10058,-0.190983281
user,10059,-0.140095934
user,10060,0.0353104174
user,10061,-0.0334775411
user,10062,-0.0634602979
user,10063,0.136286333
user,10064,-0.000254563987
user,10065,-0.236234963
user,10066,0.161356956
user,10067,0.164276704
user,10068,0.0180247929
user,10069,0.0297671035
user,10070,-0.261784881
user,10071,0.0799495056
user,10072,0.0290781483
user,10073,0.00618103333
user,10074,-0.235146999
user,10075,-0.129478693
user,10076,0.00926435366
user,10077,-0.0494168699
user,10078,0.252204478
user,10079,-0.167566568
user,10080,-0.00337145664
user,10081,-0.135274649
user,10082,0.063743338
user,10083,-0.00745929033
user,10084,-0.20610702
user,10085,-0.0991870537
user,10086,-0.0291220471
user,10087,0.107558697
user,10088,0.109679595
user,10089,0.208231926
user,10090,-0.0419448689
user,10091,-0.117615856
user,10092,-0.0624287054
user,10093,-0.109906241
user,10094,-0.0429272652
user,10095,0.0185426772
user,10096,-0.0676777959
user,10097,0.0498747379
user,10098,-0.0304088593
user,10099,-0.0366994478
user,10100,-0.00707389601
user,10101,-0.025695432
user,10102,-0.20044294
user,10103,-0.134497121
user,10104,0.17336902
user,10105,-0.0841591954
user,10106,-0.224881321
user,10107,-0.036156211
user,10108,0.298035562
user,10109,-0.114264145
user,10110,-0.00839095563
user,10111,-0.133384958
user,10112,-0.0546996072
user,10113,0.0258775223
user,10114,-0.102504648
user,10115,-0.128024265
user,10116,-0.314137638
user,10117,-0.164492428
user,10118,0.0164216831
user,10119,-0.0711738169
user,10120,0.0702586323
user,10121,-0.0123355389
user,10122,0.091462031
user,10123,0.113502547
user,10124,-0.170046419
user,10125,-0.213069499
user,10126,0.00590614881
user,10127,-0.017155692
user,10128,0.0134985968
user,10129,-0.0705976784
user,10130,-0.082399711
user,10131,0.129698634
user,10132,0.0321810991
user,10133,-0.186880589
user,10134,-0.0600669682
user,10135,-0.0724895224
user,10136,0.0455168933
user,10137,0.0563678779
user,10138,0.231515199
user,10139,-0.192950651
user,10140,0.153329074
user,10141,-0.0397616215
user,10142,-0.219778836
user,10143,-0.0553649366
user,10144,0.100446418
user,10145,-0.0694009513
user,10146,-0.0242884085
user,10147,0.0423377939
user,10148,-0.0786441788
user,10149,0.0769309402
user,10150,0.150332302
user,10151,-0.096497871
user,10152,-0.00837891176
user,10153,0.0466895998
user,10154,-0.0141810542
user,10155,0.00929836184
user,10156,-0.0282522831
user,10157,-0.279448509
user,10158,-0.138041139
user,10159,-0.0443212204
user,10160,0.152568266
user,10161,-0.0529207215
user,10162,0.0477339253
user,10163,0.0916991755
user,10164,0.205737576
user,10165,-0.0375559404
user,10166,-0.14896217
user,10167,-0.183622241
user,10168,-0.114339352
user,10169,-0.0322966576
user,10170,0.118945532
user,10171,0.150128782
user,10172,-0.194098979
user,10173,0.0668310076
user,10174,-0.0011034878
user,10175,0.143039659
user,10176,-0.0257702954
user,10177,-0.150839314
user,10178,-0.112331346
user,10179,-0.0469775125
user,10180,-0.127904445
user,10181,0.0222406499
user,10182,0.156737059
user,10183,0.105432577
user,10184,-0.0801807493
user,10185,-0.0307820216
user,10186,0.024768956
user,10187,0.0499892347
user,10188,-0.0353555121
user,10189,0.153100729
user,10190,-0.078843005
user,10191,-0.0908102691
user,10192,-0.00115805492
user,10193,-0.102218643
user,10194,0.0469384566
user,10195,0.0825238377
user,10196,0.0132597126
user,10197,0.0728072152
user,10198,-0.148333788
user,10199,0.0301297363
user,10200,-0.138640642
user,10201,-0.014113646
user,10202,-0.189925551
user,10203,-0.114006564
user,10204,-0.182876974
user,10205,-0.00973474979
user,10206,-0.097297743
user,10207,0.146621823
user,10208,-0.122170299
user,10209,-0.245001316
user,10210,-0.162489146
user,10211,-0.0459013134
user,10212,0.0253450125
user,10213,0.0555228218
user,10214,0.0221249554
user,10215,0.224392563
user,10216,-0.0493475571
user,10217,-0.0955246612
user,10218,-0.182794571
user,10219,-0.256378382
user,10220,0.0763467327
user,10221,0.0636793748
user,10222,-0.0245304815
user,10223,0.059318006
user,10224,-0.236337632
user,10225,0.234690055
user,10226,0.00765218586
user,10227,-0.150639758
user,10228,-0.0458333455
user,10229,-0.0624352023
user,10230,-0.0825364292
user,10231,0.0444978662
user,10232,0.157085538
user,10233,0.0888033658
user,10234,-0.00303614512
user,10235,0.0647163317
user,10236,-0.0885461643
user,10237,-0.0492946357
user,10238,0.0639156848
user,10239,0.0605711937
user,10240,0.0946587473
user,10241,0.234580398
user,10242,0.16527912
user,10243,0.142979234
user,10244,0.103360973
user,10245,0.136452168
user,10246,0.246527582
user,10247,-0.0175544173
user,10248,-0.229373261
user,10249,0.130237967
user,10250,0.0361540243
user,10251,0.0832327306
user,10252,0.0948238969
user,10253,0.129473969
user,10254,-0.0777901337
user,10255,-0.0314196758
user,10256,0.0192915797
user,10257,-0.0906180888
user,10258,-0.00712288171
user,10259,-0.0882572681
user,10260,-0.137682378
user,10261,0.168487445
user,10262,-0.179719359
user,10263,0.0153486207
user,10264,-0.0968078971
user,10265,-0.110338226
user,10266,0.028830342
user,10267,-0.278111339
user,10268,-0.0309788864
user,10269,0.102290288
user,10270,0.0196486209
user,10271,-0.0739456415
user,10272,-0.142140076
user,10273,0.144715279
user,10274,-0.0581044629
user,10275,-0.00950543955
user,10276,-0.253202826
user,10277,0.271195561
user,10278,-0.114991523
user,10279,-0.0628727823
user,10280,-0.0100650489
user,10281,-0.0154670486
user,10282,0.0224915333
user,10283,-0.0261210985
user,10284,-0.175443441
user,10285,-0.0415404104
user,10286,-0.0723902881
user,10287,-0.0274753571
user,10288,0.170562238
user,10289,-0.245171994
user,10290,0.106681392
user,10291,0.00992488116
user,10292,-0.0567877516
user,10293,-0.0994231701
user,10294,0.0746541172
user,10295,0.186398938
user,10296,-0.059905339
user,10297,0.0576033331
user,10298,-0.149884403
user,10299,-0.0870437622
user,10300,0.151981607
user,10301,-0.071053341
user,10302,-0.164507017
user,10303,-0.0318856165
user,10304,-0.217420682
user,10305,-0.105441466
user,10306,0.0260426737
user,10307,-0.14382197
user,10308,-0.0325259194
user,10309,0.0610973164
user,10310,-0.0901791453
user,10311,-0.179013044
user,10312,0.163613915
user,10313,0.160457969
user,10314,0.134942353
user,10315,-0.149984449
user,10316,0.0564642251
user,10317,0.145046368
user,10318,0.136427805
user,10319,-0.0577633232
user,10320,-0.126115203
user,10321,-0.138250321
user,10322,-0.277365416
user,10323,0.079661727
user,10324,-0.13856028
user,10325,-0.0113478564
user,10326,-0.0292761829
user,10327,-0.0534655899
user,10328,0.0910719931
user,10329,-0.0162739549
user,10330,0.0482493974
user,10331,-0.0612525828
user,10332,-0.0733029842
user,10333,0.133715898
user,10334,-0.00233155675
user,10335,0.0431144126
user,10336,0.00105846114
user,10337,0.0484691486
user,10338,-0.0741816312
user,10339,-0.0968291685
user,10340,0.144399345
user,10341,0.0802428722
user,10342,-0.164280683
user,10343,0.0136821754
user,10344,0.0473150648
user,10345,-0.0369105414
user,10346,-0.104569048
user,10347,0.154552817
user,10348,0.0273107514
user,10349,0.105195716
user,10350,0.0172145497
user,10351,-0.0673532784
user,10352,0.207602143
user,10353,-0.285088718
user,10354,-0.116589904
user,10355,-0.0754270107
user,10356,-0.0408810675
user,10357,-0.175246373
user,10358,0.0366578177
user,10359,0.0812877044
user,10360,0.338413417
user,10361,-0.000425057486
user,10362,0.0213703327
user,10363,-0.13118653
user,10364,0.120465294
user,10365,-0.0516847037
user,10366,0.0346824899
user,10367,0.0919559225
user,10368,-0.0114824418
user,10369,0.00857636146
user,10370,-0.178848147
user,10371,0.114937924
user,10372,-0.0187124088
user,10373,0.0389980376
user,10374,-0.0355986208
user,10375,-0.109324366
user,10376,0.180815428
user,10377,0.108430743
user,10378,-0.0721517578
user,10379,0.154495701
user,10380,0.00741548091
user,10381,-0.189731941
user,10382,-0.127115786
user,10383,-0.126149818
user,10384,0.0437626839
user,10385,0.0347047746
user,10386,0.00851923227
user,10387,-0.128905937
user,10388,0.0386436656
user,10389,-0.287559122
user,10390,-0.0441896021
user,10391,-0.064774856
user,10392,-0.119327709
user,10393,0.0350876153
user,10394,-0.148831561
user,10395,-0.147569522
user,10396,0.071015738
user,10397,0.0787031353
user,10398,0.0429645702
user,10399,0.0236012712
user,10400,0.224064201
user,10401,0.0504895449
user,10402,-0.173564687
user,10403,-0.256833285
user,10404,-0.102241501
user,10405,-0.0198342428
user,10406,-0.0472705141
user,10407,-0.0833880231
user,10408,-0.0163747743
user,10409,-0.152489826
user,10410,0.101852097
user,10411,-0.0458468422
user,10412,0.011414431
user,10413,-0.07929416
user,10414,0.0752247497
user,10415,-0.0678377226
user,10416,-0.0107896514
user,10417,-0.0441977866
user,10418,-0.179111227
user,10419,-0.0387195572
user,10420,0.166934893
user,10421,0.0864004567
user,10422,-0.207925647
user,10423,0.195557758
user,10424,0.020647414
user,10425,0.0415348411
user,10426,-0.142849714
user,10427,-0.0100719593
user,10428,0.180504069
user,10429,-0.0161002167
user,10430,0.101165876
user,10431,0.0768181011
user,10432,0.110543445
user,10433,-0.10830079
user,10434,-0.0318756625
user,10435,0.0443204306
user,10436,-0.128464475
user,10437,-0.162557513
user,10438,0.0548127741
user,10439,0.0918691158
user,10440,-0.0413932279
user,10441,0.178330541
user,10442,0.0369677842
user,10443,-0.157955363
user,10444,0.134619087
user,10445,-0.0639736727
user,10446,-0.162389249
user,10447,0.128558055
user,10448,0.129999354
user,10449,0.0297479201
user,10450,0.070499897
user,10451,-0.102351815
user,10452,0.0150450543
user,10453,0.0233985186
user,10454,0.188034847
user,10455,-0.0243330598
user,10456,-0.105576031
user,10457,-0.13696827
user,10458,0.127033651
user,10459,0.00834315736
user,10460,0.138868302
user,10461,0.0933937803
user,10462,-0.0454454236
user,10463,-0.203016549
user,10464,-0.317109585
user,10465,-0.323901564
user,10466,-0.113044262
user,10467,0.0117049664
user,10468,0.0624749698
user,10469,0.112541728
user,10470,-0.144559711
user,10471,0.258434504
user,10472,-0.206674308
user,10473,-0.14006108
user,10474,0.0894947946
user,10475,-0.130478099
user,10476,0.0665177554
user,10477,0.00754139991
user,10478,0.144120023
user,10479,-0.128653958
user,10480,0.0687285811
user,10481,-0.0716048181
user,10482,-0.0384695828
user,10483,-0.0824878812
user,10484,-0.128221512
user,10485,0.0547633171
user,10486,-0.171108335
user,10487,-0.00910997391
user,10488,0.0274738111
user,10489,-0.0151265683
user,10490,-0.0524756573
user,10491,-0.0231389962
user,10492,0.0454718359
user,10493,-0.00215438846
user,10494,-0.0475252047
user,10495,-0.0283548646
user,10496,0.00308969617
user,10497,0.145569354
user,10498,-0.268859148
user,10499,-0.351215512
user,10500,0.0747680515
user,10501,0.193306759
user,10502,0.220258936
user,10503,0.276015937
user,10504,-0.238264248
user,10505,0.181466579
user,10506,0.176077053
user,10507,-0.12359257
user,10508,0.130183682
user,10509,-0.220954269
user,10510,0.093758069
user,10511,0.0501520038
user,10512,-0.174852863
user,10513,-0.184579954
user,10514,-0.0375207663
user,10515,-0.0041390257
user,10516,0.117481388
user,10517,-0.00870955363
user,10518,-0.0657008067
user,10519,-0.0536887832
user,10520,0.0861397386
user,10521,0.0753084943
user,10522,-0.183058321
user,10523,-0.0916852877
user,10524,-0.018538082
user,10525,-0.0755249113
user,10526,-0.196234584
user,10527,0.0791735649
user,10528,0.101840742
user,10529,-0.0034986902
user,10530,0.0904533491
user,10531,-0.0520421974
user,10532,0.0391121097
user,10533,0.166478664
user,10534,-0.112287208
user,10535,0.0385588482
user,10536,0.144046351
user,10537,0.0454234481
user,10538,0.164610237
user,10539,-0.02053532
user,10540,0.119485766
user,10541,0.0687259585
user,10542,0.224332586
user,10543,0.0482883193
user,10544,-0.0133548845
user,10545,-0.433694959
user,10546,0.0380435809
user,10547,-0.171860635
user,10548,-0.120686479
user,10549,-0.019579608
user,10550,0.0259153992
user,10551,-0.0826878771
user,10552,0.103568301
user,10553,0.000797443092
user,10554,-0.228485778
user,10555,-0.0658035576
user,10556,-0.233244702
user,10557,0.0527565554
user,10558,-0.128583729
user,10559,0.267907113
user,10560,0.0607811809
user,10561,0.0606643558
user,10562,-0.181811973
user,10563,-0.0837170482
user,10564,0.149958864
user,10565,-0.0392268226
user,10566,-0.0524697043
user,10567,-0.0898479968
user,10568,-0.0773212165
user,10569,-0.073383823
user,10570,0.126641065
user,10571,0.0653342903
user,10572,-0.219939604
user,10573,-0.0692673773
user,10574,0.142998755
user,10575,0.124085948
user,10576,-0.0700611919
user,10577,0.106584907
user,10578,-0.145809025
user,10579,-0.10922417
user,10580,-0.000516727567
user,10581,-0.0403333232
user,10582,0.00837054662
user,10583,0.0221919455
user,10584,-0.210178822
user,10585,-0.230240509
user,10586,0.170066729
user,10587,0.128742218
user,10588,-0.151667058
user,10589,0.0840601772
user,10590,0.0130124502
user,10591,0.0669516027
user,10592,0.0284079425
user,10593,-0.156028375
user,10594,-0.110284939
user,10595,0.0402816162
user,10596,-0.139688715
user,10597,0.0189075172
user,10598,-0.277366668
user,10599,-0.150219351
user,10600,-0.00335564464
user,10601,-0.199723348
user,10602,-0.03836428
user,10603,0.0423490703
user,10604,-0.0424281731
user,10605,-0.0825673491
user,10606,0.036572367
user,10607,0.10277725
user,10608,0.0528839082
user,10609,-0.0995126367
user,10610,-0.0909616277
user,10611,-0.177237898
user,10612,0.0311040208
user,10613,0.0296892058
user,10614,0.130181402
user,10615,-0.080280818
user,10616,0.0958252251
user,10617,0.309367508
user,10618,-0.102984369
user,10619,0.0964730531
user,10620,-0.171298593
user,10621,-0.230322361
user,10622,-0.130494744
user,10623,-0.156454414
user,10624,0.025730975
user,10625,0.0315498859
user,10626,0.247973233
user,10627,-0.0213493258
user,10628,-0.0164700747
user,10629,0.22802192
user,10630,-0.18533659
user,10631,-0.158594534
user,10632,-0.0161825139
user,10633,0.197615072
user,10634,-0.254529268
user,10635,-0.0490927808
user,10636,0.0717814863
user,10637,0.115805469
user,10638,-0.0679360256
user,10639,0.103063956
user,10640,-0.148633376
user,10641,0.154001921
user,10642,-0.0333723724
user,10643,0.161113232
user,10644,0.152245611
user,10645,-0.049076274
user,10646,0.0392387807
user,10647,0.242040679
user,10648,-0.16923216
user,10649,-0.0167795867
user,10650,-0.0241991226
user,10651,-0.0732153058
user,10652,0.0895062834
user,10653,0.156157672
user,10654,0.228009224
user,10655,0.0394611731
user,10656,-0.107475996
user,10657,0.170542449
user,10658,-0.0448363051
user,10659,0.144350022
user,10660,0.0944812
user,10661,0.180415809
user,10662,0.183908999
user,10663,0.15617688
user,10664,0.0938655958
user,10665,-0.0600199513
user,10666,-0.0906400681
user,10667,0.056333676
user,10668,0.0123255141
user,10669,-0.0150584839
user,10670,-0.100907691
user,10671,0.162025094
user,10672,0.0615015775
user,10673,-0.019694861
user,10674,0.24193199
user,10675,-0.101323619
user,10676,0.132144511
user,10677,-0.0503060669
user,10678,0.15375796
user,10679,-0.0984965861
user,10680,0.0373399071
user,10681,-0.0589685217
user,10682,0.142972201
user,10683,-0.111963183
user,10684,-0.00919005275
user,10685,-0.0879760757
user,10686,-0.18844524
user,10687,-0.131348401
user,10688,0.104007505
user,10689,-0.0430593677
user,10690,-0.249764249
user,10691,-0.15420641
user,10692,0.0267624538
user,10693,0.145557538
user,10694,0.00964911282
user,10695,-0.120352842
user,10696,-0.182361901
user,10697,-0.0638854951
user,10698,-0.135727912
user,10699,0.0086325556
user,10700,-0.0665920153
user,10701,-0.190530926
user,10702,0.0873585939
user,10703,0.0489092991
user,10704,0.0149935521
user,10705,0.0467970483
user,10706,-0.164123684
user,10707,-0.152168766
user,10708,-0.217305437
user,10709,-0.137634397
user,10710,0.0458883494
user,10711,-0.320393145
user,10712,-0.0191086847
user,10713,-0.0790030509
user,10714,0.101093069
user,10715,0.132711545
user,10716,0.0891348645
user,10717,0.0108512342
user,10718,0.102246098
user,10719,-0.0633447692
user,10720,-0.161821738
user,10721,0.29837817
user,10722,0.0477660112
user,10723,-0.00371346436
user,10724,0.0451517291
user,10725,0.0467077196
user,10726,0.0769218281
user,10727,-0.102760077
user,10728,-0.0765349567
user,10729,-0.154174954
user,10730,0.0696448833
user,10731,0.20844309
user,10732,0.122663274
user,10733,-0.0145806763
user,10734,-0.194879174
user,10735,-0.265099019
user,10736,0.0247747302
user,10737,0.0872787535
user,10738,-0.158918291
user,10739,-0.175516143
user,10740,-0.12130627
user,10741,-0.19959043
user,10742,0.112609111
user,10743,0.00995916128
user,10744,-0.117561728
user,10745,0.0102735721
user,10746,-0.0130341044
user,10747,-0.0184993353
user,10748,-0.135607541
user,10749,0.00589775853
user,10750,0.0580234639
user,10751,-0.044091776
user,10752,-0.000155832618
user,10753,0.00454643369
user,10754,-0.0223765783
user,10755,-0.0121096484
user,10756,-0.117892087
user,10757,0.142996266
user,10758,0.103276722
user,10759,-0.0988608822
user,10760,0.0225397199
user,10761,-0.154025555
user,10762,0.153271466
user,10763,-0.0391820446
user,10764,0.196499184
user,10765,-0.0971981436
user,10766,-0.285060734
user,10767,0.091696687
user,10768,0.0700001866
user,10769,-0.0624377318
user,10770,-0.237821251
user,10771,-0.0968605131
user,10772,-0.103613332
user,10773,-0.0776029378
user,10774,-0.0670293123
user,10775,-0.0245841127
user,10776,0.118963495
user,10777,0.0423565358
user,10778,0.0243653283
user,10779,0.150022969
user,10780,-0.128587708
user,10781,-0.045540005
user,10782,-0.0493050441
user,10783,-0.0555259548
user,10784,-0.309551805
user,10785,-0.0512456
user,10786,0.0441217385
user,10787,-0.0610546581
user,10788,0.0910568535
user,10789,-0.0698298663
user,10790,-0.242594764
user,10791,-0.15707393
user,10792,-0.0606791079
user,10793,-0.039672032
user,10794,-0.196804672
user,10795,0.140144646
user,10796,-0.128254831
user,10797,-0.115088925
user,10798,0.0385093987
user,10799,0.140707582
user,10800,0.0983028412
user,10801,0.0748127401
user,10802,-0.0074776262
user,10803,0.0199417807
user,10804,-0.0750751048
user,10805,-0.237891793
user,10806,0.10226021
user,10807,0.0423721075
user,10808,0.170165226
user,10809,0.206569284
user,10810,0.214715868
user,10811,0.00510822702
user,10812,-0.0287937745
user,10813,-0.105278112
user,10814,-0.162455708
user,10815,-0.207878068
user,10816,-0.0523942411
user,10817,0.0817240253
user,10818,0.239620358
user,10819,-0.0979397073
user,10820,-0.0437805131
user,10821,0.124926373
user,10822,0.194239482
user,10823,0.078913264
user,10824,-0.327727646
user,10825,-0.0845118612
user,10826,-0.1001954
user,10827,-0.0651188195
user,10828,-0.00329875946
user,10829,0.162088886
user,10830,-0.0604666471
user,10831,-0.263364762
user,10832,-0.25884214
user,10833,-0.126889348
user,10834,0.151699424
user,10835,-0.158658192
user,10836,0.0498512164
user,10837,0.0823949277
user,10838,-0.0667609796
user,10839,-0.010348741
user,10840,-0.269864738
user,10841,-0.100360513
user,10842,-0.08482638
user,10843,0.126774028
user,10844,-0.146419644
user,10845,-0.017907314
user,10846,-0.0728848875
user,10847,-0.0141155235
user,10848,-0.0770215392
user,10849,-0.0280875806
user,10850,-0.161717236
user,10851,-0.0779975504
user,10852,0.0574589819
user,10853,0.016737178
user,10854,0.0918891579
user,10855,-0.0744750053
user,10856,0.0115678087
user,10857,-0.249577701
user,10858,0.144941404
user,10859,-0.0356923826
user,10860,-0.0146665201
user,10861,-0.125301301
user,10862,0.210281849
user,10863,0.0132706333
user,10864,0.040790718
user,10865,-0.0662517846
user,10866,-0.149365067
user,10867,-0.0926090106
user,10868,-0.00569717586
user,10869,0.0143732596
user,10870,-0.272794515
user,10871,-0.0226055998
user,10872,-0.214861304
user,10873,-0.166821405
user,10874,-0.0846021622
user,10875,0.00508133695
user,10876,0.194150493
user,10877,0.213078588
user,10878,-0.0550021529
user,10879,0.0681025088
user,10880,0.0126944557
user,10881,-0.097315222
user,10882,-0.151810676
user,10883,-0.148244932
user,10884,-0.153458655
user,10885,0.293312103
user,10886,0.0868802294
user,10887,-0.0708471686
user,10888,-0.134067208
user,10889,-0.0467375554
user,10890,0.0298616178
user,10891,0.181601703
user,10892,-0.25962773
user,10893,0.109382473
user,10894,0.104555361
user,10895,-0.0828946382
user,10896,-0.0147829736
user,10897,-0.078382194
user,10898,0.0270217136
user,10899,0.066493392
user,10900,0.0693781078
user,10901,0.217781812
user,10902,-0.00260837004
user,10903,0.00239979476
user,10904,-0.0829682946
user,10905,0.167722881
user,10906,-0.089662239
user,10907,-0.201122105
user,10908,0.00781910494
user,10909,0.0386615358
user,10910,-0.0551298074
user,10911,-0.148136467
user,10912,-0.00395486131
user,10913,0.177282363
user,10914,-0.167183399
user,10915,0.217664063
user,10916,-0.0178117342
user,10917,0.0423221365
user,10918,-0.126785547
user,10919,-0.0335762538
user,10920,-0.0923470408
user,10921,-0.0269234832
user,10922,-0.133021891
user,10923,-0.243097335
user,10924,-0.0309374258
user,10925,-0.40850234
user,10926,-0.0883785486
user,10927,0.0212760344
user,10928,-0.0730244219
user,10929,0.040113084
user,10930,0.0926200598
user,10931,0.0952701271
user,10932,0.0672672391
user,10933,-0.0424901769
user,10934,0.068435505
user,10935,-0.202353895
user,10936,0.0688604861
user,10937,0.09050598
user,10938,0.0229913779
user,10939,-0.0444993041
user,10940,0.119097516
user,10941,-0.230453745
user,10942,0.260668516
user,10943,0.213679254
user,10944,0.0743142441
user,10945,0.0306127742
user,10946,-0.226635128
user,10947,0.0940035731
user,10948,-0.0732071921
user,10949,-0.0696372762
user,10950,-0.0564149879
user,10951,-0.102835298
user,10952,0.0834128857
user,10953,-0.13905254
user,10954,-0.130874664
user,10955,0.0585146919
user,10956,0.0104020461
user,10957,-0.0868548006
user,10958,-0.0746403635
user,10959,0.230823234
user,10960,0.141637057
user,10961,-0.2245038
user,10962,-0.0235734396
user,10963,0.0867790729
user,10964,0.0609250143
user,10965,0.142230943
user,10966,0.0307556987
user,10967,-0.0594832003
user,10968,0.273319632
user,10969,-0.0293980334
user,10970,0.125431061
user,10971,-0.213574916
user,10972,-0.0572284609
user,10973,0.0570565835
user,10974,0.0675433129
user,10975,-0.0730369613
user,10976,0.00574190123
user,10977,0.0418377519
user,10978,-0.0469579101
user,10979,-0.15777415
user,10980,0.132536381
user,10981,-0.164239019
user,10982,-0.116468988
user,10983,-0.0671315268
user,10984,-0.146993488
user,10985,0.20280537
user,10986,0.090452686
user,10987,-0.119848453
user,10988,0.108747214
user,10989,0.0121314675
user,10990,0.0617699474
user,10991,-0.0535858721
user,10992,-0.011299409
user,10993,0.146354243
user,10994,0.111637615
user,10995,0.111967847
user,10996,0.0580960512
user,10997,0.0793776363
user,10998,-0.0819025412
user,10999,-0.0556544662
item,0,0.142909572
item,1,0.0838502347
item,2,0.0109237414
item,3,-0.0458351336
item,4,-0.0773409903
item,5,-0.0469798148
item,6,0.0913015008
item,7,-0.00797554478
item,8,-0.208848476
item,9,-0.0548800118
item,10,0.0884760916
item,11,0.000614155084
item,12,-0.0978162438
item,13,-0.189547181
item,14,0.0758308619
item,15,0.107050322
item,16,-0.0734033957
item,17,-0.143545046
item,18,-0.17583093
item,19,-0.0189512372
item,20,-0.0705453604
item,21,-0.171361595
item,22,-0.11136955
item,23,0.0859511197
item,24,0.0160948783
item,25,-0.0238237903
item,26,-0.0813655257
item,27,0.0347783193
item,28,-0.0218433589
item,29,-0.136081398
item,30,-0.0871855617
item,31,-0.21985358
item,32,0.0513656288
item,33,0.0478726886
item,34,-0.017410988
item,35,0.0209460557
item,36,-0.0588518269
item,37,0.0307903774
item,38,-0.0174611695
item,39,-0.103356302
item,40,-0.0496221408
item,41,0.0828622282
item,42,0.0484406501
item,43,0.0947486609
item,44,-0.0832856297
item,45,0.156570733
item,46,-0.0834947526
item,47,0.0318036191
item,48,0.231623754
item,49,0.0006271936
item,50,0.0264860857
item,51,0.05379536
item,52,-0.0638578087
item,53,0.106078431
item,54,0.116625622
item,55,-0.131503731
item,56,-0.115555994
item,57,0.00909976661
item,58,-0.0873173028
item,59,-0.131701216
item,60,-0.135532677
item,61,0.193313554
item,62,-0.261646897
item,63,-0.193376303
item,64,-0.0819820315
item,65,0.0712474287
item,66,0.0064567253
item,67,0.0980894715
item,68,-0.236542329
item,69,0.086587064
item,70,0.0326395109
item,71,0.302500606
item,72,-0.13321963
item,73,0.14148812
item,74,0.0984731466
item,75,0.139190897
item,76,0.0276059099
item,77,-0.131073684
item,78,0.0217705742
item,79,0.317972332
item,80,0.0526178665
item,81,-0.0565217026
item,82,0.0414486565
item,83,-0.0494828299
item,84,0.0908225477
item,85,0.226981148
item,86,0.0794453099
item,87,0.289296597
item,88,-0.00382533483
item,89,0.031261187
item,90,-0.0948808491
item,91,0.0734714344
item,92,0.152403623
item,93,-0.0283059329
item,94,-0.00390593708
item,95,0.207642585
item,96,0.145413637
item,97,0.0875246301
item,98,0.0658237487
item,99,0.22169967
item,100,-0.0957625955
item,101,0.0947983712
item,102,-0.098607406
item,103,0.0386592112
item,104,0.0932370722
item,105,-0.0151883215
item,106,-0.130318642
item,107,-0.0522785708
item,108,-0.185691893
item,109,0.0115096904
item,110,-0.0382825918
item,111,-0.0625726655
item,112,-0.0152601078
item,113,0.11778146
item,114,-0.00288017839
item,115,-0.0153889386
item,116,0.0168909356
item,117,-0.256357491
item,118,-0.0933203623
item,119,0.204907149
item,120,0.163236618
item,121,0.0272906981
item,122,0.00951705873
item,123,-0.0520646162
item,124,-0.212979257
item,125,0.143857598
item,126,0.0224675126
item,127,0.00258118287
item,128,0.144829139
item,129,-0.173612848
item,130,0.00494034216
item,131,-0.0100239068
item,132,0.116704561
item,133,-0.00287389383
item,134,0.0181641355
item,135,-0.0537493154
item,136,-0.0802587271
item,137,-0.108478755
item,138,0.0223165378
item,139,-0.038710326
item,140,0.00549114589
item,141,0.0574505851
item,142,0.133263603
item,143,0.0292103179
item,144,-0.0236695912
item,145,0.246683806
item,146,-0.135987282
item,147,-0.126756743
item,148,-0.248718172
item,149,0.0907835215
item,150,0.137969375
item,151,-0.126097977
item,152,0.148393348
item,153,-0.026455475
item,154,-0.125215888
item,155,0.166745186
item,156,0.0732884407
item,157,-0.0300556235
item,158,-0.0786734745
item,159,-0.12015269
item,160,-0.194075599
item,161,-0.0567818359
item,162,-0.195308045
item,163,-0.116513789
item,164,0.105592422
item,165,0.0672129095
item,166,0.186287522
item,167,0.00348978164
item,168,0.0807958543
item,169,-0.00843369775
item,170,-0.0612135865
item,171,-0.0616591126
item,172,0.132535249
item,173,0.0433278829
item,174,-0.0846337453
item,175,0.140941679
item,176,0.0182604939
item,177,0.107203558
item,178,0.2731677
item,179,0.0600151531
item,180,0.086251922
item,181,0.174479187
item,182,-0.164762825
item,183,-0.0833380967
item,184,-0.0860791504
item,185,-0.069835104
item,186,0.0502426922
item,187,-0.113625035
item,188,-0.00352151133
item,189,0.112179913
item,190,-0.214502752
item,191,-0.213373423
item,192,-0.280019522
item,193,-0.0904683471
item,194,-0.197406501
item,195,-0.0588989407
item,196,0.153093636
item,197,-0.16084151
item,198,-0.0290282071
item,199,-0.00132948905
item,200,-0.178554475
item,201,0.0622723177
item,202,-0.0959872156
item,203,-0.122015536
item,204,-0.04173797
item,205,0.105959728
item,206,0.0601346865
item,207,-0.0759169236
item,208,-0.063800633
item,209,-0.0297209695
item,210,-0.15493387
item,211,0.0764212906
item,212,-0.117559925
item,213,-0.146222532
item,214,0.0298011564
item,215,-0.0998700187
item,216,-0.194033593
item,217,-0.0204058476
item,218,3.44291329e-05
item,219,-0.171639994
item,220,-0.118285522
item,221,-0.168105185
item,222,0.040111009
item,223,0.0746253729
item,224,-0.0950466245
item,225,-0.0995594263
item,226,0.0788288489
item,227,-0.0328536555
item,228,-0.209223002
item,229,-0.203680634
item,230,0.0597724319
item,231,-0.180186301
item,232,-0.0853623673
item,233,-0.0547335446
item,234,0.137285769
item,235,-0.00978089869
item,236,0.0533825904
item,237,-0.0826706067
item,238,-0.184384778
item,239,-0.259906352
item,240,-0.123275377
item,241,-0.140295222
item,242,-0.258280993
item,243,-0.0358164348
item,244,-0.172402725
item,245,-0.232639834
item,246,-0.148916304
item,247,-0.151292667
item,248,0.109512225
item,249,-0.0398592316
item,250,-0.124893069
item,251,0.0992287546
item,252,0.0919662192
item,253,0.00160488859
item,254,-0.093458876
item,255,-0.186904624
item,256,0.12909165
item,257,-0.0557428822
item,258,-0.0697843432
item,259,-0.342199951
item,260,-0.00689023826
item,261,0.0587478653
item,262,-0.0635774881
item,263,-0.0161895975
item,264,-0.0706114471
item,265,0.0867885351
item,266,0.0746712089
item,267,-0.0445089489
item,268,-0.0695265755
item,269,-0.10212899
item,270,-0.133074641
item,271,-0.234790653
item,272,-0.0865052789
item,273,-0.206285954
item,274,0.0141595453
item,275,-0.152635753
item,276,-0.0481920503
item,277,-0.109643571
item,278,-0.137461454
item,279,-0.269013971
item,280,-0.159544066
item,281,-0.0442975201
item,282,0.104900882
item,283,-0.0201662779
item,284,-0.0224401876
item,285,-0.120889217
item,286,-0.0146631859
item,287,-0.0135492869
item,288,-0.292918712
item,289,0.0796940029
item,290,-0.0370721333
item,291,0.231030792
item,292,0.0942035168
item,293,-0.0415135324
item,294,0.180674881
item,295,-0.0825041682
item,296,-0.0553815663
item,297,-0.0297893286
item,298,-0.0709475502
item,299,-0.094284609
item,300,0.131197825
item,301,-0.119221002
item,302,0.0136383474
item,303,0.0153000355
item,304,-0.107245632
item,305,-0.0973429084
item,306,-0.0864814967
item,307,-0.0413315296
item,308,-0.226541534
item,309,-0.0387111269
item,310,0.0855900645
item,311,-0.169220716
item,312,0.0493947864
item,313,-0.0800998509
item,314,-0.236386746
item,315,0.00868771225
item,316,-0.0742648542
item,317,-0.0750975385
item,318,0.137217909
item,319,-0.0214294195
item,320,-0.0746583641
item,321,0.137502134
item,322,0.124690123
item,323,-0.232224107
item,324,0.0534206443
item,325,-0.0421076119
item,326,-0.10559053
item,327,-0.38001135
item,328,-0.123041391
item,329,0.022986643
item,330,-0.0691928789
item,331,-0.0149373524
item,332,0.0622404963
item,333,-0.177206889
item,334,0.0792462677
item,335,0.174352571
item,336,-0.0889880061
item,337,0.0150462911
item,338,0.0119897686
item,339,-0.157401443
item,340,0.104363866
item,341,0.06110771
item,342,0.0154667078
item,343,-0.212142989
item,344,-0.0636099353
item,345,0.028322136
item,346,-0.116014831
item,347,-0.293776751
item,348,0.0692442283
item,349,0.263073504
item,350,0.181328431
item,351,0.000119423494
item,352,-0.0495142564
item,353,0.0123524908
item,354,-0.178943872
item,355,-0.129952669
item,356,-0.0633085147
item,357,0.214381799
item,358,-0.00708149746
item,359,0.0694681704
item,360,-0.0895051062
item,361,-0.250444919
item,362,-0.00838276744
item,363,0.106145814
item,364,-0.247361392
item,365,0.0363880023
item,366,0.0808174685
item,367,-0.147151083
item,368,-0.0209662467
item,369,0.149885207
item,370,-0.120113492
item,371,-0.115116581
item,372,-0.0388006605
item,373,-0.193945378
item,374,-0.140342742
item,375,-0.0330599882
item,376,0.0482503548
item,377,-0.0141944252
item,378,-0.27132225
item,379,-0.114489436
item,380,-0.125715598
item,381,-0.0889653414
item,382,-0.138576135
item,383,-0.0297395959
item,384,0.027579423
item,385,0.153298974
item,386,-0.0108405873
item,387,-0.190769687
item,388,-0.257912308
item,389,-0.335679233
item,390,-0.0844913423
item,391,0.0976404622
item,392,-0.107006826
item,393,0.0154824872
item,394,0.0111290738
item,395,0.130580246
item,396,-0.287314892
item,397,-0.133499473
item,398,-0.0368004665
item,399,-0.130811602
item,400,0.0380383767
item,401,0.157275409
item,402,-0.252841622
item,403,-0.0127734728
item,404,-0.178500891
item,405,-0.0858613923
item,406,-0.153249711
item,407,-0.0468650311
item,408,0.0327259488
item,409,-0.0684258789
item,410,-0.1656501
item,411,-0.1339508
item,412,-0.241388932
item,413,-0.0150669273
item,414,-0.0678472668
item,415,0.220007241
item,416,0.0643206462
item,417,-0.184512362
item,418,-0.129333973
item,419,-0.185610861
item,420,-0.371734828
item,421,-0.261146665
item,422,-0.0839111209
item,423,0.0293413363
item,424,0.0669804662
item,425,-0.16703251
item,426,-0.0317478776
item,427,-0.0154571785
item,428,-0.19744575
item,429,0.183609039
item,430,-0.010887526
item,431,0.151425287
item,432,-0.0755616575
item,433,-0.124070778
item,434,-0.180495724
item,435,-0.0407467857
item,436,-0.0943231434
item,437,0.2224098
item,438,-0.104348846
item,439,0.152815193
item,440,0.0917595997
item,441,-0.0202691592
item,442,-0.224824235
item,443,-0.153151184
item,444,-0.0322410017
item,445,-0.0358256586
item,446,0.130712926
item,447,-0.185066357
item,448,-0.0244668201
item,449,-0.00235157646
item,450,0.11836046
item,451,-0.166665137
item,452,-0.214896321
item,453,-0.0331239402
item,454,-0.114496186
item,455,0.0679865628
item,456,-0.00356579572
item,457,-0.169416636
item,458,-0.0798528939
item,459,-0.142212629
item,460,-0.110791534
item,461,-0.241179362
item,462,-0.376719922
item,463,-0.0711281598
item,464,-0.134104341
item,465,-0.00143014919
item,466,-0.201459602
item,467,-0.0765711516
item,468,-0.129064202
item,469,0.112475693
item,470,-0.119668864
item,471,-0.161452949
item,472,-0.227066904
item,473,-0.103807591
item,474,-0.184260279
item,475,0.0383763872
item,476,-0.155743241
item,477,-0.00156975538
item,478,0.0116568357
item,479,-0.0913713947
item,480,-0.153074041
item,481,-0.395579904
item,482,0.116633132
item,483,-0.0510272644
item,484,0.00300361775
item,485,-0.00257577747
item,486,0.0404868126
item,487,0.0133835077
item,488,-0.0358187333
item,489,0.146417171
item,490,0.0789914727
item,491,-0.233323529
item,492,-0.194676995
item,493,-0.108597532
item,494,0.0649667904
item,495,-0.0933736712
item,496,-0.186937451
item,497,-0.110203885
item,498,-0.103786826
item,499,0.125167891
item,500,-0.0195693821
item,501,0.0754402727
item,502,-0.0277142227
item,503,-0.0915340632
item,504,-0.127137661
item,505,-0.0232376847
item,506,-0.0280175805
item,507,0.0191056356
item,508,-0.185953572
item,509,0.0138675906
item,510,-0.0549920984
item,511,0.0765168369
item,512,0.216025963
item,513,-0.0175256692
item,514,-0.134273529
item,515,0.0733724833
item,516,-0.105719797
item,517,-0.174908102
item,518,0.065156132
item,519,-0.132334918
item,520,0.0670241714
item,521,0.0513450727
item,522,-0.118485145
item,523,0.114197195
item,524,0.219826818
item,525,0.000795356929
item,526,-0.0115126893
item,527,0.0496002883
item,528,0.0915400386
item,529,0.041898638
item,530,0.11845763
item,531,-0.213417843
item,532,-0.24865295
item,533,-0.0536960624
item,534,0.0639652386
item,535,-0.0689420253
item,536,-0.107834116
item,537,0.020378802
item,538,-0.11231529
item,539,-0.0435185507
item,540,-0.113649607
item,541,-0.113507234
item,542,0.0612021834
item,543,-0.19850713
item,544,0.0389230624
item,545,0.0680518299
item,546,-0.188757226
item,547,-0.004383903
item,548,-0.0254904032
item,549,0.0279335231
item,550,0.202540427
item,551,-0.0409992225
item,552,0.10537032
item,553,0.291187584
item,554,0.121357754
item,555,-0.0198105872
item,556,0.0944202319
item,557,-0.424449384
item,558,-0.0713968724
item,559,-0.019411277
item,560,0.323891699
item,561,-0.0295330659
item,562,0.0223631635
item,563,0.103415824
item,564,-0.0189079493
item,565,-0.13982898
item,566,-0.150969356
item,567,-0.189124048
item,568,-0.29695195
item,569,0.0847174376
item,570,0.220715299
item,571,0.126302317
item,572,0.0871050656
item,573,-0.0306642242
item,574,0.0594111905
item,575,0.0714204758
item,576,-0.0356539711
item,577,0.0111080147
item,578,-0.07596571
item,579,0.0871873274
item,580,-0.164181069
item,581,-0.223119721
item,582,0.196828648
item,583,0.239840731
item,584,0.0296974685
item,585,0.130535871
item,586,-0.306753248
item,587,-0.0266929716
item,588,-0.0550093316
item,589,-0.00830699503
item,590,-0.07013309
item,591,-0.149518162
item,592,-0.060901504
item,593,0.0137173925
item,594,-0.130253077
item,595,-0.0281573907
item,596,0.00398025662
item,597,0.0365610458
item,598,0.250696421
item,599,0.0463501029
item,600,0.025827799
item,601,-0.214996234
item,602,-0.176695541
item,603,-0.0342160873
item,604,-0.0739044547
item,605,-0.0302704908
item,606,-0.00544267148
item,607,-0.0895283222
item,608,-0.222358704
item,609,-0.21686542
item,610,0.150909692
item,611,0.269322604
item,612,-0.230932683
item,613,-0.283904225
item,614,-0.0559323095
item,615,0.0431568213
item,616,-0.110836968
item,617,0.0643702373
item,618,-0.185019046
item,619,0.0488567166
item,620,0.0775107071
item,621,-0.207423344
item,622,-0.0767091513
item,623,0.0787917748
item,624,0.0193679333
item,625,-0.180246919
item,626,-0.0918679163
item,627,-0.0274558403
item,628,-0.0721927881
item,629,-0.140428483
item,630,0.0645795316
item,631,-0.146650344
item,632,0.00989802554
item,633,-0.13263841
item,634,0.1188173
item,635,-0.193037167
item,636,-0.0948421806
item,637,0.177415028
item,638,0.13834089
item,639,0.0205598399
item,640,-0.129771084
item,641,-0.256081909
item,642,-0.0565992184
item,643,-0.00624210387
item,644,-0.301307827
item,645,-0.176010132
item,646,-0.138521999
item,647,-0.130673155
item,648,-0.245935902
item,649,0.035277769
item,650,-0.126333714
item,651,0.067761004
item,652,0.163133413
item,653,-0.0413184762
item,654,-0.153984904
item,655,-0.163908198
item,656,0.0675557107
item,657,0.170931235
item,658,-0.132649809
item,659,-0.0752070397
item,660,-0.236869261
item,661,-0.21244359
item,662,0.0307524018
item,663,0.113786645
item,664,-0.0951481089
item,665,-0.0452452004
item,666,-0.16646114
item,667,-0.0485525727
item,668,0.0744633824
item,669,-0.124093175
item,670,-0.0661209673
item,671,-0.219143122
item,672,-0.0873090178
item,673,-0.0749059841
item,674,-0.197591305
item,675,-0.00305184722
item,676,0.209200785
item,677,0.0142405257
item,678,-0.11132925
item,679,-0.0121138357
item,680,-0.327634573
item,681,0.0460601673
item,682,-0.12851131
item,683,-0.163614094
item,684,-0.0694577843
item,685,-0.0467806011
item,686,-0.0628448799
item,687,-0.190538883
item,688,0.176731154
item,689,-0.0533037409
item,690,-0.0738288015
item,691,-0.460738987
item,692,0.201611489
item,693,-0.0608585179
item,694,-0.0569298342
item,695,0.164607838
item,696,0.191440105
item,697,0.0155972317
item,698,-0.0113227516
item,699,0.0101071615
item,700,0.0186589099
item,701,-0.0276184604
item,702,-0.089297995
item,703,-0.0939973518
item,704,-0.00741824508
item,705,-0.0330778137
item,706,0.018840801
item,707,0.0541366637
item,708,0.00509271957
item,709,-0.139596105
item,710,-0.00680622831
item,711,-0.0924272016
item,712,-0.156141222
item,713,-0.0472506881
item,714,-0.117928684
item,715,-0.0376245901
item,716,-0.0326425508
item,717,-0.0462311246
item,718,0.208869472
item,719,-0.218913004
item,720,-0.169452325
item,721,-0.143130302
item,722,-0.173136175
item,723,0.117183201
item,724,-0.0658182874
item,725,0.0190368816
item,726,-0.0200635493
item,727,-0.135100782
item,728,-0.127138063
item,729,-0.0624826029
item,730,-0.101447456
item,731,-0.0633178651
item,732,0.000773580745
item,733,0.173132569
item,734,-0.0463830307
item,735,0.0379333273
item,736,0.0808967352
item,737,-0.203423232
item,738,-0.0298130475
item,739,-0.0738521963
item,740,-0.0299014673
item,741,0.0840234458
item,742,0.000583690591
item,743,0.00481206924
item,744,-0.196005046
item,745,0.0563351475
item,746,0.0524048656
item,747,0.0382969752
item,748,-0.0421010926
item,749,-0.0577698499
item,750,-0.0682561249
item,751,-0.220898837
item,752,-0.137974218
item,753,0.198871002
item,754,0.232584566
item,755,0.100528747
item,756,0.109601595
item,757,-0.125696242
item,758,-0.00511221215
item,759,-0.0962163433
item,760,0.0781678185
item,761,0.0237230062
item,762,0.106983781
item,763,-0.0749726593
item,764,-0.108207837
item,765,-0.0182111934
item,766,-0.0560582206
item,767,-0.326480538
item,768,-0.0990580097
item,769,-0.0595372804
item,770,-0.0295543317
item,771,-0.029776033
item,772,0.0817381516
item,773,0.108845994
item,774,0.207746983
item,775,0.0474201404
item,776,0.0708160698
item,777,-0.0536316857
item,778,-0.204220563
item,779,-0.268551171
item,780,-0.025456842
item,781,0.0492284
item,782,0.0118387267
item,783,-0.0292954575
item,784,0.145825505
item,785,-0.172374085
item,786,-0.0587407127
item,787,-0.237084597
item,788,0.166351795
item,789,0.293411702
item,790,-0.0638413653
item,791,0.0136888996
item,792,-0.154638976
item,793,0.0476752669
item,794,-0.325923234
item,795,0.118064247
item,796,0.246889696
item,797,-0.0874692649
item,798,-0.234198913
item,799,-0.216798455
item,800,0.232125327
item,801,0.0222040862
item,802,-0.0336801112
item,803,-0.136703566
item,804,0.000880420208
item,805,-0.0354559347
item,806,-0.149764746
item,807,-0.11063581
item,808,-0.130916819
item,809,-0.0952758715
item,810,-0.25983429
item,811,0.106260642
item,812,-0.0104033127
item,813,0.279867768
item,814,0.143727779
item,815,-0.173707306
item,816,-0.0772802383
item,817,0.148203537
item,818,-0.139587134
item,819,0.1595691
item,820,0.123578548
item,821,-0.302046329
item,822,-0.0762296468
item,823,-0.0677229911
item,824,-0.0679045841
item,825,0.28783071
item,826,-0.140965819
item,827,0.0301395021
item,828,-0.0911254436
item,829,-0.110865273
item,830,-0.0725872889
item,831,-0.112163164
item,832,-0.17355153
item,833,-0.141378775
item,834,-0.0596313849
item,835,0.00368940644
item,836,-0.0802936777
item,837,-0.12131311
item,838,-0.0773691684
item,839,0.0404550843
item,840,-0.239233017
item,841,-0.291248798
item,842,0.211803257
item,843,-0.211463392
item,844,-0.182786912
item,845,0.206713185
item,846,-0.176327184
item,847,-0.153466955
item,848,0.0251432396
item,849,-0.0266109575
item,850,-0.0407783166
item,851,-0.047316242
item,852,-0.0885373205
item,853,0.0144836381
item,854,0.0879065022
item,855,-0.0429493673
item,856,-0.0908276588
item,857,-0.115320697
item,858,0.172273055
item,859,-0.154584929
item,860,0.152793199
item,861,-0.123638526
item,862,-0.141037136
item,863,-0.119877011
item,864,0.0752184764
item,865,-0.102351502
item,866,0.015308544
item,867,-0.140044168
item,868,0.0290916003
item,869,-0.0629767329
item,870,0.178888932
item,871,0.147319704
item,872,0.281564623
item,873,0.108301997
item,874,-0.00573208556
item,875,-0.0643396825
item,876,-0.186908633
item,877,-0.0437991135
item,878,-0.21270439
item,879,-0.0233283043
item,880,-0.0260675792
item,881,-0.032974489
item,882,0.126414657
item,883,-0.101921782
item,884,0.110652931
item,885,-0.0797832906
item,886,-0.063113004
item,887,0.106544226
item,888,-0.142479971
item,889,0.214125037
item,890,-0.0165912397
item,891,0.0782317966
item,892,-0.0390497819
item,893,-0.0711491406
item,894,0.0201969668
item,895,0.166748285
item,896,-0.093125999
item,897,-0.0985043943
item,898,0.0463982075
item,899,-0.0859101638
item,900,0.0985134542
item,901,0.12664181
item,902,-0.0671187714
item,903,0.05018913
item,904,-0.172498867
item,905,0.123445734
item,906,-0.0504248627
item,907,-0.120992824
item,908,0.0515504926
item,909,-0.0576934218
item,910,0.110010318
item,911,0.0627027526
item,912,0.174629346
item,913,0.0108059719
item,914,-0.0857474953
item,915,0.0229188241
item,916,-0.204652578
item,917,0.105396412
item,918,0.00612328574
item,919,0.126986772
item,920,-0.0928940997
item,921,0.219415456
item,922,0.100133255
item,923,0.186397433
item,924,-0.0759876743
item,925,-0.0228141136
item,926,0.0295340121
item,927,-0.0806627423
item,928,0.165609673
item,929,0.170377851
item,930,0.141995445
item,931,-0.147237778
item,932,0.127624035
item,933,-0.00408213725
item,934,0.224194273
item,935,0.155559778
item,936,-0.0151750259
item,937,-0.0921903253
item,938,0.210924923
item,939,0.195791945
item,940,0.0735691488
item,941,0.00850579143
item,942,0.125345767
item,943,-0.024858702
item,944,0.218711406
item,945,-0.0755866542
item,946,0.0923958793
item,947,-0.179035068
item,948,-0.071361959
item,949,-0.0569850057
item,950,0.163344398
item,951,-0.025666412
item,952,-0.0469900966
item,953,0.101518169
item,954,-0.00157085434
item,955,-0.228888392
item,956,-0.0520664081
item,957,0.112044111
item,958,-0.0330274403
item,959,0.110806838
item,960,0.0648773462
item,961,-0.0163750667
item,962,-0.0664285794
item,963,0.154837027
item,964,0.108103961
item,965,0.0472076982
item,966,-0.123080976
item,967,-0.108735591
item,968,-0.14861241
item,969,-0.0330477729
item,970,-0.0930284113
item,971,0.0903831124
item,972,-0.0954675525
item,973,-0.163018778
item,974,-0.0307559483
item,975,-0.124443635
item,976,0.148141205
item,977,0.0311330482
item,978,0.141511396
item,979,-0.0263598114
item,980,-0.0960297137
item,981,0.157275796
item,982,-0.131445825
item,983,-0.0143159544
item,984,-0.293994427
item,985,0.247777238
item,986,0.222029492
item,987,-0.222367823
item,988,-0.100364164
item,989,-0.167940825
item,990,-0.102019534
item,991,-0.167607501
item,992,0.0474486947
item,993,-0.0285273865
item,994,-0.150503427
item,995,-0.184399903
item,996,0.15163973
item,997,-0.0892769992
item,998,0.0277791657
item,999,0.0473413467
item,1000,-0.180518955
item,1001,0.153311685
item,1002,-0.016196616
item,1003,-0.0170301162
item,1004,-0.184851915
item,1005,-0.136640012
item,1006,-0.124540031
item,1007,-0.293549895
item,1008,-0.0304723531
item,1009,-0.00356398709
item,1010,0.0285020433
item,1011,-0.106034718
item,1012,-0.0499512665
item,1013,-0.147696778
item,1014,-0.0717687458
item,1015,0.193020239
item,1016,0.0589889698
item,1017,0.142551392
item,1018,-0.103404805
item,1019,0.0732235312
item,1020,-0.00430231541
item,1021,-0.0140581802
item,1022,-0.0593605042
item,1023,0.194724426
item,1024,-0.132083669
item,1025,-0.0708546713
item,1026,-0.0576456897
item,1027,-0.0692545623
item,1028,-0.0112432018
item,1029,-0.0245745759
item,1030,0.00787943602
item,1031,-0.10275536
item,1032,0.0865151063
item,1033,-0.0253202692
item,1034,-0.0999861956
item,1035,-0.0433171093
item,1036,-0.0114190802
item,1037,-0.0584424734
item,1038,-0.151536316
item,1039,-0.209400654
item,1040,-0.0292420555
item,1041,-0.0654387474
item,1042,0.0624474622
item,1043,0.028756164
item,1044,0.0671728179
item,1045,-0.0154625643
item,1046,-0.0030617835
item,1047,0.00174186938
item,1048,-0.0839995444
item,1049,-0.0987599641
item,1050,-0.194880724
item,1051,-0.0324374959
item,1052,-0.149876267
item,1053,-0.107345447
item,1054,0.0421814471
item,1055,0.00585409999
item,1056,0.109768808
item,1057,0.144993007
item,1058,-0.177698329
item,1059,-0.0237367228
item,1060,0.127377421
item,1061,0.0133774485
item,1062,-0.2114622
item,1063,-0.111729547
item,1064,-0.0357275531
item,1065,-0.0852066576
item,1066,0.117050879
item,1067,0.0383850671
item,1068,-0.011893929
item,1069,-0.111665316
item,1070,-0.123731486
item,1071,-0.0356097594
item,1072,8.80407169e-05
item,1073,0.187022597
item,1074,-0.0773895979
item,1075,-0.0700312704
item,1076,-0.0562653169
item,1077,0.135848492
item,1078,-0.0916796327
item,1079,-0.181694388
item,1080,-0.213364393
item,1081,0.116715565
item,1082,0.174346477
item,1083,-0.208803058
item,1084,-0.0293352045
item,1085,-0.0695639029
item,1086,0.125694558
item,1087,-0.079033345
item,1088,0.0396132246
item,1089,-0.0367723145
item,1090,-0.240490586
item,1091,0.251285374
item,1092,0.00183711201
item,1093,0.0178513024
item,1094,-0.0945517719
item,1095,-0.0717777759
item,1096,0.0692377314
item,1097,0.0138509385
item,1098,0.100714833
item,1099,-0.0232641865
item,1100,-0.043832846
item,1101,-0.0251454152
item,1102,-0.0712580085
item,1103,0.197755069
item,1104,-0.0168130118
item,1105,0.117125988
item,1106,0.0397359394
item,1107,0.165167436
item,1108,0.0643669218
item,1109,-0.0329432748
item,1110,-0.256228834
item,1111,0.1056716
item,1112,-0.0979695022
item,1113,-0.0388637483
item,1114,-0.14562498
item,1115,-0.0573128425
item,1116,-0.181386262
item,1117,-0.0882293731
item,1118,-0.205210924
item,1119,-0.173987597
item,1120,-0.23245661
item,1121,0.12182793
item,1122,-0.0716369599
item,1123,-0.112416714
item,1124,0.113388747
item,1125,-0.148820847
item,1126,-0.0128142722
item,1127,-0.293391883
item,1128,-0.294616163
item,1129,-0.183994174
item,1130,0.177717447
item,1131,0.118671708
item,1132,0.0634254292
item,1133,0.0152969547
item,1134,-0.0109864771
item,1135,0.240179375
item,1136,0.132885307
item,1137,0.12512964
item,1138,0.0136081874
item,1139,-0.190855116
item,1140,0.0190865118
item,1141,0.10673745
item,1142,0.246579573
item,1143,-0.0467923246
item,1144,0.0783870667
item,1145,0.106881566
item,1146,0.152066857
item,1147,-0.181547612
item,1148,0.00497534499
item,1149,0.369482994
item,1150,0.0356152467
item,1151,-0.0455896482
item,1152,0.200107723
item,1153,0.0126750246
item,1154,-0.116055444
item,1155,0.0341125354
item,1156,-2.55331397e-05
item,1157,-0.0330666788
item,1158,0.068732813
item,1159,0.178587064
item,1160,0.191580355
item,1161,-0.157442123
item,1162,-0.0776041076
item,1163,0.0722675025
item,1164,-0.0330334604
item,1165,-0.20481424
item,1166,-0.341966182
item,1167,-0.223895848
item,1168,0.0156165501
item,1169,-0.0456454419
item,1170,0.109553277
item,1171,0.0763732493
item,1172,0.185898319
item,1173,-0.00571662188
item,1174,-0.164874256
item,1175,0.172010809
item,1176,-0.226810426
item,1177,-0.0392847955
item,1178,0.0308742933
item,1179,-0.028620448
item,1180,-0.155831352
item,1181,-0.0398048721
item,1182,0.0190291032
item,1183,-0.0939748734
item,1184,-0.168327004
item,1185,-0.0858062357
item,1186,-0.252181113
item,1187,0.000499375165
item,1188,0.00750650838
item,1189,0.0503305495
item,1190,-0.0491412506
item,1191,0.0464492217
item,1192,0.0648925826
item,1193,-0.138778627
item,1194,-0.0699252784
item,1195,-0.129116297
item,1196,-0.0494710505
item,1197,-0.0719797313
item,1198,-0.311272144
item,1199,-0.250618547
item,1200,-0.152568042
item,1201,0.131564006
item,1202,-0.0470543541
item,1203,-0.0942424759
item,1204,-0.00838352554
item,1205,0.0978468806
item,1206,-0.129693046
item,1207,-0.105692342
item,1208,0.0107421651
item,1209,0.246272683
item,1210,-0.0310358796
item,1211,-0.135644525
item,1212,-0.0654814318
item,1213,0.152749017
item,1214,0.1613186
item,1215,-0.0527471304
item,1216,-0.0853648111
item,1217,-0.0516391098
item,1218,-0.0255242735
item,1219,0.166049242
item,1220,0.130240634
item,1221,-0.26489839
item,1222,0.0660537928
item,1223,-0.061540015
item,1224,-0.154307485
item,1225,-0.0650491565
item,1226,-0.011476852
item,1227,-0.035274595
item,1228,-0.0181927383
item,1229,-0.191346884
item,1230,-0.0743724108
item,1231,-0.0811150074
item,1232,0.0262711477
item,1233,-0.157889336
item,1234,-0.0961279124
item,1235,-0.109992646
item,1236,0.0371443518
item,1237,-0.217806518
item,1238,0.0203649905
item,1239,0.0199751258
item,1240,-0.0353763476
item,1241,-0.0422479361
item,1242,-0.132282659
item,1243,-0.224646777
item,1244,-0.0472383089
item,1245,0.0032652095
item,1246,-0.225829482
item,1247,0.0368962064
item,1248,0.0366200432
item,1249,-0.0831952244
item,1250,-0.273202091
item,1251,-0.164742932
item,1252,0.0815285742
item,1253,-0.046683982
item,1254,0.265034586
item,1255,-0.231588081
item,1256,-0.0929940715
item,1257,0.0453681611
item,1258,-0.0625906438
item,1259,-0.00198794343
item,1260,-0.0918694139
item,1261,-0.201798499
item,1262,0.156011492
item,1263,-0.00516200252
item,1264,0.0400096737
item,1265,0.164100274
item,1266,0.043806795
item,1267,-0.0695334598
item,1268,-0.0734820142
item,1269,0.0867190659
item,1270,-0.242602244
item,1271,-0.127935156
item,1272,-0.166282952
item,1273,0.120042033
item,1274,-0.0876017287
item,1275,-0.0116614625
item,1276,-0.0619642437
item,1277,-0.10154447
item,1278,0.046300821
item,1279,0.0298009459
item,1280,-0.122040987
item,1281,-0.109441027
item,1282,-0.172229409
item,1283,-0.0496095866
item,1284,-0.0754590482
item,1285,0.00470685307
item,1286,-0.137664735
item,1287,0.1970945
item,1288,-0.0223959014
item,1289,-0.0121107623
item,1290,0.165265113
item,1291,0.00465467572
item,1292,-0.0396192372
item,1293,-0.214216262
item,1294,-0.166737646
item,1295,-0.0230710879
item,1296,0.122692734
item,1297,-0.104274072
item,1298,-0.191067457
item,1299,-0.14258641
item,1300,-0.122951135
item,1301,-0.0193597637
item,1302,0.0732995942
item,1303,-0.0964612663
item,1304,-0.166312009
item,1305,-0.116231255
item,1306,-0.130796894
item,1307,-0.118897431
item,1308,-0.169062153
item,1309,-0.0429672115
item,1310,-0.0706769377
item,1311,0.177345708
item,1312,0.096240513
item,1313,0.169660553
item,1314,-0.156224057
item,1315,-0.10761562
item,1316,0.158279002
item,1317,-0.101946987
item,1318,0.0510867611
item,1319,0.0812535211
item,1320,-0.0599823594
item,1321,-0.112122826
item,1322,0.0305470061
item,1323,-0.157540888
item,1324,0.0701237395
item,1325,0.0486105233
item,1326,0.217488617
item,1327,0.0604747683
item,1328,-0.0688584596
item,1329,-0.0715479255
item,1330,0.0510639139
item,1331,-0.16228272
item,1332,-0.0118631944
item,1333,-0.0201972649
item,1334,-0.10299094
item,1335,-0.0123647787
item,1336,-0.120147035
item,1337,-0.0312892795
item,1338,-0.119265355
item,1339,0.105488129
item,1340,0.230382055
item,1341,-0.0588077307
item,1342,0.146756575
item,1343,-0.170701325
item,1344,-0.128336072
item,1345,0.0424552225
item,1346,0.00815879926
item,1347,0.0553947017
item,1348,-0.0978904516
item,1349,0.0358983725
item,1350,0.177766517
item,1351,-0.0286070481
item,1352,-0.108497366
item,1353,0.323915809
item,1354,0.128250837
item,1355,0.044867631
item,1356,-0.0544514991
item,1357,0.0540722832
item,1358,0.135901392
item,1359,-0.0809186772
item,1360,-0.057137914
item,1361,0.132919833
item,1362,-0.1376459
item,1363,0.0123275556
item,1364,-0.117693312
item,1365,-0.230532885
item,1366,0.021758493
item,1367,-0.0129662724
item,1368,0.157555357
item,1369,0.0356775373
item,1370,0.0234901905
item,1371,-0.148328632
item,1372,0.133226544
item,1373,0.024605684
item,1374,0.0970994681
item,1375,-0.0579837933
item,1376,0.0561649241
item,1377,0.273381799
item,1378,0.168517888
item,1379,0.0435410962
item,1380,0.0120196883
item,1381,0.10095422
item,1382,-0.0122446716
item,1383,-0.208069146
item,1384,-0.133753702
item,1385,0.11058861
item,1386,0.0551503226
item,1387,-0.0561627671
item,1388,-0.0325578116
item,1389,0.0240562335
item,1390,0.0930086821
item,1391,0.0461357385
item,1392,-0.154629365
item,1393,-0.27133888
item,1394,-0.0722096562
item,1395,-0.184432894
item,1396,-0.0143809933
item,1397,-0.150458932
item,1398,-0.103460558
item,1399,-0.25962913
item,1400,0.0751346871
item,1401,0.0790190697
item,1402,0.0100010596
item,1403,-0.00929801166
item,1404,0.0582252741
item,1405,0.0917745754
item,1406,0.0677190498
item,1407,-0.161431372
item,1408,0.0901741683
item,1409,0.0998622924
item,1410,-0.19974333
item,1411,-0.253806591
item,1412,-0.0732074976
item,1413,-0.195409
item,1414,-0.0170868523
item,1415,-0.161816329
item,1416,-0.00801651645
item,1417,-0.023915749
item,1418,-0.0489466377
item,1419,-0.000198066235
item,1420,-0.269257545
item,1421,-0.0210993681
item,1422,-0.09961126
item,1423,0.175808266
item,1424,0.0573164485
item,1425,-0.135283023
item,1426,0.0828830376
item,1427,-0.00849613827
item,1428,0.0608368628
item,1429,0.097197108
item,1430,-0.201604247
item,1431,-0.106997319
item,1432,0.0147855859
item,1433,0.11783573
item,1434,-0.0112653822
item,1435,0.0800079852
item,1436,-0.0483563654
item,1437,0.0194544196
item,1438,-0.0735239834
item,1439,-0.0929362625
item,1440,-0.150293842
item,1441,0.0167812556
item,1442,-0.220608622
item,1443,-0.174006671
item,1444,-0.0383028984
item,1445,-0.123254225
item,1446,-0.0864033177
item,1447,-0.21705009
item,1448,0.14246507
item,1449,0.079296872
item,1450,-0.041954916
item,1451,0.0842396468
item,1452,0.000708915293
item,1453,-0.160930872
item,1454,-0.058871083
item,1455,0.187714413
item,1456,-0.0233911816
item,1457,0.0711512566
item,1458,0.207448483
item,1459,-0.066422686
item,1460,-0.0434756875
item,1461,0.094431147
item,1462,0.0690497383
item,1463,-0.0551542267
item,1464,-0.11209739
item,1465,-0.181447789
item,1466,-0.0935404897
item,1467,-0.14060463
item,1468,0.245091885
item,1469,-0.197978556
item,1470,-0.279695332
item,1471,-0.0543514267
item,1472,-0.0875664502
item,1473,-0.00462179258
item,1474,-0.106364377
item,1475,0.123165041
item,1476,0.0636191741
item,1477,-0.0673870742
item,1478,0.093032077
item,1479,-0.204882532
item,1480,-0.239206374
item,1481,-0.0984432921
item,1482,-0.0462453328
item,1483,-0.150115788
item,1484,-0.104997277
item,1485,-0.210298538
item,1486,-0.224744171
item,1487,-0.0361016952
item,1488,-0.0134593099
item,1489,0.0186498351
item,1490,-0.278554052
item,1491,0.012214507
item,1492,-0.223956943
item,1493,-0.111457385
item,1494,0.0267989188
item,1495,0.12246047
item,1496,0.170288682
item,1497,-0.0979095846
item,1498,-0.0233731866
item,1499,-0.0507739186
item,1500,-0.216248631
item,1501,-0.00638897903
item,1502,-0.335276902
item,1503,-0.015901275
item,1504,-0.0685898215
item,1505,-0.0473844819
item,1506,-0.0245625749
item,1507,0.14436236
item,1508,0.0461036488
item,1509,-0.120080188
item,1510,-0.205774814
item,1511,-0.15774937
item,1512,0.114579916
item,1513,-0.144883394
item,1514,-0.214304954
item,1515,0.148798957
item,1516,0.0331414081
item,1517,-0.00212555379
item,1518,0.0746320188
item,1519,-0.0845375136
item,1520,-0.0500617027
item,1521,-0.0281840917
item,1522,-0.0436329022
item,1523,0.0211477838
item,1524,0.1228984
item,1525,-0.00821209606
item,1526,-0.0759814605
item,1527,0.172495842
item,1528,0.0729542673
item,1529,-0.0372004583
item,1530,0.159170046
item,1531,-0.122994617
item,1532,-0.0288606659
item,1533,-0.109497018
item,1534,-0.104895473
item,1535,-0.167089283
item,1536,0.0174676944
item,1537,0.0409517884
item,1538,0.048857335
item,1539,0.174050897
item,1540,0.129165158
item,1541,-0.117302366
item,1542,-0.126791462
item,1543,-0.0629961267
item,1544,-0.175388575
item,1545,-0.0214421265
item,1546,-0.146798208
item,1547,-0.0413218364
item,1548,-0.272225171
item,1549,0.02602873
item,1550,0.0890220553
item,1551,0.0699961782
item,1552,-0.00890518352
item,1553,0.0627989322
item,1554,0.142327964
item,1555,-0.074868381
item,1556,0.00829468295
item,1557,-0.128434822
item,1558,-0.288398892
item,1559,0.274454683
item,1560,-0.00389955193
item,1561,0.184437364
item,1562,0.139677301
item,1563,-0.00704512559
item,1564,0.137363434
item,1565,0.189211413
item,1566,-0.0809116289
item,1567,-0.0195638239
item,1568,0.0167428777
item,1569,0.137959942
item,1570,-0.0449064746
item,1571,0.134976357
item,1572,0.0493934602
item,1573,-0.169442654
item,1574,-0.00987472385
item,1575,0.102171645
item,1576,-0.0784862787
item,1577,-0.25708887
item,1578,0.163595587
item,1579,-0.145564124
item,1580,-0.128428861
item,1581,0.021653749
item,1582,0.147576228
item,1583,-0.0171720851
item,1584,0.0505404435
item,1585,0.0369581431
item,1586,0.0248827953
item,1587,0.00422425941
item,1588,-0.12794672
item,1589,0.0525755882
item,1590,0.0553793497
item,1591,0.0231217965
item,1592,-0.0817877203
item,1593,-0.129587173
item,1594,0.0390969925
item,1595,-0.156955659
item,1596,-0.0491650254
item,1597,0.0287369527
item,1598,0.14106892
item,1599,0.227590382
item,1600,0.0271922462
item,1601,0.0735151917
item,1602,0.104445525
item,1603,0.0378853306
item,1604,-0.110746056
item,1605,0.185453698
item,1606,0.079630658
item,1607,-0.093335852
item,1608,0.0886295438
item,1609,-0.0173876807
item,1610,0.119273365
item,1611,-0.124022432
item,1612,0.185103074
item,1613,0.0432556719
item,1614,0.0627758056
item,1615,0.211942419
item,1616,0.0825908482
item,1617,-0.0536448956
item,1618,0.0919494554
item,1619,0.196558505
item,1620,0.0144059509
item,1621,0.0735741109
item,1622,-0.134577408
item,1623,0.150437087
item,1624,-0.11697349
item,1625,-0.177554384
item,1626,-0.0333411396
item,1627,-0.225818902
item,1628,-0.0729763284
item,1629,-0.171930611
item,1630,0.0861102939
item,1631,-0.0457225665
item,1632,0.200270981
item,1633,0.0819528177
item,1634,0.1492984
item,1635,-0.132155433
item,1636,0.0782075077
item,1637,-0.0743091628
item,1638,0.0599402823
item,1639,0.0203029122
item,1640,-0.0790875852
item,1641,-0.261838287
item,1642,-0.0234195516
item,1643,-0.041004356
item,1644,0.124165267
item,1645,-0.173153222
item,1646,0.116234511
item,1647,0.137055799
item,1648,0.00640025735
item,1649,0.120451391
item,1650,-0.0232491903
item,1651,0.0588198379
item,1652,0.0478100702
item,1653,0.00193953887
item,1654,0.0484728552
item,1655,-0.0391292349
item,1656,-0.0632635504
item,1657,-0.0737673938
item,1658,-0.204126447
item,1659,-0.194800094
item,1660,0.0882159695
item,1661,-0.188745439
item,1662,-0.154463634
item,1663,-0.0694194213
item,1664,-0.134558484
item,1665,-0.0421894714
item,1666,0.0882174522
item,1667,-0.17779693
item,1668,-0.0243931245
item,1669,-0.0458911583
item,1670,-0.19364953
item,1671,-0.0164491311
item,1672,-0.0732785314
item,1673,-0.119078606
item,1674,-0.0810741633
item,1675,0.0691095069
item,1676,0.0239080843
item,1677,-0.00993746333
item,1678,0.0345359817
item,1679,0.0724229813
item,1680,-0.196536809
item,1681,-0.109656841
item,1682,-0.0558554158
item,1683,-0.121094808
item,1684,0.0276987031
item,1685,0.144486263
item,1686,-0.0859458894
item,1687,-0.0638447329
item,1688,-0.0270901173
item,1689,0.222810209
item,1690,-0.125120386
item,1691,-0.129483387
item,1692,0.146505848
item,1693,0.060580384
item,1694,0.0883905366
item,1695,-0.261012197
item,1696,0.0736432076
item,1697,-0.184118524
item,1698,0.0773530975
item,1699,0.209162593
item,1700,-0.0708597824
item,1701,0.0598069131
item,1702,-0.0801678449
item,1703,-0.152417094
item,1704,0.0726103783
item,1705,0.133460179
item,1706,0.160351634
item,1707,-0.165671438
item,1708,0.0964211673
item,1709,0.0900572538
item,1710,0.187531218
item,1711,0.195699036
item,1712,-0.109991029
item,1713,0.118721403
item,1714,0.083472468
item,1715,0.0463013202
item,1716,-0.0854487792
item,1717,0.184441522
item,1718,0.229464352
item,1719,0.165777117
item,1720,0.192995891
item,1721,-0.0453859344
item,1722,0.213031948
item,1723,0.0395859405
item,1724,-0.105996415
item,1725,-0.00594017655
item,1726,0.0856321007
item,1727,0.0332551599
item,1728,0.0314687788
item,1729,0.0114994068
item,1730,0.0197057687
item,1731,-0.164501876
item,1732,-0.0151423626
item,1733,0.0176704898
item,1734,0.202430114
item,1735,-0.0204730481
item,1736,0.00510854367
item,1737,0.0797792077
item,1738,-0.0304030329
item,1739,0.16007337
item,1740,0.0517991334
item,1741,0.0551931225
item,1742,0.207558542
item,1743,0.0116789974
item,1744,-0.166883036
item,1745,-0.0845887661
item,1746,0.0229005441
item,1747,0.174361467
item,1748,-0.228669018
item,1749,0.00845786184
item,1750,-0.228408456
item,1751,0.155083567
item,1752,0.0826945826
item,1753,0.0651375875
item,1754,0.0625955686
item,1755,-0.12452957
item,1756,-0.224576846
item,1757,-0.250085831
item,1758,-0.0858084634
item,1759,0.103008702
item,1760,-0.123882502
item,1761,-0.00101954862
item,1762,0.170998961
item,1763,0.086629957
item,1764,0.00428283587
item,1765,0.117893055
item,1766,0.189656615
item,1767,0.142586187
item,1768,-0.0761603042
item,1769,-0.0608481728
item,1770,0.17706874
item,1771,0.124533921
item,1772,0.084186919
item,1773,0.0399681777
item,1774,-0.0781982839
item,1775,-0.0458212644
item,1776,-0.221118256
item,1777,-0.125011936
item,1778,-0.122569799
item,1779,0.149408206
item,1780,0.118076682
item,1781,-0.0433455408
item,1782,0.0926371813
item,1783,0.0399051681
item,1784,-0.0529426858
item,1785,0.016799368
item,1786,-0.033530347
item,1787,0.023342099
item,1788,-0.216073856
item,1789,0.152717188
item,1790,0.111522719
item,1791,0.00881361961
item,1792,-0.225570694
item,1793,-0.0904138535
item,1794,-0.079580687
item,1795,-0.215893716
item,1796,0.0272951126
item,1797,0.0590624735
item,1798,-0.013253307
item,1799,-0.175720617
item,1800,-0.009777667
item,1801,0.0832261145
item,1802,-0.0560284778
item,1803,0.21521455
item,1804,0.0377588309
item,1805,0.151775345
item,1806,0.1324545
item,1807,0.129584908
item,1808,0.068728745
item,1809,0.100015737
item,1810,0.236669675
item,1811,0.016220618
item,1812,-0.0644689351
item,1813,-0.131352693
item,1814,-0.00348830502
item,1815,0.155856818
item,1816,0.0825817809
item,1817,0.0920068175
item,1818,-0.0591002889
item,1819,0.086646311
item,1820,-0.046522852
item,1821,0.327675611
item,1822,-0.0664125085
item,1823,0.0103115607
item,1824,0.0515335873
item,1825,0.228840426
item,1826,-0.0686970353
item,1827,-0.0955477506
item,1828,-0.00325003453
item,1829,0.126214281
item,1830,-0.0520109534
item,1831,-0.161621824
item,1832,-0.0640065372
item,1833,-0.0220308863
item,1834,0.0754218102
item,1835,0.100514948
item,1836,-0.0515162423
item,1837,0.0705087781
item,1838,-0.102943987
item,1839,0.160144299
item,1840,0.0175787322
item,1841,0.0678340942
item,1842,0.120150261
item,1843,-0.071528092
item,1844,-0.275699437
item,1845,-0.000905939378
item,1846,-0.00454497989
item,1847,0.0658344254
item,1848,-0.0388706848
item,1849,0.00969862938
item,1850,0.148146912
item,1851,-0.0804131702
item,1852,0.149916485
item,1853,0.252647728
item,1854,0.186375663
item,1855,0.279136032
item,1856,0.0772755295
item,1857,0.143886596
item,1858,-0.286739737
item,1859,-0.0241077766
item,1860,0.178876713
item,1861,0.0506372973
item,1862,0.109315671
item,1863,-0.035980843
item,1864,0.0828111395
item,1865,0.0961379632
item,1866,-0.0897566304
item,1867,0.101898596
item,1868,0.168884993
item,1869,0.0843393728
item,1870,-0.0445643142
item,1871,-0.00153549924
item,1872,0.00499534234
item,1873,-0.144860983
item,1874,0.070841074
item,1875,-0.0976549909
item,1876,0.0145439953
item,1877,-0.0163800456
item,1878,0.0444535092
item,1879,0.0259057768
item,1880,0.0325759538
item,1881,-0.0983794853
item,1882,-0.00822356716
item,1883,-0.0486696586
item,1884,-0.237350404
item,1885,0.172971368
item,1886,-0.115747735
item,1887,0.139234617
item,1888,0.123445332
item,1889,0.318300188
item,1890,0.00245087594
item,1891,0.0221958905
item,1892,0.025719177
item,1893,0.00550569315
item,1894,-0.156936929
item,1895,0.00910804793
item,1896,-0.0317286551
item,1897,0.13970381
item,1898,0.0908951536
item,1899,0.0648696721
item,1900,0.0387255624
item,1901,-0.165796772
item,1902,0.0464435071
item,1903,0.0431891531
item,1904,-0.0948298573
item,1905,0.206710726
item,1906,-0.0687155426
item,1907,-0.0762777701
item,1908,-0.0278686304
item,1909,0.00451931078
item,1910,0.187043652
item,1911,-0.157648385
item,1912,0.122242212
item,1913,-0.00630643778
item,1914,0.182984591
item,1915,0.0129320286
item,1916,-0.0394684635
item,1917,-0.184578985
item,1918,0.0513232723
item,1919,-0.0620673709
item,1920,0.0549047329
item,1921,-0.0989238471
item,1922,0.0361987203
item,1923,-0.0864949897
item,1924,0.0110955052
item,1925,-0.0541878939
item,1926,-0.0783928335
item,1927,0.016807057
item,1928,-0.0312002897
item,1929,-0.110861316
item,1930,0.236825228
item,1931,-0.0358790234
item,1932,0.0511616841
item,1933,-0.0116115585
item,1934,-0.0942348167
item,1935,-0.115806982
item,1936,-0.282996118
item,1937,-0.156657547
item,1938,-0.0914579704
item,1939,-0.123677894
item,1940,0.0160060637
item,1941,-0.0349997953
item,1942,0.00557801686
item,1943,0.0450205281
item,1944,0.169662923
item,1945,0.0171398949
item,1946,-0.206651941
item,1947,0.0372197628
item,1948,0.30020088
item,1949,0.157197356
item,1950,-0.0930793062
item,1951,0.109901391
item,1952,0.121312976
item,1953,0.136476994
item,1954,0.0776277408
item,1955,-0.10423176
item,1956,-0.0616200492
item,1957,0.169409111
item,1958,0.00608016178
item,1959,0.0154019929
item,1960,-0.0651953369
item,1961,-0.0192588773
item,1962,0.208290085
item,1963,0.0966352969
item,1964,-0.10142836
item,1965,-0.0936513096
item,1966,0.0117795765
item,1967,0.00504096411
item,1968,0.205722094
item,1969,-0.0126647204
item,1970,0.202378675
item,1971,0.0295260102
item,1972,-0.0284745544
item,1973,-0.0539749414
item,1974,-0.0513604693
item,1975,0.0513686463
item,1976,-0.0693215281
item,1977,-0.178890824
item,1978,-0.229728043
item,1979,-0.156339884
item,1980,-0.0518295243
item,1981,-0.0155414287
item,1982,0.0230250973
item,1983,-0.105597451
item,1984,-0.273650974
item,1985,-0.106853053
item,1986,0.104453892
item,1987,-0.152370036
item,1988,0.117565028
item,1989,0.214587227
item,1990,0.315831035
item,1991,0.0351045951
item,1992,0.0491807535
item,1993,0.124489799
item,1994,-0.196264312
item,1995,-0.0756870359
item,1996,-0.0547958389
item,1997,0.0548653901
item,1998,0.0300413817
item,1999,-0.171797588
item,2000,0.0573338903
item,2001,0.272248566
item,2002,-0.0406842306
item,2003,0.192807361
item,2004,0.212507486
item,2005,-0.0901190713
item,2006,-0.0676623285
item,2007,-0.119389974
item,2008,0.0420118347
item,2009,-0.0861502662
item,2010,-0.158099025
item,2011,-0.150342748
item,2012,-0.00842384808
item,2013,-0.0730798095
item,2014,0.253645927
item,2015,-0.11866533
item,2016,-0.0711300448
item,2017,0.210272431
item,2018,-0.131497115
item,2019,0.139545977
item,2020,-0.118255034
item,2021,0.156931683
item,2022,0.152719408
item,2023,-0.0836608857
item,2024,-0.161267072
item,2025,-0.155198246
item,2026,0.136833191
item,2027,0.0204912331
item,2028,0.0819580704
item,2029,0.192089573
item,2030,0.0273071714
item,2031,-0.14925538
item,2032,-0.0569824204
item,2033,-0.211226672
item,2034,-0.112936944
item,2035,-0.288709521
item,2036,0.072670795
item,2037,-0.0615919307
item,2038,0.191092685
item,2039,-0.112763874
item,2040,-0.0473231897
item,2041,-0.025493769
item,2042,-0.057874795
item,2043,-0.0330926664
item,2044,0.0124187935
item,2045,-0.228528798
item,2046,-0.077870287
item,2047,0.291634113
item,2048,0.058255069
item,2049,0.0745895505
item,2050,0.210845232
item,2051,-0.0742154643
item,2052,0.0773030221
item,2053,-0.238390371
item,2054,0.0393185653
item,2055,-0.213361263
item,2056,0.161608264
item,2057,0.0282052532
item,2058,-0.0885846242
item,2059,0.123483643
item,2060,-0.281298429
item,2061,-0.0218314696
item,2062,0.27365455
item,2063,-0.0344195962
item,2064,-0.0439500436
item,2065,-0.0120935617
item,2066,-0.0688702911
item,2067,0.035538651
item,2068,0.156884
item,2069,0.196434617
item,2070,-0.0215930641
item,2071,-0.197036818
item,2072,0.0796642154
item,2073,-0.126515299
item,2074,0.0722408965
item,2075,-0.020536609
item,2076,-0.269818634
item,2077,-0.0502249151
item,2078,0.098270148
item,2079,0.0511056557
item,2080,0.0552847497
item,2081,0.0750563368
item,2082,0.224726558
item,2083,-0.116302207
item,2084,-0.172999755
item,2085,0.15320833
item,2086,0.223295867
item,2087,0.14521347
item,2088,0.0118602067
item,2089,0.0479602367
item,2090,-0.0919847786
item,2091,-0.0823920965
item,2092,0.0371683799
item,2093,-0.174928367
item,2094,0.169911861
item,2095,0.0448668227
item,2096,-0.233771905
item,2097,0.22746098
item,2098,-0.0100210886
item,2099,0.0140221808
item,2100,-0.0104800239
item,2101,0.0464694425
item,2102,-0.115639314
item,2103,-0.0298237391
item,2104,-0.0762321874
item,2105,-0.0862547904
item,2106,-0.151970863
item,2107,-0.00384731777
item,2108,-0.000702690333
item,2109,0.0678601265
item,2110,-0.100365795
item,2111,0.083093226
item,2112,0.000550225377
item,2113,0.087720409
item,2114,-0.23653242
item,2115,-0.135283992
item,2116,-0.163671494
item,2117,0.000959597528
item,2118,-0.060170386
item,2119,0.14568457
item,2120,-0.0389035679
item,2121,0.219435468
item,2122,-0.234538555
item,2123,-0.0627994388
item,2124,0.154697716
item,2125,0.282584399
item,2126,0.00368754007
item,2127,0.108821511
item,2128,0.094802551
item,2129,-0.0966956168
item,2130,0.0197286196
item,2131,-0.249976426
item,2132,0.183679268
item,2133,-0.0227851123
item,2134,-0.0140110627
item,2135,-0.108115271
item,2136,-0.108159617
item,2137,-0.138885051
item,2138,-0.00702311471
item,2139,0.1884453
item,2140,-0.138896838
item,2141,-0.0421380214
item,2142,-0.00117924996
item,2143,0.154995859
item,2144,0.175802514
item,2145,0.0263458807
item,2146,0.101739287
item,2147,-0.0716596395
item,2148,0.165193528
item,2149,-0.308447003
item,2150,0.110010892
item,2151,0.00706687383
item,2152,0.193620086
item,2153,0.0882950425
item,2154,0.0763593912
item,2155,0.0278528184
item,2156,-0.13500005
item,2157,-0.133663401
item,2158,0.0621067211
item,2159,-0.0401652828
item,2160,-0.145709828
item,2161,-0.020951191
item,2162,-0.0278187208
item,2163,0.120471902
item,2164,-0.250185788
item,2165,-0.0520651117
item,2166,-0.0256536528
item,2167,-0.00851630792
item,2168,-0.129718795
item,2169,0.0394928046
item,2170,0.0556578636
item,2171,-0.000635612756
item,2172,0.0648375005
item,2173,0.0397676155
item,2174,-0.0546910316
item,2175,-0.134292603
item,2176,-0.137846872
item,2177,-0.0914071351
item,2178,-0.0238200109
item,2179,-0.0334718451
item,2180,-0.0904855877
item,2181,-0.0768154562
item,2182,0.0566479042
item,2183,0.0934689716
item,2184,-0.00414734334
item,2185,-0.0272432938
item,2186,-0.088044703
item,2187,-0.0404811688
item,2188,-0.120156102
item,2189,-0.0234856457
item,2190,0.160789102
item,2191,0.232549757
item,2192,-0.191402972
item,2193,-0.160080314
item,2194,-0.0446241274
item,2195,0.0977907479
item,2196,0.214975566
item,2197,-0.0557595566
item,2198,0.0334177986
item,2199,-0.234057024
item,2200,0.0879241824
item,2201,-0.153205663
item,2202,0.0622893646
item,2203,-0.0250071585
item,2204,-0.0886175931
item,2205,0.143569544
item,2206,-0.26775524
item,2207,0.0522567332
item,2208,-0.0435702354
item,2209,-0.12918058
item,2210,0.0448582619
item,2211,-0.0450375937
item,2212,-0.156542465
item,2213,-0.0972008482
item,2214,-0.0191152748
item,2215,-0.218636334
item,2216,0.0132954232
item,2217,-0.0150976963
item,2218,0.00435519218
item,2219,-0.0367815942
item,2220,0.00600998476
item,2221,0.0701346695
item,2222,0.0321022309
item,2223,0.0882810429
item,2224,0.0736666694
item,2225,0.117989063
item,2226,-0.0920085683
item,2227,0.0513070971
item,2228,0.011458585
item,2229,-0.112901166
item,2230,-0.0890817568
item,2231,-0.180571005
item,2232,0.00467974693
item,2233,0.278343201
item,2234,0.148274511
item,2235,0.125503391
item,2236,-0.0140232705
item,2237,0.0948275626
item,2238,-0.178605631
item,2239,0.00266537815
item,2240,-0.144966841
item,2241,-0.0129100978
item,2242,0.188792691
item,2243,-0.0449809767
item,2244,0.353993714
item,2245,0.211936057
item,2246,-0.189783305
item,2247,0.0663060099
item,2248,0.202638119
item,2249,-0.0140669253
item,2250,-0.0628704131
item,2251,0.0108288564
item,2252,-0.100555643
item,2253,0.080307126
item,2254,0.081378445
item,2255,0.0704049617
item,2256,-0.0714028925
item,2257,0.217684925
item,2258,0.0173460059
item,2259,0.0422116518
item,2260,0.181475163
item,2261,0.0406469442
item,2262,-0.098030895
item,2263,0.139905155
item,2264,0.223370314
item,2265,-0.0923808068
item,2266,0.210737601
item,2267,-0.0986826122
item,2268,0.0823080465
item,2269,-0.167160362
item,2270,0.113439023
item,2271,0.302430362
item,2272,-0.0992082283
item,2273,-0.0248058569
item,2274,-0.154733911
item,2275,0.097586751
item,2276,-0.059070725
item,2277,0.141022056
item,2278,-0.02659343
item,2279,0.0900334939
item,2280,-0.178587422
item,2281,-0.00333377719
item,2282,0.0691857487
item,2283,-0.181040078
item,2284,0.180735201
item,2285,-0.011635649
item,2286,-0.135506928
item,2287,-0.35188067
item,2288,-0.0489714444
item,2289,0.165701598
item,2290,-0.108131178
item,2291,0.180787325
item,2292,0.117111079
item,2293,0.08470992
item,2294,0.202567846
item,2295,-0.099307552
item,2296,0.178377405
item,2297,0.16891858
item,2298,0.0483019389
item,2299,0.122613326
item,2300,-0.169759735
item,2301,0.0485472567
item,2302,-0.120461814
item,2303,0.0639074892
item,2304,0.0124332383
item,2305,-0.0544773303
item,2306,-0.0340360999
item,2307,0.103642687
item,2308,0.00419638306
item,2309,0.0988304839
item,2310,-0.0965671241
item,2311,-0.18827115
item,2312,-0.147981346
item,2313,-0.101367511
item,2314,-0.0718436614
item,2315,0.0322554633
item,2316,-0.188811943
item,2317,0.0690634698
item,2318,-0.056992054
item,2319,0.107277982
item,2320,-0.133268625
item,2321,-0.050224863
item,2322,0.156714171
item,2323,0.038346827
item,2324,-0.119772419
item,2325,-0.00997870788
item,2326,-0.137860134
item,2327,-0.00502828043
item,2328,-0.0300490484
item,2329,0.0243048631
item,2330,-0.224039301
item,2331,0.181591094
item,2332,-0.032027062
item,2333,0.133227289
item,2334,0.113621183
item,2335,-0.000283410773
item,2336,-0.124163575
item,2337,0.0428942218
item,2338,0.0647700876
item,2339,-0.12939091
item,2340,-0.0394840091
item,2341,0.0287429895
item,2342,0.0192512311
item,2343,-0.0106038377
item,2344,-0.246270895
item,2345,-0.0154106058
item,2346,-0.0165895633
item,2347,0.0694108456
item,2348,-0.0898126513
item,2349,-0.0703882873
item,2350,0.167697892
item,2351,0.10602662
item,2352,0.0891441479
item,2353,-0.0125981662
item,2354,0.162070408
item,2355,-0.00810801238
item,2356,-0.199685037
item,2357,-0.0926126242
item,2358,-0.218387991
item,2359,0.161876202
item,2360,-0.0595589951
item,2361,0.24499473
item,2362,0.116135597
item,2363,-0.231010318
item,2364,-0.00936060399
item,2365,-0.0119069479
item,2366,-0.282416821
item,2367,0.112203881
item,2368,-0.141998872
item,2369,-0.0148080066
item,2370,0.108813867
item,2371,-0.143190682
item,2372,-0.166629225
item,2373,-0.11032787
item,2374,-0.0558945537
item,2375,-0.144629881
item,2376,-0.000703454018
item,2377,0.153753921
item,2378,0.242487043
item,2379,0.00932029821
item,2380,0.0858590901
item,2381,0.148295045
item,2382,-0.133052066
item,2383,0.113496631
item,2384,-0.0209887903
item,2385,-0.0370614566
item,2386,0.196094692
item,2387,-0.211846367
item,2388,0.0696097314
item,2389,-0.0931278542
item,2390,-0.132624924
item,2391,-0.193067953
item,2392,-0.229564816
item,2393,-0.301998943
item,2394,-0.0587594286
item,2395,-0.151484132
item,2396,-0.145063519
item,2397,-0.113692708
item,2398,-0.113179512
item,2399,-0.0478459001
item,2400,-0.258260697
item,2401,-0.133906364
item,2402,-0.0312420465
item,2403,0.0237957574
item,2404,-0.208054751
item,2405,-0.0327595845
item,2406,-0.0522715375
item,2407,-0.129380763
item,2408,-0.027943898
item,2409,0.0747890919
item,2410,-0.0196782984
item,2411,0.0404260047
item,2412,0.0818091184
item,2413,-0.0788739771
item,2414,0.130884781
item,2415,0.155559003
item,2416,-0.144296452
item,2417,0.0185051821
item,2418,0.0449287444
item,2419,-0.0978841409
item,2420,-0.182684481
item,2421,-0.153929383
item,2422,-0.0490137301
item,2423,-0.154683709
item,2424,0.0169088021
item,2425,-0.1522488
item,2426,-0.0851856023
item,2427,-0.0981347486
item,2428,-0.0257466137
item,2429,0.0416914485
item,2430,0.11636214
item,2431,0.100654237
item,2432,0.209152073
item,2433,-0.117123075
item,2434,-0.0253526308
item,2435,0.136268452
item,2436,-0.166406229
item,2437,0.0737551302
item,2438,0.0272122603
item,2439,-0.0178109091
item,2440,-0.0195946395
item,2441,0.206206813
item,2442,0.106785119
item,2443,-0.0438763797
item,2444,0.0109777078
item,2445,-0.051960282
item,2446,-0.0452952757
item,2447,0.102601126
item,2448,0.196601883
item,2449,0.0578971989
item,2450,0.290466517
item,2451,0.0013434682
item,2452,-0.160575867
item,2453,-0.21917811
item,2454,0.0213587396
item,2455,-0.074751623
item,2456,0.0484206304
item,2457,-0.0774293691
item,2458,-0.176970929
item,2459,0.011497993
item,2460,-0.151246548
item,2461,-0.0874311924
item,2462,-0.191183269
item,2463,0.0622236729
item,2464,-0.00518702716
item,2465,0.0826203004
item,2466,-0.031148687
item,2467,-0.0457279012
item,2468,-0.129087627
item,2469,-0.0111522321
item,2470,0.0351487622
item,2471,-0.119805492
item,2472,-0.0261477325
item,2473,-0.0926404968
item,2474,-0.0123975426
item,2475,-0.0986356437
item,2476,0.0335259363
item,2477,0.0015776623
item,2478,-0.0731354579
item,2479,0.194912508
item,2480,-0.139611557
item,2481,0.103801541
item,2482,-0.0123939291
item,2483,0.0127709452
item,2484,0.00204501674
item,2485,0.0419374555
item,2486,-0.0102579836
item,2487,-0.120441049
item,2488,0.190068826
item,2489,0.106350437
item,2490,-0.0406809002
item,2491,0.146703988
item,2492,0.0982428491
item,2493,0.0112548396
item,2494,-0.147013396
item,2495,-0.308528662
item,2496,-0.00509482902
item,2497,0.00457666069
item,2498,-0.079227224
item,2499,0.0471876189
item,2500,0.000464433804
item,2501,-0.0530010685
item,2502,-0.0954780877
item,2503,0.0077852644
item,2504,0.0799278691
item,2505,0.010524435
item,2506,-0.157703951
item,2507,0.169665471
item,2508,0.025457127
item,2509,-0.05368191
item,2510,0.012687806
item,2511,-0.0260250792
item,2512,0.0264870226
item,2513,0.0770732984
item,2514,-0.119894132
item,2515,-0.179652497
item,2516,-0.312971681
item,2517,0.223837852
item,2518,-0.100038558
item,2519,0.181472391
item,2520,-0.120714292
item,2521,-0.109959684
item,2522,-0.00779671781
item,2523,0.0561544932
item,2524,0.142490894
item,2525,0.0339707509
item,2526,0.0684944317
item,2527,-0.0224906839
item,2528,0.190598667
item,2529,-0.199848056
item,2530,-0.168903723
item,2531,0.174145684
item,2532,0.114318207
item,2533,-0.244512707
item,2534,0.106039315
item,2535,0.0119664147
item,2536,-0.154469162
item,2537,0.0462504327
item,2538,-0.460655689
item,2539,-0.0104528721
item,2540,0.0227373503
item,2541,0.262369573
item,2542,-0.136265039
item,2543,0.016660627
item,2544,0.0103674335
item,2545,-0.10750328
item,2546,-0.0740247816
item,2547,-0.090633586
item,2548,0.184498638
item,2549,-0.0600429289
item,2550,-0.0936118662
item,2551,-0.024695022
item,2552,0.010780164
item,2553,-0.104188107
item,2554,0.227396116
item,2555,0.128032237
item,2556,0.109607533
item,2557,-0.281752706
item,2558,-0.364282429
item,2559,-0.397515535
item,2560,-0.097186394
item,2561,0.03472808
item,2562,0.0486726686
item,2563,0.00668431818
item,2564,-0.0668413937
item,2565,-0.0521091111
item,2566,-0.246639609
item,2567,-0.0772580802
item,2568,0.0243989397
item,2569,-0.10997466
item,2570,-0.142635763
item,2571,0.116271548
item,2572,-0.107504077
item,2573,0.142724082
item,2574,-0.152275845
item,2575,-0.0840665326
item,2576,-0.0507618152
item,2577,-0.259019256
item,2578,-0.276148856
item,2579,-0.0824621096
item,2580,-0.0161534678
item,2581,0.120074071
item,2582,0.109076619
item,2583,0.0816296712
item,2584,-0.0639452934
item,2585,-0.210714459
item,2586,0.219759554
item,2587,-0.0893097296
item,2588,0.0333654061
item,2589,0.188018188
item,2590,0.125820979
item,2591,-0.0779509023
item,2592,-0.091396071
item,2593,0.152455509
item,2594,-0.000152017921
item,2595,-0.00684439205
item,2596,0.0265916362
item,2597,-0.0119165787
item,2598,-0.0559624955
item,2599,0.0989723802
item,2600,0.142397046
item,2601,-0.0332364328
item,2602,-0.241552949
item,2603,-0.139685601
item,2604,0.00313518196
item,2605,-0.0256236382
item,2606,0.037082538
item,2607,0.171489581
item,2608,-0.0540715158
item,2609,0.144303948
item,2610,0.201445311
item,2611,-0.0428143553
item,2612,-0.10867548
item,2613,-0.126221508
item,2614,0.003790766
item,2615,-0.152746603
item,2616,-0.086059846
item,2617,0.12037687
item,2618,-0.0644872859
item,2619,0.00468745641
item,2620,0.142299533
item,2621,-0.259629667
item,2622,-0.0383058414
item,2623,0.0924803913
item,2624,-0.18548125
item,2625,-0.0554142855
item,2626,-0.102145247
item,2627,-0.0320543535
item,2628,-0.216283947
item,2629,0.058993645
item,2630,-0.0143189766
item,2631,-0.0414876118
item,2632,0.066068396
item,2633,-0.00829091109
item,2634,0.0771692023
item,2635,0.0378417484
item,2636,0.0368272513
item,2637,0.193109632
item,2638,0.0398580655
item,2639,-0.0383291692
item,2640,0.110238805
item,2641,-0.0217890069
item,2642,0.153900474
item,2643,0.112964585
item,2644,0.151636064
item,2645,-0.219780445
item,2646,0.0260030106
item,2647,-0.0231110342
item,2648,-0.194683671
item,2649,0.217214406
item,2650,0.0711661205
item,2651,-0.218992829
item,2652,0.0814015716
item,2653,-0.147279322
item,2654,-0.152995363
item,2655,0.0157922916
item,2656,0.00323217362
item,2657,-0.0167374015
item,2658,0.143413723
item,2659,0.214563847
item,2660,-0.0590552688
item,2661,-0.0672309101
item,2662,-0.0462678634
item,2663,0.0532418862
item,2664,-0.117648959
item,2665,0.168499961
item,2666,0.0685397014
item,2667,0.174891323
item,2668,0.0291578695
item,2669,0.04621391
item,2670,0.19806318
item,2671,0.0353803672
item,2672,-0.105230063
item,2673,0.0172816571
item,2674,-0.049539119
item,2675,0.151603907
item,2676,0.0245040953
item,2677,0.112595722
item,2678,0.0809208006
item,2679,-0.0539993383
item,2680,0.112160273
item,2681,-0.0168793537
item,2682,0.0691529959
item,2683,-0.0135877617
item,2684,0.0122190192
item,2685,-0.188606545
item,2686,0.0602610148
item,2687,-0.13557452
item,2688,0.054819949
item,2689,0.0901433975
item,2690,0.18990913
item,2691,-0.0430705845
item,2692,0.0378112644
item,2693,-0.0977247581
item,2694,0.0867000744
item,2695,-0.0091515407
item,2696,-0.01148111
item,2697,0.066508472
item,2698,0.114939973
item,2699,0.0564580858
item,2700,-0.00714014098
item,2701,0.0503981709
item,2702,-0.0730297118
item,2703,0.0473744124
item,2704,-0.0831193253
item,2705,0.0813893676
item,2706,0.0113749634
item,2707,-0.111255631
item,2708,-0.00493480265
item,2709,0.0156771708
item,2710,0.190875292
item,2711,-0.0386271849
item,2712,-0.027787257
item,2713,0.0901095122
item,2714,0.000408563763
item,2715,0.224287093
item,2716,0.00867461227
item,2717,-0.0121191032
item,2718,0.0826923996
item,2719,-0.170401961
item,2720,0.180677101
item,2721,0.0397383794
item,2722,-0.226245776
item,2723,0.399462163
item,2724,-0.153059229
item,2725,-0.246199384
item,2726,0.0840979964
item,2727,-0.0825346932
item,2728,0.0887589827
item,2729,0.0812370032
item,2730,0.0816227198
item,2731,0.18434976
item,2732,-0.00344132632
item,2733,-0.0753674731
item,2734,0.0184838884
item,2735,-0.139977679
item,2736,0.0720013976
item,2737,-0.227956653
item,2738,-0.0137391053
item,2739,0.0117737502
item,2740,0.243020803
item,2741,-0.0963654518
item,2742,0.00438281335
item,2743,-0.035574764
item,2744,-0.144404233
item,2745,-0.190189674
item,2746,0.0165886916
item,2747,0.0555405617
item,2748,-0.166409284
item,2749,0.102151595
item,2750,-0.0982027799
item,2751,0.0381001532
item,2752,0.10331092
item,2753,-0.125308529
item,2754,-0.20002158
item,2755,0.0611512139
item,2756,0.184336275
item,2757,0.0236593895
item,2758,0.0614077635
item,2759,0.155849963
item,2760,-0.0541397929
item,2761,-0.0470137149
item,2762,0.0359485373
item,2763,0.107265413
item,2764,-0.247336
item,2765,-0.127224281
item,2766,-0.0349902436
item,2767,0.245402783
item,2768,-0.0323550701
item,2769,-0.119453415
item,2770,0.00802189391
item,2771,-0.241722926
item,2772,-0.205178976
item,2773,0.0899017602
item,2774,-0.197465494
item,2775,0.012499528
item,2776,-0.100041263
item,2777,-0.00395595841
item,2778,-0.0088349767
item,2779,-0.058861576
item,2780,0.177701384
item,2781,-0.096214205
item,2782,0.0339814238
item,2783,2.03661621e-05
item,2784,0.00799954683
item,2785,0.169005334
item,2786,-0.180719465
item,2787,-0.137323707
item,2788,-0.167283416
item,2789,0.0772947147
item,2790,-0.115448885
item,2791,-0.188723043
item,2792,0.0368962511
item,2793,-0.0190035589
item,2794,-0.0551807433
item,2795,-0.232123345
item,2796,0.0410830975
item,2797,-0.246456057
item,2798,-0.0384913571
item,2799,0.140243307
item,2800,-0.123133361
item,2801,0.0199525058
item,2802,-0.0770732909
item,2803,0.0676302612
item,2804,-0.0797779113
item,2805,-0.128051862
item,2806,-0.220380366
item,2807,-0.072336562
item,2808,-0.160892516
item,2809,-0.0451720729
item,2810,0.164858401
item,2811,-0.00415897742
item,2812,0.200781241
item,2813,0.116486907
item,2814,0.225908309
item,2815,0.119186893
item,2816,0.105124474
item,2817,-0.0165102836
item,2818,-0.0771380663
item,2819,0.0776252076
item,2820,0.0573602431
item,2821,-0.0339578576
item,2822,-0.025474485
item,2823,-0.135720059
item,2824,-0.0135642812
item,2825,-0.0130730085
item,2826,0.124083601
item,2827,-0.00102279149
item,2828,0.101495601
item,2829,0.205914915
item,2830,0.151714653
item,2831,0.116618946
item,2832,0.113094725
item,2833,-0.0219335966
item,2834,-0.0213500485
item,2835,0.267905533
item,2836,-0.0697668046
item,2837,0.0533256046
item,2838,0.111839443
item,2839,0.0368633009
item,2840,0.0240077693
item,2841,0.118232541
item,2842,0.179386437
item,2843,0.0481208712
item,2844,-0.352422714
item,2845,-0.27083087
item,2846,-0.115059122
item,2847,-0.0377519205
item,2848,-0.00221652538
item,2849,-0.145452321
item,2850,-0.0176776163
item,2851,-0.0838896632
item,2852,-0.104779452
item,2853,-0.0562599972
item,2854,-0.283013076
item,2855,0.0358569995
item,2856,-0.101215646
item,2857,-0.164845794
item,2858,-0.093187727
item,2859,0.0339441821
item,2860,-0.0968833864
item,2861,-0.136649102
item,2862,0.00841755047
item,2863,-0.115470201
item,2864,-0.106082581
item,2865,0.0401638672
item,2866,-0.0605138019
item,2867,0.0839191601
item,2868,0.00274613686
item,2869,-0.0371619202
item,2870,0.0382305942
item,2871,0.159702644
item,2872,-0.361164629
item,2873,-0.117769599
item,2874,0.0895418078
item,2875,-0.214521274
item,2876,-0.0868671015
item,2877,0.128216565
item,2878,-0.118296474
item,2879,0.0581031814
item,2880,0.0617680699
item,2881,-0.124806993
item,2882,0.0796853006
item,2883,-0.0560555533
item,2884,0.0216687694
item,2885,-0.102028787
item,2886,0.015189793
item,2887,0.0232120715
item,2888,-0.0596400946
item,2889,0.101519369
item,2890,-0.16184473
item,2891,0.180362955
item,2892,-0.0295843482
item,2893,0.198505566
item,2894,0.0455748811
item,2895,0.0136602148
item,2896,0.0695264339
item,2897,-0.175435856
item,2898,-0.0336861014
item,2899,-0.0760850832
item,2900,0.129915223
item,2901,0.0710071102
item,2902,0.0394098908
item,2903,-0.248092979
item,2904,0.0557525754
item,2905,-0.127604231
item,2906,0.0817025453
item,2907,-0.272939056
item,2908,-0.0168114081
item,2909,-0.0275419205
item,2910,-0.105323717
item,2911,0.0125173889
item,2912,-0.0977023542
item,2913,0.0406948403
item,2914,0.0370502248
item,2915,-0.0997919366
item,2916,-0.198096395
item,2917,-0.116244912
item,2918,-0.0487356409
item,2919,-0.144523129
item,2920,-0.0492194742
item,2921,-0.0401767865
item,2922,-0.136384979
item,2923,0.0369890556
item,2924,0.0217390247
item,2925,-0.123337336
item,2926,-0.13500911
item,2927,-0.103506923
item,2928,-0.0878422856
item,2929,-0.21252735
item,2930,-0.322791845
item,2931,-0.166570082
item,2932,-0.0803632811
item,2933,-0.252741367
item,2934,0.00492034946
item,2935,0.171192378
item,2936,-0.0162535943
item,2937,-0.0809337497
item,2938,-0.134351477
item,2939,0.0388860106
item,2940,-0.111790434
item,2941,0.0347315073
item,2942,-0.0598001108
item,2943,0.0182953104
item,2944,-0.182890728
item,2945,0.144043565
item,2946,-0.0332325324
item,2947,-0.133507848
item,2948,0.0957391262
item,2949,0.174393967
item,2950,-0.110674858
item,2951,-0.0279275384
item,2952,0.187360257
item,2953,0.073643446
item,2954,-0.0188104082
item,2955,-0.0709292144
item,2956,-0.0620646812
item,2957,0.300491691
item,2958,-0.0139892139
item,2959,-0.130290985
item,2960,-0.232249945
item,2961,-0.0869520754
item,2962,-0.0534729287
item,2963,-0.0559595339
item,2964,-0.089478299
item,2965,0.154446349
item,2966,0.106183723
item,2967,-0.0653599724
item,2968,0.03762291
item,2969,-0.0532447174
item,2970,-0.019742351
item,2971,0.0984671116
item,2972,-0.0368458368
item,2973,-0.0237157997
item,2974,0.02955845
item,2975,0.0883539394
item,2976,-0.0940556973
item,2977,0.194773957
item,2978,-0.120723575
item,2979,0.0813541934
item,2980,-0.109567419
item,2981,0.0980788916
item,2982,-0.0345448181
item,2983,0.0563061014
item,2984,0.108550362
item,2985,-0.213350683
item,2986,0.146565452
item,2987,0.0333922692
item,2988,-0.435308456
item,2989,-0.315208256
item,2990,-0.141365305
item,2991,0.0411537662
item,2992,-0.0908501521
item,2993,-0.255825341
item,2994,-0.0610144287
item,2995,-0.10242939
item,2996,-0.121385463
item,2997,-0.0870677456
item,2998,-0.140185714
item,2999,-0.0640913844
item,3000,0.00368437427
item,3001,-0.119448677
item,3002,-0.157127291
item,3003,-0.0465665199
item,3004,-0.234248519
item,3005,-0.0834785551
item,3006,-0.108103447
item,3007,-0.0175032914
item,3008,-0.0966554582
item,3009,-0.141043991
item,3010,-0.30517751
item,3011,-0.223149151
item,3012,-0.0945079476
item,3013,0.0946167186
item,3014,-0.250477463
item,3015,0.0456195511
item,3016,0.0283178985
item,3017,-0.109028116
item,3018,0.0644356012
item,3019,0.0280423574
item,3020,0.0906436443
item,3021,-0.0626026839
item,3022,0.0153466295
item,3023,0.0194293018
item,3024,-0.0641461611
item,3025,-0.0139728114
item,3026,-0.0652993321
item,3027,0.00524213538
item,3028,0.318347722
item,3029,-0.0508522466
item,3030,-0.0904697552
item,3031,-0.000731909648
item,3032,0.0446959436
item,3033,0.225390837
item,3034,0.194193631
item,3035,-0.013578333
item,3036,0.0175705664
item,3037,0.0608146824
item,3038,0.146166369
item,3039,-0.00796424225
item,3040,0.0643129572
item,3041,0.00212300941
item,3042,-0.0960184708
item,3043,-0.00557422638
item,3044,0.0722217411
item,3045,0.12360464
item,3046,0.130546227
item,3047,-0.100385524
item,3048,0.0574294366
item,3049,0.0771844834
item,3050,-0.163792238
item,3051,0.0744752064
item,3052,-0.299206793
item,3053,0.137835056
item,3054,0.177340701
item,3055,0.111825719
item,3056,-0.24099952
item,3057,-0.124315538
item,3058,-0.0584616251
item,3059,-0.0325782336
item,3060,-0.0795410201
item,3061,-0.0989476889
item,3062,-0.0698319823
item,3063,0.149506554
item,3064,-0.155964434
item,3065,-0.0958694518
item,3066,-0.0229780748
item,3067,-0.0736837983
item,3068,-0.120542005
item,3069,0.149690703
item,3070,0.0600471422
item,3071,0.115878731
item,3072,-0.0967815518
item,3073,0.11639443
item,3074,-0.0441916399
item,3075,0.0950491279
item,3076,0.0984337032
item,3077,-0.0531413481
item,3078,-0.0761827677
item,3079,0.065448992
item,3080,-0.215515733
item,3081,0.166973844
item,3082,-0.0732140169
item,3083,0.0599114522
item,3084,-0.0464645773
item,3085,-0.155217797
item,3086,0.0844571441
item,3087,-0.233261257
item,3088,-0.299591362
item,3089,0.114401303
item,3090,-0.152232572
item,3091,0.122524634
item,3092,-0.0835785568
item,3093,-0.150188699
item,3094,-0.234048769
item,3095,-0.132366329
item,3096,-0.123039581
item,3097,0.114437535
item,3098,0.0552090667
item,3099,0.0619519167
item,3100,0.134117693
item,3101,-0.187346101
item,3102,0.168213218
item,3103,-0.0118008321
item,3104,-0.0741729513
item,3105,0.168947935
item,3106,-0.190491199
item,3107,-0.107324332
item,3108,0.0129824579
item,3109,-0.0930629894
item,3110,0.0635919124
item,3111,-0.250800431
item,3112,0.0972703472
item,3113,0.0938717872
item,3114,0.0099435728
item,3115,0.112607129
item,3116,0.213342488
item,3117,0.189075381
item,3118,-0.139547318
item,3119,0.0129283564
item,3120,-0.306671977
item,3121,0.0269478187
item,3122,-0.0153273018
item,3123,0.137244374
item,3124,0.163449794
item,3125,0.273509324
item,3126,0.0763401762
item,3127,0.0491196737
item,3128,0.0941080824
item,3129,0.106372058
item,3130,0.141526863
item,3131,-0.0329360962
item,3132,-0.115219198
item,3133,-0.158919737
item,3134,-0.0152842924
item,3135,0.160799474
item,3136,0.150022775
item,3137,0.0390273184
item,3138,0.0138309738
item,3139,-0.223880634
item,3140,-0.109276928
item,3141,0.112471126
item,3142,0.0672560036
item,3143,-0.140420437
item,3144,0.0201196931
item,3145,-0.103135124
item,3146,-0.160232767
item,3147,-0.213149235
item,3148,-0.0104252771
item,3149,-0.0415753946
item,3150,-0.0256022234
item,3151,-0.0413792506
item,3152,0.00847325474
item,3153,0.211635381
item,3154,-0.0745106786
item,3155,-0.0787735432
item,3156,0.110266484
item,3157,-0.00829826295
item,3158,0.00460223854
item,3159,0.13062644
item,3160,0.0218957942
item,3161,-0.176991373
item,3162,0.0498127043
item,3163,0.249577731
item,3164,-0.117440894
item,3165,-0.0535424463
item,3166,-0.0261455402
item,3167,-0.0327987671
item,3168,-0.113516599
item,3169,-0.00179600343
item,3170,0.0401622653
item,3171,0.00362663111
item,3172,-0.145654306
item,3173,-0.264730811
item,3174,0.103534199
item,3175,-0.0184470899
item,3176,-0.0842817575
item,3177,-0.0461436063
item,3178,-0.0180458277
item,3179,-0.120766833
item,3180,0.01668901
item,3181,-0.115310855
item,3182,0.0578830503
item,3183,0.0156828426
item,3184,-0.182360545
item,3185,0.130286723
item,3186,0.0555909313
item,3187,0.051632978
item,3188,-0.110738479
item,3189,-0.0980100781
item,3190,-0.232190102
item,3191,-0.209785223
item,3192,0.115728438
item,3193,0.153167859
item,3194,-0.0136459321
item,3195,0.0375903472
item,3196,-0.0727345198
item,3197,-0.153700352
item,3198,0.0206680596
item,3199,0.182484508
item,3200,0.0571283847
item,3201,-0.11271736
item,3202,0.121158443
item,3203,0.128955558
item,3204,0.0275533311
item,3205,-0.0368557274
item,3206,0.11831452
item,3207,0.119443133
item,3208,-0.0288063996
item,3209,-0.0229423679
item,3210,-0.0774148405
item,3211,0.0298965499
item,3212,-0.168544382
item,3213,-0.292938054
item,3214,-0.208281666
item,3215,-0.0247262791
item,3216,-0.280410051
item,3217,-0.0937190801
item,3218,-0.311971277
item,3219,-0.0316102989
item,3220,-0.193460867
item,3221,0.18071413
item,3222,-0.00845109671
item,3223,-0.104959674
item,3224,0.0480305403
item,3225,-0.140699491
item,3226,-0.123980433
item,3227,-0.241928533
item,3228,0.0203286819
item,3229,0.136076942
item,3230,0.249170899
item,3231,0.162179843
item,3232,-0.248257607
item,3233,-0.136780247
item,3234,-0.102362484
item,3235,0.00284082815
item,3236,-0.0781866014
item,3237,0.0380751975
item,3238,0.123187616
item,3239,0.136254892
item,3240,0.0659502
item,3241,-0.0888279453
item,3242,-0.261253178
item,3243,-0.0438272953
item,3244,0.057103958
item,3245,0.0535402223
item,3246,0.138522655
item,3247,0.0868145227
item,3248,0.0576183796
item,3249,-0.258889258
item,3250,-0.0106702819
item,3251,0.012953382
item,3252,-0.0336680934
item,3253,-0.100134075
item,3254,-0.10368111
item,3255,-0.241927117
item,3256,-0.155084521
item,3257,0.132304847
item,3258,0.111419551
item,3259,-0.0866206661
item,3260,0.176113725
item,3261,-0.164455324
item,3262,-0.0543334968
item,3263,-0.161784604
item,3264,-0.0440053269
item,3265,-0.0693827048
item,3266,-0.0270563588
item,3267,0.0762682259
item,3268,-0.173572704
item,3269,0.0039848797
item,3270,-0.118979156
item,3271,-0.0940178782
item,3272,0.000347211957
item,3273,-0.106127784
item,3274,-0.140224561
item,3275,0.0846050307
item,3276,0.0960198119
item,3277,-0.304046422
item,3278,-0.0670318305
item,3279,0.00490321033
item,3280,-0.0877717137
item,3281,-0.0605799817
item,3282,-0.0471158475
item,3283,0.0126022026
item,3284,0.0730087981
item,3285,-0.237291634
item,3286,-0.168686971
item,3287,-0.126820326
item,3288,-0.0633248687
item,3289,-0.0418312512
item,3290,0.00955441967
item,3291,0.0348080508
item,3292,0.0248867981
item,3293,0.000853370875
item,3294,-0.133926481
item,3295,0.0696339086
item,3296,-0.219644502
item,3297,0.156978488
item,3298,0.0805979967
item,3299,-0.1422057
item,3300,-0.064161256
item,3301,0.0900388658
item,3302,-0.0128813237
item,3303,0.12405856
item,3304,0.00836015493
item,3305,0.0183526278
item,3306,0.0905289724
item,3307,0.0902002454
item,3308,-0.136435568
item,3309,0.0624640137
item,3310,-0.00781857222
item,3311,-0.0766170844
item,3312,-0.181826621
item,3313,-0.131454825
item,3314,-0.0694745183
item,3315,-0.162833601
item,3316,-0.0398053229
item,3317,0.0923985839
item,3318,-0.00747235119
item,3319,-0.24048765
item,3320,-0.106028773
item,3321,-0.257082492
item,3322,-0.129299387
item,3323,-0.183521792
item,3324,-0.00327679887
item,3325,-0.250915289
item,3326,-0.130004168
item,3327,0.0713678449
item,3328,-0.0573418215
item,3329,-0.0816880167
item,3330,0.000670403242
item,3331,-0.198988438
item,3332,-0.194440633
item,3333,-0.33551994
item,3334,0.0838572681
item,3335,0.218438596
item,3336,-0.0783005878
item,3337,0.0184415355
item,3338,-0.121944875
item,3339,-0.149073482
item,3340,-0.0533571988
item,3341,0.12184304
item,3342,-0.204544455
item,3343,-0.122981027
item,3344,0.0225195978
item,3345,-0.056444481
item,3346,0.105349548
item,3347,-0.172648117
item,3348,-0.0224003792
item,3349,-0.0429563746
item,3350,-0.00157778151
item,3351,-0.0411024354
item,3352,-0.0989479721
item,3353,-0.139337048
item,3354,-0.208463997
item,3355,-0.143080145
item,3356,-0.093917802
item,3357,-0.0180009976
item,3358,-0.042631112
item,3359,-0.128394067
item,3360,-0.132008076
item,3361,-0.232036054
item,3362,-0.116405264
item,3363,-0.189641163
item,3364,-0.00214496069
item,3365,0.0287650377
item,3366,-0.0649451539
item,3367,-0.109799922
item,3368,-0.0762052685
item,3369,-0.107513741
item,3370,0.0536332056
item,3371,-0.00926923845
item,3372,-0.0819438696
item,3373,-0.0400464311
item,3374,-0.0124122174
item,3375,-0.0121729374
item,3376,-0.00289024692
item,3377,-0.276083201
item,3378,-0.107997738
item,3379,-0.205297947
item,3380,-0.0585001297
item,3381,0.00208155811
item,3382,-0.171375304
item,3383,-0.000897951424
item,3384,-0.0874991119
item,3385,-0.152717054
item,3386,-0.0931993574
item,3387,0.0197825357
item,3388,0.058603704
item,3389,-0.0436111093
item,3390,0.0633887351
item,3391,0.0195193589
item,3392,0.0224963576
item,3393,-0.0270230621
item,3394,0.0406394824
item,3395,-0.33231163
item,3396,-0.13286911
item,3397,0.0357372016
item,3398,-0.03890609
item,3399,-0.139156878
item,3400,-0.172563046
item,3401,-0.061993733
item,3402,0.0403270237
item,3403,-0.00819087774
item,3404,-0.0375567004
item,3405,-0.15282321
item,3406,-0.134170815
item,3407,0.0368202701
item,3408,0.1833895
item,3409,0.0382980853
item,3410,-0.187105894
item,3411,-0.180195957
item,3412,-0.0396448486
item,3413,-0.201377094
item,3414,0.0872256234
item,3415,0.00577948894
item,3416,-0.171703056
item,3417,0.184112072
item,3418,-0.160070211
item,3419,-0.0161436796
item,3420,-0.0873005241
item,3421,-0.0265220702
item,3422,0.131941989
item,3423,0.0178034455
item,3424,-0.0871217176
item,3425,0.0672306269
item,3426,-0.0612065755
item,3427,-0.138914347
item,3428,-0.0424718559
item,3429,-0.125276208
item,3430,-0.194087088
item,3431,-0.154262826
item,3432,0.0273418445
item,3433,-0.244768023
item,3434,-0.108337097
item,3435,-0.318197221
item,3436,-0.00886626914
item,3437,-0.0651990846
item,3438,0.211280599
item,3439,-0.122393698
item,3440,-0.0587864146
item,3441,0.182450593
item,3442,0.00312256813
item,3443,-0.0509815142
item,3444,0.0930249542
item,3445,-0.0749946907
item,3446,0.0317015946
item,3447,0.0381854773
item,3448,-0.181709975
item,3449,-0.126361221
item,3450,0.259627402
item,3451,-0.139540896
item,3452,0.0317152515
item,3453,0.0354745016
item,3454,0.0119551215
item,3455,0.088555105
item,3456,-0.183114991
item,3457,0.0238965079
item,3458,0.0984810442
item,3459,0.0400331989
item,3460,-0.0325585119
item,3461,-0.115100652
item,3462,0.0400660522
item,3463,-0.0755397379
item,3464,-0.150103152
item,3465,0.0583437756
item,3466,-0.108988248
item,3467,0.073420532
item,3468,0.117119007
item,3469,-0.132410556
item,3470,0.156864181
item,3471,0.044799678
item,3472,-0.27271083
item,3473,0.010764461
item,3474,-0.0228361208
item,3475,0.0051299464
item,3476,-0.143047035
item,3477,0.130194694
item,3478,0.0952608436
item,3479,0.024377387
item,3480,0.0818999782
item,3481,0.0352609418
item,3482,-0.00202798191
item,3483,0.00466501713
item,3484,-0.0632382706
item,3485,-0.0149038248
item,3486,-0.163355768
item,3487,-0.0712752715
item,3488,-0.094699569
item,3489,0.185284853
item,3490,-0.144875348
item,3491,-0.0600081086
item,3492,-0.0640239865
item,3493,-0.0277127437
item,3494,0.00597202592
item,3495,-0.0486287959
item,3496,-0.286143064
item,3497,-0.178397015
item,3498,0.314606488
item,3499,-0.0373653322
item,3500,0.163544774
item,3501,0.0589955933
item,3502,0.197185874
item,3503,0.250159681
item,3504,-0.0257767718
item,3505,-0.107335888
item,3506,-0.127253458
item,3507,0.105990194
item,3508,0.156213894
item,3509,-0.196803033
item,3510,0.113831587
item,3511,0.08723519
item,3512,0.194867745
item,3513,0.0153119937
item,3514,-0.133428812
item,3515,-0.302809
item,3516,0.0348949954
item,3517,0.228022128
item,3518,-0.0644277781
item,3519,0.262283802
item,3520,-0.0333016142
item,3521,0.0102244671
item,3522,-0.067062363
item,3523,-0.0710045472
item,3524,0.0260373875
item,3525,0.0950915441
item,3526,0.20024924
item,3527,-0.0514089763
item,3528,-0.208027676
item,3529,-0.0735088736
item,3530,0.228640914
item,3531,-0.101982005
item,3532,-0.0551850498
item,3533,-0.156420499
item,3534,-0.0651757643
item,3535,0.0151973665
item,3536,-0.0622947663
item,3537,0.0462553278
item,3538,-0.133343652
item,3539,-0.123730659
item,3540,0.113115095
item,3541,0.0919727534
item,3542,0.160030603
item,3543,0.113568
item,3544,-0.118651792
item,3545,-0.0617503673
item,3546,-0.0158823356
item,3547,-0.0924166888
item,3548,0.157665372
item,3549,0.0474062413
item,3550,-0.0741936266
item,3551,-0.076109834
item,3552,-0.0348960496
item,3553,0.208817497
item,3554,0.027274929
item,3555,-0.166188225
item,3556,0.093072772
item,3557,-0.167785838
item,3558,-0.0845166519
item,3559,-0.0738989338
item,3560,-0.0854334533
item,3561,-0.141167641
item,3562,-0.137396052
item,3563,0.163953424
item,3564,0.0386609919
item,3565,-0.0581605285
item,3566,-0.460794002
item,3567,0.0292522386
item,3568,-0.149292633
item,3569,-0.0414214209
item,3570,-0.078133285
item,3571,-0.140610382
item,3572,-0.154248565
item,3573,-0.0104375761
item,3574,0.174305201
item,3575,0.0556019768
item,3576,-0.179098576
item,3577,-0.145677224
item,3578,0.129613727
item,3579,-0.166333318
item,3580,0.0150464345
item,3581,0.0481577925
item,3582,-0.089504391
item,3583,-0.25370118
item,3584,-0.0800987482
item,3585,0.0907667726
item,3586,-0.107157141
item,3587,-0.0679915398
item,3588,-0.0628626943
item,3589,-0.119276613
item,3590,0.160029367
item,3591,-0.0149745196
item,3592,-0.0898179039
item,3593,0.0428118892
item,3594,-0.00753637776
item,3595,0.0393808857
item,3596,-0.0461004563
item,3597,-0.0858099163
item,3598,-0.0518022142
item,3599,0.153342351
item,3600,-0.00663592294
item,3601,-0.134418383
item,3602,0.0526454151
item,3603,-0.121127449
item,3604,-0.0591443963
item,3605,0.0242695026
item,3606,0.0798931271
item,3607,-0.26706171
item,3608,0.0498801805
item,3609,0.0465589985
item,3610,-0.120005213
item,3611,-0.0856888071
item,3612,0.227278531
item,3613,-0.0425911173
item,3614,-0.056768056
item,3615,-0.0350730754
item,3616,0.0128631294
item,3617,-0.0157544855
item,3618,-0.0335147642
item,3619,-0.104381837
item,3620,0.0340030007
item,3621,-0.0818445012
item,3622,0.115765549
item,3623,-0.0777467042
item,3624,-0.0666600764
item,3625,-0.0725032166
item,3626,0.119982764
item,3627,-0.0254847892
item,3628,0.070292972
item,3629,-0.031314984
item,3630,-0.0587097481
item,3631,0.115919806
item,3632,0.0975956768
item,3633,-0.100474946
item,3634,0.140543416
item,3635,0.0332131721
item,3636,0.0326428004
item,3637,0.0211346895
item,3638,-0.0551922023
item,3639,-0.107315466
item,3640,-0.0753661394
item,3641,-0.0315614901
item,3642,-0.254716277
item,3643,-0.0236545112
item,3644,0.127397567
item,3645,0.18571654
item,3646,0.0172497798
item,3647,0.0285716169
item,3648,-0.178465784
item,3649,-0.16271238
item,3650,-0.0186986178
item,3651,0.130824089
item,3652,-0.268523514
item,3653,0.00396023784
item,3654,0.0105941799
item,3655,-0.213722467
item,3656,-0.0172060728
item,3657,0.0954255387
item,3658,-0.172641978
item,3659,-0.0470468067
item,3660,-0.0504479744
item,3661,-0.0861528143
item,3662,-0.303998649
item,3663,0.0249630529
item,3664,-0.211090982
item,3665,0.147025883
item,3666,0.126193151
item,3667,0.107186273
item,3668,-0.0624101795
item,3669,-0.149109766
item,3670,-0.101468757
item,3671,-0.0427665748
item,3672,0.0950914994
item,3673,-0.151238307
item,3674,0.0711026192
item,3675,0.0661805719
item,3676,-0.0681363195
item,3677,0.0183505416
item,3678,0.0794828609
item,3679,-0.109827705
item,3680,0.121053331
item,3681,0.048808597
item,3682,-0.0556599423
item,3683,-0.14180845
item,3684,-0.21069406
item,3685,0.00191641226
item,3686,-0.148878053
item,3687,-0.131030709
item,3688,0.0209613517
item,3689,0.0577674657
item,3690,0.171759844
item,3691,-0.0802120045
item,3692,-0.00308870524
item,3693,0.120335966
item,3694,0.149543896
item,3695,-0.0543665774
item,3696,-0.00217323378
item,3697,-0.153341934
item,3698,-0.0261274595
item,3699,0.148773998
item,3700,-0.365524858
item,3701,-0.063038677
item,3702,-0.142219067
item,3703,0.00108044967
item,3704,0.119368158
item,3705,0.00251252204
item,3706,0.12167459
item,3707,-0.127824068
item,3708,0.0724977106
item,3709,0.0323243067
item,3710,0.171065867
item,3711,-0.0152225047
item,3712,0.111451082
item,3713,-0.0372767895
item,3714,-0.0429266132
item,3715,-0.241298541
item,3716,-0.10401275
item,3717,0.151672661
item,3718,0.108334891
item,3719,0.0489389263
item,3720,-0.0118498746
item,3721,0.0923513621
item,3722,-0.0629427806
item,3723,0.0718701333
item,3724,-0.102168821
item,3725,0.0920345038
item,3726,0.0416291952
item,3727,-0.0470031239
item,3728,-0.190837294
item,3729,0.042229984
item,3730,0.125314415
item,3731,-0.0657097697
item,3732,0.00176120736
item,3733,0.144070461
item,3734,0.0355357304
item,3735,-0.0917406082
item,3736,-0.103256896
item,3737,0.134537801
item,3738,0.149756446
item,3739,0.143446416
item,3740,-0.0241955183
item,3741,-0.0404935926
item,3742,0.211255044
item,3743,0.0944137573
item,3744,-0.000343479216
item,3745,0.1287902
item,3746,-0.181730971
item,3747,-0.173691869
item,3748,0.0565634742
item,3749,0.049419187
item,3750,-0.00523799099
item,3751,0.110206693
item,3752,-0.0380661041
item,3753,-0.0110305287
item,3754,-0.0201854762
item,3755,0.0114312982
item,3756,0.0434051044
item,3757,-0.00262316503
item,3758,0.000769034028
item,3759,0.1610284
item,3760,0.275405139
item,3761,0.186115474
item,3762,0.073987253
item,3763,-0.16111961
item,3764,-0.0298826396
item,3765,-0.0258269198
item,3766,0.0510543734
item,3767,0.0495296568
item,3768,0.136508167
item,3769,-0.07218384
item,3770,-0.0342275314
item,3771,0.12740244
item,3772,-0.0787748173
item,3773,-0.0344330817
item,3774,-0.169089347
item,3775,0.0528402738
item,3776,-0.0616845712
item,3777,0.112524956
item,3778,0.00484329835
item,3779,-0.192409143
item,3780,-0.145431653
item,3781,-0.017465733
item,3782,-0.00140739139
item,3783,0.120979674
item,3784,0.0660042912
item,3785,-0.205232754
item,3786,-0.180002898
item,3787,0.0187332332
item,3788,0.0374423489
item,3789,-0.0932878703
item,3790,-0.0656574517
item,3791,0.203933626
item,3792,0.0808497444
item,3793,-0.0536448359
item,3794,0.0449079759
item,3795,0.173450917
item,3796,0.0165015683
item,3797,-0.0358499289
item,3798,-0.0485020652
item,3799,-0.228853136
item,3800,0.0267422553
item,3801,0.14550887
item,3802,0.117781602
item,3803,-0.228036076
item,3804,-0.129558623
item,3805,0.040202044
item,3806,-0.0703198835
item,3807,-0.0658363774
item,3808,0.094961822
item,3809,0.0129860789
item,3810,-0.0539428405
item,3811,-0.144844905
item,3812,0.052046217
item,3813,-0.0386273004
item,3814,-0.101716392
item,3815,-0.000846240669
item,3816,-0.0895658135
item,3817,-0.0317857675
item,3818,0.100212641
item,3819,-0.13647446
item,3820,0.150105819
item,3821,-0.107644118
item,3822,0.00104243495
item,3823,-0.170451403
item,3824,-0.116549239
item,3825,-0.116090737
item,3826,-0.0386962742
item,3827,-0.170968428
item,3828,-0.193359599
item,3829,0.0359216928
item,3830,-0.151794255
item,3831,-0.252863407
item,3832,-0.00227072835
item,3833,-0.0786417276
item,3834,-0.0964667127
item,3835,0.0765339211
item,3836,0.140225321
item,3837,0.087911956
item,3838,-0.0278434586
item,3839,-0.174977764
item,3840,-0.0162349492
item,3841,-0.00715068355
item,3842,-0.113163181
item,3843,-0.101793073
item,3844,0.0564836971
item,3845,0.0602638349
item,3846,0.0386111438
item,3847,0.201592028
item,3848,0.15104486
item,3849,-0.30169034
item,3850,-0.108822756
item,3851,0.120579526
item,3852,-0.146329343
item,3853,0.197868615
item,3854,-0.282743037
item,3855,-0.0649659783
item,3856,-0.127608746
item,3857,-0.0964826718
item,3858,0.111541152
item,3859,0.0867629573
item,3860,-0.0922611356
item,3861,-0.0658621117
item,3862,-0.107209176
item,3863,-0.00241673738
item,3864,-0.0935729444
item,3865,0.0432543568
item,3866,0.0164156333
item,3867,0.0872576237
item,3868,-0.252600253
item,3869,-0.148607656
item,3870,0.0714624599
item,3871,-0.28003481
item,3872,-0.187948778
item,3873,-0.0093241781
item,3874,0.0328294188
item,3875,0.0665854365
item,3876,-0.088207379
item,3877,-0.0367313847
item,3878,-0.127728209
item,3879,-0.0444391891
item,3880,0.113447294
item,3881,-0.136609331
item,3882,-0.0479072332
item,3883,-0.170035243
item,3884,-0.186952919
item,3885,0.179760277
item,3886,0.0114602502
item,3887,0.00478374492
item,3888,0.112031654
item,3889,0.122862615
item,3890,-0.0439852439
item,3891,0.171855569
item,3892,0.045444034
item,3893,0.10624098
item,3894,0.28484422
item,3895,0.222284704
item,3896,-0.17942825
item,3897,-0.148314193
item,3898,-0.294492215
item,3899,-0.154598892
item,3900,-0.180473864
item,3901,-0.0094556734
item,3902,-0.252678931
item,3903,-0.0928586423
item,3904,0.0867154151
item,3905,0.0220380239
item,3906,-0.0554830357
item,3907,-0.0667293221
item,3908,0.0231484175
item,3909,-0.173049286
item,3910,0.112292707
item,3911,0.0185944755
item,3912,-0.177976325
item,3913,0.15945816
item,3914,0.0308010969
item,3915,-0.0800218582
item,3916,-0.00531723723
item,3917,-0.0776577219
item,3918,0.0771251619
item,3919,0.0570866205
item,3920,-0.207554221
item,3921,0.100515708
item,3922,0.0676139817
item,3923,0.0782590881
item,3924,-0.0168740787
item,3925,-0.102695271
item,3926,-0.156479031
item,3927,0.0374264345
item,3928,-0.235426903
item,3929,0.0709931254
item,3930,0.0736212134
item,3931,0.0922057927
item,3932,-0.0733204931
item,3933,0.0434948727
item,3934,0.0791011676
item,3935,0.142188042
item,3936,0.0967539921
item,3937,-0.210747108
item,3938,-0.0762033537
item,3939,0.29481259
item,3940,0.0957139283
item,3941,0.0594329834
item,3942,0.042948693
item,3943,0.00900351256
item,3944,0.0108018592
item,3945,0.382107615
item,3946,0.245857745
item,3947,-0.104776166
item,3948,0.005723387
item,3949,-0.00722527504
item,3950,0.197883695
item,3951,-0.225794762
item,3952,-0.0845782161
item,3953,-0.129416913
item,3954,-0.00847880915
item,3955,0.00203522202
item,3956,0.11096932
item,3957,-0.241482094
item,3958,0.211599559
item,3959,0.0023259595
item,3960,0.357213795
item,3961,0.0885325223
item,3962,0.309878826
item,3963,0.0519633852
item,3964,0.0394348502
item,3965,-0.183420613
item,3966,0.125692844
item,3967,0.194090694
item,3968,0.115248621
item,3969,-0.0731211528
item,3970,0.0338632129
item,3971,-0.0104812915
item,3972,-0.0750188082
item,3973,0.0661041141
item,3974,-0.0865535736
item,3975,0.0190053061
item,3976,0.0615880303
item,3977,-0.271521866
item,3978,0.0817000493
item,3979,-0.208913729
item,3980,-0.00558325648
item,3981,0.00227560103
item,3982,-0.051482778
item,3983,0.0957910195
item,3984,-0.185604721
item,3985,-0.0488428809
item,3986,0.107885405
item,3987,-0.158883482
item,3988,-0.255144238
item,3989,-0.0181973912
item,3990,-0.184268385
item,3991,-0.132831842
item,3992,0.0179014914
item,3993,-0.147862285
item,3994,-0.0162722729
item,3995,0.184157372
item,3996,-0.187569886
item,3997,-0.0321395993
item,3998,0.039730791
item,3999,-0.0360088497
item,4000,-0.0310866982
item,4001,-0.0918783545
item,4002,0.068743296
item,4003,0.00667399727
item,4004,-0.12316674
item,4005,-0.142661959
item,4006,-0.241014764
item,4007,0.203540236
item,4008,-0.203176275
item,4009,-0.0726842135
item,4010,-0.110024638
item,4011,0.0091426
item,4012,0.170562148
item,4013,0.0117958374
item,4014,0.109362319
item,4015,0.024737386
item,4016,-0.186368316
item,4017,-0.0732289404
item,4018,-0.2248469
item,4019,0.207276478
item,4020,-0.210168973
item,4021,0.0522208363
item,4022,-0.129638836
item,4023,-0.159833476
item,4024,-0.145281792
item,4025,0.0719203949
item,4026,-0.075229615
item,4027,0.266308129
item,4028,0.0268504266
item,4029,-0.0506499186
item,4030,0.019234186
item,4031,-0.0641996115
item,4032,-0.0688892826
item,4033,0.029428605
item,4034,0.186883748
item,4035,-0.02103181
item,4036,-0.205520466
item,4037,-0.265221089
item,4038,0.126844913
item,4039,0.0592596084
item,4040,0.0174808279
item,4041,-0.0204400197
item,4042,0.0561734438
item,4043,0.0367559716
item,4044,-0.0806202814
item,4045,-0.160648406
item,4046,0.0689673871
item,4047,0.046682559
item,4048,-0.159223691
item,4049,0.121939786
item,4050,0.134959549
item,4051,0.0905947834
item,4052,-0.136887565
item,4053,0.169973776
item,4054,-0.123076357
item,4055,-0.118321642
item,4056,-0.183618069
item,4057,0.0591244996
item,4058,0.0644154549
item,4059,-0.235192731
item,4060,-0.0901625156
item,4061,0.0267708264
item,4062,0.071812138
item,4063,-0.100626677
item,4064,0.0698102191
item,4065,0.0897334889
item,4066,-0.2264103
item,4067,-0.188725322
item,4068,0.106871873
item,4069,0.0994344056
item,4070,-0.0173030943
item,4071,-0.0705529153
item,4072,-0.0225560591
item,4073,0.00470350683
item,4074,0.134628251
item,4075,-0.163644046
item,4076,-0.00823599659
item,4077,-0.137906805
item,4078,0.0703337193
item,4079,0.0726507455
item,4080,0.0360867456
item,4081,-0.117169864
item,4082,-0.1034339
item,4083,-0.0423859581
item,4084,0.119633265
item,4085,0.0848766044
item,4086,-0.0160007998
item,4087,-0.130101264
item,4088,-0.0438498557
item,4089,0.0465017036
item,4090,0.0170725603
item,4091,0.0975418091
item,4092,-0.13047488
item,4093,0.0170440841
item,4094,-0.287598789
item,4095,-0.0276864804
item,4096,-0.0996941626
item,4097,0.0630758107
item,4098,-0.0359537937
item,4099,-0.289289355
item,4100,0.0281400867
item,4101,-0.0395206884
item,4102,-0.0290116593
item,4103,-0.0931062922
item,4104,-0.0604424737
item,4105,0.0801335126
item,4106,-0.248123378
item,4107,0.0379515663
item,4108,0.0118535459
item,4109,-0.24996832
item,4110,0.185018659
item,4111,-0.142007127
item,4112,-0.147821382
item,4113,-0.373473108
item,4114,0.0622535124
item,4115,-0.0987678915
item,4116,-0.241117254
item,4117,-0.00778337196
item,4118,-0.336316884
item,4119,-0.0388525128
item,4120,-0.0373738185
item,4121,0.030500561
item,4122,-0.215159014
item,4123,-0.07596118
item,4124,0.0164598133
item,4125,0.0179950781
item,4126,-0.163386315
item,4127,0.105478212
item,4128,-0.11298918
item,4129,-0.263002396
item,4130,-0.271402001
item,4131,-0.00139996223
item,4132,-0.120256409
item,4133,-0.0963297337
item,4134,-0.0065794345
item,4135,-0.275073498
item,4136,-0.0275390428
item,4137,-0.0406011529
item,4138,0.121690795
item,4139,0.097431533
item,4140,-0.0922911242
item,4141,0.124406829
item,4142,-0.0252367239
item,4143,-0.0726839304
item,4144,-0.0487918109
item,4145,-0.0297763553
item,4146,0.0306174736
item,4147,-0.013485698
item,4148,-0.0309296064
item,4149,-0.172616899
item,4150,-0.0972258076
item,4151,0.0710140616
item,4152,-0.163051367
item,4153,0.0860002562
item,4154,0.149488121
item,4155,0.0200903118
item,4156,-0.0169218071
item,4157,-0.0613825507
item,4158,-0.0453118905
item,4159,0.0412946269
item,4160,-0.103284538
item,4161,-0.0173876248
item,4162,-0.235098243
item,4163,-0.155300871
item,4164,-0.0673915073
item,4165,-0.00551206246
item,4166,-0.225785434
item,4167,-0.260375708
item,4168,-0.192563877
item,4169,-0.17870149
item,4170,-0.0710687041
item,4171,-0.102101624
item,4172,-0.115501136
item,4173,0.101343527
item,4174,-0.0819918811
item,4175,-0.189456448
item,4176,-0.066330947
item,4177,-0.000232100487
item,4178,-0.194450617
item,4179,0.112587467
item,4180,0.09901236
item,4181,-0.307473272
item,4182,-0.150906414
item,4183,-0.115063272
item,4184,0.0579556413
item,4185,-0.0932245553
item,4186,0.00441196933
item,4187,0.101560846
item,4188,-0.189279839
item,4189,-0.0234023314
item,4190,-0.077283144
item,4191,-0.142065823
item,4192,-0.090238452
item,4193,-0.015648324
item,4194,0.014144781
item,4195,-0.0311364792
item,4196,-0.216951311
item,4197,0.0507305339
item,4198,0.177389234
item,4199,0.0202876888
item,4200,-0.0673932582
item,4201,-0.189088345
item,4202,0.023922924
item,4203,-0.165596515
item,4204,-0.0502073802
item,4205,-0.154424176
item,4206,-0.0239513833
item,4207,-0.118364938
item,4208,-0.292477161
item,4209,-0.016254019
item,4210,-0.0592984371
item,4211,0.0526201613
item,4212,-0.00448724255
item,4213,-0.182497084
item,4214,-0.177856594
item,4215,0.0812248513
item,4216,-0.0331742428
item,4217,0.013214916
item,4218,0.14135465
item,4219,-0.0274898037
item,4220,0.0517340899
item,4221,-0.0826027766
item,4222,0.099083662
item,4223,0.10275384
item,4224,-0.0316295251
item,4225,0.115235537
item,4226,-0.196425259
item,4227,0.134622514
item,4228,-0.0178053752
item,4229,0.0331186876
item,4230,-0.213454798
item,4231,0.0395732597
item,4232,0.0897263959
item,4233,0.00101436675
item,4234,0.00702639855
item,4235,-0.0474409014
item,4236,-0.139887765
item,4237,-0.0754512548
item,4238,-0.0513614565
item,4239,0.201201484
item,4240,-0.0541779324
item,4241,0.174290568
item,4242,0.000224722549
item,4243,0.0231512282
item,4244,0.0586657636
item,4245,-0.0656569153
item,4246,0.148458809
item,4247,0.0368958525
item,4248,0.0884764194
item,4249,0.142237067
item,4250,0.00669118762
item,4251,0.0434468985
item,4252,-0.0216266997
item,4253,0.0619937703
item,4254,0.0623910055
item,4255,0.177995011
item,4256,-0.154839993
item,4257,0.0956864133
item,4258,0.206124038
item,4259,0.0131380409
item,4260,0.0180630106
item,4261,0.15395084
item,4262,-0.108887605
item,4263,-0.0979423374
item,4264,0.0520819612
item,4265,-0.0361024886
item,4266,0.00666243304
item,4267,0.0385661535
item,4268,0.0980196595
item,4269,0.00486291945
item,4270,-0.0635526702
item,4271,-0.1650379
item,4272,0.154460594
item,4273,-0.0379546247
item,4274,0.208032385
item,4275,-0.0703354105
item,4276,0.0818216875
item,4277,0.218026251
item,4278,-0.0956841558
item,4279,0.0872242078
item,4280,0.0990319699
item,4281,0.00301029533
item,4282,-0.115011245
item,4283,-0.0433149338
item,4284,-0.0491386801
item,4285,0.108506188
item,4286,-0.149238512
item,4287,0.199438214
item,4288,-0.0241846852
item,4289,-0.143202066
item,4290,-0.000974282622
item,4291,0.273433715
item,4292,0.156007841
item,4293,-0.0025729537
item,4294,-0.0120353345
item,4295,-0.0516571887
item,4296,-0.0500128716
item,4297,-0.155873626
item,4298,-0.0320503712
item,4299,-0.12945956
item,4300,-0.273249954
item,4301,0.252609044
item,4302,-0.0221023615
item,4303,-0.15183267
item,4304,-0.0709492862
item,4305,0.135679558
item,4306,-0.167117879
item,4307,-0.1265257
item,4308,-0.219557539
item,4309,-0.146100625
item,4310,0.215349972
item,4311,-0.0203464534
item,4312,0.0198170468
item,4313,-0.0896045119
item,4314,-0.0372116417
item,4315,0.148176879
item,4316,-0.289138258
item,4317,-0.137982175
item,4318,0.141089857
item,4319,-0.240129739
item,4320,0.118246928
item,4321,0.0218528882
item,4322,-0.0142483301
item,4323,-0.096973002
item,4324,-0.197609052
item,4325,0.0952893347
item,4326,-0.0479853414
item,4327,-0.0755117685
item,4328,-0.110987611
item,4329,0.0216972791
item,4330,-0.00546924025
item,4331,0.0535404906
item,4332,0.00894208625
item,4333,-0.0104265586
item,4334,-0.0678479001
item,4335,0.214447469
item,4336,0.068608515
item,4337,-0.0689047351
item,4338,0.0115379263
item,4339,-0.0205802675
item,4340,-0.0415146984
item,4341,0.0184928924
item,4342,-0.00675538182
item,4343,-0.147935256
item,4344,-0.324617594
item,4345,-0.0780048668
item,4346,0.0158781409
item,4347,-0.0737317577
item,4348,0.042422615
item,4349,-0.171149254
item,4350,0.014064461
item,4351,-0.0873345211
item,4352,-0.0211718157
item,4353,-0.121794075
item,4354,-0.236848727
item,4355,0.0583567582
item,4356,0.00869094208
item,4357,0.0166751258
item,4358,-0.05437373
item,4359,-0.00727184117
item,4360,0.0054524336
item,4361,-0.0953382701
item,4362,-0.0519964248
item,4363,0.0462857038
item,4364,0.184223011
item,4365,0.075384289
item,4366,0.15904212
item,4367,-0.207069919
item,4368,0.00398191065
item,4369,-0.198938072
item,4370,0.221752778
item,4371,0.0472139008
item,4372,-0.0737833455
item,4373,-0.16103071
item,4374,0.0911802128
item,4375,-0.194761172
item,4376,0.141306594
item,4377,-0.0509715304
item,4378,-0.210479021
item,4379,0.093495883
item,4380,0.0360063054
item,4381,0.0278236289
item,4382,-0.146039724
item,4383,-0.0987684056
item,4384,0.204019278
item,4385,-0.0266039819
item,4386,0.0344889164
item,4387,0.0766306221
item,4388,-0.0739020109
item,4389,-0.0734392852
item,4390,-0.0221278258
item,4391,-0.122472331
item,4392,-0.049194172
item,4393,-0.0108778309
item,4394,-0.031466566
item,4395,-0.0747496858
item,4396,-0.0934869274
item,4397,0.138053507
item,4398,-0.0941073
item,4399,0.291167974
item,4400,-0.0548695736
item,4401,-0.306707621
item,4402,0.0030734092
item,4403,-0.118880644
item,4404,-0.0429766849
item,4405,0.0443440564
item,4406,0.00503206626
item,4407,-0.0327630006
item,4408,-0.096155256
item,4409,-0.0755541027
item,4410,-0.226528615
item,4411,-0.193821117
item,4412,-0.076522164
item,4413,0.0168245919
item,4414,0.0240793303
item,4415,0.0652658716
item,4416,0.0613374785
item,4417,-0.00203243643
item,4418,-0.0559287481
item,4419,-0.0911895633
item,4420,0.133505374
item,4421,0.0711919069
item,4422,-0.169370681
item,4423,-0.157072172
item,4424,0.0115484595
item,4425,-0.057210356
item,4426,-0.137895942
item,4427,0.120811984
item,4428,-0.111802131
item,4429,-0.314184606
item,4430,-0.145274028
item,4431,-0.0232146084
item,4432,0.00276604667
item,4433,-0.261786073
item,4434,0.0141779473
item,4435,-0.159048185
item,4436,-0.140274525
item,4437,0.0295886844
item,4438,-0.0623692684
item,4439,-0.0258223731
item,4440,0.0171648748
item,4441,-0.168688238
item,4442,-0.0302777849
item,4443,-0.0610253103
item,4444,0.125654638
item,4445,0.10943149
item,4446,-0.15819183
item,4447,-0.0462207124
item,4448,-0.219649151
item,4449,-0.0307258219
item,4450,-0.00659810286
item,4451,-0.125398681
item,4452,0.101081647
item,4453,-0.0645183772
item,4454,-0.0344821066
item,4455,-0.00765173882
item,4456,-0.199127391
item,4457,0.13560842
item,4458,-0.236449763
item,4459,0.082585305
item,4460,0.061460387
item,4461,-0.0435015857
item,4462,0.0759966522
item,4463,-0.173079789
item,4464,-0.0865116566
item,4465,-0.0873119906
item,4466,-0.0374671146
item,4467,0.0199794918
item,4468,0.112578616
item,4469,0.0878055394
item,4470,0.0513942502
item,4471,0.0616811141
item,4472,0.13372536
item,4473,0.23766242
item,4474,0.203997254
item,4475,-0.110679314
item,4476,0.0325673707
item,4477,-0.226341352
item,4478,-0.187271118
item,4479,-0.218270302
item,4480,-0.125295401
item,4481,-0.328111827
item,4482,-0.16055499
item,4483,0.0617976151
item,4484,0.0717397556
item,4485,-0.0874235705
item,4486,0.0717856064
item,4487,-0.0849600807
item,4488,-0.114472933
item,4489,0.283858985
item,4490,-0.0725785047
item,4491,-0.232523099
item,4492,-0.19858259
item,4493,-0.00312435627
item,4494,0.141102999
item,4495,0.197408497
item,4496,0.105444759
item,4497,0.0252857469
item,4498,0.214628637
item,4499,0.156720966
item,4500,0.255579799
item,4501,0.181280434
item,4502,0.131661311
item,4503,0.0694664642
item,4504,-0.0903321281
item,4505,0.0514011346
item,4506,-0.0722929537
item,4507,-0.0738209412
item,4508,-0.0493264087
item,4509,0.122244596
item,4510,0.114942893
item,4511,-0.0228585042
item,4512,-0.0291665588
item,4513,0.0274291225
item,4514,0.222663343
item,4515,-0.223237664
item,4516,-0.156439334
item,4517,-0.00501045212
item,4518,-0.105166852
item,4519,-0.109621957
item,4520,0.176248908
item,4521,-0.105439253
item,4522,-0.0457596332
item,4523,0.0536359362
item,4524,-0.0898885429
item,4525,0.0134829208
item,4526,0.0381143652
item,4527,-0.149725705
item,4528,0.0284266993
item,4529,-0.0265464839
item,4530,-0.0992063731
item,4531,-0.226375341
item,4532,-0.314606309
item,4533,0.0972445011
item,4534,-0.190237731
item,4535,0.103340991
item,4536,-0.0189961959
item,4537,-0.00517178513
item,4538,0.0980758518
item,4539,-0.0649731606
item,4540,-0.108817525
item,4541,-0.00358768366
item,4542,0.181434378
item,4543,-0.00733360881
item,4544,-0.0740837082
item,4545,-0.0117803533
item,4546,-0.0485307649
item,4547,-0.0605945103
item,4548,-0.129754022
item,4549,-0.120320708
item,4550,0.0389663987
item,4551,0.0492415912
item,4552,0.0229862034
item,4553,0.0378146619
item,4554,-0.111484364
item,4555,-0.00869389623
item,4556,0.11487066
item,4557,0.211426914
item,4558,-0.180825427
item,4559,0.0194610842
item,4560,0.154325008
item,4561,-0.108805366
item,4562,-0.0791752934
item,4563,0.057791844
item,4564,-0.0587107949
item,4565,-0.0772192627
item,4566,-0.277883261
item,4567,-0.235354483
item,4568,0.0450787693
item,4569,0.0636880845
item,4570,0.0303325728
item,4571,-0.0670420155
item,4572,-0.0522868522
item,4573,0.156977773
item,4574,-0.0169891827
item,4575,-0.00992348045
item,4576,0.0638151467
item,4577,-0.0208672956
item,4578,0.0524404347
item,4579,-0.190794364
item,4580,-0.264903247
item,4581,-0.101902112
item,4582,0.141010359
item,4583,0.082306318
item,4584,0.087188378
item,4585,-0.0764538571
item,4586,0.212529212
item,4587,-0.101973891
item,4588,0.087799035
item,4589,-0.129159406
item,4590,-0.327559173
item,4591,0.0369724967
item,4592,0.138413176
item,4593,0.00633537024
item,4594,-0.00670930743
item,4595,0.040242061
item,4596,-0.128642321
item,4597,0.0445372574
item,4598,0.198589981
item,4599,-0.132890806
item,4600,-0.0328554623
item,4601,-0.100859016
item,4602,-0.140739709
item,4603,0.0302541144
item,4604,0.0490418002
item,4605,-0.0968772098
item,4606,-0.283555955
item,4607,0.0393830054
item,4608,0.127069995
item,4609,0.108090989
item,4610,0.0977533609
item,4611,-0.211213887
item,4612,0.0770647228
item,4613,0.0494510755
item,4614,-0.0920020044
item,4615,0.040567331
item,4616,-0.283700019
item,4617,-0.0758329183
item,4618,-0.0612953678
item,4619,0.165502056
item,4620,0.315076709
item,4621,-0.209741294
item,4622,-0.116783351
item,4623,-0.0551902167
item,4624,0.0862287134
item,4625,0.0112870671
item,4626,0.0623790435
item,4627,-0.143137231
item,4628,-0.0146053173
item,4629,0.0593148172
item,4630,-0.0945349783
item,4631,-0.0360109657
item,4632,0.116006657
item,4633,0.0169360545
item,4634,-0.181147993
item,4635,-0.0410817564
item,4636,-0.038781967
item,4637,-0.0673307553
item,4638,-0.0379050747
item,4639,0.0167466216
item,4640,0.000356927514
item,4641,-0.0327492431
item,4642,0.0961205363
item,4643,-0.00142013561
item,4644,-0.0083327461
item,4645,-0.0160723049
item,4646,0.206963405
item,4647,-0.121851489
item,4648,0.118955076
item,4649,0.0861881375
item,4650,-0.117993638
item,4651,0.25951755
item,4652,-0.165188655
item,4653,-0.181258291
item,4654,-0.0042501688
item,4655,-0.132842183
item,4656,0.052211225
item,4657,-0.0859000832
item,4658,0.0123473965
item,4659,0.165520296
item,4660,-0.216098204
item,4661,-0.164362699
item,4662,0.026045382
item,4663,-0.176562622
item,4664,-0.121508256
item,4665,-0.106317803
item,4666,0.0172114093
item,4667,0.0481642932
item,4668,0.00241949502
item,4669,-0.0210457519
item,4670,0.0152044222
item,4671,-0.0812631696
item,4672,-0.0621859543
item,4673,0.0272296593
item,4674,-0.0706871897
item,4675,-0.169108018
item,4676,0.0828063339
item,4677,-0.226519182
item,4678,0.00662838016
item,4679,-0.0818609074
item,4680,0.111205749
item,4681,0.0563568361
item,4682,-0.0868190303
item,4683,-0.056821242
item,4684,-0.0417015813
item,4685,0.0927986726
item,4686,-0.085180819
item,4687,-0.12561658
item,4688,-0.099709861
item,4689,-0.0467621088
item,4690,0.0144921094
item,4691,0.0368821472
item,4692,0.143565178
item,4693,0.223129764
item,4694,0.114083678
item,4695,-0.0367605165
item,4696,0.0294652805
item,4697,-0.0113386139
item,4698,0.0500712954
item,4699,-0.141905233
item,4700,-0.218539655
item,4701,-0.00101780891
item,4702,-0.0840407014
item,4703,-0.0108872652
item,4704,-0.0838358626
item,4705,0.0856564119
item,4706,0.117297553
item,4707,0.057198666
item,4708,0.20594804
item,4709,0.0141033158
item,4710,-0.286905438
item,4711,0.0975983068
item,4712,0.0466794297
item,4713,0.00666417927
item,4714,0.0587845221
item,4715,0.00540819019
item,4716,0.116450846
item,4717,-0.0756489038
item,4718,-0.25991407
item,4719,-0.125785619
item,4720,-0.0609852411
item,4721,-0.011718859
item,4722,-0.000477313995
item,4723,0.082057178
item,4724,0.129387587
item,4725,0.0664530247
item,4726,0.0529494546
item,4727,0.145204902
item,4728,-0.0359416157
item,4729,0.0622312054
item,4730,-0.0785579532
item,4731,-0.206154972
item,4732,-0.145752549
item,4733,-0.134454146
item,4734,0.190745339
item,4735,-0.206463829
item,4736,-0.0466244444
item,4737,-0.279375523
item,4738,-0.12530084
item,4739,0.0369578004
item,4740,-0.12939699
item,4741,0.185570225
item,4742,-0.135136753
item,4743,-0.103269428
item,4744,-0.136686102
item,4745,-0.131253421
item,4746,0.0021205917
item,4747,-0.161418095
item,4748,-0.143947095
item,4749,-0.00544265751
item,4750,-0.0154500734
item,4751,-0.191462964
item,4752,0.00407429412
item,4753,-0.119427606
item,4754,0.204107225
item,4755,0.0762508661
item,4756,-0.0472077839
item,4757,0.124925882
item,4758,-0.0968058854
item,4759,0.0742646307
item,4760,-0.225401431
item,4761,-0.0975883231
item,4762,-0.0883348584
item,4763,0.270942956
item,4764,-0.24274312
item,4765,0.0411972031
item,4766,-0.0337020457
item,4767,0.0554571562
item,4768,-0.0187567603
item,4769,-0.210727468
item,4770,0.184572846
item,4771,0.203010276
item,4772,-0.0278869011
item,4773,0.0884700418
item,4774,0.103344098
item,4775,0.0459806249
item,4776,-0.176023543
item,4777,-0.00817169994
item,4778,0.210823402
item,4779,-0.180110544
item,4780,-0.0369699523
item,4781,0.165946484
item,4782,-0.017601341
item,4783,0.00886967778
item,4784,-0.102327719
item,4785,-0.0135836601
item,4786,-0.0176794119
item,4787,-0.0367632136
item,4788,0.0823300034
item,4789,0.21172218
item,4790,-0.189157844
item,4791,0.0168286525
item,4792,0.0145599823
item,4793,0.169368595
item,4794,0.0271540508
item,4795,-0.13650465
item,4796,0.0260690451
item,4797,0.0992739573
item,4798,-0.15636529
item,4799,0.153991297
item,4800,0.0683531538
item,4801,0.0711491704
item,4802,0.00712869549
item,4803,-0.175210223
item,4804,-0.0335714221
item,4805,-0.00193975866
item,4806,-0.273962408
item,4807,-0.0387731791
item,4808,-0.170309156
item,4809,0.0175420493
item,4810,-0.0146954749
item,4811,0.0137621108
item,4812,-0.018345207
item,4813,0.0908242911
item,4814,0.131175876
item,4815,-0.138666257
item,4816,-0.19011265
item,4817,-0.0424290821
item,4818,-0.146179885
item,4819,0.0516370647
item,4820,0.100953631
item,4821,-0.064414762
item,4822,-0.219986066
item,4823,-0.151627451
item,4824,0.0630310774
item,4825,0.0799562261
item,4826,0.0323159993
item,4827,-0.0289082937
item,4828,0.0290510375
item,4829,-0.090709649
item,4830,-0.160414159
item,4831,0.0750018656
item,4832,-0.173730776
item,4833,0.00335713662
item,4834,-0.184742764
item,4835,0.0624158159
item,4836,0.0102170967
item,4837,0.182369128
item,4838,-0.150238141
item,4839,-0.0631143302
item,4840,-0.0846551955
item,4841,-0.101793803
item,4842,-0.00688553974
item,4843,-0.131990254
item,4844,-0.111473598
item,4845,0.171024933
item,4846,0.133577213
item,4847,-0.309613049
item,4848,-0.0629354864
item,4849,-0.0789128542
item,4850,0.182380334
item,4851,-0.0127566233
item,4852,-0.118140742
item,4853,-0.171073496
item,4854,-0.0074489573
item,4855,0.0709275603
item,4856,0.047571566
item,4857,-0.0166368373
item,4858,-0.0515396819
item,4859,0.0182939302
item,4860,-0.209955379
item,4861,0.10242524
item,4862,0.00864192285
item,4863,0.186731607
item,4864,0.0605274886
item,4865,0.132372245
item,4866,-0.0527946018
item,4867,-0.0583141297
item,4868,-0.0379784703
item,4869,-0.0367691517
item,4870,0.07886675
item,4871,0.13668935
item,4872,-0.190875754
item,4873,0.180533051
item,4874,0.153391138
item,4875,0.0443009995
item,4876,0.177416563
item,4877,-0.206259832
item,4878,0.0789554417
item,4879,-0.242690936
item,4880,0.0014789179
item,4881,-0.0991922915
item,4882,-0.117269993
item,4883,-0.0551312901
item,4884,-0.0685629919
item,4885,-0.0538511872
item,4886,0.103425771
item,4887,-0.0541073233
item,4888,-0.113209687
item,4889,0.117277376
item,4890,0.17838344
item,4891,0.0961866528
item,4892,0.145633072
item,4893,0.116511658
item,4894,-0.0649123192
item,4895,0.0780984461
item,4896,0.0787483454
item,4897,-0.0844222903
item,4898,0.155547053
item,4899,0.19987902
item,4900,0.0954955071
item,4901,0.171161294
item,4902,-0.116087541
item,4903,-0.039896179
item,4904,-0.0238481797
item,4905,0.050479494
item,4906,-0.151687771
item,4907,-0.0419849604
item,4908,0.15883787
item,4909,0.0142576247
item,4910,-0.319853187
item,4911,-0.0484267697
item,4912,-0.00762140751
item,4913,0.0756665915
item,4914,0.00261794962
item,4915,0.00116723031
item,4916,0.0733864754
item,4917,0.0916352347
item,4918,0.152512282
item,4919,0.146012157
item,4920,0.10705927
item,4921,0.0954626799
item,4922,0.106710523
item,4923,-0.177211002
item,4924,-0.0212928429
item,4925,-0.0855707899
item,4926,-0.0411629267
item,4927,-0.0319874138
item,4928,0.0529590584
item,4929,-0.0458847396
item,4930,0.0145418439
item,4931,-0.146892011
item,4932,-0.112197526
item,4933,-0.124332152
item,4934,-0.231677011
item,4935,0.0725337565
item,4936,0.261859745
item,4937,-0.02753249
item,4938,-0.00166122243
item,4939,0.127219409
item,4940,-0.298991829
item,4941,-0.0948682427
item,4942,-0.190751255
item,4943,0.0262679234
item,4944,0.183019206
item,4945,-0.160350427
item,4946,-0.150055885
item,4947,0.0155550335
item,4948,-0.00452495925
item,4949,-0.309134424
item,4950,0.231706008
item,4951,-0.11047785
item,4952,-0.0023044683
item,4953,0.00416933466
item,4954,0.137039676
item,4955,-0.1478284
item,4956,0.0532508977
item,4957,0.0432615317
item,4958,0.134542346
item,4959,0.0249772463
item,4960,-0.0376987085
item,4961,0.169375956
item,4962,0.158358186
item,4963,0.0279349089
item,4964,-0.0883203894
item,4965,0.0307934768
item,4966,-0.000400507357
item,4967,0.154418498
item,4968,-0.0624931753
item,4969,0.0129896421
item,4970,0.278280884
item,4971,0.204036027
item,4972,-0.112848222
item,4973,-0.101888701
item,4974,-0.225921601
item,4975,-0.0537078343
item,4976,0.0288173426
item,4977,0.164494991
item,4978,-0.000999994576
item,4979,0.000734452158
item,4980,-0.0167788044
item,4981,-0.0888606012
item,4982,0.0131883472
item,4983,0.0278301165
item,4984,-0.0158756971
item,4985,0.0488515124
item,4986,0.0946930051
item,4987,0.0175611638
item,4988,-0.218691945
item,4989,-0.0838046372
item,4990,0.134503126
item,4991,0.143050313
item,4992,-0.211842582
item,4993,0.00321516395
item,4994,-0.180871785
item,4995,-0.0654017553
item,4996,0.0861274377
item,4997,-0.00537107326
item,4998,0.0523493439
item,4999,-0.0652853847
item,5000,0.0905048549
item,5001,-0.133995444
item,5002,-0.0922468677
item,5003,-0.0311184078
item,5004,-0.160877883
item,5005,0.150340512
item,5006,0.0174173079
item,5007,-0.0750198066
item,5008,-0.107937247
item,5009,-0.068049103
item,5010,0.0258606263
item,5011,-0.111537829
item,5012,-0.156335846
item,5013,0.0653490424
item,5014,-0.0958859324
item,5015,0.00176865421
item,5016,-0.0492455065
item,5017,0.0955215544
item,5018,0.16167824
item,5019,-0.0142050367
item,5020,0.141889438
item,5021,0.0341136903
item,5022,-0.101591319
item,5023,0.11978583
item,5024,-0.0198325831
item,5025,-0.185959786
item,5026,0.0160106905
item,5027,-0.157368198
item,5028,0.155145481
item,5029,-0.230908394
item,5030,-0.0184351671
item,5031,0.0486327372
item,5032,-0.0645765811
item,5033,0.100935422
item,5034,0.0384352393
item,5035,-0.0217914134
item,5036,0.265828967
item,5037,0.182841271
item,5038,0.113764122
item,5039,-0.0103728129
item,5040,0.236176252
item,5041,-0.0132530853
item,5042,0.145844534
item,5043,0.161025554
item,5044,-8.3213672e-06
item,5045,0.0407504886
item,5046,0.0123186391
item,5047,0.167597696
item,5048,0.0277005695
item,5049,0.185756296
item,5050,0.284073502
item,5051,-0.0295079127
item,5052,0.00943833217
item,5053,-0.0947293118
item,5054,0.0120050348
item,5055,-0.256409764
item,5056,0.0582883917
item,5057,0.0111442283
item,5058,0.00955851376
item,5059,-0.00807997957
item,5060,0.117837153
item,5061,0.0595732704
item,5062,0.066045776
item,5063,0.0200983621
item,5064,0.220026672
item,5065,0.0600271672
item,5066,-0.00137127191
item,5067,0.0267814305
item,5068,0.259539276
item,5069,-0.0135328043
item,5070,-0.000124547631
item,5071,0.115505345
item,5072,0.018031165
item,5073,-0.0538973808
item,5074,0.219010457
item,5075,0.114368699
item,5076,0.103450723
item,5077,-0.0157163516
item,5078,-0.188208848
item,5079,0.074700281
item,5080,-0.329199523
item,5081,-0.0637487993
item,5082,-0.0187258087
item,5083,0.120259225
item,5084,-0.278249353
item,5085,-0.12704289
item,5086,0.136023596
item,5087,-0.000962231308
item,5088,-0.211983994
item,5089,-0.0229474232
item,5090,-0.0112722628
item,5091,-0.0728607476
item,5092,-0.0470739007
item,5093,-0.374187469
item,5094,0.0746757612
item,5095,0.0359576307
item,5096,-0.0539263785
item,5097,-0.0731669664
item,5098,0.22959362
item,5099,0.133775368
item,5100,-0.143790632
item,5101,-0.188275844
item,5102,0.0904208869
item,5103,0.0343928337
item,5104,-0.114882044
item,5105,0.0257829912
item,5106,0.129062518
item,5107,-0.265507579
item,5108,-0.0949717909
item,5109,0.0513637103
item,5110,0.190026999
item,5111,-0.031774383
item,5112,0.164157137
item,5113,0.0907767415
item,5114,-0.00261391699
item,5115,0.0415886194
item,5116,0.246293187
item,5117,-0.0472662412
item,5118,0.144742265
item,5119,0.0729929879
item,5120,-0.0827784017
item,5121,0.138750076
item,5122,-0.119007111
item,5123,-0.126648173
item,5124,0.199825928
item,5125,0.10190925
item,5126,-0.00383905414
item,5127,0.109409302
item,5128,0.18424207
item,5129,-0.0745751187
item,5130,-0.165345758
item,5131,0.0159040093
item,5132,-0.0460264161
item,5133,0.11140158
item,5134,-0.240772665
item,5135,0.171201751
item,5136,0.0589943826
item,5137,0.189027593
item,5138,0.238043055
item,5139,-0.105907686
item,5140,0.12349239
item,5141,-0.0540283173
item,5142,-0.035490647
item,5143,-0.0769126117
item,5144,-0.130439788
item,5145,0.0763033032
item,5146,-0.0238952562
item,5147,-0.0530096106
item,5148,-0.0723932832
item,5149,-0.0775057226
item,5150,-0.129750431
item,5151,-0.15989764
item,5152,0.0607344024
item,5153,-0.0201525874
item,5154,-0.0850630477
item,5155,0.258414567
item,5156,0.185699344
item,5157,0.00490001962
item,5158,0.0383011438
item,5159,0.0632729381
item,5160,0.0690487176
item,5161,-0.0557746887
item,5162,0.0707727969
item,5163,0.064952597
item,5164,0.0876980573
item,5165,0.160997286
item,5166,0.158216193
item,5167,0.245439857
item,5168,0.0914452821
item,5169,0.0942904428
item,5170,-0.0200572293
item,5171,-0.211347938
item,5172,0.130407512
item,5173,0.107478082
item,5174,-0.0824326128
item,5175,-0.0867695734
item,5176,-0.0343487412
item,5177,0.0553084724
item,5178,0.114114493
item,5179,0.082298018
item,5180,-0.0326563492
item,5181,-0.0961934626
item,5182,-0.0885505974
item,5183,0.0537073538
item,5184,-0.00828685239
item,5185,-0.128521264
item,5186,-0.196200773
item,5187,0.00688275695
item,5188,-0.22951366
item,5189,-0.10069789
item,5190,-0.0710702986
item,5191,0.16546908
item,5192,-0.0292923655
item,5193,-0.121282779
item,5194,0.0315243304
item,5195,0.135701135
item,5196,0.0648538172
item,5197,-0.0217228122
item,5198,0.0753255934
item,5199,-0.192843199
item,5200,-0.0994119719
item,5201,-0.0571011864
item,5202,-0.0134237101
item,5203,-0.0154726356
item,5204,-0.00369186699
item,5205,-0.138792008
item,5206,0.0654751956
item,5207,0.136008292
item,5208,0.0844534561
item,5209,0.110060088
item,5210,0.135919869
item,5211,0.130174607
item,5212,-0.000368252397
item,5213,0.171738908
item,5214,0.152110219
item,5215,-0.0629662722
item,5216,-0.0788882971
item,5217,-0.00155374408
item,5218,0.0135828145
item,5219,-0.200167596
item,5220,-0.0338180698
item,5221,-0.0668400526
item,5222,-0.0178429503
item,5223,-0.0488388799
item,5224,0.165058613
item,5225,0.0748670623
item,5226,-0.05236388
item,5227,0.149428353
item,5228,-0.152566031
item,5229,-0.00779982656
item,5230,-0.204080671
item,5231,0.00637961365
item,5232,-0.123183399
item,5233,0.175444305
item,5234,0.263115704
item,5235,0.0187066384
item,5236,0.111064494
item,5237,-0.0577757657
item,5238,-0.0500593856
item,5239,0.00817101635
item,5240,0.114806347
item,5241,0.101500362
item,5242,0.150952846
item,5243,-0.111827791
item,5244,-0.314257741
item,5245,-0.0865588337
item,5246,-0.0758358017
item,5247,0.0797424838
item,5248,-0.238766462
item,5249,-0.119492516
item,5250,0.098467879
item,5251,0.0123950467
item,5252,0.0792952478
item,5253,0.183272153
item,5254,0.0184243992
item,5255,-0.0904380083
item,5256,-0.18492651
item,5257,-0.0905708373
item,5258,-0.0108302757
item,5259,-0.0576938465
item,5260,-0.159962267
item,5261,-0.117778234
item,5262,-0.100852095
item,5263,-0.193795681
item,5264,0.0483858734
item,5265,-0.201090544
item,5266,0.00941950828
item,5267,-0.00481905416
item,5268,-0.214067101
item,5269,0.187989503
item,5270,0.197225451
item,5271,0.072291404
item,5272,0.176376864
item,5273,-0.10456977
item,5274,0.037664596
item,5275,-0.197426826
item,5276,0.147145748
item,5277,-0.0053746067
item,5278,0.20119366
item,5279,0.219111264
item,5280,0.244087085
item,5281,-0.0228305068
item,5282,0.00986875035
item,5283,0.107563555
item,5284,0.102176785
item,5285,-0.0228629522
item,5286,-0.107635111
item,5287,0.106345668
item,5288,-0.00824234262
item,5289,-0.0636552498
item,5290,-0.200508714
item,5291,-0.0419618785
item,5292,0.208215848
item,5293,0.114824116
item,5294,0.110682487
item,5295,0.0941289589
item,5296,-0.0162140802
item,5297,0.0998900011
item,5298,-0.141109318
item,5299,0.23327364
item,5300,0.123418517
item,5301,-0.0853636041
item,5302,0.10908176
item,5303,-0.164936885
item,5304,-0.17037116
item,5305,-0.0765236393
item,5306,0.0561076216
item,5307,0.0930402726
item,5308,-0.0195940286
item,5309,-0.0200044625
item,5310,0.0394327268
item,5311,0.311443955
item,5312,0.00716650253
item,5313,-0.0713600963
item,5314,0.119423516
item,5315,-0.122095056
item,5316,0.0330950134
item,5317,0.0511721969
item,5318,-0.0409874022
item,5319,-0.016164612
item,5320,0.00299775228
item,5321,-0.021203775
item,5322,-0.00127691776
item,5323,-0.00434300303
item,5324,-0.0665562302
item,5325,-0.010783568
item,5326,-0.0508518629
item,5327,-0.106105477
item,5328,-0.0464512296
item,5329,0.0187373385
item,5330,0.13710092
item,5331,-0.0473337993
item,5332,-0.0545151494
item,5333,-0.131938189
item,5334,-0.116577432
item,5335,-0.0631082132
item,5336,0.0389383771
item,5337,-0.0335957445
item,5338,-0.0542918853
item,5339,0.020788582
item,5340,-0.0560361519
item,5341,-0.135479763
item,5342,-0.154607832
item,5343,0.153401747
item,5344,-0.0247879252
item,5345,-0.0083193481
item,5346,0.0747551471
item,5347,-0.0930534899
item,5348,-0.213045433
item,5349,-0.0122688264
item,5350,0.0134416837
item,5351,0.226047367
item,5352,-0.292096853
item,5353,0.0501756072
item,5354,-0.0553434826
item,5355,0.169296011
item,5356,0.275477469
item,5357,0.0644615442
item,5358,-0.122461915
item,5359,-0.211246997
item,5360,0.0649848133
item,5361,-0.146142006
item,5362,0.000882811844
item,5363,-0.0627928078
item,5364,0.113093734
item,5365,0.026903335
item,5366,-0.205397531
item,5367,0.0298490003
item,5368,-0.0914593413
item,5369,0.0936674029
item,5370,-0.0573230237
item,5371,-0.0188515149
item,5372,0.00661240146
item,5373,-0.254320741
item,5374,0.0515301041
item,5375,0.106441535
item,5376,0.0768088251
item,5377,0.0522118881
item,5378,0.00132222474
item,5379,-0.11562486
item,5380,-0.00598700065
item,5381,-0.145319805
item,5382,-0.0407665595
item,5383,-0.0487617701
item,5384,-0.106732532
item,5385,0.000209487975
item,5386,-0.114800267
item,5387,0.13108246
item,5388,0.0661140308
item,5389,0.0587138832
item,5390,0.00556199811
item,5391,-0.0195271075
item,5392,-0.0728151649
item,5393,0.0539846942
item,5394,0.228214413
item,5395,0.0931039453
item,5396,-0.301820725
item,5397,0.0857568309
item,5398,0.159349442
item,5399,0.108411528
item,5400,-0.141319081
item,5401,0.0371662751
item,5402,-0.123557098
item,5403,0.104859181
item,5404,-0.134105921
item,5405,-0.0406135134
item,5406,0.163599476
item,5407,0.17865397
item,5408,0.0587838963
item,5409,0.0632690489
item,5410,0.112878352
item,5411,0.130636379
item,5412,-0.12777698
item,5413,0.130404264
item,5414,-0.0482116677
item,5415,-0.0973904878
item,5416,-0.222317338
item,5417,-0.119986884
item,5418,-0.0616263151
item,5419,0.187533259
item,5420,-0.16580902
item,5421,-0.0221230537
item,5422,-0.116991334
item,5423,0.36699906
item,5424,0.182699591
item,5425,-0.0615264028
item,5426,-0.0820801109
item,5427,-0.106922701
item,5428,0.0631517842
item,5429,-0.0292844921
item,5430,0.0533575863
item,5431,-0.0245362222
item,5432,0.0596021339
item,5433,-0.0937794521
item,5434,-0.181449965
item,5435,0.0311893634
item,5436,0.034729436
item,5437,0.178150117
item,5438,0.211516738
item,5439,0.0805080831
item,5440,-0.0710167289
item,5441,0.0657430738
item,5442,-0.0813378468
item,5443,-0.226957649
item,5444,0.102795929
item,5445,-0.0311217234
item,5446,-0.225986779
item,5447,-0.102083467
item,5448,0.0983381197
item,5449,-0.130410284
item,5450,-0.119795375
item,5451,-0.161635756
item,5452,0.10275019
item,5453,0.0663510114
item,5454,-0.00422033109
item,5455,-0.0222542826
item,5456,-0.193056017
item,5457,-0.143483967
item,5458,-0.0076844506
item,5459,-0.178420424
item,5460,-0.128825754
item,5461,0.145759463
item,5462,0.0367119536
item,5463,-0.232035294
item,5464,-0.0948951691
item,5465,0.140390173
item,5466,0.0546791367
item,5467,-0.00275548641
item,5468,-0.167848349
item,5469,-0.166059867
item,5470,-0.0455284342
item,5471,-0.0894596949
item,5472,0.133933917
item,5473,-0.0451478399
item,5474,0.0886325538
item,5475,0.0503540747
item,5476,-0.324425012
item,5477,0.0699898526
item,5478,-0.169925034
item,5479,-0.0181436297
item,5480,0.0738561004
item,5481,0.126645699
item,5482,-0.199413568
item,5483,0.0575546622
item,5484,-0.03807519
item,5485,-0.0446197093
item,5486,0.154081076
item,5487,0.0182894114
item,5488,-0.147048682
item,5489,0.0677990094
item,5490,-0.00194855593
item,5491,-0.0512875989
item,5492,-0.0141393095
item,5493,-0.246831685
item,5494,0.0549666584
item,5495,0.13190043
item,5496,0.0428076051
item,5497,-0.0487213507
item,5498,-0.0481086262
item,5499,0.039297685
item,5500,0.248117715
item,5501,-0.0123450235
item,5502,0.115549117
item,5503,0.0204957128
item,5504,-0.0763048679
item,5505,0.246798515
item,5506,-0.0286296234
item,5507,-0.107483014
item,5508,-0.0380243994
item,5509,-0.307942629
item,5510,-0.128230244
item,5511,0.0643538758
item,5512,-0.176894814
item,5513,-0.104453549
item,5514,0.0584816076
item,5515,-0.0238544922
item,5516,-0.077577062
item,5517,0.0276672989
item,5518,0.0228574537
item,5519,0.166854128
item,5520,0.063587755
item,5521,0.0715143457
item,5522,0.0734362155
item,5523,0.0911404714
item,5524,0.0600003302
item,5525,-0.217089355
item,5526,0.182738096
item,5527,-0.0451020859
item,5528,0.124677017
item,5529,-0.0412413664
item,5530,-0.0227288045
item,5531,0.126344383
item,5532,0.14594999
item,5533,0.0651823208
item,5534,0.00818319246
item,5535,0.0703374371
item,5536,0.00772719458
item,5537,-0.0988448933
item,5538,-0.166088596
item,5539,0.0822514445
item,5540,-0.049302008
item,5541,0.0240564756
item,5542,-0.00688022748
item,5543,0.168747455
item,5544,-0.0842770338
item,5545,0.0701288059
item,5546,0.220132127
item,5547,0.176614612
item,5548,-0.108614236
item,5549,-0.0325947143
item,5550,-0.074882552
item,5551,0.135647714
item,5552,0.111027583
item,5553,-0.0292954072
item,5554,0.0383727513
item,5555,0.248938069
item,5556,-0.0211070981
item,5557,0.212530509
item,5558,0.043942064
item,5559,0.06095016
item,5560,-0.0562558509
item,5561,0.150683984
item,5562,-0.0391138457
item,5563,0.0365662947
item,5564,0.102797538
item,5565,-0.228560388
item,5566,-0.0935576409
item,5567,-0.0256733969
item,5568,-0.0957146734
item,5569,0.105792463
item,5570,-0.154636234
item,5571,0.0255947933
item,5572,-0.0428020768
item,5573,-0.0283601433
item,5574,-0.0250115693
item,5575,-0.220888585
item,5576,-0.0716319978
item,5577,0.0210274085
item,5578,-0.235840648
item,5579,0.0891267955
item,5580,-0.0857416093
item,5581,0.136937663
item,5582,-0.0488586351
item,5583,0.0328214653
item,5584,-0.154240876
item,5585,0.101880006
item,5586,-0.0386872925
item,5587,-0.160963103
item,5588,-0.207386866
item,5589,0.0430986509
item,5590,0.0154394172
item,5591,0.0212024115
item,5592,-0.166593075
item,5593,-0.0378555991
item,5594,0.0737130716
item,5595,-0.0291177072
item,5596,-0.0951149762
item,5597,-0.0854222924
item,5598,0.17086032
item,5599,0.00548555842
item,5600,-0.0424310565
item,5601,0.105993681
item,5602,-0.111076318
item,5603,-0.0983990729
item,5604,-0.170757174
item,5605,0.00595097244
item,5606,-0.0700351596
item,5607,-0.0143930241
item,5608,0.178035453
item,5609,-0.23552081
item,5610,-0.0971206874
item,5611,0.000490576029
item,5612,-0.217950821
item,5613,-0.197028875
item,5614,-0.339295
item,5615,0.0679439157
item,5616,-0.261045158
item,5617,-0.110141344
item,5618,-0.000842078589
item,5619,0.116624653
item,5620,-0.069240883
item,5621,-0.106125042
item,5622,0.106602825
item,5623,-0.0168514326
item,5624,-0.0646976382
item,5625,-0.11079102
item,5626,-0.102743335
item,5627,-0.147367001
item,5628,-0.105114214
item,5629,0.0388977304
item,5630,0.0235018246
item,5631,0.0513801761
item,5632,0.062463928
item,5633,-0.131742597
item,5634,-0.197652668
item,5635,0.257835656
item,5636,-0.0284380987
item,5637,0.0526595786
item,5638,0.0028488643
item,5639,0.0815354064
item,5640,0.232314706
item,5641,-0.0975612924
item,5642,-0.0169615038
item,5643,0.0427195653
item,5644,0.279872268
item,5645,0.0793089271
item,5646,0.0241700038
item,5647,-0.183682173
item,5648,-0.172023833
item,5649,-0.121211462
item,5650,0.0047437381
item,5651,0.0301906466
item,5652,-0.0935641751
item,5653,0.0111611877
item,5654,0.0979779661
item,5655,-0.0693416074
item,5656,-0.0460782349
item,5657,0.0642038286
item,5658,0.145557418
item,5659,0.054443296
item,5660,-0.00229934603
item,5661,0.168867141
item,5662,-0.180391118
item,5663,-0.0777803436
item,5664,0.102876797
item,5665,0.211446181
item,5666,-0.080963552
item,5667,-0.148409665
item,5668,-0.10774494
item,5669,0.00366686285
item,5670,0.0165275037
item,5671,-0.24790743
item,5672,0.160202205
item,5673,0.0607579462
item,5674,-0.0113604888
item,5675,0.129104659
item,5676,-0.212514013
item,5677,0.1372343
item,5678,0.0505060107
item,5679,0.160805717
item,5680,0.0667940825
item,5681,0.122334927
item,5682,-0.0158934146
item,5683,0.0453578271
item,5684,-0.00255106948
item,5685,0.0200036988
item,5686,-0.0257372297
item,5687,-0.0026724562
item,5688,-0.0186300501
item,5689,0.124602698
item,5690,-0.152292654
item,5691,0.192923576
item,5692,-0.148492008
item,5693,0.165796131
item,5694,-0.0568806939
item,5695,0.0573216602
item,5696,-0.0174269937
item,5697,-0.0555926636
item,5698,-0.0514531881
item,5699,0.1186684
item,5700,-0.230334044
item,5701,-0.233543873
item,5702,0.069876112
item,5703,0.147213444
item,5704,0.0639267713
item,5705,-0.200575054
item,5706,0.0906312019
item,5707,0.133869156
item,5708,0.164140567
item,5709,-0.0499972925
item,5710,-0.184202507
item,5711,-0.0303662866
item,5712,-0.0985152796
item,5713,-0.0616339892
item,5714,0.0153957829
item,5715,0.200039402
item,5716,0.069286786
item,5717,0.189033359
item,5718,-0.106143713
item,5719,0.243078634
item,5720,0.128935724
item,5721,0.0379304141
item,5722,0.207193434
item,5723,0.00663382001
item,5724,-0.0762270242
item,5725,0.138720512
item,5726,0.122972973
item,5727,-0.0303038843
item,5728,0.203175992
item,5729,-0.0417922176
item,5730,0.0102749616
item,5731,-0.0128805581
item,5732,0.082168594
item,5733,0.0446491316
item,5734,-0.0310324728
item,5735,-0.0412604734
item,5736,-0.09598694
item,5737,-0.0123560056
item,5738,0.0230098106
item,5739,0.0250312444
item,5740,-0.123653404
item,5741,-0.253999144
item,5742,-0.0100881252
item,5743,-0.174186051
item,5744,0.0308234394
item,5745,0.00918062776
item,5746,-0.332966238
item,5747,-0.0386120863
item,5748,0.0551745668
item,5749,-0.177332848
item,5750,0.0198228285
item,5751,-0.0347989015
item,5752,0.00613015704
item,5753,0.173410743
item,5754,0.0996773541
item,5755,-0.111888096
item,5756,-0.0636600256
item,5757,-0.110447638
item,5758,0.0405185409
item,5759,0.214378297
item,5760,-0.0805491656
item,5761,0.0374099836
item,5762,0.0481380075
item,5763,0.0530133955
item,5764,0.00140876323
item,5765,0.208892509
item,5766,0.0269514546
item,5767,-0.0182935596
item,5768,0.0177294426
item,5769,-0.13306205
item,5770,0.0011234805
item,5771,0.0616814345
item,5772,0.121673405
item,5773,-0.0286961384
item,5774,0.0167981014
item,5775,0.0820808336
item,5776,0.0360117927
item,5777,0.0934596583
item,5778,0.232469827
item,5779,0.0430650301
item,5780,-0.148991391
item,5781,-0.0448636524
item,5782,-0.036281798
item,5783,-0.125053108
item,5784,-0.0865871385
item,5785,-0.0436061174
item,5786,0.209061503
item,5787,0.233364567
item,5788,-0.110833347
item,5789,0.198436365
item,5790,-0.0224716812
item,5791,0.0248018205
item,5792,-0.124933384
item,5793,-0.128841728
item,5794,0.164963245
item,5795,0.01477997
item,5796,-0.0469871685
item,5797,0.105502963
item,5798,0.0530101471
item,5799,0.149645954
item,5800,-0.0966296792
item,5801,-0.00934383832
item,5802,-0.00731252506
item,5803,0.062749058
item,5804,-0.172845125
item,5805,-0.0298634991
item,5806,0.238564372
item,5807,-0.158619419
item,5808,-0.158845574
item,5809,0.133683473
item,5810,-0.0249374937
item,5811,0.249708533
item,5812,-0.167122647
item,5813,0.16643253
item,5814,0.0446492694
item,5815,-0.332648963
item,5816,0.156582564
item,5817,-0.265850544
item,5818,0.19155331
item,5819,0.0743399411
item,5820,-0.0255168304
item,5821,-0.233974487
item,5822,0.0311182886
item,5823,0.066174224
item,5824,0.014106486
item,5825,0.0986508727
item,5826,-0.0931126177
item,5827,0.0860266238
item,5828,-0.125896543
item,5829,-0.0587605387
item,5830,0.00776360929
item,5831,0.0411917791
item,5832,-0.232791126
item,5833,-0.0599825308
item,5834,-0.166632175
item,5835,-0.0309809297
item,5836,-0.208954826
item,5837,0.223042652
item,5838,-0.106748454
item,5839,-0.0436723344
item,5840,0.0554955155
item,5841,-0.0190976374
item,5842,0.159974456
item,5843,-0.322810739
item,5844,0.042688638
item,5845,0.0660924539
item,5846,-0.226537526
item,5847,-0.0998343155
item,5848,0.0885685682
item,5849,-0.00934812613
item,5850,-0.0185634419
item,5851,-0.174430266
item,5852,-0.170534357
item,5853,-0.121947154
item,5854,0.105902493
item,5855,-0.078427285
item,5856,0.00505680963
item,5857,-0.17350632
item,5858,0.108117998
item,5859,0.0591864437
item,5860,-0.00370579213
item,5861,0.177092791
item,5862,0.253658861
item,5863,0.122442029
item,5864,0.0411202833
item,5865,0.265192181
item,5866,-0.0692842826
item,5867,0.0752125755
item,5868,0.00939070061
item,5869,-0.225728393
item,5870,-0.105467133
item,5871,-0.032901857
item,5872,-0.0398814529
item,5873,-0.0391636528
item,5874,-0.237633616
item,5875,-0.0284144189
item,5876,0.0276846588
item,5877,0.0867321417
item,5878,0.109710284
item,5879,0.10034591
item,5880,-0.0325460322
item,5881,0.0650774091
item,5882,-0.172570124
item,5883,0.228655964
item,5884,0.201132223
item,5885,0.24857083
item,5886,-0.00313850772
item,5887,-0.0513332002
item,5888,0.0199908018
item,5889,-0.0455298647
item,5890,-0.174882188
item,5891,-0.191877395
item,5892,0.0467986166
item,5893,-0.128528699
item,5894,-0.0748511925
item,5895,-0.0483127646
item,5896,-0.117994606
item,5897,0.0505461171
item,5898,-0.118530057
item,5899,0.0327986032
item,5900,0.0552780181
item,5901,0.00131540932
item,5902,-0.14065218
item,5903,-0.235766694
item,5904,0.0141618466
item,5905,0.00883499347
item,5906,-0.148854822
item,5907,-0.135508955
item,5908,-0.112950161
item,5909,0.102347992
item,5910,-0.249416441
item,5911,-0.214321226
item,5912,0.0960843787
item,5913,0.0703588277
item,5914,-0.109584309
item,5915,-0.198619723
item,5916,-0.203091264
item,5917,-0.373314321
item,5918,0.0846967921
item,5919,-0.0545066074
item,5920,-0.047277756
item,5921,0.0432780161
item,5922,-0.0746415704
item,5923,-0.0330023766
item,5924,0.0207075309
item,5925,-0.154569238
item,5926,-0.0553397015
item,5927,0.0578254461
item,5928,0.0158196185
item,5929,0.0172211193
item,5930,0.177051112
item,5931,-0.126311719
item,5932,-0.103735223
item,5933,-0.0633750781
item,5934,0.105268724
item,5935,-0.0517831743
item,5936,-0.123203017
item,5937,0.0304603241
item,5938,-0.327211231
item,5939,-0.180235147
item,5940,-0.0059177503
item,5941,-0.0520350337
item,5942,0.00790014118
item,5943,-0.00518540666
item,5944,-0.0822366998
item,5945,-0.210048258
item,5946,-0.0597323179
item,5947,0.0213905275
item,5948,0.102089047
item,5949,-0.150160089
item,5950,-0.0814016908
item,5951,-0.21031639
item,5952,-0.0659256503
item,5953,-0.277988195
item,5954,0.220865577
item,5955,-0.116124108
item,5956,-0.0701577067
item,5957,-0.0462473929
item,5958,0.0786423981
item,5959,0.187169179
item,5960,0.0470486097
item,5961,0.0209304933
item,5962,-0.041178368
item,5963,-0.15524748
item,5964,-0.0619728118
item,5965,-0.168236494
item,5966,-0.0962260514
item,5967,-0.0992119908
item,5968,-0.115081742
item,5969,-0.0939019322
item,5970,0.0717569739
item,5971,-0.203181788
item,5972,-0.0894305706
item,5973,-0.239435673
item,5974,0.0799221247
item,5975,0.13498497
item,5976,-0.0234107561
item,5977,0.0941775888
item,5978,0.0600427166
item,5979,0.0349875093
item,5980,-0.123443559
item,5981,-0.0779327303
item,5982,0.11346148
item,5983,-0.0186593607
item,5984,0.123520359
item,5985,0.0292835385
item,5986,0.0296723321
item,5987,0.0410895571
item,5988,0.111491941
item,5989,-0.0314109139
item,5990,0.00777476933
item,5991,-0.0800615996
item,5992,0.0341688283
item,5993,0.0270506963
item,5994,-0.133501366
item,5995,-0.0053011626
item,5996,0.116820283
item,5997,0.136723757
item,5998,0.118340895
item,5999,-0.0574098229
item,6000,0.00429517031
item,6001,0.068038702
item,6002,-0.10968025
item,6003,0.0374912545
item,6004,-0.1820921
item,6005,-0.0102204513
item,6006,-0.0873344317
item,6007,-0.116374448
item,6008,0.0478422791
item,6009,-0.0124007761
item,6010,0.0763649568
item,6011,0.00396395847
item,6012,-0.0202167034
item,6013,0.0731862485
item,6014,-0.0353603996
item,6015,-0.281029046
item,6016,-0.192103416
item,6017,-0.135350004
item,6018,-0.0789070278
item,6019,-0.0231381916
item,6020,0.0359010361
item,6021,0.0524223372
item,6022,-0.0637753606
item,6023,-0.254883438
item,6024,0.087317124
item,6025,-0.106289394
item,6026,-0.0388688222
item,6027,-0.0869485289
item,6028,-0.138146743
item,6029,-0.0481022112
item,6030,-0.0577641316
item,6031,0.204852179
item,6032,0.0512232631
item,6033,-0.0274559762
item,6034,-0.00599893183
item,6035,0.106774971
item,6036,-0.119948074
item,6037,-0.158315137
item,6038,-0.111519367
item,6039,0.104727417
item,6040,-0.028790772
item,6041,-0.188487962
item,6042,0.106963299
item,6043,0.0255178623
item,6044,-0.0638826191
item,6045,-0.228519842
item,6046,-0.0109812431
item,6047,-0.00392083824
item,6048,0.218247518
item,6049,-0.209423244
item,6050,-0.140918657
item,6051,0.0310638435
item,6052,-0.121903867
item,6053,-0.23739329
item,6054,-0.189023256
item,6055,-0.196748778
item,6056,0.132400811
item,6057,-0.0315268859
item,6058,0.00537144765
item,6059,-0.072715655
item,6060,-0.132472664
item,6061,-0.0284870192
item,6062,-0.115526974
item,6063,-0.14498426
item,6064,-0.121882014
item,6065,-0.196818203
item,6066,-0.261094749
item,6067,-0.210737705
item,6068,-0.0442741811
item,6069,0.0850977674
item,6070,0.0613207445
item,6071,0.0458902344
item,6072,-0.155590355
item,6073,0.00561811775
item,6074,-0.0300633982
item,6075,-0.0880880058
item,6076,-0.0364955515
item,6077,0.0250832513
item,6078,-0.029522866
item,6079,-0.225957483
item,6080,-0.181599215
item,6081,-0.0379130095
item,6082,-0.0091849491
item,6083,0.0456896126
item,6084,-0.122782148
item,6085,0.0537751988
item,6086,-0.0171419811
item,6087,-0.0342733711
item,6088,-0.0174766406
item,6089,0.0530535281
item,6090,-0.000251539052
item,6091,-0.00742477924
item,6092,-0.366167158
item,6093,-0.0499652214
item,6094,-0.00918260589
item,6095,0.0324309878
item,6096,0.194448873
item,6097,-0.0433022827
item,6098,-0.169806525
item,6099,-0.00357153267
item,6100,-0.19684343
item,6101,-0.241772369
item,6102,-0.166594416
item,6103,0.170395419
item,6104,-0.0187972039
item,6105,0.133293793
item,6106,0.188280553
item,6107,0.0815085843
item,6108,0.172522053
item,6109,0.0296722502
item,6110,0.0542028695
item,6111,-0.147990569
item,6112,-0.0453595296
item,6113,-0.0221770294
item,6114,0.0153233632
item,6115,0.132765919
item,6116,-0.0905354917
item,6117,-0.14449124
item,6118,-0.0403926447
item,6119,-0.0539703406
item,6120,-0.182939231
item,6121,0.00308929384
item,6122,-0.180343047
item,6123,0.109105088
item,6124,-0.0389164984
item,6125,-0.050694745
item,6126,0.222633272
item,6127,-0.150553003
item,6128,-0.149315149
item,6129,-0.0269705001
item,6130,-0.136582226
item,6131,-0.0130642429
item,6132,-0.161666662
item,6133,-0.146864876
item,6134,-0.222020388
item,6135,0.118028417
item,6136,-0.0949026793
item,6137,0.0774601325
item,6138,-0.0414574817
item,6139,0.0280183926
item,6140,0.204436913
item,6141,0.307455778
item,6142,-0.104592718
item,6143,0.36202988
item,6144,0.0509457774
item,6145,0.099558562
item,6146,0.136518359
item,6147,0.0493584312
item,6148,-0.039975144
item,6149,0.135516331
item,6150,0.0361235775
item,6151,-0.0368908979
item,6152,0.203579456
item,6153,0.0190519765
item,6154,0.105033666
item,6155,0.220313758
item,6156,-0.142383322
item,6157,0.0432923064
item,6158,-0.103704758
item,6159,0.162657291
item,6160,-0.087627694
item,6161,0.178424641
item,6162,0.167874798
item,6163,-0.0318702608
item,6164,0.0521041825
item,6165,-0.2079999
item,6166,-0.138197511
item,6167,0.147343099
item,6168,-0.0495693497
item,6169,-0.0824071616
item,6170,-0.320089877
item,6171,0.0121913701
item,6172,-0.318204492
item,6173,0.0107814223
item,6174,0.0196168646
item,6175,-0.234313443
item,6176,-0.133211166
item,6177,-0.100241214
item,6178,-0.225978538
item,6179,-0.277049661
item,6180,0.0815914422
item,6181,-0.0372369364
item,6182,0.140459836
item,6183,-0.132377028
item,6184,0.133650988
item,6185,0.0586010553
item,6186,0.126338348
item,6187,0.0132112615
item,6188,0.0513289124
item,6189,-0.153528512
item,6190,0.0317401178
item,6191,0.0754182339
item,6192,-0.190426961
item,6193,0.0376280658
item,6194,-0.00785654783
item,6195,-0.0792293251
item,6196,-0.15904735
item,6197,0.0247472972
item,6198,-0.226365656
item,6199,-0.101825327
item,6200,-0.0517589301
item,6201,-0.145305514
item,6202,-0.0412640907
item,6203,-0.0877802446
item,6204,-0.0149740465
item,6205,-0.0231585503
item,6206,0.192924768
item,6207,-0.056985192
item,6208,0.100563794
item,6209,-0.0587054417
item,6210,0.21227546
item,6211,-0.0829171464
item,6212,-0.0312673151
item,6213,0.214155659
item,6214,-0.0938053504
item,6215,-0.00874535367
item,6216,-0.155922011
item,6217,0.0122789368
item,6218,0.0436500572
item,6219,-0.0979295969
item,6220,0.0834188908
item,6221,-0.113159046
item,6222,-0.0762375891
item,6223,0.101545267
item,6224,-0.140753254
item,6225,-0.253872842
item,6226,0.130727246
item,6227,-0.0249881893
item,6228,-0.0865581855
item,6229,-0.152657539
item,6230,0.006889713
item,6231,-0.25781697
item,6232,0.0127257574
item,6233,-0.235225201
item,6234,-0.200539261
item,6235,-0.0584556982
item,6236,-0.0185872614
item,6237,-0.145697176
item,6238,-0.0230194442
item,6239,0.0114488071
item,6240,-0.0602174923
item,6241,-0.000104708597
item,6242,0.0662771389
item,6243,-0.13458702
item,6244,0.0324854255
item,6245,-0.0845334828
item,6246,-0.137540743
item,6247,-0.0297939591
item,6248,0.19131662
item,6249,0.0793361589
item,6250,-0.114978164
item,6251,0.0841465816
item,6252,0.0865711793
item,6253,-0.00762828439
item,6254,0.0117697082
item,6255,-0.0835441351
item,6256,0.0452862345
item,6257,-0.0821672305
item,6258,-0.0261217393
item,6259,-0.0287583396
item,6260,-0.129929349
item,6261,-0.170247853
item,6262,0.0659690797
item,6263,0.0596326254
item,6264,-0.0641064867
item,6265,0.187858731
item,6266,-0.0122405235
item,6267,-0.103380427
item,6268,0.0393735021
item,6269,-0.00397864729
item,6270,-0.0868247077
item,6271,-0.0988435596
item,6272,0.311176866
item,6273,0.0252433307
item,6274,-0.104028858
item,6275,-0.00169361383
item,6276,0.163935781
item,6277,0.0673781335
item,6278,-0.3109909
item,6279,-0.236394674
item,6280,-0.157619506
item,6281,-0.0266431998
item,6282,-0.064145878
item,6283,-0.135195225
item,6284,-0.127133518
item,6285,-0.198012516
item,6286,0.0819752961
item,6287,-0.149304524
item,6288,-0.0136407483
item,6289,0.00144591928
item,6290,-0.0791930407
item,6291,0.0203672238
item,6292,0.0363265947
item,6293,-0.150649175
item,6294,0.0998026207
item,6295,0.0416853018
item,6296,0.0175719466
item,6297,-0.0633860901
item,6298,0.10582523
item,6299,0.0214975104
item,6300,0.171664312
item,6301,0.118263111
item,6302,-0.0111237839
item,6303,0.00575039908
item,6304,-0.018184267
item,6305,-0.0120009761
item,6306,-0.16936937
item,6307,-0.172672391
item,6308,-0.073563695
item,6309,0.13567999
item,6310,-0.025653597
item,6311,-0.128148541
item,6312,-0.00173420273
item,6313,0.0130668022
item,6314,-0.130654559
item,6315,-0.0121044647
item,6316,-0.212111533
item,6317,-0.047495462
item,6318,-0.00595502555
item,6319,0.182909459
item,6320,-0.0671989545
item,6321,0.209130406
item,6322,-0.0607834235
item,6323,-0.185375184
item,6324,-0.157838911
item,6325,-0.0720267072
item,6326,-0.0404091552
item,6327,0.0630658716
item,6328,0.049557969
item,6329,-0.0253378935
item,6330,0.0252201334
item,6331,0.176636159
item,6332,0.22016713
item,6333,-0.0473341979
item,6334,-0.133385986
item,6335,0.052091077
item,6336,-0.0720857084
item,6337,0.241001368
item,6338,0.0155862942
item,6339,0.0521756448
item,6340,0.0812167078
item,6341,-0.00312660262
item,6342,-0.0327219479
item,6343,0.0341418982
item,6344,0.132120013
item,6345,0.0196332186
item,6346,0.177481681
item,6347,0.115586571
item,6348,-0.130959034
item,6349,-0.0264219046
item,6350,0.224338725
item,6351,-0.055716835
item,6352,-0.0134858266
item,6353,-0.144196212
item,6354,0.0168454014
item,6355,-0.0860566869
item,6356,0.129736692
item,6357,0.221794561
item,6358,-0.100887999
item,6359,-0.127056524
item,6360,-0.00941435248
item,6361,0.100651458
item,6362,-0.152142063
item,6363,-0.0469247065
item,6364,0.0786702111
item,6365,-0.115381226
item,6366,-0.0167812407
item,6367,0.0623847693
item,6368,-0.00223813206
item,6369,-0.0737942606
item,6370,-0.231056586
item,6371,0.0907073617
item,6372,-0.0199545659
item,6373,0.0646253452
item,6374,-0.0661746562
item,6375,-0.187978983
item,6376,-0.123822458
item,6377,0.0207570195
item,6378,-0.139820993
item,6379,-0.0291315205
item,6380,0.00762196677
item,6381,0.0893005356
item,6382,0.0914895758
item,6383,0.0260827467
item,6384,-0.113853566
item,6385,-0.0999353454
item,6386,0.0532258749
item,6387,0.164583415
item,6388,0.127192378
item,6389,-0.101662666
item,6390,0.0960887969
item,6391,0.0414535962
item,6392,-0.076838389
item,6393,-0.179509476
item,6394,0.0693247169
item,6395,-0.0510716438
item,6396,-0.0166854113
item,6397,0.00218237191
item,6398,0.0135723045
item,6399,0.0233210921
item,6400,-0.0175609849
item,6401,0.0341876745
item,6402,0.0101886466
item,6403,-0.128943682
item,6404,0.0170298852
item,6405,0.170561597
item,6406,-0.26853767
item,6407,-0.219181731
item,6408,0.0411029011
item,6409,-0.0317232125
item,6410,-0.23882848
item,6411,-0.132396102
item,6412,0.00605330244
item,6413,-0.117011271
item,6414,-0.215700477
item,6415,-0.291101307
item,6416,0.0526990481
item,6417,-0.0627534091
item,6418,0.0794688314
item,6419,-0.199991584
item,6420,-0.176245302
item,6421,-0.171744883
item,6422,-0.160784781
item,6423,-0.0268658977
item,6424,-0.116355024
item,6425,0.149490714
item,6426,0.0310265962
item,6427,-0.0968464315
item,6428,-0.0170642566
item,6429,-0.0691400841
item,6430,-0.106872588
item,6431,0.119400688
item,6432,-0.116277635
item,6433,-0.0700176954
item,6434,-0.0796148404
item,6435,-0.11919494
item,6436,-0.0552520901
item,6437,-0.0452563018
item,6438,0.0988069326
item,6439,-0.052004233
item,6440,-0.0613657609
item,6441,0.070400089
item,6442,-0.128473058
item,6443,-0.11436107
item,6444,0.0459128097
item,6445,0.0463538989
item,6446,0.0809022784
item,6447,-0.00772088021
item,6448,0.149306074
item,6449,-0.0238331072
item,6450,-0.00481963158
item,6451,-0.0817252025
item,6452,-0.11816784
item,6453,-0.0981362313
item,6454,-0.0350513831
item,6455,0.114878476
item,6456,-0.182039499
item,6457,0.132172689
item,6458,-0.0877604336
item,6459,-0.228863075
item,6460,0.080477722
item,6461,-0.061316926
item,6462,-0.0308823641
item,6463,0.0735390112
item,6464,0.00635347143
item,6465,0.240855023
item,6466,0.045387093
item,6467,-0.0982624516
item,6468,-0.160057425
item,6469,0.145623803
item,6470,-0.128900155
item,6471,0.0631693155
item,6472,-0.0151993036
item,6473,0.0553091094
item,6474,-0.320333898
item,6475,0.219144553
item,6476,-0.176702157
item,6477,0.148136809
item,6478,-0.276818216
item,6479,0.211498961
item,6480,-0.119276419
item,6481,0.0971280187
item,6482,0.0205271915
item,6483,-0.161784872
item,6484,-0.11977078
item,6485,-0.173655629
item,6486,0.0181371588
item,6487,0.111923262
item,6488,-0.12987873
item,6489,-0.0175699219
item,6490,-0.0666624457
item,6491,-0.0125316745
item,6492,-0.010447856
item,6493,-0.0401948653
item,6494,0.0260583069
item,6495,0.00260754488
item,6496,0.194920301
item,6497,0.0884486139
item,6498,-0.102513127
item,6499,0.128947273
item,6500,-0.149176955
item,6501,0.100949027
item,6502,0.0396521054
item,6503,-0.069424808
item,6504,0.0444769375
item,6505,0.0159766637
item,6506,0.0904387832
item,6507,-0.0337317809
item,6508,-0.108657889
item,6509,0.0840707198
item,6510,-0.180879518
item,6511,-0.189773649
item,6512,-0.199691996
item,6513,0.0494012199
item,6514,0.0112445429
item,6515,-0.00815501064
item,6516,0.0295650065
item,6517,-0.0669911206
item,6518,-0.00690817088
item,6519,0.241770521
item,6520,0.00679606758
item,6521,0.0532675646
item,6522,-0.0380244553
item,6523,-0.0348454528
item,6524,-0.000228550285
item,6525,-0.0169075318
item,6526,0.0703272298
item,6527,0.0188557208
item,6528,-0.261853784
item,6529,-0.0459048823
item,6530,-0.118271269
item,6531,0.0713256598
item,6532,-0.0572514087
item,6533,0.141696468
item,6534,0.282576233
item,6535,-0.07948149
item,6536,0.0758542791
item,6537,0.0470249206
item,6538,0.0187955573
item,6539,0.0586018711
item,6540,0.035455402
item,6541,-0.140394717
item,6542,0.199183345
item,6543,-0.141303644
item,6544,-0.218184248
item,6545,-0.154101267
item,6546,-0.0642370284
item,6547,0.0271889009
item,6548,-0.175772727
item,6549,0.0634261966
item,6550,0.0840855986
item,6551,-0.0114107318
item,6552,-0.123483539
item,6553,-0.229237542
item,6554,0.145150259
item,6555,-0.0810017958
item,6556,-0.031529583
item,6557,-0.0966060609
item,6558,-0.00382270664
item,6559,0.136981279
item,6560,-0.0916499794
item,6561,-0.157840371
item,6562,0.0873917192
item,6563,0.110401519
item,6564,-0.141711265
item,6565,0.0541344136
item,6566,0.0549869053
item,6567,-0.268192291
item,6568,-0.0685591549
item,6569,-0.0938833654
item,6570,-0.166956171
item,6571,0.126844242
item,6572,-0.210381567
item,6573,0.0846323147
item,6574,0.0916502029
item,6575,-0.0418512598
item,6576,0.0256732851
item,6577,-0.189689979
item,6578,-0.0724231601
item,6579,-0.153150916
item,6580,0.217362612
item,6581,0.21282497
item,6582,-0.0746378005
item,6583,-0.0373385623
item,6584,-0.102061406
item,6585,0.0846622735
item,6586,0.0658700913
item,6587,0.071451813
item,6588,0.102902204
item,6589,0.12236242
item,6590,0.0717228651
item,6591,0.123910263
item,6592,0.341718733
item,6593,0.11729829
item,6594,0.274957627
item,6595,0.0882551
item,6596,-0.0253493674
item,6597,-0.0216988418
item,6598,-0.0859085247
item,6599,0.00723641366
item,6600,0.0550481305
item,6601,-0.146361262
item,6602,0.148729831
item,6603,0.0639395714
item,6604,-0.0225614607
item,6605,-0.0241080746
item,6606,-0.00225214008
item,6607,-0.145320758
item,6608,0.19095403
item,6609,0.0255362764
item,6610,0.0190205313
item,6611,0.125974104
item,6612,-0.148358077
item,6613,-0.0918688029
item,6614,0.200771689
item,6615,-0.155668348
item,6616,0.10398981
item,6617,-0.120888576
item,6618,-0.146092862
item,6619,-0.0132880732
item,6620,-0.112647243
item,6621,0.00843971781
item,6622,0.0766060054
item,6623,0.177803785
item,6624,-0.0743689612
item,6625,-0.0733568817
item,6626,-0.0259944275
item,6627,-0.124717437
item,6628,0.0686401948
item,6629,0.0947354808
item,6630,0.0704812557
item,6631,-0.0319382623
item,6632,0.0183210373
item,6633,0.0744299591
item,6634,0.0363953561
item,6635,0.0971552134
item,6636,-0.0934497938
item,6637,-0.147468671
item,6638,0.00114358962
item,6639,-0.0159675404
item,6640,-0.0544266552
item,6641,-0.19903174
item,6642,0.0144850276
item,6643,-0.216829658
item,6644,0.0182042457
item,6645,-0.0704632625
item,6646,-0.146160424
item,6647,0.0578561388
item,6648,0.12024612
item,6649,0.0603238307
item,6650,-0.145348787
item,6651,-0.116555959
item,6652,-0.236922339
item,6653,0.0166224428
item,6654,-0.10034731
item,6655,0.0189365931
item,6656,0.00323656946
item,6657,-0.0444279127
item,6658,-0.0851764977
item,6659,-0.00126522221
item,6660,0.0615718365
item,6661,-0.113673985
item,6662,0.163902402
item,6663,-0.0607643686
item,6664,-0.111183271
item,6665,-0.263242245
item,6666,0.171834141
item,6667,0.106632583
item,6668,-0.112698227
item,6669,0.11348246
item,6670,-0.135955304
item,6671,-0.0153605714
item,6672,0.122429118
item,6673,-0.16394566
item,6674,0.0123592895
item,6675,-0.172495142
item,6676,-0.175709069
item,6677,-0.114325576
item,6678,0.0719069466
item,6679,-0.0561304204
item,6680,0.0502640232
item,6681,-0.129904538
item,6682,-0.120433614
item,6683,-0.109165393
item,6684,-0.026994817
item,6685,-0.00947291404
item,6686,-0.109118193
item,6687,0.0841142982
item,6688,-0.151372418
item,6689,-0.0208148472
item,6690,-0.112323761
item,6691,0.0425468534
item,6692,-0.0441555753
item,6693,0.0673483685
item,6694,0.135578141
item,6695,0.030897636
item,6696,-0.140825123
item,6697,-0.232978627
item,6698,-0.0157096982
item,6699,-0.0892687887
item,6700,0.0589470565
item,6701,0.0359528884
item,6702,0.0128550893
item,6703,-0.409035504
item,6704,0.273592949
item,6705,-0.0858343765
item,6706,0.0735393912
item,6707,0.0279987417
item,6708,0.0536181219
item,6709,0.164461792
item,6710,0.196302921
item,6711,0.0257095136
item,6712,-0.0526262373
item,6713,-0.279620618
item,6714,-0.188561052
item,6715,-0.0852259248
item,6716,-0.190332249
item,6717,0.0775016844
item,6718,-0.0792320147
item,6719,-0.0957094133
item,6720,-0.277284384
item,6721,-0.298913568
item,6722,0.213148803
item,6723,0.136431783
item,6724,0.0628683269
item,6725,-0.0916256309
item,6726,-0.0394479483
item,6727,0.142252177
item,6728,0.0702185035
item,6729,0.215159148
item,6730,0.262746841
item,6731,0.123412788
item,6732,0.127966747
item,6733,0.209290475
item,6734,0.230177224
item,6735,-0.0469767526
item,6736,-0.0271902755
item,6737,-0.0808368772
item,6738,-0.16014123
item,6739,0.169612318
item,6740,0.0212322399
item,6741,0.0428314134
item,6742,-0.0599714257
item,6743,0.130616352
item,6744,0.0598265082
item,6745,-0.224630892
item,6746,0.197626889
item,6747,0.160899758
item,6748,0.225183427
item,6749,0.135180682
item,6750,0.0892011747
item,6751,0.177641764
item,6752,0.212367415
item,6753,0.191427693
item,6754,0.0724922195
item,6755,-0.170252696
item,6756,0.0432832129
item,6757,-0.0312335044
item,6758,-0.138224885
item,6759,-0.112672001
item,6760,0.0553634204
item,6761,-0.109301336
item,6762,0.167806357
item,6763,-0.0123617686
item,6764,0.0529768094
item,6765,-0.134489819
item,6766,-0.179952621
item,6767,0.0527971834
item,6768,-0.0256344378
item,6769,0.0311894901
item,6770,0.0814633444
item,6771,0.027193876
item,6772,-0.0134668723
item,6773,-0.116356812
item,6774,0.0619140379
item,6775,0.1408602
item,6776,-0.0415753536
item,6777,-0.290501297
item,6778,-0.331023306
item,6779,0.0763539225
item,6780,-0.110261619
item,6781,0.181361824
item,6782,-0.100197852
item,6783,-0.151274309
item,6784,-0.0647369474
item,6785,-0.259483397
item,6786,-0.0404172502
item,6787,-0.365751952
item,6788,-0.0541046485
item,6789,0.132295936
item,6790,-0.120988451
item,6791,-0.0214014165
item,6792,0.118339308
item,6793,0.177402943
item,6794,-0.0858974382
item,6795,0.180904806
item,6796,0.0683429763
item,6797,-0.129652798
item,6798,0.162779972
item,6799,-0.0443447232
item,6800,0.0417192951
item,6801,0.0413560793
item,6802,-0.142590135
item,6803,0.296531111
item,6804,0.0876557007
item,6805,-0.11856354
item,6806,0.0750337318
item,6807,0.125723153
item,6808,-0.0129558928
item,6809,0.0551306307
item,6810,-0.105715856
item,6811,-0.0532963015
item,6812,0.0190648697
item,6813,0.0396022573
item,6814,0.0386108458
item,6815,-0.0343706161
item,6816,0.148687556
item,6817,-0.116763741
item,6818,0.16120775
item,6819,-0.0245655403
item,6820,-0.0154899452
item,6821,-0.175423846
item,6822,-0.325131387
item,6823,-0.0323855728
item,6824,-0.00920172036
item,6825,-0.0761675462
item,6826,0.227614135
item,6827,-0.0847629234
item,6828,0.0776071548
item,6829,-0.27433157
item,6830,-0.138001233
item,6831,-0.107245699
item,6832,-0.211197793
item,6833,-0.0388617665
item,6834,0.00870646536
item,6835,-0.00749140978
item,6836,-0.134140745
item,6837,-0.0898671001
item,6838,-0.0844514146
item,6839,-0.238624036
item,6840,0.205396652
item,6841,0.0161315836
item,6842,0.17719996
item,6843,-0.170744285
item,6844,-0.355057955
item,6845,-0.0475651585
item,6846,-0.170644075
item,6847,0.0289331675
item,6848,-0.109152034
item,6849,-0.0903940424
item,6850,-0.261805564
item,6851,0.0457866378
item,6852,-0.218993872
item,6853,-0.0477154031
item,6854,0.142150432
item,6855,0.00871306844
item,6856,0.0887943357
item,6857,0.212989897
item,6858,-0.0257390421
item,6859,0.182534873
item,6860,-0.064220719
item,6861,-0.0577774681
item,6862,-0.295834512
item,6863,-0.0252121426
item,6864,0.0935919136
item,6865,-0.0136185978
item,6866,-0.167261407
item,6867,-0.200728029
item,6868,-0.114303134
item,6869,-0.14025563
item,6870,-0.110137463
item,6871,-0.0593035221
item,6872,-0.00502095371
item,6873,-0.207936004
item,6874,-0.0111672543
item,6875,0.0555197969
item,6876,-0.105012856
item,6877,-0.0639338866
item,6878,-0.181693494
item,6879,0.0583547577
item,6880,-0.0106172934
item,6881,0.0311197564
item,6882,-0.0995805115
item,6883,-0.0459764637
item,6884,0.141001537
item,6885,-0.0544338599
item,6886,-0.0337245539
item,6887,-0.0154118203
item,6888,-0.179517433
item,6889,0.0497497506
item,6890,-0.175587997
item,6891,-0.0138736218
item,6892,0.0237326026
item,6893,0.0363045074
item,6894,0.103167459
item,6895,-0.0929902568
item,6896,-0.119735055
item,6897,0.0494236052
item,6898,0.162368029
item,6899,0.113503374
item,6900,-0.0692123249
item,6901,0.0673697814
item,6902,0.0928552076
item,6903,-0.19267638
item,6904,0.0356598645
item,6905,-0.0639809594
item,6906,-0.278426975
item,6907,0.00219872221
item,6908,-0.121538192
item,6909,-0.0702181607
item,6910,-0.00579393655
item,6911,-0.0473346673
item,6912,-0.108978592
item,6913,0.00805097073
item,6914,0.136969775
item,6915,-0.101905294
item,6916,0.243764728
item,6917,0.0336941406
item,6918,-0.0165304951
item,6919,0.022734724
item,6920,0.196162283
item,6921,-0.00410062727
item,6922,0.0808446333
item,6923,0.0195614621
item,6924,0.0546144843
item,6925,-0.153776571
item,6926,-0.0200386122
item,6927,0.0117151551
item,6928,0.107004076
item,6929,-0.023470331
item,6930,0.0149958692
item,6931,-0.0841843933
item,6932,0.088133499
item,6933,0.0704251975
item,6934,-0.0989846066
item,6935,0.0305880904
item,6936,0.0239875875
item,6937,-0.149808913
item,6938,0.095097959
item,6939,-0.15710777
item,6940,-0.110076718
item,6941,-0.0182763822
item,6942,0.0154578798
item,6943,-0.0696695596
item,6944,-0.124620155
item,6945,0.0841843411
item,6946,0.0864243209
item,6947,-0.0676767379
item,6948,0.0670106262
item,6949,-0.0146108996
item,6950,0.0815471411
item,6951,0.0111867897
item,6952,-0.117203087
item,6953,-0.106861822
item,6954,-0.0812447667
item,6955,0.0804612041
item,6956,-0.042545747
item,6957,-0.0521399975
item,6958,-0.216199934
item,6959,-0.0741701648
item,6960,0.120357849
item,6961,-0.0263249185
item,6962,0.0525326952
item,6963,-0.0834243447
item,6964,0.0433792621
item,6965,0.0428391919
item,6966,-0.0532054827
item,6967,0.117730334
item,6968,-0.186785012
item,6969,-0.0409171358
item,6970,-0.0861454308
item,6971,0.398699582
item,6972,-0.113699071
item,6973,-0.14962469
item,6974,-0.206138507
item,6975,-0.00406723097
item,6976,0.064464137
item,6977,-0.263540566
item,6978,0.0605060831
item,6979,0.112518959
item,6980,-0.0759909004
item,6981,0.210237846
item,6982,0.0175347887
item,6983,-0.0655729473
item,6984,0.0667785257
item,6985,0.0333367959
item,6986,-0.00260870531
item,6987,0.137022585
item,6988,-0.0444803201
item,6989,-0.0530177057
item,6990,0.0859806463
item,6991,-0.343545586
item,6992,-0.1355865
item,6993,-0.178934008
item,6994,0.0493229218
item,6995,0.0060385447
item,6996,0.124842398
item,6997,0.0533226356
item,6998,0.0426738039
item,6999,-0.00475043943
item,7000,-0.153359175
item,7001,-0.113155663
item,7002,0.115245603
item,7003,0.154373318
item,7004,-0.0443108976
item,7005,-0.0372502655
item,7006,-0.136515081
item,7007,-0.00213356316
item,7008,0.283894867
item,7009,-0.127736419
item,7010,-0.130023867
item,7011,-0.13649416
item,7012,-0.0199052989
item,7013,0.322287798
item,7014,0.146818206
item,7015,-0.235770628
item,7016,-0.0959904343
item,7017,0.0701400042
item,7018,-0.010797143
item,7019,0.0393886045
item,7020,0.147182465
item,7021,-0.0342431888
item,7022,0.0738954842
item,7023,-0.17097187
item,7024,0.0186989848
item,7025,0.0759363323
item,7026,-0.00106153637
item,7027,-0.0993082002
item,7028,-0.194700032
item,7029,0.120997265
item,7030,0.0255975984
item,7031,-0.114992462
item,7032,0.238164335
item,7033,0.0488927737
item,7034,-0.0482973456
item,7035,0.0730789304
item,7036,0.357863456
item,7037,0.0602147728
item,7038,-0.037927188
item,7039,-0.183782414
item,7040,0.179020822
item,7041,-0.0865530595
item,7042,-0.0298115686
item,7043,-0.127828002
item,7044,-0.122713856
item,7045,-0.130691856
item,7046,-0.140721723
item,7047,0.163338244
item,7048,-0.150689781
item,7049,-0.0930313021
item,7050,0.0251488164
item,7051,0.0749925524
item,7052,0.172086582
item,7053,-0.035938777
item,7054,-0.0184440613
item,7055,0.091980435
item,7056,0.0262243748
item,7057,0.0882746726
item,7058,0.0198167805
item,7059,-0.0877664983
item,7060,0.0609100126
item,7061,0.0459670685
item,7062,0.149173155
item,7063,-0.165050611
item,7064,-0.074684009
item,7065,-0.0264903437
item,7066,-0.0380477458
item,7067,-0.0636366606
item,7068,-0.0853482038
item,7069,-0.02733282
item,7070,0.0406528488
item,7071,-0.0202554073
item,7072,0.077729255
item,7073,-0.148697451
item,7074,-0.142139807
item,7075,0.179376125
item,7076,0.0462859347
item,7077,-0.155955166
item,7078,-0.0166906677
item,7079,0.147623956
item,7080,-0.150269568
item,7081,0.019196
item,7082,0.0110620596
item,7083,0.0110647343
item,7084,0.0362974741
item,7085,0.126774266
item,7086,0.0776216984
item,7087,0.289289117
item,7088,0.024938859
item,7089,0.295315862
item,7090,-0.11548619
item,7091,0.0375220776
item,7092,-0.028192617
item,7093,-0.0178637747
item,7094,0.0478438735
item,7095,0.0839324221
item,7096,-0.0527504161
item,7097,-0.194479495
item,7098,0.133003235
item,7099,-0.0947631896
item,7100,-0.25045082
item,7101,0.0496442728
item,7102,-0.0191200934
item,7103,-0.0856354535
item,7104,-0.0130939893
item,7105,0.0268733352
item,7106,-0.195386514
item,7107,0.200808898
item,7108,0.00806656852
item,7109,-0.0353773832
item,7110,0.0368843451
item,7111,0.0276821963
item,7112,0.0329464898
item,7113,-0.17106542
item,7114,0.0345198661
item,7115,0.0463531092
item,7116,0.0100026559
item,7117,0.128585532
item,7118,0.0673965886
item,7119,-0.0868974999
item,7120,-0.0130315684
item,7121,-0.290729195
item,7122,-0.0289893709
item,7123,-0.0589625239
item,7124,-0.00796811283
item,7125,-0.185743928
item,7126,0.121826716
item,7127,-0.187020287
item,7128,0.221338317
item,7129,-0.039776139
item,7130,0.0794254839
item,7131,-0.0232182555
item,7132,0.0878304839
item,7133,0.0941507965
item,7134,-0.0697060078
item,7135,0.033732757
item,7136,0.104955584
item,7137,-0.0373748168
item,7138,-0.0316801444
item,7139,-0.0012110509
item,7140,0.139269069
item,7141,-0.2933864
item,7142,0.0277309231
item,7143,-0.0298472457
item,7144,0.0379596353
item,7145,-0.399525881
item,7146,-0.107347906
item,7147,-0.0574416295
item,7148,-0.0434954353
item,7149,-0.00120377913
item,7150,0.000900741667
item,7151,-0.222085506
item,7152,-0.00308644399
item,7153,-0.209123567
item,7154,0.0818690658
item,7155,0.0503215194
item,7156,0.114320479
item,7157,0.247072577
item,7158,-0.0738286227
item,7159,-0.141198277
item,7160,-0.0183382612
item,7161,0.0172197949
item,7162,0.1257855
item,7163,-0.0337211788
item,7164,-0.2299954
item,7165,-0.0337655731
item,7166,-0.0373236388
item,7167,0.148183942
item,7168,-0.0195763577
item,7169,-0.112360209
item,7170,0.123765305
item,7171,-0.0254533384
item,7172,0.10857749
item,7173,0.0211118571
item,7174,-0.112980805
item,7175,-0.0824745297
item,7176,0.00289991312
item,7177,0.0355495587
item,7178,0.0555792041
item,7179,-0.146193191
item,7180,0.052237127
item,7181,-0.176711813
item,7182,0.0311303698
item,7183,0.041017063
item,7184,0.0327664614
item,7185,-0.00725493766
item,7186,0.010537073
item,7187,-0.162619263
item,7188,0.0798779279
item,7189,-0.0822536349
item,7190,-0.0158921257
item,7191,-0.117937148
item,7192,0.0141901523
item,7193,0.268817127
item,7194,0.0706901699
item,7195,-0.239654273
item,7196,-0.187667489
item,7197,0.084045805
item,7198,0.144041076
item,7199,0.31555298
item,7200,0.236257672
item,7201,0.199899286
item,7202,-0.0584788769
item,7203,-0.0658515096
item,7204,-0.129619077
item,7205,0.0879236311
item,7206,-0.055418469
item,7207,-0.121036932
item,7208,-0.0416464172
item,7209,-0.116241053
item,7210,0.111550212
item,7211,-0.0191447698
item,7212,0.00152064115
item,7213,0.111047558
item,7214,-0.120112225
item,7215,-0.112691343
item,7216,-0.0747282505
item,7217,0.202381641
item,7218,0.11235933
item,7219,0.194736958
item,7220,0.271926999
item,7221,-0.0410915017
item,7222,-0.0568026751
item,7223,-0.0169208292
item,7224,-0.0826233104
item,7225,0.176048487
item,7226,-0.098947607
item,7227,-0.350070208
item,7228,0.126665026
item,7229,-0.0730659813
item,7230,-0.0872131586
item,7231,0.131668732
item,7232,-0.0523551591
item,7233,-0.0922600329
item,7234,0.0965440273
item,7235,-0.00586003065
item,7236,0.028833475
item,7237,-0.0543624274
item,7238,-0.068007268
item,7239,-0.054537151
item,7240,-0.0326026715
item,7241,0.0848486871
item,7242,0.117228597
item,7243,-0.227040499
item,7244,0.0350137949
item,7245,0.0314357802
item,7246,0.0969101712
item,7247,-0.0573115535
item,7248,-0.116971195
item,7249,-0.194744766
item,7250,0.0185877196
item,7251,-0.090144597
item,7252,-0.121125236
item,7253,-0.181480795
item,7254,-0.0722012073
item,7255,-0.0777961239
item,7256,-0.110689133
item,7257,0.0477734841
item,7258,0.0723380148
item,7259,0.046012979
item,7260,-0.0568837039
item,7261,0.281315237
item,7262,0.0789358914
item,7263,-0.140574828
item,7264,0.250901222
item,7265,-0.0221347809
item,7266,0.0414472744
item,7267,-0.0483502299
item,7268,-0.0994748101
item,7269,0.1088816
item,7270,-0.0674398616
item,7271,-0.0228212699
item,7272,0.00757226534
item,7273,-0.0788309723
item,7274,-0.0584215336
item,7275,0.0450365096
item,7276,0.0500999317
item,7277,-0.225618646
item,7278,-0.190477267
item,7279,-0.174288541
item,7280,0.0606351122
item,7281,-0.000518925488
item,7282,-0.129256353
item,7283,-0.144388437
item,7284,-0.238449052
item,7285,0.0951720104
item,7286,0.00647333264
item,7287,0.0442651398
item,7288,-0.157388985
item,7289,-0.180519953
item,7290,-0.00251727551
item,7291,-0.143551871
item,7292,0.130940512
item,7293,0.0514813922
item,7294,0.0476020798
item,7295,0.138135582
item,7296,0.145730823
item,7297,0.210721239
item,7298,0.152698219
item,7299,-0.00424394011
item,7300,0.064746514
item,7301,0.0856319889
item,7302,0.0687960386
item,7303,-0.228988171
item,7304,0.0957770795
item,7305,-0.031524308
item,7306,-0.015535444
item,7307,-0.0625177845
item,7308,0.0187112
item,7309,0.0813182443
item,7310,-0.0993237197
item,7311,0.0742709637
item,7312,-0.0968878046
item,7313,0.190459177
item,7314,-0.00550817419
item,7315,-0.0818589702
item,7316,-0.0919950455
item,7317,0.354522467
item,7318,-0.141528457
item,7319,-0.146597117
item,7320,-0.301235795
item,7321,-0.100759827
item,7322,-0.214752138
item,7323,-0.0556334928
item,7324,-0.061774157
item,7325,0.0390184373
item,7326,-0.284692198
item,7327,-0.0273871515
item,7328,-0.126807615
item,7329,-0.218137681
item,7330,-0.129528806
item,7331,-0.275888592
item,7332,0.0084664654
item,7333,-0.0677710623
item,7334,-0.187953621
item,7335,-0.12707752
item,7336,-0.101480573
item,7337,-0.135036126
item,7338,-0.215278015
item,7339,-0.20125702
item,7340,-0.0498080701
item,7341,0.209267184
item,7342,-0.0645318851
item,7343,-0.036989145
item,7344,0.146475151
item,7345,-0.0430630557
item,7346,-0.0253780093
item,7347,0.0886070207
item,7348,-0.0415599048
item,7349,0.298056513
item,7350,0.05970186
item,7351,-0.00533818826
item,7352,0.0289800651
item,7353,-0.0464231186
item,7354,0.0276072919
item,7355,0.00768306013
item,7356,-0.0347923413
item,7357,-0.0401539914
item,7358,-0.283261776
item,7359,0.199795052
item,7360,-0.0501388721
item,7361,-0.239773005
item,7362,-0.0386902019
item,7363,-0.0811389312
item,7364,0.0368022993
item,7365,-0.0212855674
item,7366,-0.154710725
item,7367,-0.141760021
item,7368,0.027624378
item,7369,0.0838949904
item,7370,-0.093147777
item,7371,-0.0272600185
item,7372,0.0626468733
item,7373,-0.254593343
item,7374,0.0010098666
item,7375,0.110667199
item,7376,-0.00279891491
item,7377,-0.00543498993
item,7378,-0.0608969741
item,7379,-0.124746457
item,7380,0.0721444264
item,7381,0.0836282745
item,7382,0.037072666
item,7383,-0.11614231
item,7384,0.0559845939
item,7385,0.282981545
item,7386,0.14700532
item,7387,0.0720659122
item,7388,-0.0970365703
item,7389,0.16284585
item,7390,-0.269645363
item,7391,0.0686977953
item,7392,-0.193257824
item,7393,0.0864562243
item,7394,-0.0013214685
item,7395,0.0679208115
item,7396,-0.0792542398
item,7397,-0.215415135
item,7398,-0.151600301
item,7399,-0.0555986688
item,7400,-0.18926686
item,7401,-0.0612827688
item,7402,0.106474653
item,7403,-0.142096281
item,7404,-0.0800926313
item,7405,0.00166168064
item,7406,0.18872568
item,7407,0.0549400151
item,7408,-0.0405983776
item,7409,0.170593143
item,7410,0.145363495
item,7411,-0.0423140973
item,7412,-0.000325489789
item,7413,-0.134205326
item,7414,-0.0245427378
item,7415,-0.0758407041
item,7416,-0.181088477
item,7417,0.134473026
item,7418,0.106272101
item,7419,-0.260118544
item,7420,-0.0660641864
item,7421,0.00570420315
item,7422,-0.131387934
item,7423,-0.0396227911
item,7424,0.111844577
item,7425,-0.0417357981
item,7426,0.291831225
item,7427,0.0359889306
item,7428,0.0557098128
item,7429,0.0564133674
item,7430,0.132424876
item,7431,-0.214603782
item,7432,-0.0940811336
item,7433,-0.115013547
item,7434,0.00717809051
item,7435,-0.19382292
item,7436,-0.0266558416
item,7437,0.0850409493
item,7438,-0.0569936149
item,7439,0.00582211651
item,7440,0.0689785257
item,7441,-0.129231766
item,7442,-0.148665369
item,7443,0.0267327093
item,7444,-0.0278374404
item,7445,0.146065399
item,7446,0.151764721
item,7447,0.0642325804
item,7448,-0.0193959735
item,7449,-0.0817546919
item,7450,-0.117124267
item,7451,0.033001285
item,7452,-0.115322687
item,7453,-0.122149028
item,7454,0.00996802747
item,7455,-0.124550417
item,7456,0.147517264
item,7457,0.0495149866
item,7458,0.155994207
item,7459,-0.155922472
item,7460,-0.218811899
item,7461,0.159441903
item,7462,-0.0904399306
item,7463,-0.0626991391
item,7464,-0.378344327
item,7465,0.0656993538
item,7466,0.226578146
item,7467,0.0949074328
item,7468,0.056282375
item,7469,0.102680176
item,7470,-0.0305934437
item,7471,0.0206221938
item,7472,-0.00893097371
item,7473,-0.0925672501
item,7474,-0.139203593
item,7475,-0.15176414
item,7476,0.162912607
item,7477,-0.0656456426
item,7478,-0.02971627
item,7479,0.0312428158
item,7480,-0.230905324
item,7481,-0.0890978798
item,7482,0.170270532
item,7483,-0.0542135835
item,7484,-0.026259765
item,7485,0.109724626
item,7486,-0.357619435
item,7487,-0.132405758
item,7488,0.109702386
item,7489,-0.205557957
item,7490,0.0500304997
item,7491,0.143559903
item,7492,-0.00232766196
item,7493,0.0469138362
item,7494,-0.124759972
item,7495,-0.0213664174
item,7496,0.113502994
item,7497,-0.133631811
item,7498,-0.100543864
item,7499,0.29833889
item,7500,-0.032503821
item,7501,-0.0927332044
item,7502,-0.0478641614
item,7503,-0.0949905962
item,7504,-0.0171296336
item,7505,0.0390938818
item,7506,-0.183554858
item,7507,-0.0726959705
item,7508,-0.0833504796
item,7509,0.17456539
item,7510,0.14827323
item,7511,-0.019607652
item,7512,-0.21871528
item,7513,0.0271368735
item,7514,0.0458072796
item,7515,-0.0474528745
item,7516,-0.0354852565
item,7517,-0.0162285343
item,7518,0.15956673
item,7519,0.217738569
item,7520,-0.109898627
item,7521,-0.210609883
item,7522,0.0371322483
item,7523,0.00150798261
item,7524,-0.178272188
item,7525,-0.189769745
item,7526,-0.0839968175
item,7527,-0.147499293
item,7528,-0.0700410157
item,7529,0.0829690397
item,7530,0.174151987
item,7531,0.135549262
item,7532,0.033288952
item,7533,-0.0370031223
item,7534,0.173131645
item,7535,0.223259985
item,7536,0.119744219
item,7537,0.0297453031
item,7538,-0.0540318936
item,7539,0.0121589024
item,7540,-0.0252285451
item,7541,-0.0330054238
item,7542,-0.000271432102
item,7543,-0.0637242869
item,7544,0.0487400964
item,7545,-0.0718959272
item,7546,-0.0815096945
item,7547,0.120756507
item,7548,-0.068748638
item,7549,0.12762697
item,7550,-0.0914520621
item,7551,0.100164637
item,7552,-0.000811427832
item,7553,-0.138550788
item,7554,-0.031303782
item,7555,0.0658825785
item,7556,0.0962147415
item,7557,-0.0155757405
item,7558,0.118896097
item,7559,-0.036362458
item,7560,0.180419803
item,7561,0.050057441
item,7562,-0.0136835976
item,7563,-0.0650267899
item,7564,0.0702046305
item,7565,-0.0220439099
item,7566,-0.000388622284
item,7567,0.0543259829
item,7568,-0.131391689
item,7569,0.00600231066
item,7570,0.190237314
item,7571,0.0439532958
item,7572,-0.184547156
item,7573,-0.0634264201
item,7574,-0.166768223
item,7575,-0.105049036
item,7576,-0.164299175
item,7577,-0.0785635412
item,7578,-0.0847110674
item,7579,0.159781069
item,7580,0.0481894687
item,7581,0.0945488811
item,7582,0.0267211441
item,7583,0.0528696999
item,7584,-0.00592277199
item,7585,0.0732559413
item,7586,-0.0166153684
item,7587,0.10581661
item,7588,0.340019733
item,7589,0.106530443
item,7590,0.25417313
item,7591,0.139940426
item,7592,0.160049841
item,7593,0.0818315446
item,7594,-0.019530531
item,7595,0.0420587435
item,7596,-0.0125972182
item,7597,-0.312321395
item,7598,0.0247674398
item,7599,-0.0653075129
item,7600,0.0469544977
item,7601,0.0344543979
item,7602,-0.0715993345
item,7603,0.0983139351
item,7604,-0.0477470234
item,7605,0.133252114
item,7606,0.00550158881
item,7607,0.029732503
item,7608,-0.0262633078
item,7609,-0.0150533505
item,7610,-0.165460438
item,7611,-0.253377914
item,7612,-0.221958429
item,7613,-0.200704485
item,7614,-0.343841106
item,7615,-0.0127690472
item,7616,-0.144851297
item,7617,-0.0375203565
item,7618,0.125226095
item,7619,0.115245745
item,7620,-0.120539166
item,7621,0.19922404
item,7622,-0.0207433347
item,7623,0.133775145
item,7624,-0.0205665678
item,7625,-0.121739909
item,7626,-0.168082505
item,7627,-0.190849468
item,7628,-0.0332991555
item,7629,-0.136793464
item,7630,-0.0801021308
item,7631,-0.17359975
item,7632,-0.118798271
item,7633,-0.103486151
item,7634,0.0103304032
item,7635,-0.0180620421
item,7636,-0.0740644336
item,7637,0.0388387628
item,7638,0.0597214624
item,7639,-0.248946726
item,7640,-0.0180250518
item,7641,0.0173066854
item,7642,-0.0377595089
item,7643,-0.0252510998
item,7644,0.0625207871
item,7645,0.0912536308
item,7646,-0.00183226727
item,7647,0.066256769
item,7648,0.00507564843
item,7649,-0.00360634364
item,7650,-0.179372162
item,7651,0.173597515
item,7652,-0.0827799961
item,7653,-0.0438703671
item,7654,0.0606140457
item,7655,-0.14772886
item,7656,-0.0638912544
item,7657,0.0305389185
item,7658,0.131925225
item,7659,-0.023855472
item,7660,-0.0144775007
item,7661,-0.0138188191
item,7662,-0.106864884
item,7663,0.0679128394
item,7664,0.0881117731
item,7665,0.0746257827
item,7666,-0.175234169
item,7667,-0.0888723508
item,7668,0.0398802944
item,7669,-0.123528749
item,7670,0.0498742424
item,7671,0.0367606394
item,7672,-0.0531272478
item,7673,0.0959026664
item,7674,-0.0387351476
item,7675,-0.0301664956
item,7676,0.112070635
item,7677,0.146296725
item,7678,0.231821209
item,7679,-0.0562156327
item,7680,0.0167357922
item,7681,0.0662414134
item,7682,-0.0803083926
item,7683,-0.149847895
item,7684,-0.18565385
item,7685,0.0425499678
item,7686,0.100564331
item,7687,-0.0283488706
item,7688,-0.224901319
item,7689,-0.132974237
item,7690,0.100356236
item,7691,0.0934452191
item,7692,-0.132617682
item,7693,-0.0415514559
item,7694,0.114988096
item,7695,-0.228819326
item,7696,0.0916989893
item,7697,0.00373793393
item,7698,-0.065040648
item,7699,-0.13633734
item,7700,-0.0703237802
item,7701,-0.0621761009
item,7702,-0.0373204835
item,7703,-0.0367547162
item,7704,-0.126883075
item,7705,0.276994497
item,7706,0.0285147112
item,7707,0.17019999
item,7708,0.124294035
item,7709,-0.0696253777
item,7710,0.166683584
item,7711,-0.000868896022
item,7712,-0.0507232696
item,7713,-0.0243090224
item,7714,-0.169929326
item,7715,0.00449557789
item,7716,-0.0966010094
item,7717,-0.327991217
item,7718,0.161123887
item,7719,0.00300959963
item,7720,0.248288512
item,7721,-0.253728569
item,7722,-0.0706457198
item,7723,0.102421761
item,7724,0.0509013683
item,7725,0.0631025061
item,7726,0.00297201984
item,7727,0.333490133
item,7728,0.290129274
item,7729,-0.113326713
item,7730,-0.214807615
item,7731,-0.107983686
item,7732,0.300277293
item,7733,0.00556396134
item,7734,-0.00451267511
item,7735,-0.112545714
item,7736,-0.125417545
item,7737,0.226733774
item,7738,-0.0537205711
item,7739,-0.145709366
item,7740,-0.0502042398
item,7741,-0.157715917
item,7742,0.0317326859
item,7743,-0.0036102999
item,7744,-0.158308297
item,7745,0.228416473
item,7746,0.0817287937
item,7747,0.128032312
item,7748,0.0290365852
item,7749,-0.0601053573
item,7750,-0.122546718
item,7751,0.175833344
item,7752,-0.1189062
item,7753,0.130905956
item,7754,-0.0749770105
item,7755,0.0307267755
item,7756,0.125412107
item,7757,-0.0831391513
item,7758,0.251214802
item,7759,-0.188568056
item,7760,-0.136486769
item,7761,0.0971085578
item,7762,-0.014592547
item,7763,-0.0317188948
item,7764,-0.161487132
item,7765,-0.104967847
item,7766,0.171671659
item,7767,0.15487656
item,7768,-0.239632651
item,7769,0.0510568209
item,7770,0.0547123067
item,7771,-0.150843084
item,7772,0.138160735
item,7773,-0.00643428788
item,7774,0.0263575837
item,7775,0.0610201061
item,7776,-0.177861392
item,7777,-0.00755247101
item,7778,-0.278278768
item,7779,0.195625484
item,7780,-0.239349768
item,7781,-0.00515657663
item,7782,0.336417049
item,7783,0.115385577
item,7784,0.108095393
item,7785,0.361521482
item,7786,0.0685337707
item,7787,0.108808264
item,7788,-0.055588536
item,7789,0.201549113
item,7790,0.071243614
item,7791,-0.0280624628
item,7792,-0.0953782797
item,7793,-0.127920091
item,7794,-0.0659800172
item,7795,0.130739927
item,7796,0.0114712613
item,7797,0.0552629009
item,7798,-0.418092668
item,7799,-0.0644145831
item,7800,-0.15026699
item,7801,-0.138996154
item,7802,6.25997782e-05
item,7803,-0.0705332682
item,7804,0.000828882679
item,7805,0.293570936
item,7806,-0.0703415796
item,7807,-0.184735507
item,7808,0.0328142978
item,7809,0.0974738747
item,7810,0.084522441
item,7811,-0.0867037103
item,7812,0.0752095282
item,7813,-0.085982874
item,7814,-0.0808514059
item,7815,-0.0386531875
item,7816,0.0326006375
item,7817,-0.0717592165
item,7818,-0.0428462774
item,7819,-0.105857052
item,7820,-0.0461587124
item,7821,-0.0302621908
item,7822,0.113513537
item,7823,-0.0922735035
item,7824,-0.0251385272
item,7825,-0.156554431
item,7826,-0.195992544
item,7827,0.0148791075
item,7828,-0.0529337786
item,7829,-0.0623767674
item,7830,-0.118156515
item,7831,0.0520989746
item,7832,-0.0848439932
item,7833,-0.0795600861
item,7834,0.0540505722
item,7835,5.32418489e-05
item,7836,0.0391959436
item,7837,-0.0969573557
item,7838,0.0111603811
item,7839,0.213079095
item,7840,0.0407690965
item,7841,-0.0143548362
item,7842,-0.068990916
item,7843,0.00454460643
item,7844,0.0883666575
item,7845,0.0488411561
item,7846,-0.150277004
item,7847,0.260147721
item,7848,-0.0574125871
item,7849,0.206864089
item,7850,-0.0243050233
item,7851,0.0512014627
item,7852,-0.046676375
item,7853,0.0483604297
item,7854,0.0782633126
item,7855,0.0394146293
item,7856,0.0657103658
item,7857,0.0255234614
item,7858,-0.0707698166
item,7859,0.00885677524
item,7860,-0.23153384
item,7861,-0.00732741505
item,7862,0.0394950062
item,7863,0.286782265
item,7864,0.148730844
item,7865,0.00670932792
item,7866,0.0621526688
item,7867,-0.112164102
item,7868,-0.0298659056
item,7869,0.131088898
item,7870,-0.0598545633
item,7871,0.0800968558
item,7872,0.258630782
item,7873,0.0943961516
item,7874,-0.0246629957
item,7875,0.0734128803
item,7876,0.160717249
item,7877,-0.0299916249
item,7878,-0.130639121
item,7879,0.0999009684
item,7880,0.117723107
item,7881,0.0378054529
item,7882,0.171106249
item,7883,0.176156059
item,7884,0.188191891
item,7885,-0.0572745278
item,7886,-0.154281884
item,7887,-0.165698513
item,7888,0.117640048
item,7889,-0.0645408928
item,7890,0.195998609
item,7891,-0.0551679656
item,7892,-0.0237691198
item,7893,0.0728356913
item,7894,-0.0397091582
item,7895,0.243995413
item,7896,-0.2778157
item,7897,-0.12660481
item,7898,0.173091128
item,7899,-0.0184943266
item,7900,-0.0734788105
item,7901,-0.0727517828
item,7902,-0.0373481289
item,7903,-0.0664978325
item,7904,0.0713761225
item,7905,-0.16214487
item,7906,0.0304674115
item,7907,-0.0182705
item,7908,-0.0375236869
item,7909,-0.12901029
item,7910,-0.0412835367
item,7911,-0.16244112
item,7912,-0.217238888
item,7913,-0.00951839983
item,7914,-0.0355389379
item,7915,-0.0871992931
item,7916,-0.0282263551
item,7917,-0.00882623531
item,7918,0.0149819776
item,7919,0.159773171
item,7920,-0.0745562315
item,7921,0.0940891057
item,7922,-0.0410945043
item,7923,0.0242612045
item,7924,0.0373187177
item,7925,-0.0835650489
item,7926,-0.0149631035
item,7927,-0.1002983
item,7928,-0.023239281
item,7929,-0.0106903734
item,7930,-0.00890203193
item,7931,-0.183364153
item,7932,0.113784403
item,7933,-0.0292272605
item,7934,0.0481044203
item,7935,-0.0199792646
item,7936,0.0562001988
item,7937,0.0694309101
item,7938,-0.0301568639
item,7939,-0.1518583
item,7940,-0.0713793337
item,7941,0.100618139
item,7942,0.154003114
item,7943,0.100671381
item,7944,-0.116227552
item,7945,0.169742733
item,7946,-0.137562007
item,7947,-0.147809803
item,7948,0.082843706
item,7949,0.00697667524
item,7950,-0.0844675303
item,7951,-0.185761511
item,7952,-0.0384316705
item,7953,-0.0953356549
item,7954,-0.148647398
item,7955,-0.138137415
item,7956,-0.042346891
item,7957,0.014744699
item,7958,-0.14335005
item,7959,-0.171569407
item,7960,-0.232339084
item,7961,0.117033191
item,7962,0.0970434546
item,7963,-0.0602680817
item,7964,-0.0776969418
item,7965,-0.167161763
item,7966,0.195910573
item,7967,0.312712491
item,7968,0.0608996116
item,7969,-0.0369463339
item,7970,-0.0732783675
item,7971,-0.00676637888
item,7972,-0.16069591
item,7973,0.0814511478
item,7974,0.0943328664
item,7975,-0.0314994715
item,7976,0.142932221
item,7977,-0.0573489293
item,7978,-0.125943661
item,7979,-0.0853243694
item,7980,-0.107278779
item,7981,0.0597887971
item,7982,0.0679624826
item,7983,-0.00773622096
item,7984,0.0634977967
item,7985,0.151292413
item,7986,0.125474855
item,7987,-0.0177310929
item,7988,0.189366862
item,7989,-0.124980226
item,7990,0.0740913674
item,7991,0.236110568
item,7992,-0.119658433
item,7993,-0.170127302
item,7994,-0.0919844508
item,7995,0.00120002404
item,7996,0.0844762325
item,7997,0.11255119
item,7998,0.226602554
item,7999,-0.138032839
item,8000,-0.0957885385
item,8001,-0.045001667
item,8002,-0.01070196
item,8003,-0.140461698
item,8004,-0.0855953395
item,8005,0.174239412
item,8006,-0.118098915
item,8007,0.213169158
item,8008,0.0692181364
item,8009,-0.0224279314
item,8010,-0.011554338
item,8011,0.0146138584
item,8012,-0.148289025
item,8013,-0.162108034
item,8014,-0.107519612
item,8015,-0.0956058353
item,8016,0.228831485
item,8017,-0.0523854792
item,8018,0.196075231
item,8019,0.0321706831
item,8020,0.159720421
item,8021,0.028478574
item,8022,-0.0364819095
item,8023,-0.117104918
item,8024,-0.044114396
item,8025,-0.0629947856
item,8026,0.126442224
item,8027,-0.113405056
item,8028,0.059476655
item,8029,0.143204033
item,8030,0.208267212
item,8031,0.00868367311
item,8032,-0.0711993575
item,8033,0.017534364
item,8034,-0.0952366218
item,8035,0.10660968
item,8036,0.24347207
item,8037,0.252479106
item,8038,-0.204432949
item,8039,-0.0453827269
item,8040,-0.082896404
item,8041,0.114259303
item,8042,-0.0216052644
item,8043,0.254355133
item,8044,-0.15000014
item,8045,0.0334443785
item,8046,0.0792547613
item,8047,-0.00332719833
item,8048,-0.148406982
item,8049,0.259033322
item,8050,-0.00429541618
item,8051,-0.102698416
item,8052,0.00247460231
item,8053,-0.0286815614
item,8054,0.143565729
item,8055,-0.0215602014
item,8056,0.19573614
item,8057,-0.114918023
item,8058,-0.159260839
item,8059,0.095958814
item,8060,0.0132813659
item,8061,0.0529749095
item,8062,-0.230984867
item,8063,0.0614356399
item,8064,-0.196382508
item,8065,-0.1349843
item,8066,-0.00387255847
item,8067,0.196522668
item,8068,-0.0908893347
item,8069,-0.188412622
item,8070,0.138343483
item,8071,-0.0136534218
item,8072,-0.127339289
item,8073,0.141578674
item,8074,0.194559559
item,8075,-0.000997558236
item,8076,-0.0323543623
item,8077,0.0837304741
item,8078,0.0712386519
item,8079,0.107586682
item,8080,-0.200873345
item,8081,-0.109353721
item,8082,-0.181579307
item,8083,-0.00966044143
item,8084,0.065070793
item,8085,-0.0244191065
item,8086,0.101201236
item,8087,-0.0305755772
item,8088,0.234672248
item,8089,-0.0951253027
item,8090,-0.053715378
item,8091,-0.16754058
item,8092,0.17492646
item,8093,0.0641682744
item,8094,-0.0645579398
item,8095,-0.022880882
item,8096,-0.209374309
item,8097,-0.05468731
item,8098,-0.131689921
item,8099,0.0200703591
item,8100,0.0189571828
item,8101,-0.0814918131
item,8102,-0.0407331362
item,8103,-0.0279716402
item,8104,0.00364051759
item,8105,-0.0945009068
item,8106,-0.0600693598
item,8107,-0.171886519
item,8108,-0.210433111
item,8109,-0.0419554785
item,8110,0.136850581
item,8111,0.0263348632
item,8112,-0.122961536
item,8113,-0.114410602
item,8114,0.137566864
item,8115,-0.0520235859
item,8116,0.0907624587
item,8117,-0.22864528
item,8118,0.016446026
item,8119,0.220873401
item,8120,-0.190605342
item,8121,-0.166009903
item,8122,-0.0696295649
item,8123,0.035196431
item,8124,-0.0178992972
item,8125,-0.183688909
item,8126,0.0779154226
item,8127,-0.203338072
item,8128,-0.0202991776
item,8129,0.0438500121
item,8130,-0.130712017
item,8131,-0.102468707
item,8132,-0.170891792
item,8133,0.0624106266
item,8134,-0.0436160713
item,8135,-0.0547196195
item,8136,-0.0664230064
item,8137,0.135007992
item,8138,-0.231398955
item,8139,-0.15835084
item,8140,-0.193108797
item,8141,0.0255551524
item,8142,-0.0161283463
item,8143,-0.02735213
item,8144,-0.0584419407
item,8145,-0.284533083
item,8146,-0.0911751539
item,8147,-0.198140025
item,8148,-0.0364587642
item,8149,0.0968784168
item,8150,-0.00949213654
item,8151,0.0655371994
item,8152,-0.105808198
item,8153,-0.0320455059
item,8154,-0.200029969
item,8155,-0.0647100508
item,8156,-0.0959353372
item,8157,0.0779959783
item,8158,0.0105471313
item,8159,0.00485804863
item,8160,0.074340269
item,8161,-0.0613117963
item,8162,-0.134516627
item,8163,0.14226912
item,8164,-0.0588619113
item,8165,-0.029480828
item,8166,0.0530414991
item,8167,0.137785643
item,8168,-0.0267530903
item,8169,-0.276022851
item,8170,-0.0875605941
item,8171,0.0708840787
item,8172,-0.0132734776
item,8173,-0.198090911
item,8174,0.00920079648
item,8175,-0.0601233467
item,8176,-0.0144112781
item,8177,-0.0041275844
item,8178,0.0522825569
item,8179,0.00812585652
item,8180,-0.0221831053
item,8181,0.04963791
item,8182,0.0315969139
item,8183,0.0560122132
item,8184,-0.0510824397
item,8185,0.12185882
item,8186,0.167504877
item,8187,0.0657906979
item,8188,0.0744843632
item,8189,0.0380032882
item,8190,-0.128791615
item,8191,-0.143848717
item,8192,-0.0683682561
item,8193,-0.166016936
item,8194,0.0834829807
item,8195,-0.0101823844
item,8196,0.0692326352
item,8197,0.0622491315
item,8198,-0.0756893232
item,8199,-0.0823659748
item,8200,-0.0627308637
item,8201,-0.165621564
item,8202,0.0388394818
item,8203,-0.0185684916
item,8204,-0.236665294
item,8205,0.216565788
item,8206,0.0992223471
item,8207,0.118035108
item,8208,0.085993208
item,8209,0.21362415
item,8210,0.121532358
item,8211,0.0888598934
item,8212,0.246780559
item,8213,-0.180612177
item,8214,0.087687552
item,8215,-0.192254961
item,8216,0.165395856
item,8217,0.0246931054
item,8218,-0.143257335
item,8219,-0.115402497
item,8220,-0.0049895579
item,8221,-0.0459407344
item,8222,-0.114347443
item,8223,0.0191611871
item,8224,-0.0965533555
item,8225,0.114237905
item,8226,-0.182695165
item,8227,-0.130184799
item,8228,-0.188281059
item,8229,0.116187051
item,8230,0.109401874
item,8231,-0.156743303
item,8232,-0.155901104
item,8233,0.0827124566
item,8234,-0.210867018
item,8235,0.00111782737
item,8236,-0.137952313
item,8237,0.024263531
item,8238,0.00371000543
item,8239,-0.0516449288
item,8240,-0.0604912341
item,8241,-0.0256047212
item,8242,-0.173789144
item,8243,0.00148374401
item,8244,-0.0161434542
item,8245,0.153387666
item,8246,-0.0763989463
item,8247,0.0431505293
item,8248,0.0567108691
item,8249,-0.0210074224
item,8250,-0.247262388
item,8251,-0.0804237723
item,8252,0.0502425656
item,8253,0.201730281
item,8254,-0.0630422458
item,8255,0.0288270302
item,8256,0.0778013095
item,8257,-0.079788819
item,8258,-0.0737748295
item,8259,0.0342217647
item,8260,0.148319736
item,8261,-0.0936011374
item,8262,-0.143475711
item,8263,0.0638322234
item,8264,0.0884844363
item,8265,-0.0133315753
item,8266,0.165082723
item,8267,0.0481389165
item,8268,-0.15487048
item,8269,-0.122739799
item,8270,0.0496928841
item,8271,-0.0244425461
item,8272,-0.066530928
item,8273,-0.175453499
item,8274,-0.123461567
item,8275,-0.14452672
item,8276,0.0995783135
item,8277,0.160640717
item,8278,0.0754455999
item,8279,0.126409084
item,8280,0.010308085
item,8281,-0.126082405
item,8282,0.130670279
item,8283,-0.114271283
item,8284,0.13162291
item,8285,-0.0654432103
item,8286,0.11554946
item,8287,0.0740835816
item,8288,0.204620287
item,8289,-0.181477576
item,8290,0.00877015851
item,8291,-0.0146547034
item,8292,0.00155877229
item,8293,0.0390411988
item,8294,-0.249397621
item,8295,-0.0653584674
item,8296,0.0964640751
item,8297,-0.243216544
item,8298,0.00502093602
item,8299,-0.181036338
item,8300,-0.0290236883
item,8301,-0.0241591074
item,8302,-0.134050816
item,8303,-0.0595789403
item,8304,-0.0799008086
item,8305,-0.0145088099
item,8306,0.0715470165
item,8307,-0.11787343
item,8308,-0.297404319
item,8309,-0.204510868
item,8310,0.0509587601
item,8311,0.0920072049
item,8312,-0.0214043725
item,8313,-0.0637818873
item,8314,-0.0488311127
item,8315,-0.0854128823
item,8316,0.0301475227
item,8317,0.0523829162
item,8318,0.0114935907
item,8319,0.0948413685
item,8320,0.00627662241
item,8321,-0.0671048388
item,8322,-0.19495821
item,8323,0.00476686656
item,8324,-0.167137906
item,8325,0.0315004922
item,8326,0.0382563621
item,8327,0.0255746208
item,8328,-0.0891018212
item,8329,0.12080539
item,8330,-0.145738095
item,8331,-0.0133424737
item,8332,-0.000134550035
item,8333,0.0507766828
item,8334,0.0486394987
item,8335,-0.189199343
item,8336,0.0313228816
item,8337,-0.122997031
item,8338,0.101084635
item,8339,-0.104518235
item,8340,-0.132979214
item,8341,0.180233181
item,8342,-0.129573166
item,8343,-0.158711255
item,8344,0.124642149
item,8345,-0.058553502
item,8346,0.00183745218
item,8347,-0.117157847
item,8348,0.056672588
item,8349,0.0664111227
item,8350,0.00863946229
item,8351,0.000490080565
item,8352,-0.169249594
item,8353,-0.0634096488
item,8354,0.177029818
item,8355,-5.61941415e-05
item,8356,-0.169200659
item,8357,-0.0115519371
item,8358,0.0178067554
item,8359,-0.146496326
item,8360,-0.159435824
item,8361,0.00832733698
item,8362,0.119727865
item,8363,-0.0930372626
item,8364,0.106672473
item,8365,-0.118346699
item,8366,-0.0117064528
item,8367,0.199608982
item,8368,0.158273935
item,8369,0.246224523
item,8370,-0.0104303081
item,8371,0.0442729481
item,8372,0.188040733
item,8373,0.141727045
item,8374,0.0819588155
item,8375,0.0754360855
item,8376,0.0692566186
item,8377,0.238336921
item,8378,0.241152152
item,8379,0.125171706
item,8380,0.095683597
item,8381,-0.021088928
item,8382,-0.130547211
item,8383,0.0710232183
item,8384,0.00884669274
item,8385,-0.176990584
item,8386,-0.0241266116
item,8387,0.128162593
item,8388,-0.00678385608
item,8389,-0.0374559835
item,8390,-0.134598956
item,8391,-0.0432844572
item,8392,-0.0900240541
item,8393,-0.24259235
item,8394,-0.144629061
item,8395,-0.139137849
item,8396,-0.0380932279
item,8397,-0.181291148
item,8398,-0.0880951881
item,8399,0.0539035201
item,8400,0.000727762468
item,8401,-0.100064978
item,8402,0.0308185369
item,8403,0.276457578
item,8404,-0.07023184
item,8405,-0.0485358089
item,8406,-0.122235931
item,8407,-0.0452615581
item,8408,-0.00610945933
item,8409,-0.0944640636
item,8410,-0.257844388
item,8411,-0.0986906439
item,8412,0.218442261
item,8413,-0.0307750851
item,8414,0.0195464492
item,8415,0.190697014
item,8416,-0.0477332622
item,8417,0.0592057221
item,8418,-0.0411700271
item,8419,0.0910854042
item,8420,0.144201845
item,8421,-0.12740922
item,8422,-0.186582744
item,8423,-0.0115158148
item,8424,0.239147142
item,8425,0.063368395
item,8426,0.00056297332
item,8427,-0.0662742704
item,8428,0.247099757
item,8429,-0.068660982
item,8430,0.0631424189
item,8431,-0.100156419
item,8432,-0.00548105873
item,8433,-0.144624203
item,8434,-0.477042437
item,8435,0.191721365
item,8436,0.0388921276
item,8437,0.143079728
item,8438,-0.0423635282
item,8439,-0.046721153
item,8440,-0.224649906
item,8441,-0.079940632
item,8442,0.0905136764
item,8443,-0.305708259
item,8444,-0.00259508938
item,8445,-0.0977996439
item,8446,-0.174289018
item,8447,0.0201927014
item,8448,-0.0164146014
item,8449,-0.083932884
item,8450,-0.148710549
item,8451,0.243373707
item,8452,-0.211532176
item,8453,-0.27370131
item,8454,0.0879740566
item,8455,-0.0259414427
item,8456,-0.0306976531
item,8457,-0.112437092
item,8458,0.0334096476
item,8459,-0.211770445
item,8460,-0.155359432
item,8461,0.0195203573
item,8462,-0.106827214
item,8463,-0.0791918337
item,8464,-0.137303323
item,8465,-0.0807639211
item,8466,0.0398982204
item,8467,0.00393376127
item,8468,-0.000121761113
item,8469,-0.0431541242
item,8470,-0.33701545
item,8471,-0.224886701
item,8472,-0.132046089
item,8473,-0.231817201
item,8474,-0.0180180166
item,8475,-0.209249005
item,8476,0.00194263645
item,8477,0.0407990813
item,8478,-0.14724648
item,8479,0.000848604366
item,8480,-0.349632055
item,8481,-0.0959273949
item,8482,0.155727968
item,8483,0.0341464207
item,8484,-0.0758315027
item,8485,0.117956594
item,8486,-0.168535948
item,8487,0.0363684297
item,8488,-0.149972722
item,8489,0.176796004
item,8490,0.025681261
item,8491,-0.0672994182
item,8492,-0.0306185018
item,8493,-0.0328474194
item,8494,-0.0796941891
item,8495,-0.115147375
item,8496,0.0931212232
item,8497,-0.131335348
item,8498,-0.0267593414
item,8499,0.0177448057
item,8500,0.0199153014
item,8501,-0.0353374109
item,8502,0.0370600782
item,8503,0.0921142027
item,8504,-0.0105136894
item,8505,-0.135803968
item,8506,0.185432598
item,8507,-0.18865414
item,8508,0.149492413
item,8509,-0.153332263
item,8510,-0.0734132081
item,8511,0.273276478
item,8512,0.00187838636
item,8513,-0.00400651619
item,8514,0.137565002
item,8515,0.189299881
item,8516,0.142734975
item,8517,-0.108072676
item,8518,0.212796062
item,8519,0.083987169
item,8520,0.129095539
item,8521,-0.102530032
item,8522,-0.193030581
item,8523,0.243853748
item,8524,-0.174254149
item,8525,-0.0557506047
item,8526,-0.0203890484
item,8527,0.057483606
item,8528,0.0575742647
item,8529,-0.0328007229
item,8530,0.172360927
item,8531,-0.0622755624
item,8532,0.35028559
item,8533,0.216205001
item,8534,-0.0289687105
item,8535,-0.161315322
item,8536,-0.166337222
item,8537,-0.172915414
item,8538,-0.247612685
item,8539,0.00589189585
item,8540,-0.100789838
item,8541,-0.225518242
item,8542,0.2320714
item,8543,-0.141492903
item,8544,-0.0630408302
item,8545,-0.067165181
item,8546,-0.000680677593
item,8547,0.0545711741
item,8548,-0.0880064964
item,8549,0.0690922141
item,8550,0.0472955555
item,8551,0.192897677
item,8552,-0.0367015898
item,8553,0.246764004
item,8554,-0.0355201773
item,8555,0.0394415893
item,8556,0.003935121
item,8557,-0.0930892825
item,8558,0.303703338
item,8559,0.102911606
item,8560,-0.214895859
item,8561,0.113051146
item,8562,-0.119040415
item,8563,0.166209668
item,8564,-0.0851537138
item,8565,-0.0481086038
item,8566,0.122602247
item,8567,-0.113843381
item,8568,0.0610472783
item,8569,-0.144702643
item,8570,-0.00513705984
item,8571,-0.18649894
item,8572,0.0990725011
item,8573,0.00397098297
item,8574,-0.0594492629
item,8575,0.12737
item,8576,0.100926548
item,8577,-0.0950480849
item,8578,0.10545484
item,8579,0.0832485557
item,8580,-0.237459421
item,8581,-0.120464489
item,8582,-0.0374983698
item,8583,-0.081733048
item,8584,0.0269825533
item,8585,-0.0589775518
item,8586,0.0594445691
item,8587,0.0515077785
item,8588,0.11994487
item,8589,0.0101655032
item,8590,0.0491903573
item,8591,-0.0119330809
item,8592,0.0236719586
item,8593,0.126603886
item,8594,0.136900693
item,8595,-0.128726304
item,8596,-0.0603073984
item,8597,0.1017166
item,8598,0.0381076187
item,8599,-0.0781829953
item,8600,-0.132780537
item,8601,0.152835503
item,8602,0.144749001
item,8603,0.120062098
item,8604,0.0670552254
item,8605,-0.00721756369
item,8606,-0.00886062719
item,8607,-0.0812465325
item,8608,-0.000895828009
item,8609,0.026021095
item,8610,0.13475658
item,8611,0.163861185
item,8612,0.163010523
item,8613,0.1986413
item,8614,-0.144362122
item,8615,-0.0176727027
item,8616,0.0764572769
item,8617,0.115057245
item,8618,-0.0801543593
item,8619,-0.184938595
item,8620,-0.170839086
item,8621,0.102555111
item,8622,0.158659369
item,8623,0.00926603377
item,8624,0.101963885
item,8625,0.0679091439
item,8626,-0.0895885453
item,8627,-0.230314761
item,8628,-0.175613269
item,8629,-0.252109557
item,8630,-0.0693329573
item,8631,-0.109828211
item,8632,-0.0900228173
item,8633,-0.117178209
item,8634,0.0241965689
item,8635,0.0428640991
item,8636,-0.0549222194
item,8637,-0.127396822
item,8638,-0.168735743
item,8639,-0.144590259
item,8640,-0.296358198
item,8641,-0.0860667825
item,8642,0.0749028102
item,8643,0.0428370237
item,8644,-0.0098080337
item,8645,-0.0273340195
item,8646,-0.00586841255
item,8647,-0.109243043
item,8648,-0.0198804643
item,8649,0.132305503
item,8650,-0.131349459
item,8651,0.0754853413
item,8652,-0.050212808
item,8653,-0.0913655758
item,8654,0.0373805538
item,8655,-0.212783918
item,8656,-0.0497530401
item,8657,0.285339296
item,8658,0.0477967262
item,8659,0.0327109993
item,8660,0.181684077
item,8661,0.00967237912
item,8662,0.196265489
item,8663,0.114680283
item,8664,-0.198396742
item,8665,-0.0511204004
item,8666,-0.178207904
item,8667,0.153211012
item,8668,-0.0573556311
item,8669,-0.367022008
item,8670,-0.204979822
item,8671,-0.124810517
item,8672,-0.177161992
item,8673,-0.123050928
item,8674,-0.05770199
item,8675,-0.183938265
item,8676,0.265800953
item,8677,-0.107338615
item,8678,-0.00592118502
item,8679,0.0581015237
item,8680,-0.175570831
item,8681,-0.15767464
item,8682,-0.0004000552
item,8683,-0.0818240643
item,8684,0.122842707
item,8685,0.0888085663
item,8686,-0.0431361385
item,8687,-0.0481812321
item,8688,0.120178185
item,8689,0.0368767865
item,8690,0.0602335706
item,8691,-0.001483934
item,8692,-0.00739540998
item,8693,0.0623080358
item,8694,-0.0609370917
item,8695,-0.132788256
item,8696,-0.155671656
item,8697,0.0413298048
item,8698,-0.0769225582
item,8699,0.192244723
item,8700,0.0195909031
item,8701,-0.123567954
item,8702,-0.0404065698
item,8703,-0.0433752462
item,8704,-0.113892719
item,8705,-0.046956297
item,8706,-0.0623197407
item,8707,-0.0364353694
item,8708,0.0772984028
item,8709,-0.129343957
item,8710,-0.00812858343
item,8711,0.0729740262
item,8712,0.0549267381
item,8713,-0.00798974186
item,8714,-0.035755448
item,8715,-0.100234292
item,8716,-0.0535764582
item,8717,-0.0887829661
item,8718,0.0458402261
item,8719,-0.170479059
item,8720,-0.094051443
item,8721,-0.200931937
item,8722,-0.000806998461
item,8723,0.140577942
item,8724,0.0827723369
item,8725,0.0675792098
item,8726,0.183694333
item,8727,0.185136408
item,8728,0.0202976614
item,8729,0.0657184049
item,8730,0.303275526
item,8731,0.071793355
item,8732,-0.0736755654
item,8733,0.198220372
item,8734,-0.320554405
item,8735,0.266552269
item,8736,0.0760923997
item,8737,0.0726160556
item,8738,-0.0411370918
item,8739,0.0313738137
item,8740,-0.00279846787
item,8741,-0.0324139968
item,8742,0.165724799
item,8743,0.0993898138
item,8744,-0.0259730816
item,8745,-0.0411328897
item,8746,-0.22863391
item,8747,0.0731604397
item,8748,0.0567484498
item,8749,0.0117393173
item,8750,0.190028444
item,8751,-0.176352203
item,8752,0.035296306
item,8753,0.175872326
item,8754,0.0368077196
item,8755,-0.0582339093
item,8756,0.0140581727
item,8757,-0.201721638
item,8758,0.17627731
item,8759,0.0499297976
item,8760,-0.0907797366
item,8761,-0.0235667899
item,8762,0.190715849
item,8763,0.101776287
item,8764,-0.0307136737
item,8765,0.0801015049
item,8766,0.137721658
item,8767,0.0488409624
item,8768,0.0885468274
item,8769,0.146977872
item,8770,0.141135469
item,8771,0.112049729
item,8772,0.134522036
item,8773,0.0250185784
item,8774,0.0576154999
item,8775,-0.0522208214
item,8776,-0.0478233881
item,8777,-0.0477485731
item,8778,-0.193595842
item,8779,-0.0240902677
item,8780,0.169944033
item,8781,0.126757309
item,8782,0.0325321183
item,8783,-0.085425511
item,8784,0.0502014123
item,8785,-0.0784033984
item,8786,-0.112529129
item,8787,0.14421621
item,8788,-0.0601010285
item,8789,0.0307896696
item,8790,-0.183814272
item,8791,-0.18858771
item,8792,-0.0247079246
item,8793,0.0216674246
item,8794,-0.0814548135
item,8795,-0.363773525
item,8796,-0.0570376664
item,8797,-0.151195049
item,8798,-0.123886682
item,8799,-0.0503636822
item,8800,-0.20024015
item,8801,-0.142200917
item,8802,0.0231996756
item,8803,-0.207536221
item,8804,0.00661117025
item,8805,0.063275367
item,8806,0.0507599041
item,8807,0.0207919572
item,8808,0.178700358
item,8809,-0.0320647471
item,8810,-0.0017948458
item,8811,0.0861014128
item,8812,0.151891649
item,8813,0.171412781
item,8814,0.100052908
item,8815,-0.227600127
item,8816,0.189202055
item,8817,0.0257111192
item,8818,-0.0456059836
item,8819,0.0833208486
item,8820,0.13859576
item,8821,0.0237117745
item,8822,-0.186355188
item,8823,0.0653280169
item,8824,-0.0934103429
item,8825,0.104324237
item,8826,-0.0191713534
item,8827,-0.127516627
item,8828,-0.094695285
item,8829,0.0191634204
item,8830,0.0937179402
item,8831,-0.0519655943
item,8832,0.0278342627
item,8833,0.0327819139
item,8834,-0.153152198
item,8835,0.087088719
item,8836,-0.153607979
item,8837,0.0104038566
item,8838,0.0472683832
item,8839,0.169537649
item,8840,0.0897457302
item,8841,-0.130697146
item,8842,-0.169766307
item,8843,0.0425464436
item,8844,0.131883368
item,8845,0.186888143
item,8846,-0.216570854
item,8847,-0.0650444776
item,8848,-0.261025041
item,8849,0.0319387987
item,8850,-0.18061021
item,8851,-0.134379849
item,8852,-0.0388050824
item,8853,0.113003492
item,8854,-0.15140754
item,8855,0.0764021426
item,8856,0.102588996
item,8857,0.23401171
item,8858,-0.137269184
item,8859,-0.17541945
item,8860,-0.00449990109
item,8861,-0.15150696
item,8862,0.10173595
item,8863,-0.0100675821
item,8864,0.156098261
item,8865,-0.00341191492
item,8866,0.098838754
item,8867,-0.065767549
item,8868,0.0144382417
item,8869,-0.0338915847
item,8870,0.0495863594
item,8871,0.0977436826
item,8872,0.00162806176
item,8873,0.19587326
item,8874,0.165770262
item,8875,0.368947357
item,8876,0.122680806
item,8877,0.176405296
item,8878,0.184119001
item,8879,0.233784318
item,8880,0.0266301408
item,8881,-0.0638918877
item,8882,-0.0392765068
item,8883,0.0671815872
item,8884,-0.162946224
item,8885,-0.135047048
item,8886,-0.134301662
item,8887,0.103082739
item,8888,-0.0413155705
item,8889,-0.0797966868
item,8890,-0.147017464
item,8891,0.0870564729
item,8892,-0.0205651186
item,8893,-0.0249773599
item,8894,0.120214216
item,8895,0.0332090892
item,8896,-0.120241106
item,8897,-0.0107587576
item,8898,-0.0117535293
item,8899,0.0827486515
item,8900,0.0635387376
item,8901,0.211847797
item,8902,-0.195977733
item,8903,0.236936525
item,8904,-0.148383692
item,8905,-0.137512386
item,8906,-0.176876932
item,8907,0.134067684
item,8908,-0.1429784
item,8909,-0.0210181549
item,8910,-0.188769728
item,8911,-0.00314785913
item,8912,-0.230505034
item,8913,-0.2691333
item,8914,0.173659354
item,8915,-0.168520838
item,8916,0.225876838
item,8917,-0.213181734
item,8918,-0.172375038
item,8919,0.048540771
item,8920,-0.0505315475
item,8921,-0.107921273
item,8922,0.0933467522
item,8923,-0.221023619
item,8924,-0.00983576477
item,8925,0.105228327
item,8926,-0.195507154
item,8927,-0.118300781
item,8928,-0.100576825
item,8929,-0.104868665
item,8930,0.210607618
item,8931,-0.0240420401
item,8932,0.138546199
item,8933,-0.168020338
item,8934,-0.0953172147
item,8935,-0.25383842
item,8936,0.0573882386
item,8937,-0.203907549
item,8938,-0.0978575125
item,8939,-0.216713578
item,8940,-0.0870540291
item,8941,0.250003636
item,8942,0.171363309
item,8943,0.0707197636
item,8944,-0.182442263
item,8945,-0.0465775281
item,8946,0.101467147
item,8947,0.0831394494
item,8948,-0.0208372213
item,8949,-0.22381416
item,8950,-0.00980686769
item,8951,-0.0343076065
item,8952,0.0554640889
item,8953,0.100548506
item,8954,0.0642575547
item,8955,0.091338411
item,8956,0.0232687369
item,8957,-0.243333563
item,8958,-0.122756101
item,8959,0.00636417419
item,8960,0.056996882
item,8961,-0.260351121
item,8962,0.120538421
item,8963,-0.0670529157
item,8964,0.0398839936
item,8965,0.0607017539
item,8966,0.0853303894
item,8967,0.231439888
item,8968,-0.169086009
item,8969,-0.035195414
item,8970,0.0268564448
item,8971,0.220081985
item,8972,0.0605149865
item,8973,0.0775976777
item,8974,0.0380475745
item,8975,-0.226983517
item,8976,0.107158735
item,8977,-0.0230082013
item,8978,0.235693216
item,8979,0.214613497
item,8980,-0.00133032491
item,8981,-0.0642139539
item,8982,0.025496833
item,8983,-0.0841456503
item,8984,0.0682505816
item,8985,-0.0411506593
item,8986,-0.0467554219
item,8987,0.102779284
item,8988,-0.150916219
item,8989,0.0627211407
item,8990,-0.0493522175
item,8991,0.048123803
item,8992,-0.0749598816
item,8993,-0.0886682644
item,8994,0.19736129
item,8995,-0.152751371
item,8996,0.083661899
item,8997,0.084024474
item,8998,0.113113269
item,8999,-0.111481532
item,9000,0.072995387
item,9001,-0.0465959199
item,9002,-0.00354535319
item,9003,-0.0698777288
item,9004,-0.146932811
item,9005,-0.0371207818
item,9006,-0.152483314
item,9007,-0.087109372
item,9008,0.0133940689
item,9009,0.0250583328
item,9010,0.204038531
item,9011,0.196084827
item,9012,0.0956239626
item,9013,0.134120435
item,9014,-0.105734393
item,9015,0.179110274
item,9016,0.319246441
item,9017,4.1872263e-06
item,9018,0.103425115
item,9019,0.0139316693
item,9020,-0.111738928
item,9021,0.0471615978
item,9022,0.0532640778
item,9023,-0.0197930709
item,9024,0.119607083
item,9025,-0.19415772
item,9026,0.155429438
item,9027,0.0243173726
item,9028,-0.124278307
item,9029,0.0990006849
item,9030,0.00712174177
item,9031,0.0675110519
item,9032,0.02465339
item,9033,-0.00899006426
item,9034,0.335919738
item,9035,0.0659803376
item,9036,-0.143789873
item,9037,0.153957486
item,9038,-0.0177186616
item,9039,0.00789637119
item,9040,0.222394958
item,9041,-0.0713610202
item,9042,0.186937898
item,9043,0.0646729767
item,9044,0.0956123397
item,9045,0.137670934
item,9046,-0.0285846926
item,9047,-0.0198792368
item,9048,-0.195339411
item,9049,-0.122075364
item,9050,0.0166951306
item,9051,-0.290126204
item,9052,-0.0896924809
item,9053,-0.12009827
item,9054,0.204310685
item,9055,0.196492329
item,9056,-0.0240029655
item,9057,-0.0774768665
item,9058,0.0197631083
item,9059,-0.0062944293
item,9060,0.0542391725
item,9061,-0.113226481
item,9062,-0.100245863
item,9063,-0.120189443
item,9064,0.0386931933
item,9065,0.131116688
item,9066,-0.161349922
item,9067,-0.0949725211
item,9068,-0.0879787207
item,9069,0.0671256632
item,9070,-0.124731898
item,9071,0.298414588
item,9072,-0.0640585721
item,9073,-0.0860973597
item,9074,0.0850570574
item,9075,0.068599999
item,9076,0.0178309903
item,9077,-0.256462336
item,9078,-0.351976097
item,9079,-0.177335501
item,9080,-0.124852329
item,9081,0.0201245528
item,9082,-0.0318524539
item,9083,-0.0599856637
item,9084,-0.00435049646
item,9085,-0.119080767
item,9086,-0.0770447701
item,9087,-0.0270541701
item,9088,0.0803655311
item,9089,0.0197030902
item,9090,-0.0848346651
item,9091,-0.0703679994
item,9092,0.0976611227
item,9093,-0.226946086
item,9094,0.167608812
item,9095,0.0907821357
item,9096,-0.0375648737
item,9097,0.0069112163
item,9098,0.113426372
item,9099,0.0171736479
item,9100,-0.0135044437
item,9101,-0.0631262958
item,9102,-0.201479942
item,9103,-0.0186350569
item,9104,0.0474871397
item,9105,0.0416014306
item,9106,-0.155596435
item,9107,-0.0432096273
item,9108,-0.0196310356
item,9109,0.0281835943
item,9110,0.210048556
item,9111,-0.0332890637
item,9112,-0.178610623
item,9113,-0.128014326
item,9114,-0.118033722
item,9115,0.010200046
item,9116,-0.184427619
item,9117,0.0613309294
item,9118,-0.00624991208
item,9119,-0.110186212
item,9120,-0.0716538429
item,9121,0.114496931
item,9122,0.0634319037
item,9123,-0.240880191
item,9124,-0.17996031
item,9125,-0.047621049
item,9126,-0.0586994886
item,9127,-0.194428623
item,9128,-0.263099849
item,9129,-0.0405333824
item,9130,-0.127989888
item,9131,0.00761833042
item,9132,-0.047851868
item,9133,-0.0702904686
item,9134,0.132941589
item,9135,0.066976957
item,9136,-0.0212040041
item,9137,0.133673936
item,9138,-0.300207555
item,9139,-0.0279464759
item,9140,-0.0383793749
item,9141,0.0124267079
item,9142,-0.107504487
item,9143,0.0479272455
item,9144,-0.260755777
item,9145,0.00181915238
item,9146,-0.136884883
item,9147,-0.0288227182
item,9148,0.0879075825
item,9149,0.154046327
item,9150,-0.0854070708
item,9151,0.0150796678
item,9152,-0.104625963
item,9153,-0.293195665
item,9154,-0.0489194095
item,9155,0.0929847956
item,9156,-0.00988428295
item,9157,0.00703486614
item,9158,0.00557982363
item,9159,0.0402235053
item,9160,0.0334226415
item,9161,-0.0252229907
item,9162,-0.213062599
item,9163,-0.0851133689
item,9164,-0.149342775
item,9165,0.0894836783
item,9166,-0.0927467644
item,9167,0.0809313282
item,9168,0.209390342
item,9169,-0.0675418675
item,9170,0.0270711184
item,9171,0.0790563971
item,9172,0.00457505137
item,9173,0.0191407576
item,9174,0.102015071
item,9175,0.0682131648
item,9176,-0.0652846247
item,9177,-0.139121547
item,9178,-0.254487306
item,9179,0.120916955
item,9180,-0.0281332433
item,9181,0.00284571573
item,9182,-0.0596380532
item,9183,0.118505821
item,9184,0.0238065198
item,9185,-0.0101090875
item,9186,-0.246780828
item,9187,0.00242477842
item,9188,-0.0839814469
item,9189,0.00142619573
item,9190,-0.139639497
item,9191,0.197623447
item,9192,-0.0746964514
item,9193,0.110663027
item,9194,0.0712722242
item,9195,-0.160861701
item,9196,-0.0206885189
item,9197,0.151840121
item,9198,-0.0890862644
item,9199,-0.141314074
item,9200,-0.0234864727
item,9201,0.238927454
item,9202,-0.0803338885
item,9203,-0.183640644
item,9204,0.134066835
item,9205,-0.123035766
item,9206,-0.11526601
item,9207,-0.144827947
item,9208,0.0268937685
item,9209,0.257356584
item,9210,0.120180234
item,9211,0.0621984303
item,9212,0.0259542372
item,9213,-0.131000012
item,9214,-0.183136642
item,9215,0.12348859
item,9216,0.0417270362
item,9217,-0.0230375454
item,9218,0.102981403
item,9219,0.0714871138
item,9220,0.030894313
item,9221,0.156587884
item,9222,0.143348232
item,9223,-0.0675359517
item,9224,0.0763334855
item,9225,0.0370909646
item,9226,-0.0181955863
item,9227,-0.0751127601
item,9228,-0.379024327
item,9229,-0.0658306479
item,9230,-0.111727111
item,9231,-0.216213793
item,9232,-0.0529782847
item,9233,0.000407200307
item,9234,-0.0326230377
item,9235,0.135079116
item,9236,-0.0049855113
item,9237,-0.0463288501
item,9238,-0.0402208641
item,9239,-0.0490379259
item,9240,0.041642338
item,9241,0.0564159788
item,9242,0.037240468
item,9243,-0.153494686
item,9244,0.0226562638
item,9245,-0.206439272
item,9246,0.0683995634
item,9247,-0.12464913
item,9248,-0.00887513533
item,9249,-0.157898381
item,9250,-0.125026807
item,9251,0.0654067695
item,9252,0.058256153
item,9253,-0.242315724
item,9254,0.120430425
item,9255,0.00970081985
item,9256,-0.1450416
item,9257,0.0371274576
item,9258,-0.00224897265
item,9259,0.0502224267
item,9260,-0.236466914
item,9261,-0.00905780122
item,9262,-0.0650323853
item,9263,0.144632742
item,9264,-0.0256907567
item,9265,0.150410458
item,9266,-0.0455890447
item,9267,0.188279837
item,9268,-0.0853684247
item,9269,-0.0438113101
item,9270,-0.080733642
item,9271,0.0954927728
item,9272,-0.123546667
item,9273,-0.109799616
item,9274,-0.308433026
item,9275,0.107200623
item,9276,0.0229958128
item,9277,-0.0946346819
item,9278,-0.0585301556
item,9279,-0.140340269
item,9280,-0.129433587
item,9281,0.0822314098
item,9282,-0.0662464201
item,9283,-0.0818007514
item,9284,-0.0336642079
item,9285,-0.076746054
item,9286,0.00220033154
item,9287,-0.0491377115
item,9288,-0.174904436
item,9289,-0.161493376
item,9290,-0.00668100268
item,9291,-0.19825542
item,9292,-0.227325723
item,9293,-0.188347951
item,9294,-0.201387167
item,9295,0.0229801312
item,9296,0.0954632536
item,9297,0.00475785136
item,9298,0.116013072
item,9299,-0.0423915349
item,9300,-0.12182124
item,9301,-0.0241678003
item,9302,-0.325020522
item,9303,-0.0564486906
item,9304,-0.138183758
item,9305,-0.0753038228
item,9306,0.0685402602
item,9307,0.105705827
item,9308,-0.0377296731
item,9309,-0.0898090601
item,9310,-0.0659044981
item,9311,-0.00204776693
item,9312,0.0105368271
item,9313,-0.144294515
item,9314,-0.146755606
item,9315,0.113511361
item,9316,-0.0374935605
item,9317,-0.137963086
item,9318,0.200317383
item,9319,-0.206589058
item,9320,0.226746261
item,9321,-0.175259292
item,9322,-0.046276696
item,9323,0.0131943077
item,9324,0.225099593
item,9325,-0.104503527
item,9326,-0.10686861
item,9327,-0.0826322585
item,9328,0.0941581205
item,9329,-0.0890264213
item,9330,0.11985328
item,9331,0.0798578858
