seed,recall@5,recall@10,recall@15,recall@20,ndcg@5,ndcg@10,ndcg@15,ndcg@20,precision@5,precision@10,precision@15,precision@20,map@5,map@10,map@15,map@20
1000,0.08488032970564194,0.1261201388524748,0.153506689966925,0.17754700560821093,0.08482438510933919,0.0984617316968582,0.10760072266367991,0.11530460000006906,0.056511156186611684,0.043427991886411214,0.03628127112914012,0.03202332657200998,0.05589122718052731,0.05879726084239548,0.06098741557636721,0.06275933498595616
1001,0.08456933043009675,0.12561302040210454,0.153646364663453,0.17751099591741792,0.08465843183514732,0.09828596699872445,0.10765810488436109,0.11532614331102015,0.05630831643001933,0.043286004056796626,0.036254225828261155,0.03201825557809515,0.05582358575614144,0.05874520976973137,0.061029525598086914,0.06280056737592797
1002,0.08500943118641019,0.12600141639604842,0.15351682408571468,0.17728077023931607,0.08512355716336122,0.09860582934531263,0.10786820428153734,0.11543371946627015,0.056572008113589346,0.043326572008115086,0.0363556457065573,0.03196754563894706,0.05616396213657875,0.05899284351352271,0.061229496538423786,0.06298234632471511
1003,0.08447749561976177,0.12670331113191877,0.15419642952854914,0.17792435751630165,0.0848248089319822,0.09887499269570368,0.10812424831919935,0.1157086131323147,0.056227180527382445,0.04346855983772971,0.036423258958754715,0.03209939148073208,0.05604707572684239,0.059119608651250745,0.06135594753528074,0.06312648187207531
1004,0.0846348703101408,0.12594629002884064,0.15379726488122444,0.1780066137082007,0.08497898886853296,0.0985476535553679,0.10795229537615655,0.11571101120758034,0.05645030425963398,0.04317444219067085,0.03631507775523883,0.03208417849898766,0.056125647960333515,0.059014239747623,0.06131125233243964,0.0631158541157953
1005,0.08509573784734355,0.1259902167484092,0.1536647163171975,0.17761570141375865,0.08507923789493084,0.09866375347264902,0.10790725560713284,0.11557031249875291,0.05655172413793012,0.043478701825559324,0.03635564570655729,0.03206389452332842,0.056097306738787364,0.05902302368904118,0.06126112984999655,0.06303863886464249
1006,0.08538487229139018,0.12652572983245822,0.15335981709714053,0.17726131158170694,0.08535922485183903,0.0988259754016478,0.10788377758886725,0.11558213637967765,0.056713995943203976,0.0433367139959447,0.03628803245435986,0.03206389452332844,0.05629245548794227,0.05911681345590577,0.06128499281722587,0.0630637369605292
1007,0.08475191430461028,0.1262875403052578,0.15362079949098473,0.17790988110332892,0.08505291382007699,0.09884251279005339,0.10802117245267327,0.11581850557258203,0.0563488843813378,0.04343813387424085,0.0363421230561178,0.032145030425965365,0.056183936218165365,0.05915150404031322,0.06139602791417306,0.06318239798846804
1008,0.08536713964840399,0.1263913571899017,0.15316870972162028,0.1777844857670603,0.08533692104951877,0.09885896489700505,0.10784920606667535,0.11571725700690294,0.056713995943203976,0.04348884381338895,0.03626774847870064,0.03209432048681726,0.05621405228758163,0.059099040031082434,0.0612758492664913,0.06309510148429225
1009,0.08527447193495175,0.1258812031482475,0.15416031550845608,0.1775706115198329,0.08528529590673854,0.09859359471763744,0.10810722527516074,0.11559552863222367,0.05671399594320398,0.04333671399594471,0.03647058823529292,0.03206389452332845,0.05627073473067388,0.05902968637966023,0.06133359926994552,0.06306263650990242
1010,0.08542688927360884,0.126363722920636,0.15375376448520234,0.1775869822622918,0.08527211946387925,0.09871026280111415,0.10791163794953292,0.1155810139035547,0.05669371196754475,0.04336713995943354,0.03631507775523883,0.032079107505072854,0.05622425061978807,0.059009376212170464,0.06125021154380726,0.06301175466907707
1011,0.08452681767978586,0.12573365890350593,0.1538652520568227,0.17768048845959314,0.08484151923352706,0.09843533843810445,0.10786619397644771,0.11549611568798145,0.05632860040567857,0.043225152129818915,0.03630155510479935,0.032008113590265536,0.055932781158440345,0.058886170240765236,0.061170319171123144,0.06294166376152276
1012,0.08491688147380297,0.12647212593012358,0.1537179082479,0.17807442596147044,0.08511986326725753,0.09883806719721357,0.1079509479998889,0.11571956662569167,0.05651115618661166,0.043488843813388925,0.03633536173089806,0.032068965517243225,0.05615094658553071,0.05910380370219582,0.061288436134357124,0.06307081691489361
1013,0.08511596901095035,0.1261674421438377,0.15396694898294766,0.17748075975757174,0.08520458737873753,0.09876289641450917,0.10806149627249982,0.11563544584500222,0.05651115618661166,0.043387423935092755,0.03633536173089807,0.03204868154158401,0.056227349560513756,0.059127067573517045,0.061372092105844996,0.06313296894902776
1014,0.0851625526295488,0.12645029350401835,0.1535218275617192,0.17730455259979663,0.08506015596772572,0.09857512825299858,0.1076465795116946,0.11529312371317472,0.056754563894522464,0.04340770791075201,0.03622718052738217,0.031982758620691505,0.05597608181203508,0.058835132488499614,0.061022745883764384,0.06279159522451151
1015,0.08513608351172798,0.12620368060503964,0.15359861807672862,0.17829562236191598,0.08524627900754084,0.09873142750907389,0.10792768757860462,0.11583999502577577,0.05665314401622629,0.043356997971603924,0.036274509803920385,0.032124746450306135,0.05621447487040789,0.05909041344826542,0.06130361362346578,0.0631454475129398
1016,0.0848225633685395,0.1259899260587051,0.1535646972768341,0.17773787511726294,0.08518737676368532,0.09874703801284458,0.1079214305106299,0.11570187456926316,0.05667342799188552,0.043448275862070465,0.036254225828261134,0.03208417849898767,0.05618514762226727,0.05910267921025347,0.06132994585668343,0.06312347193419426
1017,0.08495081873770717,0.12613446387283775,0.1536346771253899,0.1769641672683072,0.08525572293453353,0.09880501128879782,0.10800580591027414,0.11552096308675966,0.05659229208924858,0.04341784989858161,0.03630155510479935,0.03199290060852113,0.05624352039666436,0.05913442765356436,0.061365157725907005,0.06308510184715832
1018,0.08526055082615672,0.1261548454624989,0.1534380286299484,0.17794300415651973,0.0852534654147073,0.09870612355410986,0.1078002668184296,0.11565348897947449,0.05671399594320398,0.043468559837729695,0.0362474645030414,0.032104462474646885,0.0562199121027721,0.05902523558912684,0.061230018976750476,0.06302502103451361
1019,0.0850829194174292,0.12599857917496096,0.1533743665125797,0.17744721089538842,0.08512945986873878,0.0986807545687126,0.10783877440622777,0.11556777912094375,0.05655172413793014,0.04343813387424087,0.036281271129140126,0.03206896551724323,0.05610958981293656,0.05901138392777265,0.061213182263290256,0.0629985834816059
1020,0.08497702396749948,0.1263644913074135,0.15325573582999036,0.17741075755181507,0.08512246793497091,0.09883675776028704,0.10780169462691161,0.1155702044255206,0.05651115618661167,0.04351926977687775,0.036220419202162436,0.032043610547669216,0.05617917511832313,0.059121257123538905,0.06126387760324877,0.06306580784206386
1021,0.08527121212752051,0.1259302814166079,0.15400029557780553,0.17755765626807907,0.0851652776637667,0.09857638897968132,0.10796140969581437,0.1155306681877128,0.05659229208924857,0.04334685598377431,0.0363556457065573,0.03203853955375438,0.05611680189317103,0.05895609437900292,0.06122934541393288,0.06297673691992013
1022,0.08484306663730135,0.12596956505107323,0.15324066738545344,0.17771836261668256,0.08516378317194372,0.09863255721035451,0.10782486136358525,0.11566741272024428,0.05657200811358936,0.04327586206896702,0.03626098715348089,0.03207910750507286,0.05621340432724808,0.05904782316821979,0.061277792820990315,0.06310548389100905
1023,0.08528267988156124,0.12670549803001258,0.1534784712214182,0.177902358848114,0.08533128054721896,0.09901287176119,0.10799195711499825,0.11577909210651934,0.05661257606490783,0.043539553752537,0.03630831643001909,0.032063894523328425,0.056335333558710794,0.05924166595118226,0.06139251248883395,0.06318595259737415
1024,0.08477815731201678,0.1266459207459766,0.1536549169987369,0.17735152508586025,0.08499049527307438,0.09884237629207983,0.1078667894609033,0.11550286055231912,0.0564097363083155,0.043509127789048155,0.03628127112914013,0.03203346855983957,0.05607685372999768,0.05908581630289387,0.06124316572069744,0.06300707298260394
1025,0.08500832808324231,0.12606281341019468,0.1531743259444948,0.17796544625004435,0.08516254866505575,0.09869034487309031,0.10777205106872853,0.11572565547792604,0.05655172413793014,0.0433468559837743,0.03618661257606372,0.03209432048681728,0.056235632183908,0.059098456975382525,0.06129312544340705,0.06312970593917121
1026,0.08508455994722476,0.12631598654904957,0.15344867785777763,0.17810226258839185,0.08511477462951986,0.09865657495441577,0.10776902584547572,0.11568994460803152,0.05669371196754476,0.04337728194726316,0.03626774847870064,0.03215517241379498,0.0560964897453233,0.05897507844133793,0.061185482829456676,0.06302355493294257
1027,0.08508753140543365,0.12561601274117098,0.15297130562206854,0.177427324798977,0.08513486097452234,0.09848935162595374,0.10766325363623838,0.11550017229368396,0.05657200811358936,0.04329614604462622,0.036200135226503206,0.032043610547669195,0.056099081586657586,0.05893751207379477,0.06113895244959805,0.06296241845704169
1028,0.0853645535853993,0.12594219837156667,0.15357946394826147,0.17814185655931325,0.08528892564314525,0.09862778822087166,0.10786319634179513,0.11575431990096312,0.05677484787018167,0.04338742393509278,0.03627450980392038,0.03212981744422092,0.0561535947712418,0.05900102654407843,0.06124116858663809,0.06305273927423932
1029,0.08446391723611345,0.12636568818931476,0.1537907676513708,0.17781801911053502,0.08487625537208762,0.09868227645206427,0.10790876052486521,0.11559338383624095,0.05634888438133781,0.043356997971603924,0.03632860040567832,0.032043610547669195,0.0560218052738336,0.059001884358468565,0.061229131162292894,0.06300479273731886
1030,0.08510602787226566,0.12600820843753374,0.15364044399957572,0.17770064220137105,0.08506954815867525,0.09852544302917986,0.10784476480178556,0.11549762453326601,0.05661257606490781,0.04329614604462624,0.0363421230561178,0.032003042596350735,0.05603569416272247,0.058931180023094526,0.06117526856547578,0.06294867903294792
1031,0.08508463398930988,0.1265363206118598,0.1537207883012663,0.17775879199007544,0.08506145347292514,0.09877402054095609,0.10789204445628502,0.11558865293366755,0.056572008113589374,0.04348884381338894,0.03632860040567833,0.032058823529413624,0.05611705544286672,0.059046378960268424,0.06126649896486762,0.06302487681493171
1032,0.08492273506917063,0.12603411511755244,0.15339074827221197,0.1781530147965902,0.08519757011258795,0.09865532465410265,0.10784754143019808,0.11572088869746364,0.056734279918863206,0.0433468559837743,0.03630831643001909,0.03206389452332842,0.056131648636466046,0.05902736503285845,0.061235543989266915,0.06306154217079482
1033,0.08526527852816408,0.12605581709232674,0.15365876995017982,0.17766766761634595,0.08527610394654214,0.09865285340352552,0.10791384220493286,0.11561994561428654,0.05669371196754475,0.04336713995943355,0.03632183908045858,0.03207910750507287,0.0562311246337615,0.05900443315895937,0.06124593101625055,0.06303151164522192
1034,0.08526499414076537,0.1261911012712217,0.15344824336345633,0.17779831950254793,0.08536733865131302,0.09888264703411484,0.1080077109384305,0.11582612327179377,0.05661257606490783,0.04339756592292238,0.03626774847870064,0.03208924949290247,0.05633037525354965,0.05923212287788654,0.06142551420537218,0.06322160946357673
1035,0.0850465893573954,0.12606173025279072,0.1536395061205394,0.17719478314959064,0.0851058430421914,0.0986768558364892,0.10794037203683135,0.11547683434481085,0.05649087221095245,0.04335699797160392,0.03632860040567831,0.03197768762677669,0.056134719405003336,0.05905600241373667,0.06128604677320473,0.06304203739011986
1036,0.08504970821345227,0.12665366712487733,0.15307545161654462,0.17740141835440632,0.08509462673911994,0.09889724697090133,0.10776340956913412,0.11552194401071864,0.056511156186611684,0.043539553752537034,0.0362474645030414,0.031992900608521106,0.056158581248591334,0.0591346120823806,0.06127444083489756,0.06304173296582893
1037,0.08542398358986607,0.1263660845008487,0.15340591686426094,0.17800807517807277,0.08539217029089702,0.09886644762433756,0.10793125470856928,0.11581269548088967,0.05673427991886323,0.04342799188641125,0.03627450980392037,0.03211460446247651,0.05636530876718503,0.059217086786821825,0.0613895778647597,0.06320998156353619
1038,0.08514425692033452,0.12615627148735442,0.15355099505707878,0.17717494846619336,0.08524008853198062,0.09874990359199697,0.1079255021435181,0.11551140146004173,0.0565314401622709,0.04338742393509278,0.03628127112914012,0.03197768762677669,0.056242816091953966,0.059074843187594116,0.061289213233671896,0.06305509721909094
1039,0.08545366450229701,0.12589766569765606,0.15403915322253017,0.1777408734679555,0.08538035134198992,0.09864036956384648,0.1080901716188696,0.11567687268948525,0.056734279918863206,0.04328600405679662,0.03637592968221652,0.03203346855983959,0.05629890691908943,0.05906020802318354,0.061370499097847434,0.06308357394050841
1040,0.08524762008753177,0.1261008703090695,0.1536520605065842,0.177900638570362,0.08524592490354212,0.09858633143945061,0.10784973447684625,0.11564521633370137,0.0567748478701817,0.04328600405679662,0.03630155510479935,0.032114604462476506,0.05620013522650433,0.05899722553453032,0.06122208981176661,0.06302376703872502
1041,0.08480658694848282,0.12580175112216552,0.15383378103044537,0.17768660410698228,0.08494278804666851,0.09846572747177658,0.10790927489764594,0.11553975515516966,0.0564097363083155,0.04323529411764854,0.03636916835699678,0.03206389452332844,0.05600932499436552,0.05890801532937551,0.06118234475933978,0.06294840246995456
1042,0.08508279152740157,0.12581570243039575,0.15373293806678148,0.1773213857737047,0.08497149523711713,0.09840629398304732,0.10779579913144774,0.11535778203674027,0.05651115618661167,0.043265720081137375,0.03634212305611781,0.032008113590265536,0.05598168807752979,0.05884818612949626,0.061111059948336384,0.06284738515622142
1043,0.08548355337891506,0.12690641645645184,0.15330064350399106,0.17807279447235408,0.08540673178954174,0.09907842547157795,0.10786772977217456,0.11579600442600375,0.056734279918863206,0.04366125760649239,0.03622718052738217,0.03208924949290248,0.05632082488167678,0.05921170498850852,0.06132438131444323,0.06316446086459258
1044,0.08497516672818627,0.12564399598412174,0.15353428317148127,0.17817498564263948,0.0851165127252572,0.09855505583536027,0.10790266995089608,0.11579324469504361,0.056572008113589374,0.04331643002028546,0.03628803245435987,0.032134888438135736,0.05618399256254219,0.059037452896228526,0.06130820766796434,0.063133660295116
1045,0.08514611586928111,0.1262731526739295,0.15374667608621218,0.17808998937476403,0.08523336490150527,0.09875010073197772,0.10792383690262983,0.1157003156677817,0.05673427991886323,0.04343813387424086,0.03630155510479935,0.032079107505072875,0.056174921117872374,0.05904826411726862,0.06125825258767166,0.06305262638715098
1046,0.08484752874611948,0.1263481882883148,0.15323403855063403,0.17733561830021613,0.08485716964841077,0.0986607435160223,0.10769394624149825,0.11545228788117766,0.05624746450304163,0.04340770791075203,0.03624070317782166,0.032063894523328425,0.05599442190669361,0.058992237204587794,0.06116404537377454,0.06295264804265231
1047,0.08496653744639754,0.12601616185993297,0.15355346108431525,0.17778219382552524,0.08510315103372647,0.09864022313331572,0.10786598578352882,0.11562927315879196,0.05651115618661167,0.043377281947263154,0.03629479377957961,0.032079107505072875,0.05611984448951988,0.0590064907348633,0.06119843278040261,0.06299955607339121
1048,0.08500550569394554,0.1264484155615095,0.15404471336673936,0.17771564032692988,0.08500566682213347,0.09865857007137478,0.10788442127506044,0.11547533629220638,0.05661257606490783,0.04349898580121856,0.03636916835699678,0.03207403651115804,0.0559840827135451,0.0589223327900762,0.06115925833030999,0.06290368330855584
1049,0.08513028085986041,0.1261311137230519,0.15384596706289724,0.17814956540174065,0.08520499400227895,0.09877764514909544,0.10802366095287291,0.11579624436582103,0.0565314401622709,0.043498985801218526,0.03634888438133755,0.03211967545639131,0.056211375929682186,0.05908800327282874,0.06131504765753987,0.06312045018925241
1050,0.08471293930789732,0.12599039805223505,0.15339569207921488,0.17783443903997342,0.08504239263709049,0.09861521150493016,0.10776739811737288,0.11560284640807364,0.056511156186611684,0.04337728194726315,0.036240703177821666,0.032058823529413624,0.05604386409736301,0.058942443596212195,0.061146926148162424,0.06294874027567966
1051,0.08484126045382605,0.12603976667152156,0.1535915736908401,0.17780635676734238,0.08521535627322624,0.09865773560237817,0.10794831675856137,0.11567537222503313,0.05665314401622629,0.043275862068967,0.03632183908045858,0.03204361054766918,0.056228532792427274,0.05904532405235378,0.06130738290483681,0.06309278348457739
1052,0.08491310949951424,0.12640440879142098,0.1538531681698129,0.17799440780819964,0.08507391060441923,0.09882212771327795,0.10803095685746708,0.11576586019868919,0.05640973630831552,0.04343813387424085,0.036362407031777025,0.032124746450306114,0.056165652467883645,0.05915120888713062,0.06134342848643794,0.0631249424022392
1053,0.0850401847511487,0.12562288274980254,0.1539932080225793,0.17748121144920864,0.0851532261539521,0.0985471794159084,0.10802441663036874,0.11556844262983665,0.056572008113589346,0.04329614604462622,0.0363421230561178,0.03201318458418035,0.05619340207347303,0.059029617849693905,0.06133677127729558,0.06305870531508738
1054,0.08475343369504043,0.12581164409435064,0.15346732646648817,0.1774327633699117,0.08501557523243922,0.09857295344566186,0.10785288424472013,0.1155313120272632,0.05645030425963398,0.04331643002028547,0.03631507775523883,0.03203346855983957,0.05609122154608962,0.05898199351579694,0.061223644335210096,0.0630116306965167
1055,0.0851625868570634,0.1263131440546766,0.15324616474631753,0.17752604858164597,0.08514858291904112,0.09873308638898477,0.10771537418779911,0.11547552051388266,0.05665314401622631,0.043519269776877784,0.036254225828261155,0.03201318458418035,0.05611170272706778,0.05898671104776498,0.06116780019007676,0.06294468927730049
1056,0.08529676403649228,0.1261056092314787,0.15362179252142577,0.17704856112792203,0.08513775337256922,0.09862271202742542,0.10779180149307388,0.11535189994039168,0.05661257606490783,0.043498985801218554,0.0363083164300191,0.03203346855983957,0.05606944444444441,0.05891807778347588,0.06111433045909758,0.06287680472400077
1057,0.0850805976926706,0.12598612979358156,0.1529973373970208,0.17795773410672697,0.08505279240701424,0.09846037992659913,0.10754340444313172,0.11553605009854999,0.05669371196754474,0.04334685598377432,0.03622718052738218,0.032119675456391314,0.05594906468334454,0.0588061670709149,0.06099578846729371,0.06283736708251879
1058,0.0849688677151599,0.1256585064854361,0.15304051987548184,0.17754528041534018,0.08522199256708919,0.09865098314682735,0.1077932520476614,0.11568185780241211,0.05651115618661169,0.04333671399594468,0.036186612576063724,0.03207403651115805,0.056234392607617714,0.05907207565337727,0.061261397813490076,0.06311750151167374
1059,0.08531553707398193,0.12615367270668412,0.15338605303731398,0.17723482222042308,0.0853217781360909,0.09872863681877782,0.10784816953403283,0.11549446634433043,0.05677484787018167,0.043407707910752,0.03625422582826115,0.03198782961460632,0.0562163060626549,0.059052066276702044,0.06125931412150235,0.06300728438374374
1060,0.08519957124572788,0.12596998660448436,0.15373530775069702,0.1777817359085559,0.08522376831181808,0.0986179446078169,0.10796811456166325,0.11567680412236814,0.056632860040567064,0.043275862068967004,0.03634888438133755,0.03207910750507285,0.05617782285327916,0.05902248257221125,0.06129286191079245,0.06308742513453833
1061,0.08493300041776676,0.12627415772483216,0.15337397048011958,0.17772499595059554,0.08498206698844203,0.09865246341843537,0.10778513249027162,0.1155263680852995,0.05645030425963398,0.043387423935092775,0.036328600405678306,0.03202839756592479,0.05602073473067384,0.05899239296612623,0.06116922578398096,0.062973117244396
1062,0.08490825656507404,0.12578546289095938,0.15315735410512832,0.1778858802076988,0.08509302292831995,0.09857945466562726,0.10773723649852139,0.11568756435199483,0.056490872210952434,0.04331643002028544,0.036179851250843977,0.03208417849898766,0.05612702839756588,0.05899589093300133,0.06122729173894703,0.06307216586602746
1063,0.08526170571108455,0.12637578359020754,0.1533800061727472,0.17775398751089047,0.08527715395073523,0.09886678928956112,0.1079101208894457,0.11569734584864273,0.05653144016227089,0.04345841784990007,0.03626098715348089,0.032043610547669195,0.056299301329727255,0.059178044525600555,0.06134212386985159,0.06313886349941211
1064,0.0856794584429743,0.1259097080862051,0.1534175564395908,0.17799153370247053,0.08528232252966006,0.09858048089739709,0.1077553481938364,0.11562131803447655,0.05675456389452243,0.04342799188641124,0.03628127112914011,0.03211967545639133,0.056157454361054716,0.05892074320149493,0.06113171543023527,0.06296520385726435
1065,0.08511346406796916,0.12632332643653352,0.15338690806917066,0.17762366663324108,0.08523384952077338,0.09876280939506123,0.10785547806681443,0.11567640686172748,0.05667342799188552,0.04335699797160395,0.03622718052738217,0.03208924949290246,0.05622160243407706,0.059135957703643174,0.06133186865852368,0.06313764131584244
1066,0.0851422888117444,0.12593453680784017,0.1534644348501193,0.17740353947498438,0.08504288391484284,0.09852743797419519,0.10777074140107769,0.1153899918801817,0.05659229208924858,0.04338742393509279,0.036328600405678306,0.03197768762677667,0.05603220081135896,0.05889566944274495,0.06113313098790176,0.06289585598247684
1067,0.08509542522021318,0.12640764941370983,0.15385818322211453,0.17752968559245402,0.08502036496290041,0.09869904337425879,0.1079353285263525,0.11547623477435175,0.05653144016227089,0.043458417849900094,0.036416497633534974,0.032033468559839594,0.05601614266396208,0.05896592332654622,0.06120485731843773,0.06292432829602143
1068,0.08503914634728696,0.12636082084030717,0.1538121626865347,0.17767117424947956,0.0850600457228142,0.09876696616915298,0.10791889016961677,0.11560409855867913,0.05651115618661167,0.04351926977687777,0.03631507775523883,0.032089249492902476,0.05613207121929228,0.05906882411329771,0.06127749580548981,0.0630498549061487
1069,0.08507754646921496,0.126736337137664,0.1535226411946265,0.17786848053023815,0.08517515452625223,0.09891976157519429,0.10786205014914564,0.11566151677616884,0.05661257606490783,0.04354969574036663,0.03624070317782166,0.03204868154158401,0.056175794455713246,0.05910981919907151,0.06123536230963471,0.06304540767094914
1070,0.08514580483521705,0.1266525574563618,0.15364963751171573,0.1776165067597661,0.08526234488783628,0.09891630307784437,0.1079976248652639,0.11564758984082829,0.05663286004056705,0.04343813387424086,0.03634888438133755,0.03201318458418036,0.05622760311020951,0.05915843642693322,0.06133042185376862,0.06308134239002569
1071,0.08494425986197994,0.12616426646465104,0.15371809530552635,0.1778234015207976,0.08500889745897687,0.09851946547746936,0.10776719675625797,0.1154798609990785,0.056612576064907806,0.04333671399594469,0.03630155510479935,0.032043610547669195,0.05595982645931928,0.05885754145208503,0.06109095889406649,0.06284890998243366
1072,0.08506791622907536,0.1259491268161219,0.1538254977995671,0.17741260362809558,0.0852265056798829,0.09864230321071377,0.10796241304867739,0.11553663906130357,0.05665314401622629,0.04334685598377432,0.03629479377957961,0.03198782961460632,0.05622379986477344,0.059055642898921804,0.061305047125261206,0.06306586193668957
1073,0.08497923823552793,0.1263029666295558,0.15364307377567826,0.17789368028485236,0.08505459572031886,0.09864169376520168,0.10782610512789524,0.11561025317091471,0.05653144016227089,0.04331643002028545,0.03626774847870064,0.032063894523328425,0.05607175456389446,0.0589819429847288,0.06119659740648758,0.06300016365523105
1074,0.0849821654054636,0.12644188346656926,0.15332977648712473,0.1776319255269634,0.08506244043263303,0.09879630099281553,0.1078136802055112,0.11557637033349029,0.056490872210952434,0.04345841784990011,0.03627450980392037,0.03202332657200997,0.056103673653369324,0.05906812594130868,0.06123893644141825,0.06302611120008995
1075,0.0854129960008616,0.12585506767266352,0.15332867861202976,0.1776139712035027,0.08523439000690003,0.09844129172776979,0.10769581387900362,0.11549144294509471,0.0568559837728186,0.04325557809330779,0.03626774847870064,0.03207403651115804,0.05611840770791069,0.05888989114164164,0.061133908421873356,0.06292948124820284
1076,0.08515098353194588,0.12577727170086234,0.15281570796775912,0.17837198946483424,0.08512958988027385,0.09850739787146517,0.1076722090275255,0.11581124120789267,0.05653144016227088,0.043215010141989314,0.03624746450304141,0.03216531440162458,0.05611313950867693,0.05897015079978331,0.06119043590235141,0.06307607255787685
1077,0.08553362433567976,0.12621999801432646,0.15357070875876006,0.1776878492068647,0.0853104604273586,0.0987123069437651,0.10782865901313064,0.11553873835254,0.056734279918863206,0.043468559837729695,0.03628803245435987,0.03201825557809516,0.056193627450980346,0.05898478197153676,0.06118657507485338,0.06296097754426422
1078,0.08477984760831818,0.1265372282084526,0.1538910196958079,0.17770661959249345,0.08502024159294908,0.09870471036757932,0.1078836582787912,0.11551399869454707,0.056632860040567064,0.043458417849900094,0.036355645706557284,0.03206389452332843,0.05603986364660801,0.058938480820169455,0.0611609265339013,0.06292778703625149
1079,0.0852191613696864,0.1263995636323911,0.15387534281813675,0.1774700538694373,0.08512101258772613,0.0986610873429628,0.10787887203164409,0.11548652116830103,0.05665314401622631,0.04339756592292237,0.0363083164300191,0.03205882352941362,0.05607336037863419,0.058970455279812824,0.06118056391942312,0.06294817968868743
1080,0.08535381008898137,0.1260261610665113,0.15312713037100373,0.17818966429501462,0.08509740155785324,0.09851086456777891,0.10762106081203122,0.1155941765537001,0.05661257606490783,0.04341784989858161,0.03627450980392038,0.03211460446247652,0.056094714897453185,0.05889145631113209,0.06110425113723481,0.06293221259143736
1081,0.08516913232961289,0.12571811519335116,0.1536935368737596,0.17761887396778014,0.08523070200592323,0.09854844749474008,0.1079939341396991,0.11567987238548272,0.056572008113589374,0.04321501014198929,0.036355645706557284,0.032099391480732084,0.05621120689655164,0.059024154169969166,0.06130864308624994,0.06309129199912748
1082,0.08512077192071152,0.12602257224909075,0.15382190557126,0.1775736486793654,0.08513467803144731,0.09862171502395643,0.10790135268903929,0.11549453616117038,0.05661257606490781,0.0433975659229224,0.03631507775523884,0.03198782961460631,0.056155594996619304,0.05903223521209223,0.061260082076286276,0.06301240814214867
1083,0.08544808884539154,0.12556029231314403,0.1537651537225134,0.17747564256774057,0.08552324392559596,0.09867159951221036,0.10811991004079886,0.11569758680618818,0.05679513184584091,0.04331643002028546,0.03636240703177703,0.03201318458418035,0.05645486815415819,0.059166248363968624,0.061464783231462455,0.06321935206182955
1084,0.08494541411191274,0.12619484118812033,0.1534871810822207,0.17722457812473022,0.08512945974351586,0.09870350773169644,0.10786130836875597,0.11550737212497378,0.05655172413793014,0.04335699797160392,0.036247464503041414,0.032003042596350735,0.0561421005183682,0.05902822479566515,0.06125504313519067,0.06301477587709278
1085,0.08479147550173925,0.1265420306302478,0.15331955982483336,0.1774332618851375,0.08507394426572511,0.09888284844534423,0.10784837617063633,0.11560828507410639,0.05638945233265627,0.043468559837729716,0.03624070317782166,0.032043610547669195,0.056170131845841714,0.059149770029339736,0.06127771312549842,0.06307437216411244
1086,0.08486210505606093,0.1259031635774588,0.15388835169601614,0.17745636803668208,0.08496083595009593,0.09848738414223951,0.10786296830599175,0.11544786980669137,0.05647058823529321,0.04331643002028548,0.03632860040567833,0.032038539553754374,0.0560260029299075,0.058890328593122813,0.06116869344638794,0.06292310839533917
1087,0.08538329057264317,0.12624446424553679,0.15359918017173105,0.1776261266237983,0.0851435578280559,0.09855478854588498,0.10768859132314286,0.1154434659836433,0.05675456389452245,0.043427991886411235,0.03625422582826114,0.03208417849898766,0.05607448726617077,0.05889421579615223,0.061087946551604703,0.0628796809515504
1088,0.08520703196979387,0.1262255787344835,0.15338217517509556,0.17771547526584744,0.0853417555010138,0.09883689028422456,0.10792657705105257,0.11573791285138672,0.05673427991886322,0.043427991886411235,0.036247464503041414,0.03207403651115804,0.05627662271805265,0.05917551893043272,0.06138771647146092,0.06317971568833124
1089,0.08540915750007234,0.1259017634747221,0.15358141008883672,0.17750350893275837,0.08539168899225127,0.09865480259306014,0.10793202100338722,0.1156240214651952,0.056855983772818613,0.04333671399594467,0.03627450980392038,0.03203346855983958,0.05627856659905335,0.059104886973946474,0.06135036881283921,0.06312800721838219
1090,0.08487642862283654,0.1263116023896534,0.15372264410735095,0.17790880958137512,0.08485564868315829,0.09855479486174883,0.10769511097607462,0.11548516683335393,0.05649087221095245,0.04342799188641125,0.03624070317782166,0.032084178498987634,0.05590446810908263,0.05884921749670471,0.06102949786203902,0.0628387616097627
1091,0.08545127725119522,0.1261968604829662,0.15376208872586497,0.1777691990829504,0.0852603715766004,0.09862648336852783,0.10785832106469563,0.11554101521714119,0.056754563894522464,0.043407707910752026,0.03632860040567833,0.03205375253549881,0.05617745661482978,0.058976438084812254,0.06120265438112502,0.06297790504007102
1092,0.08516343964012367,0.1262681391175315,0.15350019615813262,0.17761819870014398,0.08513351537679306,0.09878947805911575,0.10791223829951345,0.11567549627448746,0.05651115618661166,0.043458417849900094,0.03629479377957961,0.03209939148073208,0.05616601870633304,0.05912456716403006,0.06132434181801165,0.06311785080596982
1093,0.08507272798495741,0.1263253855473325,0.1533948110578923,0.17761690703731142,0.08519617438478043,0.09879237378311943,0.10785964280275526,0.11561601517918532,0.05661257606490783,0.04344827586207047,0.036254225828261155,0.03202839756592476,0.05622920892494927,0.05912348889108625,0.061327230749454446,0.06311165733372072
1094,0.08479237621613549,0.1256976405416917,0.1536097800905356,0.17746286811848092,0.08497568921283144,0.09849584568072492,0.10783350282438324,0.11551397487370735,0.05647058823529319,0.04328600405679663,0.03626774847870064,0.03203853955375439,0.0560539779130042,0.05894762549017027,0.06123061235678804,0.062999177582242
1095,0.08502548931483948,0.12627259513929734,0.1534741468358205,0.17796685446042274,0.08512433843760474,0.09868018913871425,0.107799337892146,0.11563907221241283,0.05669371196754475,0.043458417849900094,0.0363083164300191,0.03212981744422093,0.05612271805273828,0.058986353688984916,0.061217550926789634,0.06300486370945235
1096,0.08485678065184903,0.12610976579738734,0.15349007730592584,0.1778651031827261,0.08514446948295691,0.09881703768843902,0.10800123786083143,0.11581573509195593,0.05645030425963397,0.043407707910752026,0.03628803245435986,0.03209939148073208,0.05623039215686266,0.05919683205338302,0.06140583782063954,0.06322450154206745
1097,0.08505607721543372,0.12625100253220783,0.15333489044127904,0.17717962605206605,0.0850268185285297,0.09855692183818435,0.10765701418141932,0.11532427441267122,0.05669371196754475,0.04339756592292239,0.03626774847870063,0.03201825557809516,0.05602163624070313,0.058894402285179503,0.06108200607497938,0.0628709798489898
1098,0.08528090093695108,0.12604663390674042,0.15356064686132806,0.17744513103803342,0.08519151469488098,0.09860927665952184,0.10785538646264901,0.11552829122099852,0.056572008113589374,0.04331643002028547,0.03629479377957961,0.03203346855983957,0.056144917737209796,0.058966103970323556,0.06121397985521887,0.06298800195968413
1099,0.08533759684996506,0.1260835558792564,0.15384054884775084,0.177588033084751,0.08511160413558748,0.09855369613179805,0.10783725227819528,0.11546083752315543,0.056632860040567064,0.043407707910752026,0.036321839080458565,0.032033468559839594,0.05604527270678377,0.058899883404830426,0.061145949291766984,0.06290646397677452
1100,0.08498746953718256,0.12665215301742722,0.1540201161138581,0.17743073199087547,0.08503597447784794,0.09876810989356442,0.10795536453891864,0.11544547565607674,0.056430020283974744,0.04343813387424085,0.03638269100743627,0.03199290060852111,0.05605642889339637,0.05900052147295683,0.06120055862963141,0.06291978614137611
1101,0.08471480728923038,0.12599416347768322,0.15344947087028582,0.17769885380297135,0.0848641647169917,0.09846680815081703,0.10765953102642935,0.11544851137910324,0.05647058823529321,0.04330628803245586,0.036213657876942695,0.03203346855983957,0.05592182217714665,0.05883921576293331,0.06106214921607494,0.06285912247867267
1102,0.08517132235759789,0.12625126240824072,0.15318654699763776,0.17758763655956017,0.08512421732462178,0.09870976407565134,0.10776193412175403,0.11555573776154153,0.05651115618661167,0.04343813387424087,0.03628803245435987,0.032048681541584,0.056115759522199646,0.0590189979248402,0.06121093399532299,0.063005224624923
1103,0.08520712144837093,0.12642999268029528,0.15338231255607868,0.17753393766837905,0.08505758439376447,0.09869548508072028,0.10768977027494227,0.11547508717226347,0.05659229208924857,0.04349898580121856,0.036240703177821666,0.03206896551724324,0.0560364266396213,0.058952132577168546,0.06116081557291519,0.06293718323984206
1104,0.08509584104711046,0.12612413286513152,0.1537972413478882,0.17767616494862687,0.08519614491452844,0.09869033119855908,0.10794326553760318,0.1156197289495402,0.05659229208924862,0.043448275862070465,0.03631507775523883,0.03207910750507285,0.056213939598828,0.05903565481109406,0.06126228721960519,0.06304131821594355
1105,0.08507981939315777,0.1266259088121962,0.153810897605293,0.17716769399398155,0.08522086983412912,0.09893486795761151,0.10803044601028408,0.11554050190569558,0.056653144016226294,0.043549695740366635,0.03634888438133754,0.03199797160243592,0.05620723461798508,0.0591627324620778,0.0613489294358126,0.06308633593353499
1106,0.08525844510618984,0.12658910956327238,0.15337678777653346,0.1774157461645831,0.08518876758980626,0.09877715463527137,0.10778169865908667,0.11546167090363234,0.05669371196754475,0.043468559837729695,0.03628803245435986,0.031977687626776684,0.05611556231688071,0.05903090703075586,0.061201367165436706,0.06297078191044063
1107,0.08560762764217371,0.12591977544891125,0.1538129398612934,0.17805623413050214,0.08518279166079289,0.09842066617122239,0.10778504250570568,0.11553883066114862,0.05675456389452244,0.043296146044626234,0.03634212305611781,0.0320943204868173,0.056032088122605316,0.058843339411115476,0.061104332757037035,0.06288834108003064
1108,0.08490079329882039,0.12665790501646232,0.15370017661925253,0.17777504997828808,0.08514923777947607,0.09898734236582028,0.10804147183562476,0.1157218856755897,0.0563488843813378,0.0434685598377297,0.03628127112914012,0.03198782961460632,0.0562694388100067,0.059225144974975726,0.06140021638963175,0.0631769680097146
1109,0.08493328458334362,0.1263495015207918,0.15357561268506206,0.17725424092535627,0.0851662415342065,0.09879526874533305,0.1079640010179361,0.11556933833008942,0.05649087221095245,0.04334685598377433,0.03631507775523883,0.032003042596350735,0.05622639170610772,0.05915509792678225,0.0613592659405037,0.06311699356894518
1110,0.08512529797004872,0.12628520064345186,0.15332590041532349,0.17723343261431734,0.0850672034510452,0.09862738168813923,0.10765838180454441,0.11540570757351837,0.05653144016227089,0.04338742393509277,0.03616632860040449,0.03203346855983957,0.056092883705206174,0.058966286051457435,0.06114702306620769,0.06294411374551462
1111,0.08489815641294314,0.12638011206270938,0.1533075057119138,0.17801541988387612,0.08510533960008282,0.09886180210518082,0.10788698193329027,0.11579844900966209,0.05638945233265627,0.043438133874240864,0.0362474645030414,0.03209939148073209,0.056197627901735374,0.05915119480103643,0.061327945479110586,0.06316030268038131
1112,0.0849102223677634,0.1259240345721592,0.15387421547253577,0.17743857969744545,0.08510837256716874,0.09852342086536899,0.10792875946357428,0.1154935800975571,0.05669371196754476,0.04327586206896698,0.03636916835699678,0.032048681541583995,0.056098489970700875,0.05892490913990102,0.06120494877515366,0.06295590017577052
1113,0.08469308061050781,0.1259880163532445,0.15384383226033904,0.17759329917619293,0.08505079855583857,0.09872177523317595,0.10808068373783049,0.11569200408665647,0.05634888438133779,0.04332657200811511,0.03636240703177704,0.03205375253549882,0.05620740365111559,0.0591520308474601,0.061431029620737286,0.06317577957456766
1114,0.0850871101475654,0.1260570011763161,0.15341375804812737,0.1776425032514708,0.08503423351870637,0.0985315714048043,0.10768093504780618,0.11542482255048206,0.05665314401622631,0.043397565922922404,0.03622041920216244,0.03199290060852111,0.05602296033355866,0.05886429982273855,0.06108301158891142,0.06288783174527846
1115,0.08503146571454588,0.12660133918366623,0.1537100434485111,0.17814287940773033,0.08502462440967719,0.09869135040947791,0.10775641157012622,0.11558309099760983,0.05667342799188553,0.04349898580121855,0.03632183908045858,0.03212981744422094,0.056057330403425684,0.05893674716054977,0.06112690797377102,0.0629296257471145
1116,0.08516522628021907,0.12589145756427336,0.15367636026355738,0.17756380255889387,0.08517909716944373,0.09849243470499976,0.10778597036105561,0.11545903342865609,0.05669371196754475,0.043306288032455835,0.03627450980392038,0.03203346855983957,0.0561039553752535,0.05887190363054522,0.0611180761853171,0.06289314274786527
1117,0.08575391077242388,0.12630421248795937,0.15379348152957367,0.17816865363021298,0.085400259006435,0.09869478780841723,0.10795439241422604,0.11572618860539266,0.05683569979715938,0.04337728194726317,0.03637592968221652,0.03209432048681727,0.056289412891593386,0.059090878225491764,0.061317709831710254,0.06311905697166137
1118,0.08488922530370226,0.1262959188301557,0.1533039657731202,0.17784936739687368,0.0850472515758828,0.09866109229075189,0.1076607444665725,0.11553978346675366,0.05667342799188554,0.043488843813388946,0.03621365787694268,0.03207403651115804,0.056100208474194224,0.05896652821409512,0.06111435161985847,0.06294651955612995
1119,0.08520270386138361,0.1257169429224298,0.1539928252676892,0.17794234924892238,0.08514219810086579,0.09842869173831909,0.10792099261684893,0.11560959058474407,0.05665314401622629,0.04323529411764854,0.03634888438133755,0.03209939148073208,0.056044343024566075,0.058871162513536454,0.06117141990942191,0.06295940739158995
1120,0.08538827004105101,0.12650085634945823,0.15301142871861267,0.177336224271291,0.08517576727757727,0.09863397967800336,0.10755283300570109,0.11534404971377867,0.056855983772818613,0.04344827586207045,0.03622718052738218,0.03202332657200998,0.056051611449177315,0.05889892317080064,0.06103080506024252,0.06281684825939002
1121,0.08484248470095494,0.12634791543180465,0.15369168568801173,0.17800418311616012,0.08511656296534435,0.0987657926910532,0.10797307714882941,0.1158003771489771,0.05651115618661167,0.04333671399594471,0.03634888438133755,0.0321754563894542,0.05618664074825328,0.05912116503689577,0.061326267302001296,0.06313371079889385
1122,0.0851732143302393,0.12633022231794386,0.15337313123283766,0.1776282502753234,0.08507582813153176,0.09865083368847843,0.1077556706271172,0.11551750964082926,0.05659229208924858,0.04339756592292236,0.03632183908045857,0.03207910750507284,0.056025439486139215,0.05893613008741153,0.061130711108118,0.06291293893406637
1123,0.0852866411979161,0.12622513939225408,0.15330477354749575,0.17756466184025768,0.08520405162065364,0.0986961874109188,0.10784749151338745,0.11554713984572627,0.05657200811358936,0.04334685598377433,0.03634212305611781,0.03199797160243594,0.056171343249943585,0.059003120277484944,0.06122346388308182,0.06297785201085328
1124,0.08520687864669269,0.12580610476772783,0.1530512468101624,0.1779338159749018,0.08520768355146567,0.09861801662632112,0.10771199069943764,0.11569297348471558,0.05659229208924858,0.04336713995943353,0.036159567275184754,0.032079107505072854,0.05618545751633979,0.05904250874998764,0.06122591415112964,0.0630808484657424
1125,0.08504989773544705,0.12608714955052336,0.15387457656960854,0.17767736517623806,0.08507042185781669,0.09858673512544548,0.1079106768615107,0.11557092463552178,0.0565314401622709,0.043326572008115086,0.03632860040567833,0.032084178498987655,0.05608857336037855,0.05896443285168453,0.061219756602004106,0.0629994747347107
1126,0.08504667722352507,0.12631612211002874,0.15395764224305558,0.17727424699581368,0.08504900395478632,0.0985985307778314,0.10780951877926469,0.11532812785115318,0.05659229208924858,0.043417849898581606,0.036274509803920385,0.031977687626776684,0.05606631733153023,0.0589316820597968,0.061162191623172324,0.06288207742094305
1127,0.08510479489827565,0.12610702264903978,0.1534339861922829,0.17741389422628917,0.08509255686639113,0.09860210354406687,0.10774955897470745,0.11546906416682721,0.05671399594320398,0.04342799188641123,0.03626098715348089,0.03206896551724325,0.05606541582150094,0.05895355222229361,0.06116268645164889,0.06294967054845335
1128,0.08483954749960843,0.12650748229971773,0.15308742591628804,0.1775061276192081,0.08479628243956663,0.09853717626363369,0.10752162569509971,0.11534344307924953,0.05647058823529319,0.043407707910752,0.03628803245435986,0.03207403651115804,0.055865956727518554,0.05883203108829712,0.06097704667214315,0.06279789231662432
1129,0.08542930950071875,0.12589749795005617,0.15325737733525235,0.1778355493048443,0.08547955594866084,0.09877453740078784,0.10793568655890594,0.11578289771502046,0.056713995943203976,0.04338742393509276,0.03626774847870063,0.03205882352941364,0.056360096912328114,0.05917151445507938,0.06136827524504939,0.06317368492881666
1130,0.08496939673808258,0.12623600329396373,0.1531105704205948,0.1778295164144585,0.08494241669817404,0.09859052258085353,0.10755777375751005,0.11550807037053211,0.05655172413793014,0.04347870182555931,0.036213657876942695,0.0321095334685617,0.05592393509127782,0.058862089152391286,0.061010408044753765,0.06285757787898062
1131,0.08493205918939574,0.12581416416793928,0.15366567078642954,0.17793800133476062,0.08525851498905902,0.09879392681338622,0.10806958776745636,0.1158204391346654,0.05653144016227089,0.043448275862070465,0.03632183908045858,0.032063894523328425,0.056312964841108815,0.059219536984653126,0.06146405879318247,0.06326572059272595
1132,0.0850132340663497,0.12595123485710485,0.1532365588036454,0.17706093689722244,0.08500148623476396,0.09848471879823127,0.10767711663458586,0.11530706081435389,0.05661257606490781,0.043346855983774316,0.0363083164300191,0.03200304259635072,0.05601769213432493,0.05886421632829358,0.061120247160160436,0.06287600912690999
1133,0.08459502625502006,0.12619095566801425,0.15349756623165922,0.17796233930463212,0.08498397366786023,0.09875383465589238,0.10789060492416998,0.11573551228141847,0.0564097363083155,0.04343813387424085,0.03628127112914011,0.03211967545639132,0.05610437795807974,0.05911239024664761,0.06130228602652199,0.06313489570852503
1134,0.08522241740344887,0.1259785479674784,0.153613949785212,0.17727555663989877,0.08541592568081266,0.0987660163598461,0.10800192787464556,0.11564475885376946,0.0567748478701817,0.043397565922922376,0.03631507775523884,0.03208924949290249,0.056361139283299486,0.05912545679191198,0.061361152782183036,0.0631240524129121
1135,0.08499313599882682,0.12576095700856008,0.15369596767823296,0.17762075033004554,0.08525138765791355,0.0985840669949191,0.10793557077211932,0.11562477978680913,0.056693711967544774,0.04328600405679663,0.036274509803920364,0.032033468559839566,0.05623954811809775,0.05903449216532056,0.06128540925279254,0.06306215025729958
1136,0.08533481124132916,0.12595206080210133,0.15337962120886453,0.17735665822124322,0.0852022679183965,0.09859070934804262,0.10777410475357396,0.11546422510484097,0.056713995943203976,0.0433975659229224,0.036301555104799356,0.03203346855983957,0.056141255352715747,0.05895989527675672,0.06119371979701692,0.06295803614168685
1137,0.08522427036056393,0.1265554041053849,0.15348759797370143,0.17803109096755995,0.08512727408280808,0.0987985006788242,0.10781747533574804,0.11569975488528722,0.05653144016227089,0.043498985801218575,0.03629479377957961,0.03213488843813574,0.056109646157313404,0.05903927072105958,0.06118899183085527,0.063021300903822
1138,0.08480463781459732,0.12637231589284056,0.15369743322718588,0.17769839606228618,0.08500139104236677,0.09879130376740182,0.10794510270710826,0.11564010352774562,0.05643002028397474,0.04342799188641122,0.03631507775523883,0.03204361054766919,0.05608288257831856,0.05910568908278488,0.0613149600933486,0.06307857146555658
1139,0.08493738964937449,0.12663988574818197,0.15389397846638336,0.17770047489643623,0.08499679175711253,0.09884917379681189,0.10798485194794022,0.11559254678242219,0.05638945233265628,0.043468559837729716,0.036355645706557284,0.03201318458418035,0.056105983772819376,0.05910852982636201,0.061300280822874156,0.06305796656537166
1140,0.08521222659339767,0.12605195573794045,0.15364069545265738,0.1777821909364412,0.08514168871610667,0.09860927271074245,0.1078573518036444,0.11559440585802988,0.05667342799188554,0.043448275862070465,0.03637592968221652,0.03211967545639129,0.0561025185936443,0.058956299873077954,0.061189491652362885,0.06296479364193158
1141,0.0849458912326061,0.12600483150161546,0.1532971974483572,0.17773740540238053,0.08503233039404698,0.09858657954522212,0.10778257837432406,0.11564429101646094,0.05645030425963398,0.043275862068967004,0.036240703177821666,0.0321146044624765,0.05610897002479147,0.05901528504121927,0.061232703404646927,0.063042289279322
1142,0.08546869621646912,0.12643549170497925,0.15354486133559805,0.17804918770135522,0.08520023441740375,0.09867974161430121,0.1077940493294225,0.11560960447143706,0.05675456389452244,0.04340770791075201,0.03626774847870064,0.032038539553754394,0.05606031665539769,0.058940708419382815,0.061175704669086534,0.06294578896730249
1143,0.08518855573059593,0.12575480418644344,0.15406296763954647,0.1774558278610352,0.08507431185629893,0.09854026965150638,0.10799165186252921,0.11555685262569229,0.05634888438133781,0.04328600405679661,0.03632183908045858,0.03205882352941363,0.05608922132071217,0.05897162661360819,0.06129253773594248,0.06301761225620398
1144,0.08532177236994379,0.1259023710352669,0.1537366655148189,0.1775086246193768,0.0852189124551568,0.09861600794698339,0.10793906316028767,0.11554772126151137,0.05657200811358936,0.04334685598377431,0.03631507775523883,0.03200304259635074,0.05620160018030193,0.05902850220547963,0.06127654832143609,0.06303516981261761
1145,0.0852730193113293,0.1261432879921994,0.1536665521718279,0.17753670263536248,0.0850572501469214,0.09857234635670756,0.10776429653311846,0.11541946782456021,0.0565922920892486,0.043488843813388925,0.03632860040567832,0.032043610547669195,0.05600056344376827,0.058856542696899786,0.0611071900289408,0.06286548733830012
1146,0.08544128658271825,0.12624420358324115,0.1534281729694479,0.17735437628567705,0.08535562456415655,0.09874962594653332,0.10785898297634136,0.11558177315112296,0.056713995943203976,0.04333671399594468,0.036193373901283465,0.03201825557809516,0.056303414469235924,0.059111096066778945,0.06131417382807004,0.06310704035383916
1147,0.08504465081713325,0.12613010745085929,0.15374203852441398,0.17767867465734097,0.08500934024773123,0.0985895802457724,0.1078455387380323,0.11550996076508534,0.05653144016227088,0.04339756592292239,0.03632183908045857,0.03205375253549881,0.055975856434527786,0.058922794884237024,0.06113179044811061,0.06291852940835883
1148,0.08507001432440241,0.12637744032598788,0.15315289888884956,0.17794728779875696,0.08531979874511222,0.09888224269701033,0.10794696191493686,0.11585044813537061,0.05661257606490784,0.04334685598377431,0.03627450980392038,0.03210446247464691,0.05626239576290281,0.05919990352462805,0.06138611102935256,0.06321126956373041
1149,0.08531094797742063,0.1263206654861243,0.15375136863019265,0.17779864632628192,0.08514997199580805,0.0986210875358782,0.10781919739498858,0.11553797603291294,0.05675456389452245,0.04343813387424087,0.0363421230561178,0.03209432048681729,0.056068289384719375,0.05891588571891056,0.061124839420987606,0.06290960890365653
1150,0.08492807436964178,0.12625013810788888,0.1535648661808701,0.17771602141632903,0.0849594090322718,0.09854664104468251,0.10773894699509391,0.11548627172374237,0.05649087221095246,0.043296146044626234,0.03626098715348089,0.032038539553754394,0.056004310344827495,0.05890064700848383,0.06112423875535,0.06291243446124944
1151,0.08517902297618454,0.12578373705304435,0.15396439176814689,0.17782456960825022,0.0851988491653796,0.0984918952410335,0.10790747059132193,0.11553137849807982,0.05671399594320401,0.04330628803245585,0.03634888438133755,0.032018255578095164,0.0561743858462925,0.05893391036171794,0.06122406228542487,0.06295811943143581
1152,0.0852025864165333,0.12658057710599763,0.1536531570816699,0.17801952199383678,0.08507495714356751,0.09875811834219501,0.10789166494654401,0.11570366705372755,0.05651115618661166,0.043407707910752005,0.0363421230561178,0.03212474645030611,0.056090066486364595,0.05905029372860227,0.061244790273174206,0.06304985561417983
1153,0.08541456402955941,0.12626929276216292,0.15366970244704342,0.17710478516967057,0.08537606688551418,0.09878494408975427,0.10802620797331115,0.11556098586068124,0.05671399594320398,0.04335699797160391,0.03634888438133756,0.032013184584180364,0.056280820374126614,0.05913651006379541,0.06137378939961989,0.06310538465070027
1154,0.0849750444325258,0.126235291783001,0.15366211539653796,0.17799080061090772,0.08508769482441698,0.09867576729092833,0.1078631840697242,0.11570074038093482,0.05653144016227089,0.04339756592292238,0.03630155510479935,0.03214503042596535,0.05606527496055887,0.0589670980620854,0.0611796593389408,0.06299806594825344
1155,0.08487350529375419,0.12650329934390803,0.1533443104449793,0.1772858954670905,0.08507273445095404,0.09880861987362631,0.10781726342923856,0.11547956526921653,0.0565314401622709,0.0434685598377297,0.03626774847870063,0.03199290060852111,0.056169652918638666,0.05915157614770023,0.061283281397275194,0.06306505306164398
1156,0.08532236542294115,0.1261726432580998,0.15395605837925366,0.17768442545264912,0.08504945860665153,0.09849770582903819,0.10786002245313729,0.11544566628381034,0.05657200811358936,0.04328600405679662,0.036382691007436255,0.032038539553754394,0.055998985801216976,0.05887943734326398,0.06113343980291627,0.06289338954019683
1157,0.08510141160472813,0.12597766889104098,0.1533582244368346,0.17792232549788295,0.08508238055410716,0.09866645537318026,0.10781225756636897,0.11560715647460978,0.0564097363083155,0.04345841784990008,0.0363083164300191,0.03202839756592477,0.05611575952219967,0.059027132883804644,0.06123038607663843,0.06303814382864274
1158,0.08502977963323852,0.12614175211422599,0.153847121381745,0.1780798149418165,0.08492816985763102,0.09850014062207745,0.10777848276235,0.11555564794081036,0.056430020283974744,0.0433367139959447,0.03628803245435986,0.0321095334685617,0.05598875929682211,0.05889165774866752,0.06113144903517461,0.06292925486921702
1159,0.08461806120118982,0.12611643032718176,0.15357728038168292,0.177675544896564,0.08486762146098809,0.09861300682385941,0.10785567203858082,0.11556978754108689,0.05630831643001936,0.043346855983774316,0.03632860040567833,0.032043610547669195,0.05599430921794,0.05900236050678226,0.061231417806596945,0.06299876899923468
1160,0.08497208675136203,0.12641306208427122,0.15342027992067436,0.17779832780870897,0.08511940559694338,0.09875593393230625,0.10785190494279087,0.11564451894819444,0.05661257606490784,0.04337728194726314,0.03626774847870064,0.032063894523328446,0.05612373225152125,0.059068227945711926,0.061253340443335566,0.06304606844585088
1161,0.08477849381232197,0.12643857996504007,0.15382230216126286,0.1776012375000892,0.0850567277637527,0.09879347900784939,0.10797451449627796,0.11560263874599093,0.05645030425963397,0.043387423935092755,0.03630831643001909,0.03200811359026554,0.056120013522650385,0.05906658384937604,0.061264430469712534,0.06303110862673192
1162,0.08500534227266804,0.12630973153588645,0.1537628080184589,0.1775711901776008,0.08493570028318488,0.09849653167590619,0.10771989873292273,0.11535603173591266,0.056551724137930116,0.04335699797160395,0.03632183908045857,0.032043610547669195,0.055932443092179346,0.05879053580244341,0.06101719067806026,0.06279112166390578
1163,0.0851723695410414,0.12646893464123046,0.15362850705169,0.17776513463652066,0.0851904019408814,0.0988123096919526,0.10791023738292073,0.11563171432349484,0.05657200811358936,0.0434685598377297,0.03630831643001909,0.03206389452332842,0.056193402073472995,0.05907468154886452,0.06126812104772169,0.0630524809363906
1164,0.08497034971307449,0.12579244162278339,0.15397437372600908,0.17770238502399813,0.08483573486170447,0.09838110499269799,0.10787543507089796,0.1154519809746626,0.0564097363083155,0.04330628803245585,0.03643678160919421,0.03206896551724323,0.05590069303583499,0.05882724836422417,0.06114667532772128,0.06289596920376422
1165,0.08514066636403396,0.12619271875861043,0.15346058912893545,0.17784084342027456,0.08513769631464824,0.09866876385302269,0.10779609721089292,0.1156061787694415,0.05661257606490783,0.04342799188641122,0.03628127112914012,0.032079107505072854,0.05613562091503267,0.05896707504840999,0.061165260612426005,0.06297242006858374
1166,0.08508938674996143,0.12619782255170278,0.15393471793467087,0.17778023436215615,0.08507135505799587,0.0986586688989677,0.10792712463469267,0.11557855136341189,0.05653144016227088,0.04344827586207047,0.03631507775523883,0.03204868154158401,0.0561041525805724,0.05902511061896001,0.06125615399683081,0.06302161163259427
1167,0.08521454200189152,0.12618945826008313,0.15388099233026667,0.17793996845922447,0.08525898625614556,0.09868743302349724,0.10796383483165592,0.11569438157095512,0.056754563894522464,0.04338742393509279,0.03633536173089806,0.03209432048681728,0.05618326008564339,0.059022913252146106,0.06125426315380032,0.06303976060791429
1168,0.0850072947182587,0.12638474896657656,0.1541417391505429,0.17832526172950094,0.08504811994261031,0.09870757727081197,0.10798992732633546,0.11571697828478728,0.05655172413793014,0.04344827586207048,0.036362407031777025,0.03209432048681726,0.0560783186837953,0.05899409256039557,0.06123346724111981,0.06301760036177496
1169,0.08492251583548918,0.12616438841623775,0.15348665702356715,0.17738508330398264,0.08508767258558483,0.09861320676082057,0.10775783176045242,0.11545874559910696,0.05663286004056707,0.04340770791075199,0.03625422582826114,0.032048681541583995,0.056081868379535695,0.05891659773743449,0.0611503988801296,0.0629266279398315
1170,0.08485758026201744,0.12586655202244973,0.1536342955355789,0.17738745630664382,0.08511574969784272,0.09862070677068559,0.10791098095964634,0.11550919488388263,0.05655172413793014,0.04337728194726317,0.036342123056117816,0.03201318458418036,0.05611674554879421,0.059024148372631084,0.061245735624954986,0.06299017939250337
1171,0.08521405103319508,0.126202374395786,0.15372678404784493,0.17746712450923188,0.08508977791831963,0.09866036374592076,0.10788272532380984,0.1155039715450509,0.05651115618661166,0.04338742393509277,0.0362947937795796,0.03200811359026555,0.05610401171963031,0.05901464147280858,0.06123066293181389,0.06300441473508317
1172,0.08524365461610943,0.12620263190766795,0.15366545535885956,0.1781049894685283,0.08520229385183646,0.0986523721996557,0.10790874286564235,0.11569953162532001,0.05661257606490781,0.043367139959433525,0.03636916835699677,0.03208924949290248,0.05619416272256021,0.05900763297017373,0.061243510198610844,0.06302966274365088
1173,0.08511555080331935,0.1261291430415791,0.15361621673344542,0.17706962555733988,0.08494937448385698,0.09851714274546526,0.1077467227929995,0.11524648257038492,0.056470588235293204,0.04337728194726316,0.03633536173089807,0.031967545638947076,0.055971546089700175,0.05887679719077899,0.06109423163824217,0.06282521606700271
1174,0.08523390487711731,0.12609888635966882,0.15365866203301726,0.17775946811020593,0.08519961497228375,0.09859782459043176,0.10782793682548865,0.11553307676859394,0.05669371196754476,0.04336713995943354,0.03628803245435986,0.03202839756592478,0.056115252422808126,0.058924036600591444,0.061150901904692,0.06293113535628435
1175,0.0852583816043078,0.12605984604295536,0.15358553182636228,0.1777707775688294,0.08533820129500735,0.0986949138749667,0.10796941620294062,0.11568678919176995,0.05671399594320398,0.04333671399594471,0.0363421230561178,0.03208417849898766,0.056263184584178484,0.05904555149007222,0.06128767660924253,0.06306727579997128
1176,0.0850831990530766,0.12604947678155873,0.1533697690679964,0.17749674097328416,0.0851208441946177,0.09861231385345988,0.10775541601567064,0.11549601377047825,0.056653144016226294,0.043427991886411214,0.03628127112914011,0.032048681541583995,0.05608079783637589,0.05896379487299364,0.0611703661572445,0.06295773827117201
1177,0.0856086921723831,0.12619086319936995,0.15361630582655522,0.1779300195204366,0.08553025828900382,0.09879518038587072,0.1080014116987592,0.11575018889284695,0.056896551724137066,0.043397565922922376,0.03632860040567832,0.03206389452332843,0.0563796484110885,0.059092494500992986,0.061313349872906875,0.06311295164868388
1178,0.08470222350473662,0.12594042882608011,0.15328964769351622,0.17764497546701907,0.08503153726170655,0.09865935527506486,0.10785572133378575,0.11564421215110177,0.056409736308315514,0.043316430020285464,0.03628127112914012,0.032053752535498796,0.05610637818345723,0.05903488721478349,0.06126740685937836,0.06306641138996935
1179,0.08533547422247194,0.12647693353718212,0.1536220751828881,0.1773086562646687,0.08529679299836188,0.09886452446226844,0.10794534099909917,0.1155648878928963,0.05669371196754475,0.04349898580121854,0.03634888438133755,0.032068965517243225,0.05625092968221768,0.05911917223786045,0.06130557027876817,0.06305465451981825
1180,0.08511427697224008,0.12634801793831657,0.1539290111669901,0.17787372651721625,0.08501209116651297,0.09865046509241318,0.10792774246338648,0.1155697227833038,0.05655172413793012,0.04343813387424088,0.03640973630831524,0.032109533468561706,0.056030764029749776,0.058936323459779574,0.06117998399726222,0.0629508202901344
1181,0.08514452200429933,0.1256708475422938,0.1538876531914817,0.17756229113492236,0.08494615334021755,0.09833872257024576,0.1078328530675015,0.11539672893324945,0.05651115618661167,0.04330628803245586,0.036396213657875744,0.0320283975659248,0.05593824656299296,0.05877470710506401,0.06107161994192361,0.06282821005867102
1182,0.08505856540211555,0.12601367260295043,0.15334080312811768,0.1779324381235102,0.08506433391426654,0.09862900720147678,0.10773620952777911,0.11560950745401687,0.05651115618661167,0.04343813387424086,0.036220419202162436,0.03205882352941361,0.05609099616858232,0.05898110810416096,0.06118422251237635,0.06301638027968436
1183,0.08552886388232277,0.12615749289092232,0.15296504671822542,0.17765344054625995,0.08539324091294537,0.0988272896367262,0.10778565581563417,0.1156420520811655,0.056713995943203976,0.0434787018255593,0.03619337390128346,0.031972616632861876,0.05629496281271123,0.059160600830370225,0.06130192349096919,0.06312102648441179
1184,0.08528480327022549,0.12550925757018375,0.1535002505098039,0.17783772261583977,0.08540929487368167,0.09872981551883316,0.10803519330677848,0.11582920490353373,0.056632860040567064,0.04337728194726315,0.03628127112914011,0.032084178498987655,0.05640793328825777,0.05921723587263745,0.06145293890768247,0.0632605550685954
1185,0.08518060546884554,0.12634250064793182,0.15328438574721215,0.17754250496562368,0.08507497610061232,0.09863938148225765,0.10768337821410898,0.11546943157525218,0.05659229208924858,0.04339756592292241,0.03626098715348089,0.03206389452332842,0.056053808879873754,0.058942790270641886,0.061116943261213405,0.0629153796247347
1186,0.08518426316081378,0.1260589338067897,0.1534644865225564,0.17733383851145915,0.08531606805728374,0.09870951500493945,0.10794134146033174,0.11560196692557026,0.05665314401622627,0.04329614604462625,0.036281271129140126,0.03200811359026553,0.05627141086319581,0.05910361539251689,0.06131523199269559,0.06309690096949026
1187,0.08523433379644378,0.126082151138922,0.1532916696326915,0.1778034887988211,0.08523664592121669,0.09861168685340839,0.10774971311777728,0.11557938503968984,0.05679513184584093,0.04335699797160392,0.036274509803920385,0.03207403651115805,0.056189119900833855,0.05900702830621371,0.06118935723947632,0.0629937615734309
1188,0.08532865686205529,0.1261208989250463,0.1538472615619308,0.1774202617352605,0.08531880319696379,0.09869666144842205,0.10804682084750583,0.11564131786556443,0.05667342799188552,0.043275862068967,0.036335361730898054,0.032074036511158054,0.05630149876042364,0.0591155228215166,0.06140375750242023,0.06315000167133772
1189,0.08488426156765572,0.12649944873811012,0.15381977258986157,0.17766284387214548,0.08500748358561645,0.09878351350086588,0.10792540379670718,0.11554288281680028,0.056430020283974744,0.04350912778904815,0.03633536173089806,0.03199290060852112,0.05603290511606938,0.05902620037478574,0.06123798784086461,0.06299803229738163
1190,0.08494914519349694,0.12635048383359362,0.15390988060149752,0.1779332176644942,0.08492355581472438,0.09867199973553561,0.10785953550126598,0.11551457681429686,0.05645030425963398,0.043498985801218526,0.0363421230561178,0.032018255578095164,0.05591762452107274,0.05893015520384378,0.06114497978470572,0.0629093886919348
1191,0.08487631578891885,0.12591940863360343,0.15372819953897657,0.17782972426644314,0.08495085107385678,0.09855668855416998,0.10788304893610043,0.11556854624754027,0.05638945233265628,0.043367139959433566,0.03636916835699677,0.03205882352941362,0.05601881902186153,0.058940591131088176,0.06119656211989304,0.06297069298068628
1192,0.0849722773169728,0.1265598521773243,0.1533363363740681,0.17748042933719513,0.08505805287045366,0.09874215098446647,0.10776785647078284,0.11554646596237655,0.05651115618661167,0.04333671399594471,0.036213657876942695,0.032043610547669195,0.05613917061077301,0.059052523883116236,0.06123538803315138,0.06302598459038683
1193,0.08553476933680365,0.12618129645003667,0.15355762535109832,0.17789438105046543,0.08519344343728234,0.0985061416703572,0.10765585291063999,0.1155154003695742,0.05679513184584092,0.04336713995943354,0.03621365787694268,0.032104462474646885,0.05606347194050027,0.05884918081217138,0.06105817530222267,0.06288952272312073
1194,0.08555507434928075,0.1259570484151041,0.1535813654667351,0.17760492906757766,0.08536036621838981,0.09862697381679804,0.10790445974080468,0.11560102125240775,0.0567748478701817,0.04331643002028546,0.03632860040567833,0.03204868154158401,0.05625636691458188,0.0590169339606849,0.06127744467299774,0.06304785602398716
1195,0.08518174227505919,0.1265105389322709,0.15332976694531172,0.1779423204536287,0.08511849295735577,0.09873080918506176,0.10769230914173575,0.11556608644987003,0.05673427991886322,0.043519269776877804,0.036240703177821666,0.032079107505072854,0.056042032905116015,0.058954137545822675,0.06110337984788461,0.06291605695498192
1196,0.08480502734418441,0.12616162524653318,0.15339025916091864,0.17814711432607866,0.08497247314294817,0.09866105532211694,0.1078118186183314,0.11569967890933813,0.05643002028397476,0.04340770791075199,0.03632183908045858,0.03210953346856169,0.056065190443993634,0.05899571131134415,0.061202670189268234,0.06303995401270977
1197,0.08461410012531295,0.1265278906949375,0.1534634308813094,0.17764520919813684,0.08473746808645209,0.09864982422528606,0.1076844650894374,0.11541160099502429,0.05630831643001936,0.043458417849900115,0.03628127112914012,0.032033468559839594,0.05591782172639163,0.058952454656830584,0.06110614093457138,0.06289092162171667
1198,0.0854330662795212,0.12585043991113382,0.15379463689492393,0.17730307072317755,0.08533179366881899,0.09862039399263696,0.10801832706156436,0.11551624735088248,0.05675456389452245,0.04337728194726317,0.036430020283974456,0.03200304259635073,0.05621943317556904,0.058980486671041076,0.06128140384815239,0.06299875072313196
1199,0.08483145363795205,0.12599425945438006,0.15343050370916117,0.17786483855269838,0.085025268956269,0.0985619445916777,0.10771747382775526,0.11559232551444884,0.05657200811358936,0.04334685598377431,0.036213657876942695,0.03209939148073208,0.05609175681766952,0.05898487937639913,0.06117840374707571,0.0630089454858098
1200,0.08536170026051758,0.12597917575077014,0.15286717340340344,0.17766725230107155,0.08534330999954945,0.09879199586610939,0.10780829185817722,0.11576190630584904,0.05661257606490781,0.04346855983772969,0.03623394185260192,0.03211460446247651,0.056343841559612313,0.05918074020796031,0.06134622402494957,0.06318513748176095
1201,0.08515248846290001,0.12596679673458838,0.15332068133150697,0.1778835886394318,0.08520425163961833,0.09858980845029246,0.10775492522682845,0.11566559224620555,0.05669371196754475,0.043326572008115086,0.03621365787694269,0.032134888438135736,0.05613308541807521,0.05898828691757651,0.061184637070367635,0.06303052441205108
1202,0.08526753428812177,0.1258702694816466,0.1540518550786607,0.17766453396268767,0.08539398937326402,0.09864507091414605,0.10810311910388798,0.1157359112756252,0.05671399594320398,0.043235294117648544,0.03633536173089806,0.03210446247464687,0.05639170610773045,0.05914034606499026,0.061430137921961114,0.06320437984082745
1203,0.08528312228814423,0.12608800330739084,0.1535469625198606,0.1779494080642849,0.08514075174404319,0.09857826309926895,0.107786042909009,0.11561920889861386,0.05659229208924858,0.043346855983774295,0.03626774847870063,0.03211967545639132,0.056101504394861314,0.05894455157541925,0.061162117107564716,0.06296724980578555
1204,0.08567505669205253,0.1262616437231347,0.15296199323188683,0.17763447531796508,0.0853230733004283,0.09871535529290132,0.10767750114541785,0.11552106822316278,0.05669371196754474,0.04346855983772968,0.036240703177821666,0.032008113590265536,0.05620202276312817,0.058989568033471156,0.06115583558090672,0.06296542105794864
1205,0.08528570803028068,0.12616399284263627,0.15372004580871476,0.17818484512509308,0.0851658096738573,0.0985567318781182,0.10777928900632619,0.11562755186730518,0.05679513184584091,0.0433874239350928,0.03628803245435986,0.0321095334685617,0.056084939148072936,0.058924222147351685,0.061139830368660844,0.06294832987053645
1206,0.08541552459122485,0.12631205165688586,0.15321084954681843,0.17732109701826354,0.08527527668898287,0.09869509226295489,0.10776901309592485,0.11546486381182179,0.056754563894522464,0.043387423935092775,0.03632183908045858,0.03202332657200996,0.05619447261663284,0.05902666186206256,0.061211795274722376,0.06299012853221854
1207,0.08485679722168354,0.12583812147460469,0.1535258477581884,0.17735982429382444,0.08501455850377647,0.09854063284569418,0.10780974891917777,0.11545692175153176,0.05647058823529321,0.04339756592292239,0.03630831643001909,0.03204361054766921,0.05609240477800308,0.05894223120282572,0.06120111522239604,0.06296648485593555
1208,0.08512230156761567,0.1263893257439993,0.15339263421805754,0.17758458723814372,0.08522503264444801,0.09877452983418737,0.10787468992136633,0.11564298566980388,0.056632860040567064,0.04336713995943355,0.03628127112914012,0.032063894523328425,0.05623326572008108,0.05908940166104733,0.06128787206103026,0.06310307669946
1209,0.08496385442147364,0.1261514276193674,0.15347342168161382,0.177188043357023,0.08520749906830705,0.09877010756148907,0.10797433686864874,0.1155667265822184,0.0565314401622709,0.043346855983774316,0.0362947937795796,0.03197768762677669,0.05623923822402514,0.059122750489084275,0.06135239368436065,0.06310762674981886
1210,0.08521758054478776,0.12640703550348686,0.15356608687097456,0.1776932547214826,0.085318034839488,0.09888314596187828,0.10794836758418504,0.11568208166693877,0.05661257606490785,0.043448275862070465,0.03626774847870063,0.03202332657200996,0.05631507775523996,0.059164745495899305,0.06134526845224939,0.06315510479057952
1211,0.08488267616889808,0.12616990722245514,0.15382023267623957,0.1779563838255101,0.08496117142315021,0.09860017003256819,0.10794902320924896,0.11564082936492562,0.056430020283974744,0.04329614604462623,0.03639621365787575,0.032084178498987655,0.05607533243182325,0.058999286320530565,0.06128106385126347,0.06305426742224746
1212,0.08512020745194152,0.12588651672478998,0.15314601089279178,0.17762431987061086,0.08517651885408994,0.09849434732674475,0.10768404670972131,0.11550534112128273,0.05675456389452245,0.04322515212981892,0.036220419202162436,0.032008113590265536,0.05617551273382912,0.058955862613244286,0.06117427012531067,0.06297458817775495
1213,0.0850952972937172,0.12656883072398017,0.15320777668849178,0.17815164342139161,0.08498164360847045,0.09874608057062954,0.10769155918082038,0.11566768267725834,0.056470588235293204,0.043519269776877784,0.03626774847870064,0.032139959432050544,0.05604721658778445,0.05896427300166531,0.06112122039977057,0.06297045010362398
1214,0.08505436943743398,0.12600846942276614,0.1532977020469044,0.17733416683773964,0.08519125662468353,0.09865564793857255,0.10781161568073178,0.11550110990371484,0.05663286004056705,0.04335699797160391,0.03627450980392037,0.03200304259635073,0.05619230335812483,0.059023726364747495,0.06123618255949183,0.06300879523142516
1215,0.08516519906563846,0.12623594949513914,0.15380390188717194,0.1777623997420763,0.08509659323854339,0.09867158838636898,0.1079200850903263,0.11561485343069088,0.05655172413793014,0.04337728194726315,0.03633536173089806,0.03211460446247651,0.05611198444895196,0.058979344164229966,0.061232915942005,0.06298225692283134
1216,0.08483944824469838,0.12654966923998884,0.15343623932886286,0.1772426116576722,0.08500470221970728,0.09887920917781345,0.10784943520359484,0.11547075717503019,0.056490872210952434,0.04360040567951469,0.03630831643001909,0.031982758620691505,0.056048399819697926,0.059094234453040254,0.06125028023628587,0.06302228229426748
1217,0.08508396842221436,0.12648431659263182,0.1538629271730627,0.17784912044518056,0.08517344866175756,0.09880820710179762,0.10801873180006834,0.11567857047160549,0.05661257606490783,0.043407707910752005,0.03636240703177703,0.032043610547669195,0.056137874690105866,0.059093707677834666,0.06132434174343346,0.06306808619002567
1218,0.08495291021990199,0.12616194390463997,0.15358370279420142,0.17790088147705105,0.08516560402900997,0.09877065540864914,0.107985324144297,0.1157805803061682,0.05653144016227089,0.04332657200811509,0.03626098715348089,0.032063894523328425,0.056221179851250795,0.059158973567076646,0.061407603968291,0.06322543244095166
1219,0.08492674991560434,0.1262937736599436,0.153288154814444,0.1778281884757613,0.08507622570014575,0.09872227729635905,0.10776847810957974,0.11562416648351621,0.0565314401622709,0.04344827586207044,0.03626774847870063,0.03208417849898766,0.056058316430020225,0.058992444583197086,0.06116873092136628,0.06297776728682017
1220,0.0847991100095139,0.12665751014072799,0.15335423716937047,0.17746742070592136,0.08491209196606386,0.0987619409633842,0.10768223909949726,0.11542223966152985,0.056490872210952434,0.043539553752537,0.036254225828261134,0.032038539553754394,0.05598081473968887,0.05897551999727067,0.06110573722421457,0.0628904310078661
1221,0.08484503124914043,0.12666224307068635,0.15341358702551647,0.1772178206268114,0.0851515782194827,0.09898017423011246,0.1080028980987685,0.11562600065012073,0.05638945233265627,0.04342799188641124,0.03630155510479935,0.032003042596350735,0.05625512733829159,0.059225059771673416,0.061413468040411145,0.0631625329587756
1222,0.08489003770703579,0.1265773527460971,0.15322827754491122,0.17787951247173472,0.08493801027323639,0.09870465985537753,0.1076680479762879,0.1155494467229041,0.0565314401622709,0.0434584178499001,0.036233941852601925,0.03208417849898767,0.05596560175794446,0.05894065507748417,0.0611090676476802,0.06290880807205268
1223,0.0852178328674378,0.12593610495183885,0.1535839169426815,0.1772667117298793,0.08516092095188287,0.09852442281583927,0.10785303308041619,0.11547642742322323,0.05659229208924858,0.043235294117648544,0.03631507775523883,0.03203853955375439,0.056121957403651064,0.05897416714131351,0.06124579157442331,0.06300203325038858
1224,0.08529722432595317,0.12646402222781158,0.15386179309868986,0.17768325957063125,0.08513802447148765,0.09873814699527049,0.10785072371679767,0.11548424053632145,0.056632860040567064,0.04352941176470739,0.03630155510479935,0.03202332657200998,0.05606989519945901,0.058980799216238,0.06115682720650338,0.06291903372145362
1225,0.08494444302728363,0.1262162189422594,0.15367250215781245,0.17751850936138625,0.08511160406544627,0.09870894661314396,0.10790768561305325,0.1155634524487443,0.05661257606490784,0.0433975659229224,0.036301555104799356,0.03202839756592478,0.05612561978814504,0.05903872398256848,0.06124848098563845,0.06301156913496586
1226,0.08511622994738313,0.12659240641083955,0.15358244030414295,0.1775788542088682,0.08533052371521589,0.09890570156240115,0.1080035128388202,0.11570222414985051,0.056653144016226294,0.04336713995943355,0.03629479377957961,0.03204868154158401,0.056346208023439245,0.059224849805822495,0.06140874357482158,0.06318982813843228
1227,0.08514943332273152,0.12632270287553884,0.15356090681379334,0.1770738136023596,0.08513166036515495,0.09865646147680568,0.10779921853699419,0.1154005588403123,0.05669371196754476,0.043367139959433545,0.03626774847870064,0.032028397565924765,0.056135508226278934,0.05902155800059465,0.06121347003136349,0.06296403526377398
1228,0.08538259747781601,0.1260439040052802,0.15378667397601045,0.17803265392060025,0.0853101500746349,0.09868981334888925,0.10796613174357284,0.11571607956783796,0.05671399594320398,0.043377281947263154,0.03632183908045857,0.03207403651115805,0.0562752422808203,0.05910686963163275,0.06133404216423784,0.06311382941580779
1229,0.0852291576966543,0.12596464115989445,0.15352638967171248,0.17772129684269908,0.085120926815325,0.09860421619581972,0.10782346950715116,0.11555441265964624,0.05665314401622629,0.043448275862070465,0.03632183908045857,0.03206389452332843,0.05610096912328141,0.058973281569971316,0.061208541584951336,0.06300396926806387
1230,0.08499358640142912,0.12599973132767975,0.15386580237153655,0.17823440362072568,0.08509300608927131,0.0985755604705066,0.10788925973262338,0.11568251113722954,0.05661257606490784,0.0434178498985816,0.0363421230561178,0.032129817444220936,0.05616328600405675,0.05898959844154753,0.06124284169167146,0.06304763038063622
1231,0.08507672852962148,0.1265938580855776,0.15344589184986812,0.17764646035289552,0.08517277748708771,0.09891693767373917,0.10793930360443718,0.11567337090141265,0.056470588235293204,0.04351926977687777,0.03634888438133755,0.03207403651115805,0.056194359927879134,0.059157120590892516,0.06133044528992335,0.06309681536775454
1232,0.08493051777117552,0.12576143318291827,0.1536912742183481,0.1773709561985177,0.08488146127809149,0.09837677539199217,0.10778422948222581,0.11536494546759844,0.0564097363083155,0.04326572008113738,0.03634888438133756,0.03203346855983958,0.05594683908045971,0.05883690070855909,0.061145702705701,0.0628876313223123
1233,0.08518968834560504,0.1262758907953114,0.15330662820438815,0.17744292502461867,0.08523142848546733,0.09878732260838062,0.10779498361071149,0.11554127395457633,0.05663286004056707,0.043448275862070486,0.03621365787694268,0.03199290060852111,0.05623802681992336,0.05910934003230902,0.06125274970250355,0.06305976093733474
1234,0.08511333164773759,0.12665862451057106,0.1541627087388653,0.17733588268060543,0.08514903201831665,0.09887582484619924,0.1080975737236743,0.11552940235069742,0.05657200811358936,0.04351926977687779,0.03640297498309549,0.032008113590265536,0.05617111787243625,0.05911704260248131,0.0613396301741367,0.06305503934755607
1235,0.085187391004761,0.126136278172144,0.15325976368375333,0.17769958077868506,0.08522594279460097,0.09876786769277512,0.10787120580590187,0.11572006047534139,0.05649087221095243,0.04337728194726316,0.03624746450304141,0.032089249492902455,0.056167568176695895,0.05905270107723787,0.06129200184247023,0.06309051818659747
1236,0.08506453009883702,0.1264332835083069,0.15366459289907647,0.17820810007550503,0.08512112850078295,0.09868970120968064,0.1078786237931325,0.1157290472607494,0.05661257606490781,0.04334685598377432,0.03631507775523884,0.032119675456391314,0.05610409623619554,0.05897546344527566,0.06121160802924312,0.0630201249064805
1237,0.08516281146588107,0.12630729587797623,0.15330703076129967,0.17771293342078046,0.0851788118374388,0.09880400261215104,0.10786021553736012,0.11568278339311269,0.056551724137930116,0.04345841784990009,0.03628803245435987,0.0320993914807321,0.056180048456164,0.05910932447691696,0.06130617019007888,0.0631087665820347
1238,0.08497619472643858,0.12617370902898015,0.15395522054300992,0.17751674418022043,0.08495290542461849,0.09855067578566239,0.10781587016817845,0.11541860650873519,0.0565314401622709,0.043448275862070465,0.03632183908045857,0.03207403651115804,0.05602389001577637,0.05890102838708893,0.06111498517060214,0.062878171159095
1239,0.08510802106918995,0.125894816161374,0.15372007458740597,0.1781405013717221,0.08510449163176885,0.09855751782365381,0.10787624333850969,0.11565542528566128,0.056632860040567064,0.04333671399594471,0.03632860040567831,0.03203853955375438,0.05607733265720077,0.05893471063393411,0.06119199154514305,0.06299215901936014
1240,0.08486967199434163,0.12596375406018293,0.15362867422189652,0.17805456233314085,0.08502403510985201,0.0985697896949179,0.10786185652851529,0.11564480863378261,0.05651115618661166,0.043316430020285464,0.03632860040567833,0.03206896551724325,0.05608713657876936,0.05897479513836159,0.061232657756457406,0.0630164070123651
1241,0.08547863519587748,0.1267498152718622,0.15398257241946636,0.1777659758170449,0.08541287694099818,0.0989898562931701,0.10809982925819532,0.11571713375405288,0.0568356997971594,0.04360040567951471,0.03640297498309549,0.03208924949290247,0.056294568402073406,0.05919756352413224,0.06138113645478841,0.06312645297085423
1242,0.08515819792937326,0.12636055185158004,0.15341105375299038,0.177785334558118,0.08507927333486288,0.0986861974260343,0.10775963349939846,0.11555771757847931,0.05665314401622629,0.04345841784990009,0.03630831643001909,0.03207403651115805,0.056045977011494184,0.058990000486145645,0.061171120636456015,0.06296683283218674
1243,0.08494914261881066,0.12635075759443726,0.15341107162392548,0.17752450377826262,0.08529993840612635,0.0989524642965734,0.10797275285376491,0.1157310321953788,0.05655172413793014,0.04347870182555931,0.03624746450304141,0.03204868154158399,0.056378380662609806,0.059286415731681946,0.06142024748724177,0.0632240832752638
1244,0.08485762901520047,0.1259609384220359,0.15369817012161366,0.17757956553890303,0.08486829189748749,0.0984729797773903,0.10774008748949938,0.11542903912365218,0.056369168356997054,0.04335699797160393,0.03629479377957961,0.032084178498987675,0.05599428104575158,0.05888985934412058,0.0611305602547734,0.06288910558199848
1245,0.08504128561004755,0.12634953816361777,0.15339926827623976,0.1774757898840887,0.0849427651499308,0.09853618840259844,0.10766462216931934,0.11537396403486715,0.05655172413793014,0.04335699797160394,0.03629479377957961,0.03202839756592479,0.05594481068289374,0.058866097508607274,0.06105721688496688,0.06284365150984907
1246,0.08526789803026627,0.12692565584388163,0.1537211922569178,0.1774551260961145,0.08530695081735604,0.09901722854314955,0.10802624452955928,0.11563419944838911,0.05665314401622627,0.0435294117647074,0.03632183908045857,0.032028397565924765,0.05625881789497402,0.05918527800647696,0.06135879656812402,0.06310441883523575
1247,0.08542712468901019,0.12624405830174182,0.15339491088792065,0.17768043665073271,0.08532558692988329,0.09874621439588302,0.10792240292474128,0.11566965240406511,0.05661257606490781,0.04334685598377431,0.0363556457065573,0.03207403651115803,0.05623394185260303,0.05908831878856245,0.06131162250448008,0.06309349714215987
1248,0.08493878482722661,0.12625283609239873,0.15366726062171118,0.17721554194683145,0.08486400460237234,0.09859203370628924,0.10779739932835744,0.1153539863183074,0.056430020283974744,0.04345841784990009,0.03637592968221652,0.032048681541584,0.05594379648411081,0.05887759941141189,0.0611040352402023,0.06284371121693128
1249,0.08478894664183877,0.12579248602035875,0.15364918908441155,0.17783914682394866,0.08479789144558765,0.09839123736782511,0.10772122904251313,0.11546626917505984,0.056430020283974744,0.04331643002028547,0.03630155510479935,0.03206389452332842,0.055847081361280033,0.058782857906891736,0.06104974683388276,0.06283270570848959
1250,0.08527493114334686,0.12617144915120102,0.15325962277671568,0.1772662853953271,0.08516607331500232,0.09858995895088571,0.10764341696323519,0.11537762732938285,0.0567748478701817,0.04339756592292239,0.036179851250843977,0.03200811359026555,0.05613018368266839,0.058930962966284604,0.06110902157616459,0.06289778722433757
1251,0.08476146286815824,0.1261049121428207,0.1532949051603724,0.1771034972607586,0.08501772500771644,0.0986730871887483,0.10783406486416212,0.11546752876514992,0.05638945233265627,0.043336713995944694,0.03628803245435987,0.03199290060852113,0.05612916948388544,0.0590517578359567,0.06126847507038217,0.06301369744971487
1252,0.0849214780774822,0.1262674976735322,0.15362761512005405,0.17734844175065245,0.08511132853334709,0.09875213539082345,0.10793276228584713,0.1155522069585915,0.05655172413793012,0.0433975659229224,0.03632860040567832,0.03200811359026555,0.056168835925174604,0.05908693413508426,0.06130186140553233,0.06306121533675721
1253,0.08504187780353806,0.1262255996552711,0.15362175180415935,0.17795941408793303,0.08518259395266332,0.09874780647612418,0.10786912942793395,0.11570214266235145,0.05669371196754475,0.0434787018255593,0.03626774847870064,0.03210446247464689,0.05618835925174663,0.059063968834660065,0.06124822815676406,0.06307320845906503
1254,0.08511369521981378,0.12653283818387526,0.15352630481364313,0.17812549270950098,0.08518383961864037,0.09878764105560822,0.107811784639392,0.1156968538041919,0.05669371196754476,0.04350912778904818,0.03628127112914011,0.03212981744422093,0.05605411877394633,0.058963202666123704,0.061125322277477655,0.06295623472692183
1255,0.0846494970532259,0.1265150372261589,0.15340626383997846,0.1772960353159869,0.08488924365143635,0.09878664588276707,0.10782558545868953,0.11548356444647519,0.05626774847870085,0.04342799188641122,0.036274509803920385,0.031987829614606306,0.05597985688528278,0.05902892208926965,0.06119699249948804,0.06296126581233037
1256,0.08477095605718805,0.1263837932598361,0.1534817810436608,0.17724708978178588,0.08488500453365584,0.09867005302876607,0.10780792192223644,0.1154105355177858,0.056308316430019344,0.043397565922922376,0.03632183908045858,0.031982758620691505,0.05601763578994809,0.05901189303946337,0.06119789480411964,0.062954047596032
1257,0.08504406725564478,0.12627616619336318,0.1538286118071188,0.17724589636548338,0.08500108361132423,0.0985749904881565,0.10783580362800645,0.11537057451813197,0.0565922920892486,0.04336713995943356,0.03636916835699677,0.03203853955375439,0.05598797047554647,0.05889184120327545,0.06115059821904525,0.06287780796844755
1258,0.0847826996904182,0.12627462935211525,0.15390298523647955,0.17750499218116692,0.08484090237466171,0.0985560579039129,0.10780360106186652,0.11540924228428798,0.056409736308315514,0.04339756592292238,0.03632183908045858,0.03205375253549881,0.05593255578093297,0.058881821374782116,0.06110538726052827,0.06286158400264218
1259,0.08509827264767679,0.12656214952303443,0.1534544554994457,0.1781104677785533,0.0852262423348952,0.09897446406076867,0.10799501341121247,0.11589639646008083,0.05649087221095243,0.043519269776877784,0.03630831643001909,0.03213995943205053,0.05630862632409282,0.05924820009421374,0.06144054535583575,0.06327191076307966
1260,0.08499515165889573,0.12612632840202603,0.15350030260075692,0.17708765098630913,0.08509420724694443,0.09867826607218817,0.10788470274984012,0.11542572111683999,0.0565314401622709,0.04337728194726317,0.03632860040567832,0.03197261663286189,0.05611508338967763,0.059028776756551646,0.06126142918227369,0.06297768595300485
1261,0.08517593794667996,0.12554581341280618,0.15351474292915154,0.1777695741239381,0.08531434062405903,0.09859526301514285,0.10796969078247493,0.11571962299447436,0.05663286004056707,0.04325557809330775,0.03628127112914012,0.032038539553754394,0.0563344883930583,0.059113075642134014,0.06137109143111245,0.0631665509268143
1262,0.08493292733441357,0.12640062170919666,0.1536615197027081,0.17794954958452242,0.08505947918221592,0.09872174098176635,0.10785080896874776,0.11564853492759262,0.05655172413793012,0.043407707910752,0.03626098715348089,0.032104462474646905,0.05608950304259629,0.059013949529364514,0.06120424160667116,0.06300612268817164
1263,0.08510125635260185,0.12589282283037748,0.15316173382164397,0.17751856060473037,0.08513364112163987,0.0986552348602202,0.10775227623784332,0.11556591728515136,0.05655172413793014,0.043407707910751984,0.036200135226503206,0.03204868154158401,0.0561905003380662,0.059070509892973556,0.06126572711859863,0.06307484780652046
1264,0.08495088502306988,0.1261490896232414,0.15336485509513614,0.1780159889545033,0.08523902417492454,0.09878420266167141,0.10787533299347714,0.11579520903665377,0.056653144016226294,0.043407707910752005,0.03619337390128348,0.03208924949290248,0.05624636578769432,0.05912609609616495,0.06132480815313384,0.06315852993426897
1265,0.08515609329940206,0.12637557542717986,0.15376456227184704,0.1778052921364908,0.08507591008436155,0.0986974171523225,0.10787663604940766,0.11558251649464234,0.05655172413793014,0.043448275862070465,0.03632860040567831,0.03209432048681727,0.05607468447148967,0.05900476491682217,0.0612118161451917,0.06297864825340432
1266,0.0852643613377923,0.12642416781166985,0.1534079726950272,0.17726690998749417,0.08527214570799097,0.0988469433454829,0.1079140047654054,0.11559139876593984,0.056572008113589374,0.04344827586207047,0.03630155510479934,0.03207403651115805,0.056248309668694985,0.05911073738243674,0.06126844808479903,0.06305844069592874
1267,0.08541005226281408,0.1262726370260905,0.15353994053096615,0.17783464421559275,0.08549797803079676,0.09886850977936208,0.10797318175543967,0.11579624891490438,0.05689655172413708,0.04341784989858161,0.036240703177821666,0.03209939148073207,0.056379084967320185,0.059199339138592585,0.06136863304973014,0.06318779333534114
1268,0.08522946420527185,0.12628409912539468,0.15302762536737066,0.17739705069348624,0.08506097205204678,0.09855133781386452,0.10757285458323415,0.1153181749112268,0.0566734279918855,0.04339756592292239,0.03627450980392037,0.03197768762677669,0.055989886184358725,0.058835783211751896,0.06101478177987939,0.06281354810098451
1269,0.08500756509799451,0.12598524378854545,0.15343429523126134,0.17785415795663187,0.08513155412970358,0.09867019122766066,0.10794843315208791,0.11570679552787931,0.056409736308315514,0.04328600405679661,0.03633536173089807,0.032063894523328425,0.05620340320036051,0.05908204309820962,0.061326416865724494,0.06312479964430197
1270,0.08491526420420135,0.12597665555036508,0.1535497521455513,0.1777309623427598,0.08514981367859192,0.0986380882517879,0.10786163243639493,0.1156641095477226,0.0565922920892486,0.04333671399594468,0.03626098715348089,0.03212981744422093,0.05617393509127785,0.05903874351464708,0.06124561343097138,0.06305038044604518
1271,0.08511763626219457,0.12642117779529496,0.15354397298979733,0.1772740333852473,0.08514446185870496,0.09884952161092732,0.10791215689060045,0.11551829159951542,0.05653144016227089,0.04353955375253701,0.03632183908045858,0.03200811359026554,0.05617714672075721,0.059131039979848636,0.06132156540656856,0.06305906720452649
1272,0.08553170113503326,0.1261101305019073,0.15293494505044902,0.17779888543725303,0.08537007747359604,0.09868931851078652,0.1076952150115884,0.11563561493872541,0.05677484787018167,0.0433975659229224,0.03620689655172295,0.032079107505072854,0.05626284651791748,0.05904795821585315,0.0612314950887308,0.06305596037824374
1273,0.08534016876037832,0.12645572807535918,0.15315466888286983,0.17765570854897342,0.08529885342863872,0.09881039420681678,0.1077710793251989,0.1156120220148918,0.05669371196754475,0.043448275862070486,0.03622718052738218,0.0320436105476692,0.056249154834347524,0.059095339492757304,0.06125760104197775,0.06307118307831554
1274,0.08494247418745315,0.12563809611984816,0.15330959697575391,0.17698656189702427,0.08497520455644739,0.09837858444257938,0.10769256367905441,0.11529801631077541,0.05655172413793014,0.043245436105478166,0.03630155510479935,0.031987829614606306,0.05599599954924492,0.058855821511235154,0.061119728471159165,0.06287947196656198
1275,0.08457236175724943,0.12620254054845437,0.15420874527448852,0.17714979410252804,0.08471425254617486,0.09852709386486035,0.10792034418310847,0.11529919967755757,0.056308316430019344,0.04338742393509276,0.03642325895875471,0.03202839756592476,0.05581885282848764,0.058822149293944595,0.06111142345127546,0.06278186974746515
1276,0.08505543912641667,0.12617554854820098,0.1536531002510028,0.17829405481788888,0.08508902060363872,0.09866424431400947,0.10787665703305732,0.11576394013195254,0.05651115618661166,0.043377281947263174,0.0363083164300191,0.03213488843813574,0.05611654834347525,0.05904596794017712,0.06124096868564609,0.06307199091420061
1277,0.08510806761826623,0.12596785850940742,0.15353141043327212,0.1777506960912845,0.08507584156702118,0.09852866756144435,0.1078003190466775,0.11559476177637101,0.05663286004056705,0.04330628803245583,0.03631507775523884,0.03214503042596536,0.056089587559161526,0.05896139375290321,0.06119716382475638,0.06301132301460775
1278,0.08519021216617491,0.1256822081711298,0.15365653376016003,0.17783897917578767,0.08508423288331436,0.09842488601577931,0.1077870503339088,0.11553936314482262,0.056632860040567064,0.04331643002028544,0.03630831643001908,0.03208417849898767,0.0560732758620689,0.058878253967614876,0.06116673444830698,0.0629475181074972
1279,0.08448491470551356,0.12630775330935473,0.15325785570410538,0.17777493073834089,0.08480735243373382,0.09866786891297313,0.10771723880565179,0.11554013500351042,0.05636916835699705,0.04342799188641124,0.03626774847870064,0.03203853955375438,0.05597641987829608,0.05897543599176553,0.06116687422887344,0.06295519358710598
1280,0.08512860009777744,0.12637690119953238,0.15343685846777674,0.1774945249180431,0.08518627700302148,0.09870675801155507,0.10783531630521472,0.1155550545143611,0.05659229208924858,0.043336713995944694,0.03628803245435986,0.03204868154158401,0.05616041244083831,0.05902185363289602,0.06122526091578317,0.06300353894304497
1281,0.08471304321824231,0.12611527459068522,0.15365250652843598,0.17765451724367157,0.08508945793475675,0.09875648486805258,0.10799189004225916,0.11570904797885505,0.056409736308315514,0.04336713995943354,0.03629479377957961,0.03207403651115803,0.05617469574036507,0.05910366252184123,0.06132761613880838,0.06311938761790836
1282,0.08526558199684095,0.12601763523468323,0.15382058500810036,0.17761262440350545,0.08518978102727069,0.0986456960360451,0.10800893126266323,0.11558030166639803,0.05651115618661166,0.043356997971603924,0.03641649763353498,0.03203853955375439,0.05618644354293431,0.05900959579233966,0.061273567790347906,0.06302891163255786
1283,0.08513869361962166,0.12625487592377027,0.15300580859518537,0.17738759793213585,0.08515430943576696,0.0987754960385466,0.10772799566113135,0.11556135784918882,0.05647058823529319,0.04344827586207047,0.036179851250843977,0.032018255578095144,0.05623782961460442,0.05916552883924942,0.061303610228767215,0.06313413419902808
1284,0.08528137756378287,0.12631144848485354,0.15349685706196836,0.17739123780616095,0.08533817028044713,0.09880410873399298,0.1079151114530293,0.1155525555107167,0.05677484787018169,0.0434584178499001,0.03631507775523883,0.03199797160243592,0.05627566486364656,0.059104477199564145,0.061294847131390155,0.06306578118089519
1285,0.08501956407218628,0.12569416567575425,0.15373254893481297,0.17764136839513436,0.08508651902665323,0.09851850456751769,0.10791673853647382,0.1155436004116115,0.05657200811358936,0.04334685598377431,0.036389452332656,0.03205375253549881,0.05606919089474863,0.05890235030793905,0.06119153984904292,0.06295396361007542
1286,0.08548452376680232,0.12638891490997936,0.15365458164437573,0.17753553524925533,0.08519005771579999,0.09863211081316635,0.10777986783653695,0.11542767715231629,0.05683569979715939,0.04343813387424085,0.03632183908045858,0.03201825557809516,0.05602566486364653,0.058857121648148214,0.06107497785941127,0.0628447116924058
1287,0.0847513929176725,0.12600879396048567,0.15382206212791252,0.1774349636965772,0.08496938898730556,0.09871577084004834,0.10801466405023495,0.11561485563666038,0.05626774847870085,0.04338742393509276,0.0363421230561178,0.03204361054766919,0.05613407144466978,0.0591217312595534,0.061366122081857724,0.06314159644447218
1288,0.0855648784023367,0.126709714918703,0.15348214945475938,0.17756802370951388,0.08547526773476984,0.09896161325841084,0.10800650910930562,0.11569091222962091,0.05673427991886322,0.043438133874240864,0.036335361730898054,0.03202839756592477,0.05639226955149873,0.059205485498797054,0.06137471089656681,0.06314832145944861
1289,0.0847038289198042,0.12610899924323832,0.15354319112561376,0.17816431022485235,0.0849546485877335,0.09866044531890916,0.10786088704467055,0.11570815390410016,0.05645030425963397,0.04338742393509278,0.03633536173089806,0.03211460446247653,0.05603355307640288,0.05900260800360986,0.06121084298892495,0.0630215735887272
1290,0.0849917263728399,0.12594037614620388,0.15353379828803126,0.17774663918973083,0.08508760323901024,0.09854529046301543,0.1078335864597359,0.11555344192655839,0.0565314401622709,0.04330628803245586,0.03632183908045858,0.032038539553754374,0.056111871760198294,0.05891788680670203,0.06119053477221607,0.06297012033750786
1291,0.08491765120691339,0.1263363186575193,0.15346046779398995,0.17791401378342225,0.08508635726329121,0.09877255728576204,0.10786706671622392,0.11569045275674236,0.05655172413793012,0.043458417849900094,0.036301555104799356,0.03209432048681727,0.05606504958305156,0.05903507883038255,0.061220747046342075,0.0630375704598954
1292,0.08528922468129693,0.12650102254410833,0.15355243146587186,0.17739854349638162,0.08510566456463337,0.09876418413805861,0.10783071951757363,0.11546723899737693,0.05651115618661166,0.0434787018255593,0.03627450980392037,0.03197768762677669,0.05608516452558031,0.0590021691147721,0.061203088505101776,0.06296532665793918
1293,0.08504486601920845,0.12619807910730046,0.1532294460998203,0.1778025294979254,0.08510658128148399,0.09864744187832031,0.1077338739536125,0.11560057283269837,0.05655172413793014,0.04335699797160393,0.03623394185260192,0.03206389452332842,0.05609939148073016,0.058978691939738585,0.061189786026956766,0.06301354677987006
1294,0.08535582526856181,0.1257601221272695,0.15402492436079568,0.17801047395609912,0.08533482635524353,0.098632760332505,0.1080504783976709,0.1157570560661796,0.05669371196754475,0.04335699797160393,0.03636240703177703,0.03212981744422094,0.0562751859364435,0.05905473231757557,0.061355534628795,0.06311279187401846
1295,0.08524490120001989,0.12606267394411733,0.1534930680914703,0.177434145119784,0.0852702811622624,0.0985601539917008,0.10782867432055036,0.11549388444078834,0.05679513184584092,0.043235294117648544,0.03630831643001909,0.03202332657200997,0.05621185485688524,0.0589859250213493,0.061211437536053244,0.06297227908002455
1296,0.08480170025626582,0.12620976076629098,0.1534692639435181,0.17788766435198416,0.08496850074195578,0.09871871881525841,0.10784603198301405,0.11563510673943382,0.05653144016227089,0.04349898580121856,0.03634888438133755,0.032079107505072854,0.056022706783862904,0.05902714780037158,0.06122040991318869,0.0630371396753797
1297,0.08542410405671448,0.12640144316107105,0.1536270577496116,0.17747772003730417,0.0852319323103753,0.09871513790115075,0.10781363529210145,0.11549385153291858,0.05677484787018167,0.043509127789048155,0.036301555104799356,0.0320588235294136,0.05610843475321157,0.058962178246138607,0.061157884642864674,0.0629477605112707
1298,0.08535657976326815,0.12641233424680784,0.1540959544388706,0.17754039017445192,0.08512595692020017,0.0986068946226576,0.10787865951839112,0.1154279383794179,0.05673427991886323,0.04339756592292238,0.03637592968221652,0.03205375253549882,0.05608612237998643,0.058936207097781496,0.06115667941928439,0.06289878123996938
1299,0.08544549172637887,0.12657151309736633,0.15393677315586754,0.17733742156351537,0.08526464701665311,0.09874205700291251,0.10791773400102023,0.11545326836073531,0.05673427991886322,0.04346855983772967,0.03637592968221652,0.03207403651115807,0.05616097588460666,0.059008090033586626,0.06121057276126122,0.0629535405585351
1300,0.085355700119058,0.1261370699373704,0.1536572511874551,0.17765757376166866,0.0851358954640557,0.09852048419081404,0.10771636708649944,0.11544192087044586,0.05661257606490783,0.04334685598377431,0.036247464503041414,0.032033468559839594,0.05608119224701369,0.05888362830764465,0.06109892727028716,0.06287604031964608
1301,0.08550058904896128,0.1262656556687088,0.1535463062337374,0.17762309302916415,0.08523264402059551,0.09868195045292245,0.10779980398342898,0.11555036791294684,0.05665314401622627,0.043438133874240864,0.036281271129140126,0.03207403651115804,0.05607913567725937,0.05894175751398874,0.06112036730302387,0.06291418638568638
1302,0.08487534579723613,0.12612790034034585,0.15371526010847833,0.1776048658333804,0.08499374919712915,0.09857622187596178,0.10783642461126945,0.11547663376529332,0.05663286004056705,0.043427991886411256,0.03636916835699677,0.032063894523328446,0.05602873563218383,0.058951792322931525,0.061177923266262986,0.06294377434220857
1303,0.08500520838700518,0.12645834425367344,0.15404729367020856,0.1775399878010779,0.08513115252482553,0.09872657746521683,0.10801012058509059,0.1155383223998283,0.05665314401622629,0.043387423935092775,0.036369168356996766,0.03201318458418036,0.05614091728645477,0.059033987381670205,0.061271999444114475,0.0630056054966242
1304,0.085177985064056,0.12623577491534566,0.15302203341239592,0.17744358152974715,0.0849505480933306,0.09860091426640458,0.10754541445484903,0.11538765958667324,0.056470588235293204,0.04342799188641124,0.036146044624745265,0.03199797160243595,0.05596368604913227,0.0589519406261864,0.06108116734520826,0.06289835164406503
1305,0.08500187266442198,0.1261981361123445,0.15310445508679837,0.17733996719831654,0.08516886214670172,0.0987124188478087,0.10773985197764883,0.11551545593433545,0.05665314401622629,0.04338742393509278,0.03620689655172295,0.032008113590265536,0.05614280482307859,0.05903188796272,0.06120760963510888,0.06300907445021414
1306,0.08523928293794976,0.1260518031292547,0.15347571018768044,0.17806386567701118,0.08520971455320495,0.09868787224443457,0.10788934348524631,0.11576233684357455,0.05655172413793012,0.04335699797160393,0.03628803245435986,0.03211460446247651,0.0561620464277664,0.059058815544097316,0.0612611503215344,0.06309615963981849
1307,0.0849761014543068,0.12602949374725142,0.15335875356242737,0.17782203217218343,0.08507962663573838,0.09867744608411216,0.10786641755206182,0.11563549359789528,0.05651115618661166,0.04341784989858162,0.036342123056117795,0.0320334685598396,0.056154975208474144,0.05909714201772646,0.06131268502940192,0.06308391804584952
1308,0.08485390900384562,0.12592369206256518,0.15356019826025818,0.17777553568249987,0.08517884679823934,0.09874652447382645,0.1080050052786745,0.11571612398446665,0.056572008113589346,0.043387423935092775,0.03633536173089806,0.03204868154158399,0.056242618886635065,0.059180773075513456,0.06140230755848991,0.06317637578052258
1309,0.08534856249321622,0.1263336440386425,0.15287810739298535,0.17717175272842595,0.08538854342687352,0.0988151677468997,0.10774013406040275,0.11555470785733434,0.05677484787018169,0.04336713995943354,0.03617308992562424,0.03201318458418035,0.056358547441965216,0.05913946089291376,0.0612964893577364,0.06310481878485628
1310,0.08504610984524945,0.12621277504528738,0.15364112456951967,0.17729363265986134,0.08527697573545563,0.0987595244685856,0.10794423026667362,0.11555180847057382,0.05673427991886322,0.04343813387424087,0.03631507775523883,0.03205375253549883,0.05624670385395534,0.059062761103802715,0.061301278603232666,0.06306365230532798
1311,0.08460840548868097,0.12620389504688165,0.1538239958432944,0.17756536498489214,0.08484110463157621,0.09861685548060162,0.10787165184245656,0.11550018584183029,0.056328600405678574,0.043407707910752026,0.03632860040567833,0.032053752535498796,0.055970616407482465,0.058917886279671275,0.061189370345774936,0.0629296299469512
1312,0.08498685855503782,0.12635067500658825,0.15407212260946385,0.177075074936984,0.08492162798661745,0.09861550291441308,0.1078690805914973,0.11527200040887521,0.056490872210952434,0.04347870182555933,0.0363556457065573,0.031972616632861876,0.05595931935992781,0.05888569319809635,0.061107816722613256,0.06281827630552111
1313,0.08517014618490201,0.12613358424214102,0.15327369374862146,0.17764703424013373,0.08497340671423442,0.09845493112433944,0.1075448038577581,0.11535175015167964,0.05661257606490783,0.04339756592292238,0.03622718052738218,0.032018255578095164,0.055947261663285945,0.058818241951952954,0.06098693895502247,0.06280783933709681
1314,0.08505803379920174,0.12611830693316234,0.15321222384080244,0.17811139207751062,0.08516111288820967,0.09864605823013081,0.1077592808505399,0.11570046500472533,0.056632860040567064,0.0433367139959447,0.03623394185260191,0.03208924949290248,0.05613770565697538,0.059012204099391785,0.06120114078783886,0.0630239357711583
1315,0.08477684223052705,0.1264659392511163,0.15360894490898536,0.17790968638999155,0.08477605210821829,0.09872899881579536,0.10781587651672266,0.11557352944729252,0.056227180527382396,0.0435294117647074,0.03633536173089807,0.03206896551724326,0.055910130718954204,0.05897536013128091,0.06116708218447376,0.0629622302957954
1316,0.08543783859137354,0.12646431371238237,0.15340864760141687,0.1774925033782945,0.0854643488210516,0.09905029045839578,0.10805244910347327,0.1157499431083751,0.056693711967544726,0.04356997971602588,0.03630155510479934,0.03201318458418035,0.056407003606040076,0.05930668159664868,0.06146787569699846,0.06327509275744662
1317,0.08507766748834784,0.12629280619149547,0.1541276764930414,0.17712051652568586,0.085106429800815,0.0986537237396016,0.10802779153016587,0.11542549265119441,0.0565314401622709,0.04330628803245584,0.03638269100743626,0.03197768762677669,0.056161652017128645,0.05905716343050609,0.0613126534580985,0.06302213066181894
1318,0.08519350303327024,0.12603894532103319,0.15354693732986996,0.1780033647318092,0.08506910928343883,0.0985083374125139,0.10777289790566594,0.11557159346767511,0.05663286004056705,0.04333671399594471,0.03633536173089807,0.03208417849898768,0.05599760536398457,0.05884897290653145,0.061087014511599994,0.06288428106374803
1319,0.08485053329917978,0.12579202303869774,0.15347296710724273,0.17750001863938675,0.08507003627657245,0.098631075705018,0.10788043286593631,0.11560045438304027,0.056470588235293225,0.0433975659229224,0.03626774847870064,0.03204868154158399,0.05616390579220186,0.059023537096830794,0.06129073119356557,0.06304568647581674
1320,0.0851617579931974,0.12569384923736354,0.1536172509519282,0.177635825764694,0.08510841374233757,0.09847770283779175,0.10779215164287151,0.1154794045238235,0.05669371196754475,0.0434178498985816,0.03631507775523884,0.032038539553754394,0.05602498873112456,0.05884995862968412,0.06108454579625586,0.06284745216620966
1321,0.08495990218436131,0.12608045378852878,0.15390388084125864,0.1781272651265744,0.08499990363803997,0.09857287010196233,0.10793813910019327,0.11567919391874752,0.05655172413793014,0.04336713995943353,0.036389452332656,0.03212474645030612,0.056079445571331904,0.058965365280850335,0.06126017704126097,0.06304324446906559
1322,0.08500891742663755,0.12591768384495464,0.1535411791359104,0.1773997996027395,0.08515107230712327,0.09852114042140803,0.1078234886470587,0.11548563514894256,0.05673427991886324,0.04322515212981892,0.03628127112914012,0.03202332657200996,0.05611759071444668,0.05897999466389346,0.06123615789027941,0.063002120541997
1323,0.08542599684772102,0.1265263731536964,0.1536310652455207,0.1780321996804738,0.08543872440248303,0.09896037576180336,0.10804868162340456,0.11588495267219746,0.05673427991886322,0.04348884381338895,0.03633536173089807,0.032170385395539396,0.05635499774622488,0.059252226465298555,0.061429386526778006,0.06323676268529514
1324,0.08501501844219055,0.12576845593171765,0.15357082064286848,0.17761865861860604,0.08518248036921854,0.09858280804389646,0.10789944574722612,0.1156035617149953,0.05661257606490784,0.04331643002028547,0.0363083164300191,0.03203853955375439,0.05621512283074144,0.05901372873542757,0.06128559525433344,0.06305888517161495
1325,0.08516906736353026,0.12613216501188051,0.1535592456973837,0.17810735036708736,0.0849024841553641,0.09849842027664944,0.1076930345155684,0.11551427695022504,0.056490872210952434,0.04339756592292241,0.03631507775523884,0.03208924949290248,0.055891029975208416,0.05881712994904202,0.06103630183312892,0.06281615773480152
1326,0.08517265346729548,0.12627364463770854,0.15364780042757784,0.17757921462027332,0.08535210232002897,0.0989482262993875,0.10807299470052115,0.11575715600093026,0.05661257606490781,0.04349898580121854,0.03630155510479934,0.03205882352941364,0.056379423033581205,0.059287710598287614,0.06147386569941546,0.06324985611343911
1327,0.08502540983053976,0.12606359363583003,0.15304108103760783,0.177284903768421,0.08498749602422047,0.098533059026709,0.10756395378736262,0.11532698031607955,0.056531440162270914,0.04338742393509278,0.03618661257606372,0.03197261663286189,0.05597844827586202,0.05886036566606181,0.06102880882154276,0.06283561213399766
1328,0.08502478559462882,0.12643785016910822,0.15356061757491096,0.17744049669842293,0.08518416138572665,0.09884509911990895,0.10791466401817854,0.11558394299693059,0.056470588235293204,0.043448275862070465,0.03626098715348089,0.032018255578095164,0.05622968785215228,0.05913806742364868,0.061326242921575354,0.06309049335847232
1329,0.0848908662665889,0.12602808958160186,0.1541947157926628,0.17722679814725847,0.08500607658451023,0.09864515281209191,0.10811269355769786,0.11547193010984402,0.05645030425963397,0.043356997971603924,0.0364367816091942,0.03196247464503228,0.05608708023439256,0.05905329866620951,0.06136774270177751,0.063044660221047
1330,0.0855039430896301,0.12618392715975474,0.15397276208529448,0.17808934534031268,0.08535647246008668,0.09882462290124112,0.10813131758441662,0.11585563775956163,0.0566328600405671,0.04344827586207047,0.0364029749830955,0.032139959432050565,0.056361984448951956,0.059191484224596365,0.0614416445053977,0.06320463114518872
1331,0.08523329719306051,0.12665240031086747,0.15321439936357412,0.17785461732113775,0.0852968267495694,0.0988983360723545,0.10782087784849427,0.11570005413969114,0.05669371196754476,0.04350912778904817,0.03624070317782166,0.032079107505072854,0.056227349560513826,0.05912648574755547,0.06128864543497426,0.06309724674156734
1332,0.08470834532319363,0.12606127722976482,0.15383685958622523,0.17774272120214515,0.08462104659509408,0.09831685710431397,0.10761046445418726,0.11530549027047829,0.05634888438133781,0.043367139959433545,0.03631507775523883,0.03209432048681728,0.05566872323642093,0.05862407863847943,0.06087939531814915,0.06265040557473224
1333,0.08502998363148122,0.12635395307207262,0.15385776316386937,0.17771180976509038,0.08504910279831694,0.09871389152113678,0.10788718730834154,0.11557578936044237,0.05645030425963396,0.04343813387424084,0.03630155510479935,0.03207403651115803,0.0560924047780031,0.05900814856593954,0.06122433003585666,0.06297959965799234
1334,0.08538211427379284,0.12645731139890978,0.15343128461899463,0.177783541122562,0.08512210258790824,0.09869826198045022,0.1076710002303252,0.11550488011246228,0.05669371196754475,0.043539553752537014,0.036233941852601925,0.03207910750507287,0.05607426188866347,0.05892443658497859,0.061083246277011505,0.06288536961663536
1335,0.08505227426463276,0.1260401030097747,0.15406482838824678,0.17742691076294292,0.08527550876488266,0.0987686390881865,0.10808438493904224,0.11563065051177107,0.05667342799188552,0.04342799188641122,0.03630831643001908,0.032023326572009965,0.05623180076628348,0.059108481147886784,0.0613495148085096,0.06310328874274064
1336,0.08500660417332372,0.12598613565527816,0.15411858641817547,0.1771466388797178,0.0851385979996253,0.09872347900460378,0.10807700526702668,0.11550238645899481,0.056409736308315514,0.04341784989858162,0.03634212305611781,0.03197768762677668,0.0561823585756141,0.059108207043992333,0.06138446051592706,0.0630763924487154
1337,0.0851855897590701,0.12637917911801672,0.15337397175712167,0.1777583679686659,0.08510463125777157,0.09875568200373774,0.10778318780288765,0.11559803859159022,0.05649087221095243,0.04348884381338894,0.03626098715348089,0.032068965517243225,0.05614246675681765,0.05905597159042395,0.06123026721733658,0.0630323956596426
1338,0.08517059628330977,0.12649820998802735,0.15349177913893378,0.17766619694047864,0.08518596851648577,0.0987350600260705,0.1078309506995239,0.11553902588695171,0.05669371196754475,0.043367139959433525,0.03628127112914011,0.0319827586206915,0.0561462136578769,0.05905945047239819,0.06124595350518834,0.06301568966690509
1339,0.08538477134256592,0.1260719015052598,0.1533961316299652,0.17715032102589803,0.0851436633602334,0.09850213099373877,0.10768597258952368,0.11536191748590469,0.05667342799188552,0.04332657200811508,0.036240703177821666,0.032043610547669195,0.056076064908722016,0.05886860154342683,0.06109570267345263,0.06288634785435336
1340,0.0850834472308373,0.1260127714641164,0.1537940244461187,0.17738895030774698,0.08533143137733752,0.09878999961042591,0.10805540592601372,0.11569344031358474,0.056653144016226294,0.043346855983774316,0.03625422582826114,0.0320436105476692,0.0563788595898129,0.05919708062024279,0.06142717152918234,0.06319945689495768
1341,0.08506202308007511,0.12602493293907102,0.15353843573300038,0.17753126769477623,0.0851236874160227,0.09865417008444176,0.10789743596810801,0.11557902250758019,0.056490872210952434,0.043336713995944694,0.03628803245435986,0.031997971602435935,0.05615942641424384,0.05905629117866792,0.06127700571192166,0.06305381017060661
1342,0.08505867982625914,0.12618941070747583,0.153403245445019,0.17752698513225063,0.08508137071972452,0.09868199549288209,0.10783151754164057,0.11553927271756839,0.05645030425963398,0.0433975659229224,0.03630831643001908,0.03203346855983957,0.056135057471264335,0.059024575427233286,0.06120012165315473,0.06301302128322343
1343,0.08509615621819136,0.1255166058848577,0.1539415806465937,0.17779354330412991,0.08506363216105438,0.0983938014183051,0.10792448227179872,0.11555864031495758,0.0565314401622709,0.043296146044626206,0.03636240703177703,0.032068965517243246,0.056115055217489204,0.05888071385961771,0.06121461343690651,0.06296975963752625
1344,0.08496765253530125,0.12622962690585937,0.1537196246376188,0.177476183499029,0.08495996869019304,0.09856870437271997,0.1078144238905655,0.11540965182489286,0.05645030425963397,0.04340770791075201,0.03634888438133755,0.03201825557809516,0.055997098264593134,0.05888708663542022,0.061134327079850295,0.06289766710815096
1345,0.08515526244626069,0.12619858256081576,0.15392261284115707,0.17757761464605482,0.0851645755624398,0.0986501846577747,0.10795636671385678,0.11554358683056794,0.056653144016226294,0.043367139959433525,0.036355645706557284,0.03204868154158401,0.05609775749380205,0.05898337283508533,0.06123841220883355,0.062988334097814
1346,0.0845731380812093,0.1260194084283619,0.1533687775312853,0.17783360135219053,0.08484147586972625,0.09852362133989258,0.10765555635886112,0.11547921900163531,0.05649087221095243,0.04342799188641122,0.036247464503041414,0.03203346855983957,0.05594678273608285,0.05888813962685944,0.061106629184658694,0.06290460268805291
1347,0.08504696887184378,0.12602079131704633,0.15359041196835266,0.17801631271274931,0.08515966851439259,0.09863332290425365,0.10795039967812037,0.11577801258265585,0.05653144016227089,0.043245436105478145,0.03634888438133755,0.03214503042596536,0.0561973461798512,0.05909527776627871,0.06133974376738451,0.0631463193500762
1348,0.08491411552221644,0.12622303629405762,0.15360845136279694,0.17795566198242407,0.08505605257579894,0.09868362353011827,0.10792112192872504,0.11570230889810146,0.05649087221095245,0.043387423935092775,0.03637592968221652,0.03211967545639131,0.05609485575839526,0.05903950502614818,0.06124368933917471,0.06305921550831982
1349,0.0849356529180392,0.1263145716458157,0.15330160383868108,0.1780754041922466,0.08497544686760228,0.09861836994043184,0.10771192866673436,0.11564687509358747,0.05655172413793012,0.04337728194726315,0.03629479377957961,0.032139959432050544,0.056018678160919454,0.05891244606079948,0.0611130137199693,0.06295017955696378
1350,0.08544483842234014,0.12601025099754534,0.15384379961440006,0.17715484388279987,0.0854391195964528,0.09873793533709964,0.10809700069364263,0.11557611558375527,0.056734279918863206,0.043356997971603924,0.03638269100743626,0.032003042596350735,0.056338488843813345,0.05910885085196253,0.06136836499339694,0.06310714728174786
1351,0.08514978698775905,0.1262091494612017,0.15350468060784286,0.17751324853223643,0.08504752692755034,0.09863584322270504,0.10779917678145402,0.11554946452975162,0.056470588235293204,0.043346855983774295,0.036240703177821666,0.03207910750507285,0.05606857110660346,0.05899304785771246,0.06122560969477056,0.06301546618019728
1352,0.08534368429697466,0.1265167389716557,0.15346548534606533,0.1781224669006702,0.08540648342386435,0.09894941666746283,0.108019535435039,0.11592648242015277,0.05669371196754476,0.043387423935092775,0.03628127112914012,0.032139959432050544,0.05638347982871305,0.05927217588823499,0.06145569215226823,0.06327923209308424
1353,0.08481733789340412,0.1262584050547865,0.15402631460695973,0.1775390341007595,0.08494234683528765,0.09859075628774616,0.1078943236887968,0.11542055497651481,0.05657200811358936,0.04343813387424085,0.036389452332656,0.03203346855983959,0.055904439936894215,0.058875505837711596,0.061136498533883504,0.06284679737065654
1354,0.08486942070318657,0.12601376294908972,0.15392063828231226,0.17767424305110024,0.08504759211956266,0.09865182540205066,0.10802316092395312,0.11562357074538104,0.05645030425963397,0.04334685598377429,0.03638945233265601,0.03206896551724324,0.05609879986477341,0.059043427524266154,0.06129954805213504,0.06303188376272162
1355,0.08520173788516472,0.12639225541931676,0.15369687004003496,0.1778507331109247,0.08514862353451286,0.09870070883228402,0.10791203837416533,0.11561261735444979,0.056572008113589374,0.04338742393509276,0.03636240703177703,0.03203853955375437,0.056138494478251026,0.05904378168892048,0.06128348218312005,0.06307187257407076
1356,0.08511508646822205,0.1266685145102138,0.15402861711986432,0.17760447590874107,0.0851354654115791,0.09882521637008437,0.10795263043002808,0.11557560408196162,0.05665314401622629,0.04351926977687779,0.0362947937795796,0.032089249492902476,0.056139452332657165,0.05905281667264582,0.06126200020593856,0.06300988998129588
1357,0.08541480473233772,0.12632690060007923,0.15371130847207595,0.1776482645312875,0.08526029695804557,0.09868537755429796,0.10786712768039793,0.11552086181487335,0.05669371196754475,0.04339756592292238,0.03632183908045858,0.03201825557809515,0.05616399030876711,0.058995851405696124,0.06121061251851873,0.06297391051910282
1358,0.08540779196260864,0.12655810016557398,0.15378974824818692,0.17793057667037193,0.085254609843392,0.09883461430759694,0.10795591058259446,0.1156847827156642,0.05659229208924857,0.04347870182555931,0.0363556457065573,0.03209432048681726,0.05616551160694157,0.059049806640408195,0.06123174810009951,0.06302576544375886
1359,0.0850628121771835,0.12621895736209537,0.153740455018086,0.17778861931229403,0.08522058816858757,0.09870452348806888,0.10796493869899129,0.11571375064653104,0.056653144016226294,0.04328600405679661,0.03628803245435986,0.03211460446247651,0.05625991661032223,0.059127197414725566,0.061386410988834426,0.0631807585205952
1360,0.08522193634489826,0.12590673222177973,0.15314967518977188,0.17782218711949793,0.08532136480339993,0.09867888207745833,0.10782410473946878,0.11571634960136114,0.056592292089248604,0.043296146044626234,0.036193373901283465,0.0320385395537544,0.056311753437006944,0.05911719603230795,0.06132702988005751,0.06314757295564663
1361,0.0852750832815391,0.1259720687349308,0.15392275577452721,0.17788036690382802,0.08519644245462923,0.09864095422726674,0.10793420509777446,0.11559713542789828,0.05663286004056705,0.04343813387424084,0.03631507775523883,0.03201318458418035,0.05619520509353162,0.05901464275045888,0.061272075632192724,0.06302717465384564
1362,0.08493022162706496,0.1256748356729093,0.1538161901947504,0.17758760644789903,0.08511839425901915,0.09861849115342992,0.10803356294698223,0.11567770897786842,0.05645030425963398,0.04330628803245585,0.03632183908045858,0.032058823529413624,0.056199402749605526,0.059071672778306515,0.06136588304188595,0.06314091514318855
1363,0.08497440484243618,0.12615585445079974,0.15289706235009365,0.1776118725359213,0.08518321348282272,0.09877587903971038,0.10775282548069341,0.11562519261001912,0.056572008113589346,0.04340770791075199,0.036213657876942695,0.03201318458418035,0.056209798287130894,0.059117379231385936,0.061251881808851404,0.0630591721815244
1364,0.08525435044395657,0.12625232733217573,0.1536303459079746,0.17731448253223925,0.08523066700987858,0.098757272077781,0.10791650538226688,0.11552199554530773,0.05665314401622629,0.04347870182555931,0.03630155510479934,0.03201318458418036,0.056184753211629426,0.059067805251091225,0.06127159363619919,0.06302278697033062
1365,0.0850577750669638,0.12581617107924653,0.15358519761076522,0.17786055168197878,0.08528099449099057,0.09861235924662874,0.10796740866231198,0.11576328030450148,0.05673427991886323,0.043286004056796605,0.03634888438133755,0.03215517241379498,0.05625543723236418,0.05905744368309248,0.06131573719602476,0.06311715619367253
1366,0.08514113998883435,0.12628516174596183,0.15350561984240796,0.17759115856770527,0.0852691756258183,0.09881087506025908,0.10788363549669751,0.11562964006385851,0.05665314401622629,0.04345841784990006,0.03622718052738217,0.032048681541583995,0.056255549921117795,0.059122364063760674,0.06131892253904009,0.06309513260363997
1367,0.08497926664453637,0.12646379666819577,0.15328296346715287,0.17822168292110022,0.0849648610737034,0.09863372181994912,0.10755603590787498,0.11559415628916458,0.056592292089248604,0.043427991886411256,0.036118999323866294,0.032109533468561685,0.055974757719179535,0.058927487709643,0.061066235098027395,0.06292258908399123
1368,0.08500830707554773,0.1260476924201555,0.15387590886329855,0.17747518750812108,0.08524727821471492,0.09875165566797574,0.10801988183932922,0.11558602656861999,0.05673427991886322,0.04345841784990008,0.03633536173089807,0.032013184584180364,0.05620884043272479,0.059102841024659965,0.06131796856648766,0.06306600933284764
1369,0.08494895149787687,0.12658460619031167,0.15361235384466157,0.17747387968211448,0.08506945023772135,0.09877990659245478,0.10784026532248261,0.11551380935399333,0.05661257606490781,0.04343813387424085,0.03628803245435986,0.0320385395537544,0.05607502253775068,0.05903143332684261,0.061197818352669305,0.06298907432770368
1370,0.08472939040519145,0.1265190823779523,0.1536521160593619,0.17801169572583303,0.0850642367534997,0.09886013656783853,0.10800343437024597,0.11577544674504009,0.05645030425963397,0.04343813387424084,0.03634212305611781,0.032084178498987675,0.05619796596799635,0.05917465667620794,0.061397148038267665,0.0631787779291723
1371,0.08522963374103376,0.1257603859074333,0.15408637208451215,0.1779431639699904,0.08526021432108827,0.09860110334692317,0.10801079308469827,0.11566719269016242,0.05667342799188553,0.04342799188641122,0.03636240703177704,0.03209432048681727,0.05621546089700241,0.05898367790602807,0.06125731664512222,0.06302155264397699
1372,0.08495219436641775,0.12593785111499717,0.15358108533497822,0.177409665948688,0.08493165146662168,0.09847982300978324,0.10772175818655291,0.1153716420007039,0.0565314401622709,0.043367139959433545,0.03628803245435987,0.03203346855983957,0.05593807752986241,0.05884886737261931,0.06107476174154208,0.06283884564146919
1373,0.08504969204964734,0.12584439522601495,0.15382128423221877,0.1774699374146956,0.08525907491137168,0.09868134930842817,0.10806433877938353,0.1156391380432175,0.05657200811358938,0.04333671399594469,0.03636916835699677,0.03204868154158401,0.056341052512959164,0.05916357068050692,0.06145173364664604,0.0631811980838532
1374,0.08481835192332285,0.12653707494982477,0.15392515139860566,0.17787580619580534,0.0849366908191372,0.09875552877184922,0.10783507789950378,0.11558129575778002,0.05655172413793012,0.04360040567951471,0.03628127112914011,0.03212474645030614,0.056063556457065504,0.05898102072885323,0.06121217393195476,0.06298584363561015
1375,0.08501707999435595,0.12653525525760073,0.15391346463080113,0.17774164536745019,0.08504187914025071,0.09871796568231418,0.10787469498286331,0.11554983756402035,0.0565314401622709,0.04342799188641124,0.03630831643001909,0.032079107505072854,0.05602374915483427,0.05894002957185405,0.06115427760141424,0.0629281144470609
1376,0.08467279312849965,0.1259993691116718,0.1534257035243412,0.17711237290007703,0.08489332697914048,0.09865566592898256,0.10783138584162395,0.11545474172700015,0.05624746450304162,0.04339756592292239,0.03626774847870063,0.03202332657200997,0.0561002084741942,0.05909281060764,0.06128528037955459,0.06305712483404471
1377,0.08472775691800796,0.12584147008567337,0.15366545684795518,0.17724144865911262,0.08498179681956727,0.09848766914124331,0.10785910144677653,0.11541562308614312,0.05651115618661166,0.04329614604462621,0.03638269100743626,0.032028397565924786,0.05602921455938692,0.05888116213918492,0.061174900850861316,0.06289449775867142
1378,0.08519396534610578,0.12627711288061233,0.15379891796591183,0.1780514459920437,0.08523282426837488,0.09868674859775979,0.10798035780212967,0.1157422166216675,0.05661257606490784,0.04329614604462624,0.03636240703177703,0.03212981744422094,0.0562140804597701,0.05904491541188608,0.06130773826433141,0.06308836777613067
1379,0.08542137969503753,0.12616557717714452,0.15335472281054982,0.17776616564969272,0.08513460992340845,0.09849037985741586,0.1076779257893261,0.11545665325308914,0.05671399594320398,0.04330628803245583,0.036294793779579615,0.03203346855983959,0.056051386071669984,0.05884616132532175,0.06108002075039654,0.0628626882931153
1380,0.08540811723832768,0.12608541881338647,0.15346845201012976,0.17730151343688696,0.08545923254257565,0.09882957927135154,0.10800269193779877,0.11564551844388758,0.05667342799188553,0.04340770791075201,0.03628803245435986,0.032028397565924786,0.056367731575388706,0.059158771634451726,0.06138311469782404,0.0631398799344432
1381,0.08451740020142823,0.1257574368317158,0.1533118901297676,0.17737273130632722,0.08462838763133361,0.09833851577647242,0.10756525000477941,0.11527264625819136,0.05628803245436012,0.04336713995943355,0.036281271129140126,0.03201318458418035,0.055737688753662314,0.05872725608442589,0.06098251925210812,0.06275593991088879
1382,0.08541311960733566,0.1257810074225894,0.15367054639883312,0.17762035368034942,0.08525168865269231,0.09851528122825814,0.10784384884978078,0.11552241487195104,0.056713995943204,0.043356997971603965,0.03633536173089807,0.03204868154158401,0.056146495379761054,0.05892415235570584,0.0612001942425378,0.0629582367072853
1383,0.0850019325960706,0.12658172263483505,0.15371737939324384,0.1774187368307264,0.08512272712937398,0.09882282703679625,0.10794658768191676,0.11558146919816041,0.05653144016227089,0.043387423935092775,0.03630155510479935,0.03204868154158403,0.05623684358800987,0.0591651406890979,0.061334694001183875,0.06310400211349405
1384,0.08523329324545394,0.12608014403957196,0.153873250417086,0.17764463139550493,0.08514711445954276,0.0985690842994191,0.10796464014831778,0.11552779268428325,0.056632860040567064,0.04326572008113738,0.03643678160919421,0.03202839756592477,0.056096348884381274,0.058957041660853145,0.06122418442073761,0.06296070084520215
1385,0.0854122625089427,0.1260480054167577,0.15339635855931152,0.17707707333813014,0.08542086470505986,0.09880463522198273,0.10793107912694214,0.11554865393959025,0.056734279918863206,0.04342799188641124,0.03625422582826115,0.032008113590265536,0.05633761550597245,0.05914946634784155,0.06134095145971287,0.06308876543398856
1386,0.08491814986491505,0.12620029258550233,0.1534432992254556,0.1774905322482909,0.08513488953021381,0.09871932059371165,0.10783646618381972,0.1155778810898909,0.05655172413793012,0.0434178498985816,0.0362474645030414,0.032033468559839594,0.056139311471715074,0.05903773120039821,0.06123659570405389,0.06302332027936103
1387,0.08503992355614771,0.12592029160972815,0.15377848291526958,0.17751143574334416,0.08501670206315588,0.09855183643506447,0.10785606551402722,0.11548096107968538,0.05643002028397476,0.04336713995943355,0.0362947937795796,0.032028397565924786,0.05602428442641415,0.05891620832560329,0.061180814714420155,0.06291594826738783
1388,0.0853980491089349,0.12641188002121456,0.1539724951193085,0.17725765959962397,0.08522954502724561,0.09875638151601512,0.10799930015953296,0.1154536951673503,0.05665314401622629,0.04343813387424085,0.036375929682216514,0.03198275862069149,0.056238421230561136,0.05910435408199016,0.06129008776466601,0.06303165217846944
1389,0.08492550279947889,0.12593222543155141,0.15363198823558838,0.17761594767742062,0.08510099633847379,0.09854535179611139,0.10790206333666992,0.11553912128827104,0.0565314401622709,0.043255578093307774,0.03637592968221652,0.03204361054766921,0.05616968109082708,0.05898287285859405,0.061251627921680894,0.06301795814667162
1390,0.08476009232347005,0.1261096876127031,0.1537506152600496,0.17806812717533302,0.08495354612274664,0.09859725754494286,0.1078370147970935,0.11560367207148739,0.05655172413793015,0.043407707910752005,0.03631507775523883,0.032084178498987675,0.05599861956276759,0.05894753286052584,0.061168057646604275,0.06295676989113358
1391,0.08514569129847538,0.12648771786142277,0.15385910827449434,0.1773383196377959,0.08513403957774221,0.09877687762622264,0.1079808163285301,0.11553276278928451,0.056490872210952434,0.04340770791075201,0.0363421230561178,0.03204361054766917,0.05617213207121925,0.05911135761775957,0.06133533137841648,0.06308807025049445
1392,0.08479223448069963,0.1264216116254105,0.1537159454033289,0.17783663234413405,0.08489524358513297,0.0986439322632948,0.10779402140419966,0.11552284241751505,0.05643002028397472,0.043448275862070465,0.03631507775523883,0.03208417849898765,0.05593689429794902,0.0589045982856742,0.061103366308935675,0.06289127693380639
1393,0.08480330300978789,0.1263518630964603,0.15358447676536663,0.17746933503583878,0.08501980076129605,0.09874752276328436,0.10786914984390876,0.11554813788910805,0.05647058823529321,0.043427991886411235,0.03628127112914012,0.03205375253549881,0.05612398580121695,0.05910280614480764,0.06129604828867082,0.06305927388969183
1394,0.08481614137077163,0.12647166687910985,0.15367797872814254,0.17730930285758942,0.08489379389421978,0.09870951731239928,0.10781892820218071,0.11536212636118595,0.05638945233265628,0.04350912778904817,0.03634888438133755,0.031952332657202646,0.05601014198782957,0.058980522205689195,0.06116697125268219,0.06292176181553068
1395,0.08500130927082286,0.12647196391076249,0.15291365738129323,0.1782234639439763,0.08510997590438595,0.09889051466180139,0.1077741951357233,0.11582346273403278,0.056430020283974744,0.043509127789048155,0.036240703177821666,0.032099391480732084,0.05621650326797384,0.05919889817357325,0.06135188688580429,0.06318141353100708
1396,0.08497355658151969,0.1264192528940097,0.15348190593288935,0.17772973487651303,0.08533289262146833,0.09899399745073635,0.10806722816419016,0.11582806542670956,0.056612576064907806,0.04346855983772968,0.03629479377957961,0.032068965517243225,0.0563447430696416,0.05929047246293137,0.06149007695836273,0.06326581593220865
1397,0.08506334966653467,0.1264609550214249,0.15408356189078265,0.1775283803248386,0.08513999507998402,0.09890291360409638,0.10815043849174347,0.1156824782546257,0.05638945233265627,0.04345841784990011,0.03636240703177702,0.032033468559839594,0.05620399481631728,0.059209225005455314,0.06142552725610122,0.06316263523902524
1398,0.08512160367103615,0.12592450353027626,0.1534005240779134,0.1777525245712435,0.08524408489517148,0.098620762341932,0.10778496771741446,0.1155852383860029,0.0568356997971594,0.043427991886411214,0.036274509803920385,0.03207403651115804,0.05619196529186381,0.05901179980293501,0.06121700538367,0.06300951548865262
1399,0.08491557672011386,0.12601040825674995,0.15403776693172097,0.17737578290968548,0.08485523719363111,0.09839088662695575,0.10778872725626285,0.11525252877927018,0.05653144016227089,0.043367139959433525,0.0364029749830955,0.03200304259635072,0.055828741266621525,0.05869563406460905,0.060996331711524736,0.06269753823621202
1400,0.08517064174079154,0.1262447518984631,0.15334775723719968,0.17738632264470602,0.08506775124305184,0.09859596061995046,0.10763412560806047,0.11537904294766987,0.05657200811358936,0.04342799188641123,0.03618661257606371,0.032018255578095164,0.056056316204642666,0.058933075002031224,0.06109062223469773,0.06287304757318689
1401,0.08469080849465208,0.1261401918137066,0.1532291500387053,0.17743176377758185,0.08485914711089428,0.09853587309398593,0.10763071935866321,0.11535086663666293,0.056470588235293204,0.043387423935092775,0.03629479377957961,0.03201318458418034,0.05597881451431138,0.05892029564060589,0.06109855267807447,0.06287095618240934
1402,0.08549626135308351,0.12654311379289743,0.15307030042449254,0.17788739393310793,0.08534772815487886,0.09884875135673407,0.10774697644694217,0.11566168352360191,0.05677484787018169,0.043529411764707406,0.036254225828261155,0.03207403651115804,0.0562996393959882,0.05913645141964808,0.06125713399135437,0.06309637535662155
1403,0.08516167955308347,0.12638191803216386,0.15385522028938256,0.17734649534773547,0.08522499520153555,0.09884234277174327,0.1080319497387027,0.11554136465343322,0.0565314401622709,0.043448275862070465,0.03632860040567831,0.0319675456389471,0.056299864773495606,0.05915452015736032,0.061375747068611694,0.06309463148976996
1404,0.08494929557675424,0.12648991716039398,0.15346580163232615,0.17802542232173432,0.08520182134245545,0.09884566994581497,0.10785530355243246,0.1156846114618658,0.05675456389452245,0.043539553752537,0.03631507775523884,0.03207403651115804,0.05619492337164742,0.05911609651842835,0.06126878477251265,0.06307973313558395
1405,0.08547858562769015,0.12590523267275247,0.15380602397740986,0.17782324814461528,0.085416467160832,0.0986868129837037,0.10802113567115477,0.11570534510286702,0.0567748478701817,0.04338742393509276,0.03632860040567832,0.032063894523328425,0.05636497070092399,0.05912871738733779,0.06139426352553358,0.06315488835120045
1406,0.08523592980548682,0.1262427950282147,0.15347067291872993,0.1778533124682032,0.0852169154163008,0.09874144558504806,0.10787919644148454,0.11564072380730975,0.056632860040567036,0.043468559837729716,0.03634888438133755,0.0320537525354988,0.056158806626098665,0.059018180516139856,0.06123902834501409,0.06302341970000458
1407,0.08508243882972749,0.1256720441569221,0.15361886073488218,0.17766817522891798,0.08503936054001775,0.0984485297932776,0.10778580186096731,0.11550408361062503,0.05663286004056705,0.043356997971603924,0.036335361730898054,0.0321044624746469,0.056046512283074085,0.05889883098833382,0.0611775288351794,0.06293734829337981
1408,0.08538566300889881,0.12646050858975563,0.1535424302220877,0.17780964972631427,0.08545063643712189,0.09896799976228508,0.10806270734804399,0.11582095869277616,0.05665314401622632,0.043417849898581606,0.036301555104799335,0.03205882352941363,0.05633696754563892,0.059247152484876206,0.06141734814114378,0.06321123927062602
1409,0.08489543693544126,0.12625634112614997,0.1535086649168611,0.17787873598402595,0.08523991225624858,0.09878118077996188,0.10797573749829814,0.11577662213073961,0.05661257606490781,0.04331643002028546,0.03634212305611781,0.03210446247464691,0.056242618886635065,0.059145926394184485,0.06135122553112123,0.06313798221865197
1410,0.08509800900667462,0.12654356997498345,0.153772576345906,0.17783139556835167,0.08517839589669146,0.09880613175662256,0.10790534409580052,0.11560560751048977,0.056734279918863206,0.043549695740366635,0.03633536173089806,0.03208417849898767,0.056147650439486115,0.05906123835230115,0.061259359538619766,0.0630080861465814
1411,0.08516337280088548,0.1256505031159519,0.15394855076376202,0.1776985363241765,0.08530454680034812,0.0985608051380968,0.10800531218351427,0.11566824831302192,0.05665314401622629,0.04325557809330777,0.03630155510479935,0.032079107505072854,0.05630651340996163,0.05904602247987297,0.06134013158566885,0.06311437451569836
1412,0.08507165253298674,0.125607764907123,0.15314512712653644,0.17764380643072816,0.08519533749516722,0.09858754695661992,0.10778483491532286,0.11565278452451383,0.05649087221095245,0.04331643002028547,0.03620689655172294,0.032089249492902476,0.05621960220869949,0.059037384749557234,0.061260023995037015,0.0630776280682563
1413,0.0849969453847006,0.1262353314473799,0.15405494503717615,0.17777876799225178,0.08502957810220543,0.09869141204372502,0.10797379399012692,0.11558648096181037,0.05649087221095245,0.043478701825559324,0.03638269100743627,0.03209432048681728,0.056064627000225305,0.058972753213673526,0.06122582316651622,0.06296725880835695
1414,0.08509950444503693,0.12623935291351915,0.15386322599305238,0.17746518725363739,0.08484971606287764,0.0984486443259306,0.10770801556022071,0.11527799307676137,0.056470588235293204,0.04336713995943355,0.03632183908045858,0.032013184584180364,0.05584874352039656,0.0587872539660817,0.061015905132420604,0.06275292389052833
1415,0.08503456026985572,0.1263922158361429,0.1534552766622284,0.17781481724233372,0.08506078754165923,0.09875269222129117,0.10782946537931765,0.11562634432903797,0.05651115618661167,0.04346855983772971,0.03630155510479935,0.03209432048681727,0.05614455149876038,0.05903155470361811,0.06122889774151899,0.06303298422859473
1416,0.08492277512304135,0.12652072834845335,0.1537183209516446,0.17729135250039055,0.0849905580746809,0.09879787197317963,0.10790645627013377,0.11546017966651004,0.056409736308315486,0.04348884381338895,0.03633536173089807,0.03200811359026555,0.05606916272256021,0.05904433899996756,0.06126446851646189,0.06298270849531785
1417,0.08501898860907646,0.1265023745259926,0.1533817826134443,0.1775833201037105,0.08514006015122452,0.09882994742137603,0.1078733374139136,0.1156216248478418,0.05653144016227089,0.04344827586207047,0.03629479377957961,0.032053752535498824,0.056174188640973566,0.05913710112078013,0.061309260738786564,0.06309568643502973
1418,0.08454943637390319,0.1262685477396607,0.15385753233786464,0.177955386939113,0.0850045858523418,0.09866525904500795,0.10792729727162599,0.1156150890396881,0.0565314401622709,0.043397565922922376,0.03635564570655729,0.03207403651115805,0.056061443542934304,0.05898302229576349,0.061185002268838495,0.06298106652431941
1419,0.08520819511014165,0.1262311121408436,0.15342626855336702,0.1772625351295682,0.08526698103583001,0.09879086261269142,0.10785308222450256,0.11554341819210877,0.0565922920892486,0.04341784989858161,0.03619337390128346,0.0319929006085211,0.056258564345278296,0.059126031079736886,0.06128977794023348,0.06310006806462842
1420,0.08504398592679689,0.12662883411453682,0.15341661383103924,0.17738338710240145,0.08500910351159269,0.09864340053712796,0.10771569965786279,0.11537263538726716,0.0566734279918855,0.04337728194726317,0.03632860040567832,0.03201318458418036,0.055976673427991834,0.05889915000163517,0.06108562161100933,0.0628525555013987
1421,0.08522519880252177,0.12596485810514893,0.15329399940807495,0.1777788378864968,0.08537052938562917,0.09881254769100238,0.10799747086822141,0.11583426473118062,0.05649087221095245,0.043296146044626234,0.03626774847870063,0.03206896551724323,0.05638018368266839,0.05918637892577187,0.06140719858356354,0.06322839377740068
1422,0.08511078932835227,0.12602342905962102,0.15351388640443756,0.1773990049327824,0.0851145186728779,0.09857250495637936,0.10783605137934746,0.11553457358267542,0.05653144016227093,0.04327586206896702,0.03628803245435987,0.03208924949290247,0.05612359139057912,0.058962013205665166,0.06121631441672414,0.06298030995983876
1423,0.0853937694270344,0.12590234649796964,0.15377051263877217,0.17770740368743493,0.0852771162539947,0.09854325727226071,0.10785531343240365,0.1155298537270753,0.05679513184584093,0.043377281947263154,0.03630831643001908,0.03204868154158401,0.05613883254451201,0.058901727405521374,0.06116211909602866,0.06292151399339295
1424,0.08522223509111854,0.1265896265617623,0.15359988698161495,0.17720602423179774,0.08513919831767909,0.0988191421471023,0.10781226206447539,0.11539599898583107,0.05663286004056705,0.043549695740366615,0.036281271129140126,0.03199797160243595,0.05612074599954923,0.05902761610710676,0.061194547893998426,0.06292829625560759
1425,0.08559790965197059,0.12603761025031573,0.15369967784186264,0.1775079552784683,0.08517861948580145,0.09854296190431867,0.10776684253387252,0.11543343837559744,0.05677484787018167,0.0434482758620705,0.03628127112914011,0.032063894523328425,0.05606290849673192,0.05890646266488688,0.06113670456142308,0.06291217519889448
1426,0.0853606643033727,0.1259949383493402,0.153535599812144,0.1774224288653133,0.08541421317252654,0.09876329250724401,0.10805539586145334,0.11568451705943913,0.05667342799188552,0.043306288032455884,0.0363556457065573,0.03203346855983959,0.05632581135902629,0.059133629345735475,0.061389030380542844,0.06313974442649285
1427,0.084956540973012,0.12647645046582756,0.15349042279710237,0.17748830001745805,0.08498481612828114,0.09873875291642624,0.10771171994616484,0.11543432290528662,0.05659229208924858,0.043569979716025845,0.036240703177821666,0.032043610547669216,0.05597270114942521,0.05893999387749966,0.061107862103719546,0.06287103527101216
1428,0.08501278236057572,0.12594170547001782,0.15354034273046754,0.1779338780735098,0.08503665055337108,0.09861337321162987,0.10785742127750643,0.11568377900980965,0.056430020283974744,0.04336713995943354,0.03626774847870063,0.03209432048681729,0.05608243182330399,0.05901548949720354,0.06125646460716916,0.06306771651155134
1429,0.08500903677614836,0.1263987919592936,0.15366936433718367,0.17767973110143576,0.08507485047149352,0.0987708849538933,0.10788759216653421,0.1155785982866337,0.056490872210952434,0.04349898580121854,0.03631507775523883,0.03206389452332842,0.056121224926752235,0.059052714668242565,0.06123406810255917,0.06299548738405948
1430,0.0849899951370646,0.12598553311422134,0.15362389915881852,0.17780350567843883,0.08507169011512515,0.09854474703140174,0.10780133014486662,0.11561469113493401,0.05663286004056707,0.04333671399594471,0.03624070317782166,0.03212981744422093,0.05610702614379081,0.05894187507378402,0.06118998945036478,0.0629966546584369
1431,0.08526621745062579,0.1258653883299735,0.1534628194213579,0.17749180477084367,0.0851799211531573,0.09851433872878003,0.10782202898864696,0.11550052584007327,0.05661257606490781,0.04327586206896698,0.03632183908045858,0.032023326572009965,0.05611804146946131,0.05894667461492873,0.06120346158151437,0.06297900433771471
1432,0.08515318181813754,0.1263047319736533,0.15310752361750787,0.1775704057698619,0.0852446562765797,0.09883456368804772,0.10782542279753697,0.11564196574807711,0.05661257606490783,0.04347870182555931,0.03628127112914011,0.0320436105476692,0.05626518480955597,0.05916297291585839,0.061319667502498426,0.0631305640269946
1433,0.08478159709621656,0.12656555083466162,0.15362111373433987,0.17769063094784918,0.0849514315740565,0.09872559115328707,0.1077783158386197,0.11546085413163786,0.05655172413793012,0.043509127789048155,0.036308316430019104,0.03203346855983958,0.056019326121253,0.05896621349689273,0.061141955598915096,0.06291178500362224
1434,0.08526769541660015,0.12599905157577013,0.15316725598699457,0.1774475752495591,0.08511051563152204,0.09855213926968404,0.10767015350171999,0.11545230123415853,0.056572008113589346,0.04335699797160391,0.03624070317782166,0.032018255578095164,0.0561155341446923,0.05892000141371983,0.06112221418898319,0.06291587549962656
1435,0.08504588941736804,0.12565985820293246,0.15358858686472696,0.17777514691020077,0.08496498632535283,0.09836948077098705,0.10773025878788361,0.11549128864373256,0.056490872210952434,0.04332657200811508,0.03632860040567833,0.0321095334685617,0.055958784088347854,0.058787932749727996,0.0610601868120405,0.0628595424314747
1436,0.08507108601474896,0.12635371632549405,0.15381400926878225,0.17778295679122466,0.08519399810594251,0.09871885653294185,0.10792692632272184,0.11563012494958669,0.05667342799188553,0.043377281947263174,0.03630831643001908,0.03209939148073208,0.05616954022988497,0.059048942469707905,0.06123076640993061,0.06302703173119349
1437,0.08514494627722675,0.12618502085127914,0.15367866265982935,0.17762292234620825,0.08518107313956859,0.09866149465941287,0.10792623270634664,0.11556026560877367,0.05659229208924862,0.043336713995944694,0.03634888438133755,0.032008113590265536,0.056210333558710766,0.0590340086226059,0.061274706759210054,0.06304222330141578
1438,0.08559109473347348,0.12608028683757405,0.15305275376075464,0.17737895985988805,0.08543747485270659,0.09874024568765254,0.10778004026617684,0.11559711719859786,0.05673427991886319,0.043356997971603924,0.03618661257606373,0.032028397565924765,0.056342517466756774,0.059090560585664434,0.06130611824043411,0.06310025398662915
1439,0.08511064997827004,0.12622948702844022,0.15394753133907757,0.17710743204487667,0.08519305941136228,0.09873120797135382,0.10799790904428218,0.11541819574894674,0.05663286004056707,0.04342799188641124,0.03635564570655729,0.03195740365111747,0.05613922695514982,0.05901402192422281,0.06124534058482106,0.06295343625685608
1440,0.08498550659605124,0.12616167551103122,0.15355170772670895,0.17767370760958023,0.08525235908784505,0.09875853699338652,0.10800047302265227,0.11568794180130954,0.05661257606490781,0.043316430020285485,0.03633536173089806,0.03203853955375438,0.05625881789497401,0.05911701534061883,0.06136050063501521,0.06312135496402467
1441,0.08537462582552595,0.12646580270137653,0.15374541997416036,0.17752029304857264,0.08519070725290402,0.09874873239379607,0.10783808474739888,0.11551697048039783,0.05669371196754476,0.04351926977687778,0.03626098715348089,0.032063894523328425,0.056111702727067767,0.058986172965354564,0.06118510685690048,0.0629514809911583
1442,0.08541172949424766,0.12631379115121902,0.15336764844536502,0.17760309333846158,0.08523929803332644,0.0986513616378457,0.10771035176832486,0.1154969646398827,0.05671399594320398,0.0433975659229224,0.03622718052738218,0.03203346855983958,0.056130042821726296,0.058919788764803235,0.0611105856479538,0.06291581086394576
1443,0.08552655247579351,0.1266256177241413,0.1539636113000608,0.17787400699193495,0.08528643930620537,0.09876000640946271,0.10797212903479368,0.1156462348627006,0.05677484787018167,0.043417849898581606,0.03639621365787574,0.0321146044624765,0.056147622267297685,0.05902473714581593,0.06123737370853364,0.06301016540208122
1444,0.08487840724321621,0.1265153377219025,0.1538413819324583,0.1776816197882633,0.08505084559428586,0.09883617729121981,0.10798305213240342,0.1155971838168618,0.0565314401622709,0.043498985801218554,0.03634888438133754,0.032018255578095164,0.05615243971151674,0.059141533002089464,0.06133709485876839,0.06309271562183236
1445,0.08533391516973206,0.1260550501355813,0.1536733404920655,0.17771104661279122,0.08521902085297776,0.09867180585924236,0.10790119087447636,0.1156550321677513,0.05651115618661167,0.04334685598377431,0.036274509803920385,0.0320943204868173,0.056235209601081776,0.05906298799851972,0.061284456510595525,0.06306605122205983
1446,0.08472963793699921,0.12613243276381148,0.15360100235748536,0.17725354510089605,0.08504949154036051,0.09869547412692016,0.10798977560833616,0.11556810119111399,0.05634888438133781,0.04328600405679661,0.0363556457065573,0.032018255578095144,0.056152834122154514,0.05910826556037461,0.061346159384252696,0.0631017833208656
1447,0.08514272068143697,0.1259200686709874,0.15396535027869473,0.17763924528324668,0.085129824465744,0.09857315491224031,0.10795698199579774,0.11559082631537324,0.05651115618661167,0.04331643002028545,0.03632860040567832,0.03208417849898766,0.05614379084967314,0.058970041305155305,0.06125891983071262,0.06302492171549501
1448,0.08478564795191075,0.1262607845878245,0.15406227124765234,0.17756364486985246,0.0849592020209005,0.09874118638139735,0.10805518234722557,0.11560987458894638,0.05632860040567857,0.043438133874240836,0.036389452332656,0.032079107505072854,0.05609020734730666,0.05907190665218807,0.0613264372171245,0.06306522241728074
1449,0.08526026218877178,0.1264456333478164,0.1533359890651616,0.17732978704534771,0.08521886341196101,0.09871966747590438,0.10778804674906996,0.11545603064689598,0.05673427991886322,0.04343813387424085,0.0363421230561178,0.03201825557809514,0.05614531214784756,0.05902019315069549,0.06118060725445988,0.06297710486784515
1450,0.08495219352276473,0.12655687303786986,0.15388553429924662,0.17774490200008192,0.08517114126556365,0.09891035343882142,0.10799484439416453,0.11570730474580491,0.05657200811358934,0.04351926977687778,0.03626774847870063,0.032099391480732105,0.05622292652693255,0.059138254695236724,0.061350542480752356,0.06312330683922264
1451,0.08549325525511298,0.12640372170542366,0.15358917477602724,0.17751146772346726,0.08527616828992465,0.09870892638385796,0.10787131186203112,0.11552000042556022,0.05669371196754475,0.04337728194726316,0.03632860040567832,0.03201318458418034,0.056181203515889074,0.0589995275409012,0.061231169402484756,0.06300068674992643
1452,0.08512229201613242,0.12621952187414595,0.15370597246141962,0.17720784128819447,0.0851151987862849,0.0986931576992206,0.10790633957914997,0.11546754524437314,0.05661257606490783,0.04342799188641121,0.03634888438133754,0.032043610547669195,0.05616486364660801,0.059060883325232814,0.06127788451214776,0.0630224900355893
1453,0.08521566444930082,0.12598850378840412,0.1534866959597704,0.17834301712120704,0.0852517314869546,0.09862374981711952,0.1078838592769467,0.1158071349528955,0.05667342799188554,0.043326572008115086,0.03632860040567832,0.032160243407709774,0.056191317331530224,0.059022002079886594,0.06123776937245455,0.06306259683502217
1454,0.08528483681369912,0.1262198630171903,0.15330204625463073,0.1775665726609217,0.0853209417542676,0.09877421666198101,0.10785850842698677,0.11561920257647526,0.05667342799188552,0.04341784989858161,0.0362474645030414,0.03201318458418035,0.05630332995267069,0.0591372463576744,0.06133003556678875,0.06311389154262148
1455,0.08525370385305296,0.126837005128876,0.15360091906713635,0.17814243183731954,0.08521542985934653,0.09899646557673049,0.10796777970416459,0.1158196831950654,0.05653144016227089,0.043569979716025865,0.03633536173089806,0.03214503042596536,0.05627005859815184,0.05920037730928874,0.0613522991522965,0.06316136888578178
1456,0.08490589704511978,0.12611680913207327,0.1535711367917307,0.17747352314670742,0.08486010052024762,0.0985330522399953,0.10770959711957226,0.11539014828038348,0.056470588235293225,0.04344827586207045,0.036281271129140126,0.03203853955375439,0.05594675456389443,0.058891206386768966,0.06110507639096572,0.06289081730076748
1457,0.08516537599932256,0.126674245745967,0.1531590851759563,0.1776607652313973,0.08503516813904455,0.09877722007346917,0.10767381240378844,0.11547655031068049,0.05657200811358934,0.04351926977687777,0.03626774847870063,0.032023326572009965,0.05602862294343021,0.05900845881136592,0.061133424723960966,0.06292910420399961
1458,0.08516375402844287,0.12613788730398975,0.15378850273698985,0.17740747420798406,0.08524608664182852,0.09874064366671159,0.10800699326394088,0.11555340148068595,0.05661257606490783,0.043387423935092775,0.03634888438133755,0.031987829614606306,0.05627121365787684,0.059089967053232294,0.06131876222115615,0.06306203603308794
1459,0.0855128014953843,0.12586964103061382,0.15359671162424035,0.17820924587839923,0.08528370278393785,0.09862175864667375,0.10788301705685431,0.1158154092853762,0.05661257606490783,0.043377281947263154,0.03629479377957961,0.03220588235294304,0.05624095672751854,0.059036144789971906,0.06127186001506181,0.06312107127061581
1460,0.08525148310032508,0.12599902447364705,0.15352903008771582,0.1779549478755688,0.08520480300558565,0.0986515114464957,0.10783673218437331,0.1157011329297672,0.05667342799188553,0.043407707910752,0.03625422582826114,0.03213488843813573,0.05615897565922915,0.05899475714615321,0.06121911895942904,0.06305102887100013
1461,0.08503356405283083,0.12597817590687513,0.15400320073529458,0.17778621668265981,0.08506432775198206,0.09858937552734333,0.10800506965495639,0.11558120512562454,0.05645030425963397,0.043336713995944694,0.036416497633534974,0.03203853955375438,0.05610451881902179,0.058978935923028,0.06125255867264524,0.06299234792967294
1462,0.08549266181124399,0.12642391424234165,0.15296410996250664,0.17710862399342034,0.08543692257148118,0.09887697885805069,0.10775039188888305,0.11548206380745905,0.056774847870181666,0.04346855983772969,0.036173089925624236,0.03194726166328784,0.05635727969348655,0.05917884443049229,0.061291808165376244,0.06308788687670552
1463,0.08501475544929057,0.12653567819499625,0.15326106220401636,0.17774599206546834,0.0851023409999621,0.09884209535533522,0.10780791586499504,0.11566674322499304,0.056511156186611684,0.043458417849900094,0.03622041920216242,0.03207403651115805,0.05614807302231235,0.059121757834679,0.06126034940978472,0.06307602303423157
1464,0.08524986817389205,0.12596553975024033,0.1533677709815882,0.17713500332983506,0.08520050002842797,0.09861339698503342,0.10777559449522048,0.11543924446296569,0.05661257606490783,0.04333671399594468,0.036200135226503206,0.03200811359026553,0.05617855533017799,0.05899151830272317,0.06120664361338805,0.06297939962583995
1465,0.08492715244662671,0.12634371771247555,0.15364927673000117,0.17765400301773973,0.08501373156770275,0.09862800811208929,0.10782802510048452,0.1155101114673394,0.05653144016227089,0.04337728194726315,0.03632860040567832,0.03203853955375438,0.05598932274059046,0.058894805910869825,0.06111073129982352,0.06288357477422092
1466,0.0847451923477947,0.12584801870999146,0.15333961376289315,0.17788636354473764,0.08515309471451259,0.09873433941693806,0.10795064371680906,0.11585673349299028,0.05636916835699705,0.04329614604462623,0.036213657876942695,0.032150101419880166,0.0563417004732927,0.0592210451230298,0.06147137558536145,0.06330062655398673
1467,0.08464390976611133,0.126737869640019,0.15348044678960213,0.17723009989389488,0.08491895657231194,0.09880488568522963,0.10781344787572654,0.11541903882453723,0.05636916835699705,0.043438133874240864,0.03629479377957961,0.03199290060852113,0.05600025354969567,0.059003272669220716,0.06118314468630319,0.06293911760018989
1468,0.08466879514972989,0.1262005086669115,0.15353135305627053,0.17753759727784688,0.08497813779503438,0.09875476381530554,0.10793719637111888,0.11558087768721895,0.05636916835699705,0.04340770791075204,0.03633536173089807,0.03198275862069149,0.05606552851025461,0.05907137995683565,0.061293183050498405,0.06305523258482422
1469,0.08555722986593724,0.1267137025574259,0.15357653189106021,0.17735782830775015,0.0853667179312517,0.09890589379660117,0.1078991392321034,0.11555621107502151,0.05669371196754475,0.04344827586207049,0.03624746450304139,0.032023326572009986,0.05629654045526248,0.05915616137898306,0.061294705139517645,0.06306990583711894
1470,0.08524257475282712,0.12611290749604498,0.1543618943073993,0.17763433112682733,0.08520972766692647,0.09867723930337806,0.10813647691591534,0.11559556063459327,0.056653144016226294,0.0433975659229224,0.036450304259633685,0.032048681541583995,0.056160356096461514,0.05903866514677364,0.06132141693314742,0.06304284746987876
1471,0.08515878679165748,0.12615298181058776,0.1539044724551363,0.17719883643201084,0.08511699309365792,0.09869034740184526,0.10796625515311037,0.11547251793152646,0.05649087221095246,0.04338742393509276,0.03631507775523884,0.03200304259635073,0.05611835136353386,0.059043040012939814,0.06129145564129092,0.06301031506617609
1472,0.08538632834673222,0.12635237143638356,0.15328078560746045,0.17806404920614255,0.08533673606253107,0.09876305140626127,0.10778839325253545,0.11569622026052678,0.05683569979715938,0.04339756592292239,0.036206896551722954,0.032058823529413624,0.056246196754563826,0.059094341887457165,0.061243171852427634,0.06307612597407485
1473,0.084835665428261,0.1265229650360153,0.15342003914550784,0.1775882992137052,0.08498137265178791,0.09872045535197757,0.10771085502276315,0.11548407733670611,0.056572008113589346,0.04348884381338894,0.036220419202162436,0.032063894523328425,0.05599309781383808,0.05894045686601565,0.061087700696997996,0.06289441420290998
1474,0.08490644449695207,0.12654099510668312,0.15324250353020477,0.17753427807229333,0.08478320841693673,0.09855393929698825,0.10746957689103759,0.11523921311029874,0.05651115618661167,0.04348884381338893,0.036206896551722954,0.03196247464503229,0.05582288145143105,0.058806542348739985,0.060931876351911954,0.06272550379197364
1475,0.08525532172631195,0.1266790494576177,0.15357611368407809,0.1774026405844498,0.0852683406361242,0.09891595757109635,0.10793139393036247,0.11559103084837076,0.05665314401622629,0.043539553752537014,0.03633536173089806,0.03207910750507285,0.056215911652017045,0.0591273672783287,0.06128971545436007,0.06305326653370766
1476,0.08544249348895407,0.12543090344407612,0.15354090003447515,0.177647639341687,0.08531526217471372,0.09848972822562715,0.10786640179882477,0.11565761486883377,0.05667342799188554,0.04327586206896698,0.03622718052738218,0.03209432048681727,0.05627363646608065,0.05897966354485581,0.061265271805413364,0.06308879035936499
1477,0.08525586663979086,0.12628302837227928,0.1536859253716602,0.1780558689111744,0.08520528167060384,0.09875019469360483,0.10793837292625179,0.11575552499503332,0.05657200811358936,0.04338742393509278,0.03632183908045857,0.032129817444220936,0.056179485012395725,0.059070299735475076,0.061295367825981134,0.06308907568636128
1478,0.0848011907825545,0.1264171383729916,0.15308249240198663,0.17768958864446854,0.08506328282994402,0.09875361538153912,0.1077006793693327,0.11559396582616784,0.056572008113589346,0.04343813387424084,0.036193373901283465,0.03205375253549883,0.05606814852377724,0.059010812067483216,0.0611665443339846,0.06299535871121528
1479,0.08482501696677955,0.1258394770510176,0.15327861173669832,0.17757510296883905,0.08498148536968679,0.09845549839229432,0.10765134489232175,0.1154487661722105,0.05655172413793014,0.043275862068967004,0.036213657876942695,0.03202839756592478,0.05601853729997738,0.05888702618659192,0.061113493177245175,0.06289740001447004
1480,0.08489626032370276,0.12596819103769855,0.153929107213352,0.1781636217269976,0.08506186187783438,0.09870665040235561,0.10802967374070971,0.11578424768811506,0.05640973630831552,0.04344827586207047,0.03636240703177703,0.032104462474646905,0.05614545300878964,0.05906750255977203,0.06132244860120572,0.06312113012131525
1481,0.08496239690504562,0.12659691423517483,0.1533649272646859,0.1778391737908588,0.08516252849365158,0.09879039929970677,0.10780639566111873,0.11564915200482946,0.05663286004056707,0.043407707910752005,0.03627450980392038,0.032089249492902476,0.056179823078656696,0.05907160017583001,0.061236778739308786,0.06303520205596062
1482,0.08510333256212103,0.12633906973724482,0.15327886404518043,0.17799060470026573,0.08517333537371398,0.09872560208795231,0.10777081583758977,0.1156671341422192,0.056653144016226294,0.04346855983772972,0.03630155510479935,0.032139959432050544,0.05615801780482303,0.05902242228308925,0.061181771114282336,0.06301155527152603
1483,0.08508626509097972,0.12685928094904972,0.15376459194402958,0.17770999134409257,0.08513235006425235,0.09885714051828792,0.10783027410105701,0.11551569669560145,0.05675456389452245,0.043569979716025865,0.036301555104799356,0.03204361054766917,0.056073923822402456,0.058990647775712876,0.061125993323028434,0.06290555872405931
1484,0.08521516922006439,0.12636637265539905,0.15353878084130687,0.17772117852343078,0.08523434149379261,0.09874584289378947,0.10783390792980863,0.11562187017699753,0.05661257606490783,0.043387423935092796,0.03619337390128346,0.032053752535498796,0.0562090939824205,0.05907838710196697,0.06124431216509835,0.06304903913914887
1485,0.08507962994646064,0.12626700280190842,0.15351647150616568,0.17754711481155938,0.08519362734748948,0.09869016425346705,0.10783278764232146,0.11555925428542939,0.05661257606490783,0.04332657200811508,0.03624070317782166,0.032033468559839594,0.056197712418300606,0.05907727351796383,0.06127573620244384,0.06304786360583461
1486,0.0848438673459457,0.12660611602153501,0.15343187305261788,0.1780001609380032,0.08499645696387395,0.09877170330169095,0.10784641086338448,0.1156287793503081,0.05647058823529321,0.04342799188641123,0.0363556457065573,0.03205882352941361,0.056038990308767106,0.05902115110092548,0.06119877292307174,0.06299498874807105
1487,0.08495730132536712,0.12566208167217932,0.15347531690226873,0.1779412820026047,0.08516588732822503,0.09857209805611526,0.10786451131123091,0.11572844801013442,0.0565314401622709,0.04333671399594469,0.03627450980392038,0.03212474645030612,0.056202360829389154,0.05899263618282534,0.06125626413556112,0.06306968729866419
1488,0.08470278948025728,0.1262255184980399,0.15344527127277566,0.1775432636813311,0.08489956454888803,0.09859422695802995,0.10768174369541203,0.11544294715053849,0.05655172413793014,0.04341784989858163,0.03622718052738217,0.0320537525354988,0.055953572233491025,0.05889610310918727,0.0610990226252047,0.06288281714839766
1489,0.08513576340355339,0.12588704980396997,0.1538245432355426,0.17784156951348254,0.08504984902928336,0.0984695624294268,0.10785921060944043,0.11556963593277632,0.05653144016227088,0.04326572008113739,0.03631507775523883,0.03207910750507286,0.05606057020509347,0.058883603585111965,0.061173113137674186,0.06295047106862157
1490,0.0850239076791645,0.12560572340950646,0.1533881080652286,0.17774493678259654,0.0852532005817704,0.09855275111530647,0.10783086630856531,0.11564911276358868,0.05675456389452244,0.04328600405679663,0.03623394185260192,0.03206896551724323,0.05623563218390798,0.059016038695171295,0.06129137842460946,0.06308901677093173
1491,0.0856962118299496,0.12595902146746743,0.1535624559913395,0.17752044125622982,0.08545960264152859,0.09867822591814408,0.10794122834758112,0.11559755176113416,0.056855983772818634,0.043407707910752026,0.03633536173089807,0.03202839756592476,0.056294652918638693,0.05905218881933341,0.06132351792391167,0.06306262425644832
1492,0.08549401432764336,0.12628165777777942,0.15379932700616403,0.17800342119122298,0.08521951235104479,0.09867020848760762,0.10788333317215902,0.11562029515875023,0.05665314401622627,0.04339756592292238,0.03631507775523883,0.032068965517243246,0.056127958079783574,0.05896402135247438,0.06119906629597643,0.06295929624357408
1493,0.08430664907219333,0.12584497447573098,0.15341754833152235,0.17761145287828242,0.08470723197160622,0.09849956060127804,0.10776963083503402,0.1155264324234933,0.05620689655172317,0.04326572008113739,0.03627450980392038,0.032058823529413624,0.05591337052062197,0.05895717375392022,0.061198526141051805,0.06297928889166805
1494,0.08482058243228836,0.12613256288905272,0.15358563588307195,0.17796332870429174,0.08498851594433122,0.09858280476467358,0.10775047092853729,0.11557520964518378,0.05661257606490783,0.04342799188641123,0.03627450980392037,0.03208417849898767,0.05599709826459315,0.05890931827711907,0.061125970549907434,0.06293894070727028
1495,0.08509224107850703,0.12609012051905497,0.154122865319726,0.17736548123314566,0.0848792734334403,0.09843165850131912,0.1078356890894912,0.11531552240627713,0.05651115618661167,0.04334685598377428,0.03638269100743626,0.03201318458418035,0.055878634212305524,0.058792828258378456,0.06109527189956299,0.06279982046425328
1496,0.08505487402925581,0.12672184709754775,0.15383408041914715,0.17791353049445582,0.0851415163011406,0.09898072366651127,0.10794291531394713,0.11568794304994691,0.05663286004056705,0.043691683569981266,0.03626774847870062,0.03207910750507285,0.05613866351138153,0.05915783597921905,0.06128445541849247,0.06306841749953927
1497,0.08473534408304512,0.12595426251199185,0.15374399669924335,0.1774592596443757,0.08493814061940429,0.09856998514355084,0.10781707846971426,0.11548176740659978,0.05647058823529321,0.04339756592292238,0.03627450980392037,0.032089249492902476,0.05600915596123498,0.05892845204812431,0.06114787544772414,0.06292714979709142
1498,0.08492021277453878,0.1261371920734733,0.15345780002752327,0.17771584202568877,0.08484247440217742,0.09847892831241487,0.1076397391384674,0.11540523356909403,0.05643002028397474,0.04336713995943356,0.036274509803920385,0.032048681541584,0.05584905341446914,0.058780225548073384,0.06100785387108718,0.06278968632096646
1499,0.08509345030846441,0.125921748214213,0.153700443624764,0.17767680476145586,0.08508894556304436,0.09861010008814983,0.10789282307091663,0.11559888788750873,0.05655172413793015,0.043377281947263154,0.03630831643001909,0.0320588235294136,0.05610372999774616,0.05899165839707502,0.06125390319481314,0.0630206072701463
