user_id,selected_test_positive_item,test_positive_count,train_degree,listwise_jsd_mean,listwise_jsd_std_across_permutations,original_positive_probability,permuted_positive_probability_mean,positive_probability_change
0,164,1,3,0.1014964059,0.0290807858109,0.0136644588783,0.0224395189434,0.00877506006509
1,2530,10,28,0.11435791105,0.0462718568742,0.00505345640704,0.0054808720015,0.000427415594459
2,5029,8,21,0.101254284382,0.0186818689108,0.00347480131313,0.00383969000541,0.000364888692275
3,114,15,26,0.115111172199,0.0547356419265,0.0715521723032,0.128225266933,0.0566730946302
4,6857,2,27,0.0705004408956,0.0208871252835,0.0439570359886,0.013811419718,-0.0301456153393
5,8805,14,29,0.10957518965,0.0440494455397,0.0237675253302,0.034874971956,0.0111074466258
6,3200,4,20,0.0900076925755,0.00631492678076,0.00618526479229,0.0131833283231,0.00699806353077
7,3363,5,16,0.0879081711173,0.0109527073801,0.318316221237,0.26723253727,-0.0510836839676
8,3298,1,12,0.195205226541,0.0149614587426,0.456103444099,0.0753992274404,-0.38070422411
9,1322,2,12,0.106081545353,0.0179037824273,0.0217404160649,0.0337807573378,0.012040341273
10,154,2,7,0.0821343958378,0.0267093572766,0.0182680059224,0.0119756469503,-0.00629235897213
11,2968,7,12,0.0685014948249,0.0269545465708,0.0315430648625,0.0440129637718,0.0124698989093
12,131,5,18,0.0865145325661,0.0213061757386,0.894528448582,0.561765491962,-0.332762956619
13,7819,10,31,0.0825298577547,0.0122703248635,0.00299395504408,0.00120783504099,-0.00178612000309
14,590,12,51,0.0699109509587,0.0167775638402,0.0406109653413,0.026326417923,-0.0142845474184
15,164,8,18,0.0768708363175,0.0262224413455,0.0340227670968,0.025094749406,-0.00892801769078
16,8589,54,162,0.0759648606181,0.0287490654737,0.00270619476214,0.0028889477253,0.000182752963156
17,1070,25,75,0.0979756936431,0.0262187197804,0.116760909557,0.0815923735499,-0.0351685360074
18,208,8,10,0.107927046716,0.0374753251672,0.505354702473,0.299526691437,-0.205828011036
19,377,24,63,0.113436304033,0.0666519850492,0.593012452126,0.272000819445,-0.321011632681
20,5666,14,56,0.112071357667,0.0448004603386,0.0186941642314,0.0182197988033,-0.00047436542809
21,1082,9,16,0.0794432982802,0.0400907471776,0.0357622727752,0.0234325323254,-0.0123297404498
22,4474,4,17,0.0763114765286,0.0115415966138,0.0156526025385,0.00886437203735,-0.00678823050112
23,608,6,30,0.0614652372897,0.021154191345,0.119260847569,0.121073424816,0.00181257724762
24,395,9,28,0.0914566740394,0.0453198961914,0.167892560363,0.0785364061594,-0.0893561542034
25,344,17,38,0.0800796225667,0.041879452765,0.0872203409672,0.213403746486,0.126183405519
26,5671,1,12,0.22631187737,0.0558336935937,0.807927846909,0.207163751125,-0.600764095783
27,704,4,18,0.0374984256923,0.0152883930132,0.537405729294,0.541390359402,0.00398463010788
28,733,2,3,0.241786971688,0.0543933883309,0.108338080347,0.0566957779229,-0.0516423024237
29,681,2,21,0.0640712752938,0.0115714557469,0.206965968013,0.118460796773,-0.0885051712394
30,7945,16,31,0.0998854413629,0.0262034963816,0.157984733582,0.324312359095,0.166327625513
31,665,5,23,0.0128319337964,0.000839276763145,0.0175295136869,0.0352118425071,0.0176823288202
32,5968,4,10,0.308998227119,0.0280712619424,0.0519086793065,0.151836439967,0.0999277606606
34,628,1,4,0.126611962914,0.0470978692174,0.409902513027,0.0931148305535,-0.316787689924
35,7321,1,4,0.121396772563,0.0245800483972,0.0725150555372,0.051997885108,-0.0205171704292
36,710,5,19,0.0867173299193,0.0615221299231,0.783097803593,0.450977951288,-0.332119852304
37,705,1,12,0.129118338227,0.0426802262664,0.547543883324,0.251208662987,-0.296335220337
38,674,8,28,0.0691543892026,0.0480475537479,0.600074291229,0.382733017206,-0.217341274023
39,5977,6,25,0.0895456448197,0.0301270335913,0.369783401489,0.201871618629,-0.167911782861
40,5969,11,29,0.154929220676,0.0399295426905,0.49018868804,0.182721972466,-0.307466715574
41,681,5,14,0.181610822678,0.0982678756118,0.0551683753729,0.118776261806,0.0636078864336
42,627,7,21,0.274258196354,0.0647994503379,0.771504402161,0.176869988441,-0.594634413719
43,652,6,13,0.0795064941049,0.0350969806314,0.251909673214,0.236699715257,-0.0152099579573
44,620,2,4,0.0859483703971,0.00591722410172,0.123949311674,0.121821574867,-0.00212773680687
45,720,1,1,0.065796174109,0.0188038442284,0.245715290308,0.155041590333,-0.090673699975
46,672,2,4,0.253805041313,0.0274075716734,0.055003888905,0.0166772846133,-0.0383266061544
47,737,2,2,0.120269864798,0.00744847720489,0.410141557455,0.304109245539,-0.106032311916
48,678,2,3,0.227747365832,0.0497985184193,0.394067585468,0.0913554131985,-0.30271217227
49,635,2,2,0.0960292816162,0.0583357140422,0.0710730329156,0.0479346774518,-0.0231383554637
51,629,1,5,0.196996256709,0.0321030989289,0.971493542194,0.460349291563,-0.511144280434
52,619,1,1,0.257677793503,0.106166750193,0.819415748119,0.190736845136,-0.628678917885
53,698,1,4,0.214959546924,0.0488013774157,0.387568920851,0.0595848597586,-0.327984064817
56,734,4,8,0.0695841014385,0.0336349867284,0.250218391418,0.141282483935,-0.108935907483
57,688,2,1,0.180129155517,0.0245970170945,0.0150472205132,0.0101074920967,-0.0049397284165
59,5065,1,2,0.125906452537,0.0048153991811,0.0167107954621,0.0258200392127,0.00910924375057
60,912,17,37,0.0815988704562,0.0288557223976,0.0136779230088,0.00940941646695,-0.00426850654185
61,883,16,70,0.145519331098,0.0156535841525,0.204734042287,0.313085466623,0.108351424336
62,4128,21,62,0.0500725097954,0.00728392647579,0.0232148934156,0.0257726311684,0.0025577377528
63,316,3,9,0.184948042035,0.0335637889802,0.31692224741,0.142002642155,-0.174919605255
64,7492,12,39,0.117293454707,0.0218999497592,0.0121006499976,0.00558699667454,-0.00651365332305
65,490,7,13,0.116647183895,0.00455336179584,0.196717873216,0.0805196240544,-0.116198249161
66,766,16,43,0.108833223581,0.00980440992862,0.047674421221,0.0852685198188,0.0375940985978
67,162,1,7,0.0826728418469,0.0127746779472,0.00638336269185,0.00310335471295,-0.0032800079789
68,3376,11,61,0.139071762562,0.0714140161872,0.00877309776843,0.0653488859534,0.0565757900476
69,161,11,37,0.0893216729164,0.0316792912781,0.192990198731,0.0699140131474,-0.123076185584
70,4463,13,34,0.233918562531,0.105022035539,0.684865355492,0.156312271953,-0.528553068638
71,476,2,9,0.132402703166,0.0556466281414,0.468752741814,0.14608861506,-0.322664141655
72,750,4,5,0.18125833571,0.0160449333489,0.622639775276,0.129277840257,-0.493361949921
73,316,9,39,0.129832699895,0.0484405755997,0.395468145609,0.0914532542229,-0.304014891386
74,278,9,10,0.0894977450371,0.0285324174911,0.216157376766,0.383165717125,0.167008340359
75,4358,5,36,0.182783007622,0.119626663625,0.0340867303312,0.0536981187761,0.0196113884449
76,9057,4,10,0.132001832128,0.0236978773028,0.352470189333,0.109292827547,-0.243177354336
77,749,2,5,0.0740438625216,0.0167058035731,0.068159148097,0.0559008233249,-0.0122583247721
78,750,2,5,0.268582671881,0.0599520616233,0.673448622227,0.063799329102,-0.609649300575
79,5757,3,10,0.139654844999,0.0389232076705,0.00796902086586,0.00904425326735,0.00107523240149
80,8279,2,4,0.101769387722,0.0328083410859,0.0316665433347,0.0166523847729,-0.0150141585618
81,9024,1,5,0.117182217538,0.0256459154189,0.00404539192095,0.0081987855956,0.00415339367464
82,340,4,2,0.149814233184,0.0781786963344,0.638695538044,0.248492121696,-0.390203416348
83,4481,3,20,0.0968749299645,0.0152911040932,0.00262628542259,0.00630038930103,0.00367410387844
84,844,3,21,0.0709210038185,0.0176479611546,0.181875944138,0.102273128927,-0.0796028152108
85,165,11,39,0.0513270907104,0.0031712227501,0.149317279458,0.0909022092819,-0.0584150701761
86,3039,5,7,0.282541632652,0.0979909896851,0.871611177921,0.215170919895,-0.656440258026
87,865,8,20,0.257727175951,0.0999715253711,0.857961773872,0.216398477554,-0.641563296318
88,905,7,7,0.0943174958229,0.0143822645769,0.0518343560398,0.0246279072016,-0.0272064488381
89,208,10,19,0.123600304127,0.0382937341928,0.237528830767,0.1001477018,-0.137381136417
90,2991,6,8,0.0525408871472,0.0197153352201,0.0513392202556,0.0395843535662,-0.0117548666894
91,1104,4,4,0.101726613939,0.0214967913926,0.0149305937812,0.0203570816666,0.00542648788542
92,4667,8,21,0.0880830064416,0.0333116464317,0.0400476828218,0.0390965230763,-0.000951159745455
93,3612,5,19,0.128568053246,0.0096080461517,0.0341134034097,0.208029553294,0.173916146159
94,3168,21,56,0.0606198646128,0.00491020129994,0.00229576742277,0.00475794635713,0.00246217893437
95,313,91,253,0.0799007117748,0.0312287956476,0.0439723320305,0.164561703801,0.120589375496
96,3408,10,36,0.0799165144563,0.0175723750144,0.0577272176743,0.0204524938017,-0.0372747257352
97,312,3,13,0.076194293797,0.0399731807411,0.0409235619009,0.0619762130082,0.0210526511073
98,106,6,10,0.0941918119788,0.0250950828195,0.0139600271359,0.00802643969655,-0.00593358743936
100,747,1,9,0.167817547917,0.0348504334688,0.517423212528,0.120623171329,-0.396800041199
101,788,1,10,0.0884343385696,0.0197294186801,0.0423822961748,0.0365212000906,-0.00586109608412
102,299,21,52,0.0603569149971,0.0288814660162,0.00160264223814,0.00821679551154,0.0066141532734
103,6285,8,29,0.112360328436,0.0129234287888,0.00448652589694,0.00447890721262,-7.61868432164e-06
104,5172,37,106,0.217544570565,0.0421081967652,0.00199311994947,0.00144186150283,-0.000551258446649
105,891,5,12,0.0735509395599,0.0384673438966,0.0037417660933,0.0143576674163,0.0106159010902
106,693,11,48,0.104614168406,0.0337055698037,0.26820102334,0.229479625821,-0.0387213975191
107,2566,3,5,0.16024287045,0.0208927541971,0.0254527255893,0.0381023325026,0.0126496069133
108,5012,4,4,0.102470077574,0.0299666151404,0.0132946632802,0.0248969197273,0.0116022564471
109,1351,3,20,0.0970492139459,0.0234041772783,0.00341766490601,0.00531405815855,0.00189639325254
110,3494,3,5,0.137104809284,0.0206034108996,0.0179587174207,0.00834670010954,-0.00961201731116
111,6466,2,5,0.0707363933325,0.020027205348,0.0817006677389,0.0997427105904,0.0180420428514
112,4071,7,9,0.0974016413093,0.0347659103572,0.187976151705,0.297245979309,0.109269827604
113,7318,1,7,0.0844453647733,0.0031879551243,0.00506828911602,0.01199760288,0.00692931376398
114,1867,6,24,0.0852667316794,0.0159795731306,0.00642655277625,0.0189202148467,0.0124936625361
115,596,6,10,0.105089478195,0.00949018169194,0.0904196724296,0.0930208191276,0.002601146698
116,8601,4,8,0.14355610311,0.00798359885812,0.03724995628,0.0132245831192,-0.0240253731608
117,7759,7,39,0.0797968283296,0.0316298902035,0.00125600479078,0.00144629133865,0.000190286547877
118,5267,9,14,0.148383930326,0.0638662278652,0.0115866037086,0.0152761125937,0.00368950888515
119,4705,36,143,0.150695875287,0.0601719506085,0.0159120112658,0.0694707855582,0.0535587742925
120,1980,20,66,0.108241699636,0.00589329143986,0.0107526397333,0.0261188000441,0.0153661603108
121,6429,5,17,0.043265234679,0.00826823618263,0.0550885125995,0.0183789599687,-0.0367095544934
122,4866,2,8,0.116033740342,0.00942993164062,0.0345605909824,0.118902660906,0.0843420699239
123,2246,57,184,0.105812221766,0.0203530285507,0.0254571866244,0.00934960599989,-0.0161075815558
124,8246,57,147,0.247070550919,0.125785857439,0.00181616051123,0.00183903786819,2.28773569688e-05
125,3766,15,68,0.161683142185,0.0626186355948,0.0180452801287,0.0206711161882,0.00262583605945
126,7892,14,49,0.0615771412849,0.0119040468708,0.00125126668718,0.00425889855251,0.00300763174891
127,2397,39,89,0.153169170022,0.0126808527857,0.000971184810624,0.0023316629231,0.00136047811247
128,1591,9,10,0.0840067639947,0.0180303622037,0.0241948720068,0.0823582112789,0.0581633374095
129,831,20,55,0.173879206181,0.0493109300733,0.0408619232476,0.0139479981735,-0.0269139260054
130,2183,11,35,0.0892624482512,0.00430492591113,0.0928788930178,0.111831121147,0.0189522281289
131,4946,5,39,0.126640543342,0.0214080754668,0.0189154502004,0.0671963021159,0.0482808500528
132,763,12,28,0.0703369900584,0.0165483374149,0.134431749582,0.0836177989841,-0.0508139505982
133,2217,18,34,0.0932315513492,0.0136619945988,0.0223821345717,0.0130056515336,-0.00937648303807
134,2133,8,15,0.174837648869,0.0420266166329,0.0289572812617,0.0403326414526,0.0113753601909
135,3974,2,12,0.0892367586493,0.0237109214067,0.0272284299135,0.0420257151127,0.0147972851992
136,4843,13,35,0.155013382435,0.0174870248884,0.0780008733273,0.0236186478287,-0.0543822273612
137,1827,3,8,0.0567848794162,0.0171193890274,0.0824142172933,0.0730124935508,-0.00940172374249
138,3828,33,71,0.119645185769,0.0367847196758,0.0259471349418,0.0255685728043,-0.000378562137485
139,2444,11,29,0.102370627224,0.00935028959066,0.00976130086929,0.00592699693516,-0.00383430393413
140,6045,2,6,0.101056903601,0.0352818183601,0.044227398932,0.0326747074723,-0.0115526914597
141,2151,7,18,0.0968262553215,0.0401811636984,0.0054091559723,0.0500450879335,0.0446359328926
142,2129,4,8,0.183285459876,0.0739344656467,0.000726034806576,0.00477059790865,0.00404456304386
143,5863,3,5,0.0499801523983,0.0071915211156,0.361469358206,0.341536641121,-0.0199327170849
145,228,4,6,0.0971352458,0.0300125759095,0.00131554226391,0.00324096996337,0.00192542769946
146,7139,8,16,0.0756396278739,0.0225792136043,0.00142537674401,0.00147623708472,5.0860340707e-05
147,7931,1,4,0.133046299219,0.0419240891933,0.0326287709177,0.0347907841206,0.00216201320291
148,9299,28,72,0.109928555787,0.0201989486814,0.0178931485862,0.00994950719178,-0.00794364139438
149,355,6,17,0.121154822409,0.026400687173,0.154122442007,0.0249909814447,-0.12913146615
150,1381,2,30,0.132194027305,0.00803905073553,0.000244865834247,0.00129373173695,0.00104886596091
151,880,12,37,0.176318585873,0.0324840098619,0.034637466073,0.0892855152488,0.0546480491757
152,6723,42,158,0.0252036005259,0.00326966517605,0.00131311034784,0.00114788522478,-0.000165225123055
153,4964,2,12,0.138219222426,0.0567493699491,0.0118320556358,0.0174251366407,0.00559308100492
156,6249,4,4,0.0762552320957,0.0329193100333,0.00343103054911,0.00193299597595,-0.00149803457316
157,4690,3,12,0.137261718512,0.0347819551826,0.236041411757,0.054344099015,-0.181697309017
158,5928,32,50,0.0723333731294,0.0141735998914,0.00158648227807,0.00445440225303,0.00286791985855
159,5045,4,13,0.174780368805,0.0342729128897,0.0675374865532,0.104967199266,0.0374297127128
160,4104,16,52,0.152101621032,0.0079509858042,0.0962189435959,0.0253578629345,-0.0708610787988
161,338,21,51,0.132750228047,0.0489025861025,0.180716574192,0.0575384311378,-0.123178139329
162,305,12,27,0.0881422162056,0.0613742880523,0.655773580074,0.363055109978,-0.292718470097
163,4230,13,37,0.0449765175581,0.0105865653604,0.471190422773,0.451682776213,-0.0195076465607
164,1436,1,3,0.0730374380946,0.0258230287582,0.00381547538564,0.00374202779494,-7.34475906938e-05
165,164,3,4,0.114697061479,0.0253537166864,0.00256859394722,0.00125185074285,-0.00131674320437
166,3061,2,9,0.153771147132,0.0949380248785,0.0174549575895,0.0130434827879,-0.0044114748016
168,2718,19,46,0.0666952505708,0.0278535801917,0.20444265008,0.152447223663,-0.0519954264164
169,163,16,64,0.0753763243556,0.0268442574888,0.0260983724147,0.0123664615676,-0.0137319108471
170,444,25,88,0.0906435474753,0.0335427187383,0.010854027234,0.0164021849632,0.00554815772921
171,4424,14,31,0.0938294902444,0.0108845978975,0.00665484601632,0.00631624041125,-0.000338605605066
172,1020,6,16,0.116722263396,0.037618111819,0.00829049013555,0.0161753408611,0.00788485072553
173,1080,15,38,0.121438868344,0.0382292456925,0.0456156767905,0.126536607742,0.0809209346771
174,4560,14,68,0.0820331797004,0.0375487282872,0.0232761371881,0.00981862470508,-0.013457512483
175,417,10,44,0.0962839499116,0.0578983128071,0.0392574444413,0.0256438776851,-0.0136135667562
176,1098,16,43,0.0779173895717,0.0202341787517,0.00423905113712,0.00252367812209,-0.00171537301503
177,226,17,51,0.173209533095,0.0173359718174,0.0717200934887,0.0345702581108,-0.0371498353779
178,4052,21,67,0.062642775476,0.00556320464239,0.178902208805,0.124977856874,-0.0539243519306
179,3980,15,54,0.152059778571,0.0452312082052,0.0713184699416,0.0233498588204,-0.0479686111212
180,3249,1,5,0.101169399917,0.0361013524234,0.013528666459,0.0131765343249,-0.00035213213414
181,264,10,22,0.0777868255973,0.0187108591199,0.0292165726423,0.0242593493313,-0.00495722331107
182,585,6,12,0.126082226634,0.110728405416,0.698949873447,0.395178198814,-0.303771674633
184,941,1,4,0.0760271623731,0.0148977991194,0.0274673234671,0.0394447185099,0.0119773950428
185,3113,4,6,0.0750393345952,0.0112995840609,0.0779271349311,0.0652223303914,-0.0127048045397
186,7166,21,65,0.0648752227426,0.00773640163243,0.0169515293092,0.0200734995306,0.0031219702214
187,2438,25,58,0.140401348472,0.0478401556611,0.114450700581,0.0302626956254,-0.0841880068183
188,6697,10,30,0.106138445437,0.0343805700541,0.00945029594004,0.0142462579533,0.0047959620133
189,5594,24,51,0.0806763768196,0.0296252053231,0.147861272097,0.122746966779,-0.0251143053174
190,6649,1,7,0.083814650774,0.011644365266,0.0160136334598,0.00788586493582,-0.00812776852399
191,4566,6,2,0.0896381214261,0.0165588725358,0.0321265235543,0.0382645316422,0.00613800808787
192,3280,7,11,0.173647940159,0.0731936842203,0.0249911881983,0.0254560280591,0.000464839860797
193,8094,5,9,0.107847027481,0.0187513567507,0.00587713671848,0.0197443142533,0.0138671770692
194,6741,2,23,0.132842555642,0.0415548123419,0.00773726915941,0.00442428141832,-0.00331298774108
195,5671,19,39,0.443287938833,0.0321670919657,0.867151200771,0.0378002561629,-0.829350948334
196,4407,3,17,0.0857447981834,0.0433219261467,0.0130189917982,0.0102700823918,-0.00274890940636
197,3064,1,3,0.0878049656749,0.0257851872593,0.0124406740069,0.00507031520829,-0.00737035879865
198,2038,2,4,0.100532054901,0.0280992332846,0.0244854204357,0.0140401311219,-0.0104452893138
199,337,29,84,0.07436157763,0.00890836305916,0.275835037231,0.229266002774,-0.0465690344572
200,134,4,15,0.040842205286,0.00476735224947,0.185574635863,0.254660964012,0.0690863281488
201,891,6,8,0.106617175043,0.0407605394721,0.00376896560192,0.00830700155348,0.00453803595155
202,5411,3,1,0.177868530154,0.0208346340805,0.00268021901138,0.0136212408543,0.0109410220757
203,2905,17,30,0.136580407619,0.0362742729485,0.0111760031432,0.0146135939285,0.00343759078532
204,2621,2,7,0.164919659495,0.0403763800859,0.0574753209949,0.0653047263622,0.00782940536737
205,255,1,10,0.10059261322,0.0223230812699,0.0191417820752,0.0791999474168,0.0600581653416
206,2769,1,5,0.10301848501,0.0683013871312,0.0307347755879,0.0186977498233,-0.0120370257646
207,3064,2,7,0.158502444625,0.0469439923763,0.505072891712,0.122740037739,-0.382332861423
208,368,4,10,0.0929747000337,0.0370027609169,0.0226389728487,0.00905228499323,-0.0135866878554
209,3059,4,13,0.0596912316978,0.0139368046075,0.109889023006,0.0565807037055,-0.0533083193004
210,4295,3,34,0.151910886168,0.0298079736531,0.0564496405423,0.0538126528263,-0.00263698771596
211,2769,2,4,0.0919313952327,0.0210501831025,0.118033133447,0.0423146486282,-0.0757184848189
212,2769,3,5,0.194604933262,0.02183011733,0.536118030548,0.0838762447238,-0.452241778374
213,2769,5,8,0.0978343188763,0.0229310914874,0.0387791581452,0.0139137478545,-0.024865411222
214,1126,7,20,0.0989224910736,0.0085801621899,0.00408686930314,0.0121474871412,0.00806061737239
215,1873,18,33,0.0775504633784,0.0110567593947,0.0533509925008,0.0767505243421,0.0233995318413
216,6765,7,3,0.0641305074096,0.0103176273406,0.0321987941861,0.0162853822112,-0.0159134119749
217,2754,11,46,0.0879220589995,0.0464861467481,0.00412274664268,0.00698704272509,0.00286429608241
218,1555,2,3,0.255748361349,0.0640698224306,0.335071563721,0.0742266699672,-0.260844886303
219,4519,5,14,0.157926440239,0.0301540233195,0.121343672276,0.09986641258,-0.0214772596955
220,4527,7,23,0.118200458586,0.0701802074909,0.00753157306463,0.00384988263249,-0.00368169043213
221,489,4,16,0.102121926844,0.0264074578881,0.347435891628,0.370493769646,0.0230578780174
222,5621,15,50,0.0860300660133,0.0261784438044,0.0970612242818,0.0386193655431,-0.0584418587387
223,582,11,21,0.0698582902551,0.0141981700435,0.123336054385,0.0469941832125,-0.0763418674469
224,7997,2,10,0.0851023718715,0.0292915739119,0.0163499191403,0.0120035484433,-0.00434637069702
225,321,15,36,0.108916401863,0.0546698458493,0.188249230385,0.194497302175,0.00624807178974
226,443,5,15,0.0677390024066,0.0252014864236,0.155183494091,0.126491472125,-0.028692021966
228,740,8,22,0.139424607158,0.0300574135035,0.000324569846271,0.00140431767795,0.00107974780258
229,4497,6,22,0.122663266957,0.0385963879526,0.0945921614766,0.0634491965175,-0.0311429649591
230,569,3,13,0.112638182938,0.0367437489331,0.163815736771,0.0889713391662,-0.0748443976045
231,491,4,4,0.0913838967681,0.0406789593399,0.0510807037354,0.0170577503741,-0.0340229533613
232,939,7,23,0.184851050377,0.0332856550813,0.0323394574225,0.293281584978,0.260942131281
233,351,2,3,0.0790221989155,0.0281053483486,0.0609118938446,0.0984239801764,0.0375120863318
235,7307,2,8,0.108804665506,0.0694614499807,0.0110788140446,0.00925236940384,-0.00182644464076
236,2235,11,39,0.0945471450686,0.0256463885307,0.0557504557073,0.0529378019273,-0.00281265377998
237,4733,15,31,0.100490570068,0.00674762902781,0.0577968433499,0.0119491135702,-0.0458477288485
238,1240,20,52,0.160967156291,0.0242088455707,0.159969121218,0.0589266009629,-0.10104252398
239,7406,5,13,0.0851301029325,0.00177317368798,0.0305324606597,0.015447546728,-0.0150849139318
240,2630,7,14,0.0616480112076,0.0104180769995,0.00655725924298,0.0122704254463,0.00571316620335
241,2129,2,6,0.0984673425555,0.00955741200596,0.0291206073016,0.0367376916111,0.00761708430946
242,2355,5,13,0.167868241668,0.135835811496,0.016490643844,0.023179396987,0.00668875314295
243,6261,1,8,0.1317833215,0.0325510837138,0.0037575236056,0.0147594632581,0.0110019398853
244,5863,2,5,0.224735096097,0.0504615344107,0.0626905113459,0.0702073350549,0.00751682370901
245,195,4,17,0.168096974492,0.0157392602414,0.364475518465,0.0397184304893,-0.324757099152
246,2991,15,36,0.128957554698,0.0538864731789,0.0163563899696,0.0175462551415,0.00118986517191
247,2850,1,9,0.114104621112,0.00656305346638,0.280232042074,0.0606416575611,-0.219590380788
248,843,6,3,0.0491038151085,0.0094409622252,0.0426785834134,0.0490615814924,0.00638299807906
249,5660,2,6,0.0974556878209,0.0239260531962,0.0305800326169,0.0169167332351,-0.0136632993817
250,158,4,16,0.106648348272,0.0267999246716,0.01125770621,0.0189611185342,0.00770341232419
251,3008,1,7,0.0957093834877,0.0595456212759,0.319797813892,0.315292030573,-0.00450578331947
252,8281,2,2,0.252151757479,0.0473007112741,0.00123769207858,0.0033590469975,0.00212135491893
253,368,2,2,0.070966988802,0.017040617764,0.00637606857345,0.00793267786503,0.00155660929158
254,1914,11,29,0.0940838232636,0.00728929461911,0.00598553055897,0.0124246003106,0.00643906975165
255,6966,1,7,0.0585912577808,0.0100357597694,0.0101521071047,0.0104531161487,0.000301009044051
256,7042,27,83,0.0882539078593,0.0282301455736,0.04107927531,0.0271948128939,-0.0138844624162
257,9108,19,44,0.0898995026946,0.0319298915565,0.0164446178824,0.022211946547,0.00576732866466
258,3173,10,18,0.0945616960526,0.0151766594499,0.0116018019617,0.0159104540944,0.00430865213275
259,2164,7,23,0.146037459373,0.0224142409861,0.00490798149258,0.00716905808076,0.00226107658818
260,777,3,9,0.163187250495,0.0790501981974,0.0801005959511,0.227342665195,0.147242069244
261,9190,3,8,0.0917257294059,0.0133974952623,0.0443020313978,0.017246471718,-0.0270555596799
262,2749,2,10,0.149845406413,0.0626859739423,0.00942549668252,0.00556445261464,-0.00386104406789
263,1879,44,117,0.100568711758,0.0155466618016,0.0883345603943,0.157712414861,0.0693778544664
264,1357,37,130,0.107533670962,0.0269416123629,0.066949672997,0.0245150905102,-0.0424345806241
265,2650,15,69,0.0877126976848,0.0367868542671,0.0179165042937,0.0349036045372,0.0169871002436
266,3418,19,36,0.15218321979,0.0198318716139,0.0164079666138,0.0193156357855,0.00290766917169
267,6185,28,94,0.244506046176,0.0281109809875,0.0577919967473,0.00723101058975,-0.0505609847605
268,7767,4,18,0.0500211119652,0.0117465723306,0.0305739138275,0.0370754823089,0.00650156848133
269,3418,5,7,0.0871703699231,0.034171640873,0.0180025845766,0.0142406532541,-0.00376193132252
270,1934,5,6,0.0654915943742,0.0286266114563,0.0164625216275,0.0364931114018,0.0200305897743
271,2220,5,8,0.0886914208531,0.0176229439676,0.00594782223925,0.0108873620629,0.00493953982368
272,1955,17,36,0.110559158027,0.0494543164968,0.028396287933,0.0141930105165,-0.0142032774165
273,3733,6,8,0.145461574197,0.00417053699493,0.0219025872648,0.0376822091639,0.0157796218991
274,1674,5,15,0.122127331793,0.0316711179912,0.0283773206174,0.147634863853,0.119257539511
275,1874,6,14,0.0408168584108,0.00466494914144,0.00527554238215,0.00565380603075,0.000378263648599
276,6237,1,5,0.0880814865232,0.0186524577439,0.0357817411423,0.0883297845721,0.0525480434299
277,8532,42,115,0.127222627401,0.0262748375535,0.0827433541417,0.0907768979669,0.00803354382515
278,434,1,3,0.100092172623,0.0455244332552,0.0378849990666,0.0370951369405,-0.000789862126112
279,3264,37,98,0.0944020152092,0.0278362315148,0.0267147365957,0.0574844032526,0.0307696666569
280,3249,3,6,0.16947633028,0.0124744875357,0.0326320081949,0.0369970649481,0.00436505675316
281,5659,20,60,0.0722476318479,0.00484720570967,0.00622008414939,0.0189643967897,0.0127443131059
282,4358,2,26,0.13355101645,0.0463318154216,0.180944442749,0.0480541437864,-0.132890298963
283,1439,10,21,0.135950416327,0.0259617250413,0.377621740103,0.0623376369476,-0.315284103155
284,8538,2,5,0.0648724734783,0.0149466050789,0.012086593546,0.00732982018963,-0.00475677335635
285,3249,2,2,0.0588706769049,0.0182211790234,0.0122396051884,0.0188347920775,0.00659518688917
286,4139,1,7,0.0585161335766,0.00724365096539,0.0572711713612,0.0398720651865,-0.0173991061747
287,1878,14,32,0.0485942028463,0.0157977323979,0.0668577700853,0.0302606690675,-0.0365971028805
288,7410,2,10,0.0695041269064,0.0221692938358,0.0557625629008,0.0417424328625,-0.0140201300383
289,3016,3,15,0.222523868084,0.0429082363844,0.743834078312,0.154204070568,-0.589630007744
290,2772,5,24,0.174486204982,0.015625,0.0020774397999,0.00406811991706,0.00199068011716
291,4041,1,4,0.0851302668452,0.0151634598151,0.0123021285981,0.0139397010207,0.00163757242262
292,6213,2,16,0.118821233511,0.0125133609399,0.0457295067608,0.01455362048,-0.0311758853495
293,9043,24,69,0.0774167776108,0.0202380102128,0.00870750006288,0.00496918195859,-0.0037383181043
294,1050,1,5,0.126764953136,0.0580641515553,0.396749764681,0.129272714257,-0.267477035522
295,4041,1,6,0.0921446159482,0.0268497969955,0.00489817047492,0.0106829404831,0.00578477000818
296,528,5,15,0.0859091579914,0.00734237954021,0.129912376404,0.06521743536,-0.0646949410439
297,3753,4,19,0.0800617486238,0.0270232334733,0.0103770205751,0.0182982031256,0.00792118255049
298,8300,9,25,0.0866589918733,0.0432292036712,0.0608099028468,0.0574016273022,-0.00340827554464
299,2039,25,50,0.0963335037231,0.0227638427168,0.0173485185951,0.0201330985874,0.00278457999229
300,1895,10,30,0.150393471122,0.0106287952513,0.162657096982,0.13867944479,-0.0239776521921
301,8430,5,8,0.0853024944663,0.00414601247758,0.0990534573793,0.0259621348232,-0.0730913206935
302,4241,7,34,0.0991657972336,0.0576868504286,0.434612333775,0.337353080511,-0.0972592532635
303,1050,1,3,0.0849206075072,0.0317619740963,0.0780293866992,0.0263322535902,-0.0516971349716
304,4249,14,46,0.0770120993257,0.014365629293,0.0830435976386,0.0575486533344,-0.0254949443042
305,1521,10,34,0.118303991854,0.0481321439147,0.0354273095727,0.0309169664979,-0.0045103430748
306,8181,1,9,0.0767567977309,0.0155564239249,0.00716403266415,0.00656644022092,-0.000597592443228
307,1415,5,10,0.080850571394,0.0161856282502,0.0157847516239,0.045102160424,0.0293174088001
308,3805,2,5,0.0802343040705,0.0275989361107,0.0221932902932,0.0211670547724,-0.00102623552084
309,278,7,16,0.0480727888644,0.0199918374419,0.513342618942,0.536420822144,0.0230782032013
310,1427,6,28,0.108854562044,0.00766938971356,0.0368258357048,0.0183680281043,-0.0184578076005
311,6595,16,47,0.0709360614419,0.025574285537,0.0185855459422,0.0127071337774,-0.00587841216475
312,923,8,28,0.0637263059616,0.0144235193729,0.068444788456,0.0405604727566,-0.0278843156993
313,4323,11,31,0.0896762832999,0.016744447872,0.0413137115538,0.068841651082,0.0275279395282
314,1205,11,49,0.0506056584418,0.00536091858521,0.197179868817,0.132821917534,-0.0643579512835
315,468,6,16,0.0738653764129,0.0168882198632,0.025611769408,0.0473695099354,0.0217577405274
316,253,2,12,0.0768306478858,0.0019754092209,0.0929159671068,0.0339100658894,-0.0590059012175
318,134,9,23,0.123633183539,0.0310894604772,0.0520579889417,0.0185793731362,-0.0334786176682
319,264,17,42,0.0844152346253,0.00603365013376,0.0100024044514,0.0155011368915,0.00549873244017
320,441,2,5,0.0745633915067,0.0127648869529,0.0158596411347,0.0307435039431,0.0148838628083
323,3011,2,8,0.0869367942214,0.0268788412213,0.0238547865301,0.0421147756279,0.0182599890977
325,5713,4,3,0.0813489630818,0.0488827824593,0.0405632443726,0.0191997494549,-0.0213634949178
326,374,2,13,0.0447440482676,0.0198246035725,0.153262794018,0.10436797142,-0.0488948225975
327,1446,1,3,0.0772156640887,0.0131646478549,0.00276796799153,0.00323017407209,0.000462206080556
328,585,3,4,0.0580432713032,0.0276397708803,0.347212433815,0.208995655179,-0.138216778636
329,2040,18,61,0.14762468636,0.0143444957212,0.0128264548257,0.0147212455049,0.00189479067922
330,574,5,16,0.0944139659405,0.0268627852201,0.00826497096568,0.0088319554925,0.000566984526813
331,1451,3,11,0.0930934324861,0.0134950168431,0.0665637403727,0.0504207611084,-0.0161429792643
332,532,4,11,0.108291991055,0.0375648327172,0.155762389302,0.0820239260793,-0.073738463223
333,4001,22,76,0.14504276216,0.045295715332,0.245172515512,0.0944467410445,-0.150725781918
334,2944,6,21,0.0799752697349,0.0310489106923,0.0376006551087,0.0262818243355,-0.0113188307732
335,537,7,50,0.127705186605,0.00475917709991,0.0209336858243,0.0051078456454,-0.0158258397132
336,308,11,33,0.105117231607,0.0140007184818,0.0405844263732,0.0770697668195,0.0364853404462
337,73,6,14,0.0556147955358,0.00396525999531,0.00584775814787,0.00562117807567,-0.000226580072194
338,407,4,31,0.0727183893323,0.0213759783655,0.0877273380756,0.122127525508,0.0344001874328
339,327,11,36,0.0879358425736,0.0628239661455,0.190259471536,0.107075594366,-0.0831838771701
340,138,15,27,0.0669654086232,0.00270756450482,0.0114336982369,0.0441709570587,0.0327372588217
341,134,13,63,0.104712598026,0.0220844596624,0.48824518919,0.697460889816,0.209215700626
342,3990,3,23,0.104727268219,0.0307676363736,0.0106403296813,0.0248473733664,0.014207043685
343,2781,1,7,0.10176461935,0.0443652532995,0.00348203629255,0.00270699500106,-0.00077504129149
344,4005,11,21,0.0665445402265,0.012275731191,0.0356899090111,0.0304467063397,-0.00524320267141
345,4558,14,34,0.076658539474,0.0438864901662,0.033051200211,0.0266818124801,-0.00636938773096
346,435,9,41,0.0758687928319,0.0295143090189,0.0397413372993,0.098245896399,0.0585045590997
347,142,2,9,0.0725979432464,0.0203293915838,0.0468748360872,0.0296038687229,-0.0172709673643
348,1013,1,6,0.075860477984,0.0180719476193,0.0146183641627,0.0218749102205,0.00725654605776
349,204,3,8,0.135256275535,0.0340427942574,0.128957569599,0.179516419768,0.0505588501692
350,1555,7,30,0.0939123854041,0.0080348206684,0.0390796400607,0.018201360479,-0.0208782795817
351,1314,2,6,0.106179825962,0.0239684842527,0.0110102444887,0.0143639482558,0.00335370376706
352,3562,6,15,0.0780001878738,0.0221820082515,0.0317195430398,0.0255436357111,-0.00617590732872
353,608,4,11,0.0728592351079,0.0144415879622,0.063632555306,0.0530994534492,-0.0105331018567
354,3237,10,35,0.0687890127301,0.0129838753492,0.442138046026,0.564986407757,0.122848361731
355,5783,7,14,0.12602673471,0.0183293055743,0.203641444445,0.0214213132858,-0.182220131159
356,2929,1,12,0.128586813807,0.0354851596057,0.0449191965163,0.0248007867485,-0.0201184097677
357,680,6,26,0.0914753749967,0.018844647333,0.0096501102671,0.0195662602782,0.00991615001112
358,550,18,45,0.0598440170288,0.0183809828013,0.00653761951253,0.00937008112669,0.00283246161416
359,372,2,10,0.073336198926,0.030329413712,0.0528367683291,0.0449438579381,-0.00789291039109
360,939,2,26,0.12179338187,0.027975615114,0.0839062258601,0.337999731302,0.254093497992
361,2973,2,3,0.124798804522,0.0207399893552,0.0246971696615,0.0375970751047,0.0128999054432
362,2906,1,6,0.0902989283204,0.0220442134887,0.0275399815291,0.0242139976472,-0.00332598388195
364,2850,2,8,0.068132288754,0.0105563029647,0.0613562054932,0.0434763729572,-0.017879832536
366,2878,2,12,0.0682382211089,0.022548276931,0.00388085888699,0.00585175538436,0.00197089649737
367,3135,3,5,0.0631756708026,0.0122404024005,0.106676675379,0.0404433012009,-0.0662333741784
368,8711,5,20,0.0796462669969,0.0146260727197,0.0191920232028,0.0165294930339,-0.00266253016889
369,2582,4,11,0.0968841090798,0.0208213981241,0.357693254948,0.13926653564,-0.218426719308
371,2951,35,108,0.137376666069,0.0296935569495,0.0319690778852,0.0680584013462,0.0360893234611
372,264,34,103,0.0715637132525,0.00307046878152,0.0776869654655,0.0622303970158,-0.0154565684497
373,3037,3,6,0.115518964827,0.0084596471861,0.0322292335331,0.0203152820468,-0.0119139514863
374,4406,6,27,0.0897266939282,0.0251511130482,0.134373083711,0.0711982622743,-0.0631748214364
375,558,8,32,0.144681558013,0.0255597420037,0.29955214262,0.0577061884105,-0.241845950484
376,3994,11,33,0.0820923373103,0.0371491312981,0.013495801948,0.0142039963976,0.000708194449544
377,437,5,12,0.0814948305488,0.012144328095,0.134526386857,0.182733729482,0.0482073426247
378,2853,8,17,0.0875080004334,0.00747481314465,0.157604306936,0.132800802588,-0.0248035043478
379,548,3,15,0.0930351316929,0.0218990147114,0.120147183537,0.0443838723004,-0.0757633149624
380,360,2,5,0.0689492747188,0.0348291285336,0.0124084157869,0.0255994144827,0.0131909986958
381,7660,2,6,0.199462100863,0.0366118364036,0.53270304203,0.0829926803708,-0.44971036911
382,5225,44,121,0.105688281357,0.0592006258667,0.00850220583379,0.0017924226122,-0.00670978333801
383,2226,23,72,0.111898951232,0.0178469140083,0.0131088523194,0.056098241359,0.0429893881083
384,1723,3,10,0.136269673705,0.0257570166141,0.0420362390578,0.00434968434274,-0.0376865565777
385,4156,5,27,0.0848695039749,0.00407898006961,0.00775861181319,0.0150275183842,0.00726890657097
386,579,2,7,0.161743268371,0.0678948834538,0.00387385697104,0.00233804970048,-0.00153580727056
387,8128,17,45,0.14326171577,0.0718536525965,0.00186231802218,0.00186545623001,3.13820783049e-06
388,9014,6,14,0.107012934983,0.0275375451893,0.0112271094695,0.00488702906296,-0.00634008040652
389,2385,15,59,0.13370090723,0.0607997328043,0.0646190270782,0.0242084264755,-0.0404106006026
390,3429,8,30,0.0834897533059,0.025237031281,0.00160890701227,0.00227983202785,0.000670925015584
391,6378,2,9,0.0822993144393,0.00416187522933,0.00455113546923,0.00728834047914,0.00273720500991
393,5415,4,9,0.0989146605134,0.00566617026925,0.0732526853681,0.104392290115,0.0311396047473
394,7527,6,15,0.0724299326539,0.00446850713342,0.0458718240261,0.0764691531658,0.0305973291397
395,6313,17,50,0.0797624588013,0.0164224561304,0.00153659109492,0.000217835578951,-0.00131875555962
396,1812,6,21,0.0676681175828,0.012811658904,0.0254828687757,0.0435503274202,0.0180674586445
397,1793,10,44,0.0743825957179,0.00524463038892,0.148824870586,0.0536262206733,-0.0951986461878
398,2380,7,26,0.0853099897504,0.0165174677968,0.0401665382087,0.0683760866523,0.0282095484436
399,5445,2,5,0.0771366208792,0.0166864320636,0.00978010334074,0.00829271972179,-0.00148738361895
400,1779,1,5,0.15227919817,0.0184419620782,0.210105240345,0.0784173458815,-0.131687894464
401,2376,3,3,0.0536967404187,0.0147041929886,0.0195934679359,0.00637077726424,-0.0132226906717
402,7536,12,23,0.109025426209,0.0487082749605,0.0203298348933,0.0331960357726,0.0128662008792
403,875,4,12,0.107473410666,0.0303538702428,0.0714330673218,0.0452495515347,-0.0261835157871
404,2102,47,178,0.0728490278125,0.00359615706839,0.00333069241606,0.0116063402966,0.00827564764768
405,2380,2,7,0.0984612107277,0.00461280019954,0.107860848308,0.0218560546637,-0.086004793644
406,2775,16,68,0.113674528897,0.0304322242737,0.280568659306,0.144218757749,-0.136349901557
407,6105,7,31,0.0834884047508,0.032398853451,0.0392694287002,0.0215689931065,-0.0177004355937
408,5215,7,8,0.114625163376,0.017104877159,0.0175413582474,0.0156547576189,-0.0018866006285
409,1885,6,19,0.104913763702,0.00649278983474,0.00761002209038,0.00692399963737,-0.00068602245301
410,2330,11,32,0.0735551342368,0.0122115509585,0.0434747561812,0.0865821614861,0.0431074053049
411,3549,10,35,0.10234669596,0.0205076541752,0.601657807827,0.282771080732,-0.318886727095
412,4937,3,9,0.0860406532884,0.0195720121264,0.0116499848664,0.0120019791648,0.000351994298398
413,4649,1,7,0.0743479728699,0.00202660611831,0.00289612752385,0.00768641149625,0.00479028373957
414,1375,4,17,0.0868119224906,0.00857986416668,0.0300764292479,0.0170817095786,-0.0129947196692
415,9194,19,31,0.0871850177646,0.0203635152429,0.0293157380074,0.0191022846848,-0.0102134533226
416,7875,4,15,0.0843038856983,0.012560736388,0.0140954861417,0.0173087138683,0.00321322772652
417,3318,7,13,0.248435333371,0.0301757603884,0.00425285100937,0.0156860779971,0.0114332269877
418,7062,2,3,0.188697218895,0.0284633301198,0.0129434736446,0.00934398174286,-0.0035994919017
420,2376,2,5,0.0788240805268,0.0195718575269,0.014731887728,0.00480205239728,-0.00992983579636
421,4995,3,11,0.0857166275382,0.00491077033803,0.00932932924479,0.00567864812911,-0.00365068111569
422,7165,1,9,0.0747777894139,0.0276451278478,0.00822996161878,0.0153349339962,0.00710497237742
423,4262,1,7,0.198001220822,0.0654634982347,0.00687992107123,0.00549733033404,-0.00138259073719
424,8822,2,6,0.109973408282,0.0267778486013,0.00641817692667,0.0147535838187,0.008335406892
425,5029,2,13,0.0816628187895,0.0428806990385,0.08387991786,0.142309188843,0.0584292709827
427,5146,3,8,0.106108345091,0.0228860061616,0.00475886603817,0.012775182724,0.00801631622016
428,3452,5,7,0.124995052814,0.0473594479263,0.699317753315,0.345178812742,-0.354138940573
429,5024,3,5,0.105812340975,0.0201662778854,0.16018755734,0.122354663908,-0.0378328934312
430,8796,4,4,0.0774590745568,0.0207967720926,0.0440703891218,0.0415701568127,-0.0025002323091
431,857,22,56,0.0914240404963,0.0163890197873,0.0926328152418,0.0452348180115,-0.0473979972303
432,3069,16,48,0.0988629087806,0.0328320786357,0.259451776743,0.117203116417,-0.142248660326
433,1205,19,36,0.0627074241638,0.0234570726752,0.0839780047536,0.0734304711223,-0.0105475336313
434,4456,1,10,0.0579495318234,0.00690085394308,0.0201448276639,0.0277965050191,0.00765167735517
435,5170,12,26,0.0750022903085,0.0206572003663,0.0104803396389,0.0239728298038,0.0134924901649
436,3217,3,11,0.0566257052124,0.00825434178114,0.03701582551,0.0117056407034,-0.0253101848066
437,569,2,12,0.0927589461207,0.0295793898404,0.302465498447,0.129775539041,-0.172689959407
438,268,2,6,0.0886074081063,0.0301894601434,0.281380236149,0.256455391645,-0.0249248445034
439,4411,7,26,0.099028326571,0.0132610024884,0.0808495059609,0.0389330536127,-0.0419164523482
440,226,1,5,0.11751203984,0.0267622452229,0.0378671735525,0.0233943760395,-0.014472797513
441,331,2,11,0.0886273607612,0.0360192097723,0.241864845157,0.318022161722,0.0761573165655
442,2755,2,8,0.117854036391,0.0270881280303,0.0620711743832,0.0337660051882,-0.0283051691949
443,5085,2,7,0.0869460403919,0.0168937183917,0.0580883547664,0.0228286441416,-0.0352597087622
444,4542,40,94,0.25437811017,0.103607028723,0.00695968978107,0.00731444871053,0.000354758929461
445,1492,12,22,0.131427779794,0.0569698885083,0.150611042976,0.0889770612121,-0.0616339817643
446,3367,5,11,0.117015682161,0.0227383412421,0.025171123445,0.10020262748,0.075031504035
447,8525,13,29,0.0734284892678,0.00668631028384,0.00424095010385,0.0119303511456,0.00768940104172
448,242,4,5,0.0962164625525,0.0284022092819,0.168408468366,0.0555845908821,-0.112823873758
449,434,12,35,0.128316223621,0.00867848284543,0.092297308147,0.0890229046345,-0.00327440351248
450,7681,12,36,0.161514207721,0.0565256737173,0.0218381229788,0.0166617576033,-0.00517636537552
451,7838,11,26,0.116011939943,0.0674854516983,0.116804353893,0.0561578460038,-0.060646507889
452,209,2,8,0.0765181705356,0.0118139497936,0.0331172011793,0.0289342980832,-0.00418290309608
453,254,2,2,0.0710474550724,0.0159869454801,0.0145645337179,0.0479966402054,0.0334321074188
454,3026,8,19,0.0966997072101,0.0087225837633,0.00538921542466,0.0125068733469,0.00711765792221
455,5186,1,4,0.13654333353,0.0352015458047,0.111686393619,0.0313914604485,-0.0802949368954
456,5172,4,18,0.134599015117,0.0307287015021,0.0658090263605,0.0266341790557,-0.0391748473048
457,2794,5,9,0.0867209434509,0.026615947485,0.0103141097352,0.0162447746843,0.00593066494912
458,4158,1,3,0.133339643478,0.0209842920303,0.00317705352791,0.00693825120106,0.00376119767316
459,1454,4,11,0.0854754820466,0.00259749242105,0.0079104853794,0.0115612400696,0.00365075469017
460,1371,3,6,0.23603309691,0.0406231023371,0.0305102989078,0.105056405067,0.0745461061597
461,134,2,7,0.129648908973,0.0173412896693,0.0103059252724,0.0130731612444,0.00276723597199
462,1862,3,7,0.0897931829095,0.0185865573585,0.164929836988,0.112067550421,-0.0528622865677
463,748,19,46,0.0815704539418,0.0280150119215,0.112893521786,0.186346396804,0.0734528750181
464,1698,2,6,0.225432321429,0.0774399787188,0.840653657913,0.266818374395,-0.573835253716
465,2001,26,80,0.139838337898,0.0331359617412,0.00631632050499,0.00765123963356,0.00133491912857
466,9026,4,5,0.109809063375,0.0301968455315,0.0889127925038,0.0337388403714,-0.0551739521325
467,1708,3,4,0.0715297535062,0.00825298763812,0.00667274883017,0.011940035969,0.00526728713885
469,5277,2,5,0.194226756692,0.0425167158246,0.301781445742,0.064759619534,-0.237021833658
471,7596,2,6,0.0504694841802,0.00297425081953,0.026052955538,0.00606667855754,-0.0199862774462
472,5443,2,4,0.141758695245,0.0160882342607,0.197362497449,0.0466882735491,-0.1506742239
473,308,1,4,0.0534574128687,0.0247709229589,0.00779121275991,0.015168662183,0.00737744942307
474,7862,5,16,0.0551216453314,0.00596366915852,0.0218807011843,0.0212878733873,-0.000592827796936
475,3871,1,9,0.101383782923,0.0273664239794,0.0169272627681,0.0164590682834,-0.000468194484711
476,1166,5,27,0.114836491644,0.00942163169384,0.0016012666747,0.00441547529772,0.00281420862302
477,7511,9,21,0.0758666321635,0.00850652530789,0.00251077115536,0.00387230142951,0.00136153027415
478,772,19,60,0.157406687737,0.0569141469896,0.171270340681,0.0746558457613,-0.0966144949198
479,3149,16,52,0.0707100555301,0.0291021876037,0.26436200738,0.169263824821,-0.095098182559
480,7026,19,92,0.0837764814496,0.0168148260564,0.0213961936533,0.0116629116237,-0.00973328202963
481,7915,54,148,0.132590487599,0.0159883573651,0.0595995187759,0.00368385971524,-0.0559156574309
482,8170,26,77,0.155988529325,0.0216065309942,0.0040578879416,0.00505908718333,0.00100119924173
483,2152,4,14,0.0865727066994,0.0108081996441,0.82526499033,0.512304246426,-0.312960743904
484,2654,3,19,0.272853881121,0.0108089111745,0.398487389088,0.0277489777654,-0.37073841691
485,6176,6,15,0.144476726651,0.0524783283472,0.00196782127023,0.00890160631388,0.00693378504366
486,2379,3,5,0.0830231681466,0.0149486614391,0.0363429673016,0.0325671285391,-0.00377583876252
487,1598,2,5,0.0653871521354,0.0157062541693,0.00147730275057,0.00322720617987,0.0017499034293
489,814,3,9,0.087533839047,0.0129154454917,0.0164138693362,0.00752634415403,-0.00888752564788
490,313,8,20,0.0922689661384,0.032728433609,0.0597696304321,0.0960003957152,0.0362307652831
491,4335,1,9,0.104164995253,0.0528721399605,0.00715545052662,0.0032166603487,-0.00393879041076
492,2756,6,6,0.154667392373,0.0238659176975,0.00753616774455,0.079112559557,0.0715763941407
493,4932,1,11,0.128729566932,0.042891278863,0.28421458602,0.0472096018493,-0.237004980445
494,5482,6,9,0.0818429216743,0.0126673867926,0.126456782222,0.0581786073744,-0.0682781785727
495,1907,1,6,0.091916538775,0.0334962233901,0.136061549187,0.0756286606193,-0.0604328885674
496,1798,3,9,0.0550185628235,0.00750896800309,0.0258885584772,0.0423930175602,0.0165044590831
497,1352,4,4,0.240856513381,0.0333493873477,0.652569234371,0.0960041210055,-0.556565105915
498,748,2,7,0.0631780922413,0.00390088185668,0.0159193929285,0.044240668416,0.0283212754875
499,8116,13,32,0.0724172964692,0.0114831887186,0.153219461441,0.0565404780209,-0.0966789871454
500,1369,3,9,0.0997194424272,0.0212745610625,0.133999139071,0.0240447539836,-0.10995438695
501,5,2,7,0.0669754743576,0.0120068155229,0.0223916061223,0.0191234853119,-0.00326812081039
502,1352,2,9,0.208272889256,0.052827399224,0.240920007229,0.192736387253,-0.048183619976
503,4079,4,17,0.131441116333,0.0290334634483,0.00530026154593,0.00401649205014,-0.00128376949579
504,4257,9,11,0.109211944044,0.0416025333107,0.0117363110185,0.0059470795095,-0.00578923150897
505,4221,4,3,0.0818888768554,0.0346074588597,0.0318084992468,0.0298403855413,-0.00196811370552
506,5536,5,9,0.123368345201,0.0235684048384,0.0328361578286,0.0283938199282,-0.0044423379004
507,4348,14,32,0.0979587733746,0.0215231589973,0.300407648087,0.106296747923,-0.194110900164
509,4232,1,4,0.108021974564,0.0219577737153,0.471628963947,0.170221924782,-0.301407039165
510,2048,3,11,0.108253888786,0.0306603871286,0.109475687146,0.0548424907029,-0.0546331964433
511,1628,3,18,0.176380753517,0.0576237328351,0.00594302592799,0.00091589713702,-0.00502712884918
512,319,8,19,0.0919976234436,0.0223125033081,0.473214805126,0.327455282211,-0.145759522915
513,4443,18,50,0.139867410064,0.0371648222208,0.0706221163273,0.0824735760689,0.0118514597416
514,131,10,35,0.086857534945,0.0108117749915,0.178871035576,0.0821133181453,-0.0967577174306
515,1133,24,62,0.0708933547139,0.015522306785,0.0785124525428,0.115375243127,0.0368627905846
517,6652,14,28,0.0523127615452,0.010563579388,0.00891569722444,0.0161100123078,0.00719431508332
518,761,14,39,0.09076410532,0.0118593685329,0.0803405940533,0.0965345874429,0.0161939933896
519,5591,14,32,0.147529765964,0.104822583497,0.0237609725446,0.0191928502172,-0.00456812232733
520,131,2,7,0.0541003756225,0.010383233428,0.00560014182702,0.00359716080129,-0.00200298102573
521,919,1,6,0.0734843835235,0.00598619226366,0.157005026937,0.135760381818,-0.0212446451187
522,377,5,9,0.143145561218,0.0163207128644,0.0269865207374,0.0309051200747,0.00391859933734
524,1128,33,87,0.109603218734,0.00298089743592,0.00436629960313,0.00436470611021,-1.59349292517e-06
525,917,10,13,0.0933554843068,0.00616213306785,0.0169134810567,0.0199676305056,0.00305414944887
526,131,3,16,0.0488616712391,0.0164411738515,0.886685490608,0.666443109512,-0.220242381096
527,4220,11,53,0.0916355475783,0.0282255094498,0.0468805320561,0.0311755146831,-0.015705017373
528,3117,3,19,0.101076819003,0.0194306410849,0.0308401565999,0.0138885527849,-0.016951603815
529,9163,23,52,0.13089312613,0.0396381393075,0.078402787447,0.0209339950234,-0.0574687942863
530,1683,7,12,0.0922403261065,0.00621682871133,0.00224903714843,0.00469088740647,0.00244185025804
531,2969,21,73,0.0737681612372,0.0208741128445,0.00915518775582,0.0196189116687,0.0104637239128
532,209,14,35,0.0696461126208,0.0158160999417,0.301904022694,0.306141704321,0.00423768162727
533,3188,12,38,0.100909590721,0.0180555507541,0.0111874192953,0.0102614434436,-0.000925975851715
534,6489,3,15,0.129456922412,0.0332037135959,0.0497817508876,0.044857531786,-0.00492421910167
535,301,7,14,0.0937853455544,0.0127792153507,0.136551901698,0.0433808602393,-0.0931710451841
536,1001,1,9,0.221429109573,0.0362701900303,0.0168227516115,0.0151425823569,-0.00168016925454
537,3391,14,38,0.0719319805503,0.0241307802498,0.165338888764,0.0449536442757,-0.120385244489
538,344,14,30,0.141405358911,0.0909970551729,0.399458140135,0.169044971466,-0.230413168669
539,305,19,55,0.0703974440694,0.0312353633344,0.564696967602,0.388453632593,-0.176243335009
540,450,18,36,0.0696087479591,0.0123716695234,0.172839283943,0.135804742575,-0.0370345413685
541,1005,6,19,0.0844467803836,0.014254976064,0.0271187145263,0.0643125250936,0.0371938124299
542,263,10,12,0.0858202800155,0.0165803991258,0.047715369612,0.0904718264937,0.0427564568818
543,342,4,14,0.0771810114384,0.0327725186944,0.094810180366,0.148288235068,0.0534780547023
544,596,4,10,0.193155184388,0.0414094179869,0.0379012934864,0.0684728696942,0.0305715762079
545,321,2,15,0.0930707976222,0.0230091810226,0.089631550014,0.0515016876161,-0.0381298623979
546,1320,20,75,0.0920334979892,0.00768067501485,0.0614338256419,0.0198978539556,-0.0415359735489
547,1417,4,11,0.0773289129138,0.0225614905357,0.00472828233615,0.0140200881287,0.00929180532694
548,5068,8,15,0.105947524309,0.0218136440963,0.00255687371828,0.00210277619772,-0.00045409752056
550,1084,22,59,0.0633093044162,0.00974758435041,0.0368293747306,0.0185322482139,-0.0182971265167
551,1085,4,18,0.110052794218,0.050284512341,0.200960636139,0.0587159879506,-0.142244651914
552,1035,6,22,0.0846967324615,0.0160193163902,0.121107943356,0.0235795434564,-0.097528398037
553,4669,3,19,0.0607156269252,0.00780647760257,0.0418609343469,0.021844284609,-0.020016649738
554,1077,5,32,0.0967751815915,0.0190110560507,0.0493597127497,0.0688709616661,0.0195112489164
555,363,6,16,0.0914240777493,0.00723131373525,0.0239871311933,0.0235326569527,-0.000454474240541
556,391,2,8,0.105969004333,0.0442041940987,0.015412398614,0.0368601381779,0.0214477404952
557,559,10,31,0.0879955291748,0.0289747342467,0.153060749173,0.0906997323036,-0.0623610168695
558,230,9,39,0.122545838356,0.034271646291,0.488863885403,0.1678275913,-0.321036279202
559,597,8,25,0.0638635978103,0.0452188029885,0.532254517078,0.410479307175,-0.121775209904
560,4532,18,41,0.126445814967,0.0281402859837,0.035128775984,0.0132797555998,-0.0218490213156
561,5600,6,21,0.108650863171,0.0310887694359,0.0191150382161,0.0331387706101,0.014023732394
562,961,5,11,0.182800486684,0.0486057922244,0.123902663589,0.0559229366481,-0.0679797232151
563,2870,6,3,0.0883611738682,0.0182245392352,0.176813066006,0.0739739611745,-0.102839104831
564,3217,3,6,0.107424646616,0.0385072119534,0.0190856084228,0.0159189086407,-0.00316669978201
565,322,3,6,0.133137255907,0.0621725991368,0.00785528682172,0.0224743615836,0.0146190747619
566,939,5,11,0.0600215233862,0.0102553935722,0.0890033766627,0.132300660014,0.0432972833514
567,585,1,6,0.105238460004,0.034619230777,0.160642310977,0.0852234587073,-0.0754188522696
569,471,9,21,0.13524569571,0.0411477908492,0.0660932436585,0.0314490571618,-0.0346441864967
570,3407,3,7,0.111921049654,0.0298834890127,0.0206716805696,0.011828799732,-0.00884288083762
571,2967,3,5,0.112059652805,0.0586402788758,0.00402162456885,0.00626155734062,0.00223993277177
572,138,9,23,0.0518879443407,0.00905660260469,0.0476127415895,0.0462687052786,-0.00134403631091
573,340,10,23,0.0869979783893,0.0174128655344,0.196609154344,0.0896849855781,-0.106924168766
574,1422,3,5,0.330701202154,0.102758951485,0.00285302870907,0.0116938138381,0.00884078536183
575,598,7,13,0.0428262464702,0.0127187613398,0.544109582901,0.477080494165,-0.0670290887356
576,2866,4,19,0.243398711085,0.101520203054,0.306729823351,0.0906172916293,-0.216112524271
577,844,26,82,0.0520388036966,0.0260109044611,0.0945229455829,0.160934105515,0.0664111599326
578,413,7,17,0.119649589062,0.0669082850218,0.00552224786952,0.00824746768922,0.00272521981969
579,59,3,9,0.0730045288801,0.0197121817619,0.0180968344212,0.0191405955702,0.00104376114905
580,1195,10,29,0.103460602462,0.00186107191257,0.142898857594,0.0240883957595,-0.118810459971
581,5591,2,11,0.162518396974,0.066651687026,0.0168326497078,0.0423139929771,0.0254813432693
582,419,1,7,0.103005431592,0.0215448699892,0.0673138648272,0.0293332319707,-0.0379806309938
583,419,1,5,0.0682928338647,0.0186849329621,0.0634828731418,0.0588948465884,-0.00458802655339
584,585,19,36,0.15194876492,0.133691936731,0.687263071537,0.311756283045,-0.375506788492
585,952,3,14,0.205161631107,0.0765087753534,0.0087733771652,0.0203429367393,0.0115695595741
586,5583,8,14,0.122966170311,0.0661290809512,0.0910205990076,0.070371389389,-0.0206492096186
587,1078,3,14,0.0752278864384,0.00524684926495,0.112844549119,0.0491330288351,-0.0637115240097
588,946,1,6,0.0657214745879,0.0179739333689,0.0141540654004,0.013922165148,-0.000231900252402
590,844,2,11,0.117039404809,0.0346594527364,0.555431365967,0.19589625299,-0.359535098076
591,3509,3,11,0.133579015732,0.0237478539348,0.502674400806,0.141219899058,-0.361454486847
592,326,4,21,0.073062479496,0.0301554985344,0.374488860369,0.16335003078,-0.211138829589
593,522,14,31,0.155280888081,0.0200365502387,0.305293679237,0.0927314534783,-0.21256223321
594,4520,6,16,0.0839610397816,0.0404484085739,0.0211502201855,0.0285942498595,0.00744402967393
596,1323,5,16,0.0665794685483,0.0119940685108,0.0238939020783,0.0430774055421,0.0191835034639
597,5787,7,13,0.0663759410381,0.00881094299257,0.0492747314274,0.0283518880606,-0.0209228433669
598,9045,6,8,0.0768423974514,0.0104267895222,0.00190282205585,0.0119600882754,0.0100572658703
599,597,3,14,0.154373556376,0.101687274873,0.712987661362,0.268395990133,-0.444591671228
600,2997,5,3,0.14156268537,0.0427594929934,0.386826545,0.0810164213181,-0.305810123682
602,494,3,5,0.053957760334,0.0234669912606,0.0172668565065,0.0146145867184,-0.00265226978809
603,597,1,13,0.0721950903535,0.0193307362497,0.0512677207589,0.0479154027998,-0.00335231795907
604,3381,4,10,0.106999993324,0.0447708368301,0.189745992422,0.108314067125,-0.0814319252968
605,249,5,13,0.139227151871,0.00901627913117,0.541037499905,0.200464606285,-0.34057289362
606,588,2,11,0.081427693367,0.0184636134654,0.197403341532,0.166565477848,-0.0308378636837
607,1001,7,10,0.0476057417691,0.0103907538578,0.143826380372,0.075219348073,-0.068607032299
608,5140,3,4,0.115367926657,0.0472402721643,0.00518439337611,0.0142533732578,0.0090689798817
609,6510,2,6,0.194897994399,0.0461755469441,0.194915115833,0.16445748508,-0.0304576307535
610,2911,2,4,0.17406873405,0.0185561440885,0.557895958424,0.104118645191,-0.453777313232
612,597,5,7,0.220698550344,0.0494632609189,0.714226901531,0.195527374744,-0.518699526787
613,599,6,7,0.0774307474494,0.0329144075513,0.248073160648,0.0870265364647,-0.161046624184
614,1087,6,10,0.0591658018529,0.0132676195353,0.0493073575199,0.0421080850065,-0.00719927251339
615,597,2,5,0.104550562799,0.0455642156303,0.272191286087,0.222758129239,-0.049433156848
616,1628,4,13,0.073066085577,0.025324203074,0.243873402476,0.113031841815,-0.130841553211
617,8507,6,12,0.213131979108,0.0914936959743,0.038719881326,0.105876773596,0.0671568959951
618,5260,4,4,0.121006079018,0.0164657533169,0.0104156602174,0.0102105801925,-0.000205080024898
619,6528,7,15,0.0708374083042,0.0106301968917,0.0109858149663,0.0233931448311,0.0124073298648
620,3696,7,23,0.165803596377,0.0588792227209,0.000663836486638,0.000825888942927,0.00016205245629
621,2637,48,134,0.195010021329,0.0664894506335,0.03246640414,0.0243265237659,-0.00813988037407
622,5546,7,16,0.228282287717,0.0270169340074,0.870298326015,0.262552410364,-0.607745885849
623,3439,2,9,0.0947539806366,0.0290885362774,0.00503238895908,0.00544806569815,0.000415676739067
624,3979,7,39,0.137231245637,0.0339617989957,0.023636456579,0.010286484845,-0.013349971734
625,5544,9,24,0.133665725589,0.0212341826409,0.054407261312,0.0664451122284,0.0120378509164
626,5470,5,23,0.0769266486168,0.0324316360056,0.103487178683,0.0912568494678,-0.0122303292155
627,2753,33,98,0.0493505485356,0.016692019999,0.00625164015219,0.00492968922481,-0.00132195092738
628,973,8,15,0.0442439503968,0.0103386826813,0.0202044211328,0.017092121765,-0.00311229936779
629,5212,4,6,0.0784594118595,0.00343908881769,0.00688642729074,0.0124136516824,0.0055272243917
630,1341,19,45,0.181596934795,0.0199598949403,0.00371727370657,0.00506769074127,0.0013504170347
631,1644,12,42,0.12077204138,0.0190681871027,0.12251983583,0.037298373878,-0.0852214619517
632,4072,1,5,0.0689891800284,0.0106803895906,0.00713854888454,0.0193817522377,0.0122432038188
633,2222,6,16,0.100476302207,0.0160244014114,0.00777404755354,0.0483541935682,0.0405801460147
634,4217,4,17,0.126228585839,0.0248560383916,0.00124239886645,0.00253387284465,0.0012914739782
635,1786,1,7,0.0862805768847,0.0114508448169,0.109334804118,0.0483780391514,-0.0609567649662
636,6186,2,13,0.15181979537,0.0480588003993,0.00258704344742,0.00241565378383,-0.000171389663592
637,4250,2,7,0.101789116859,0.0374892018735,0.00954595766962,0.027967736125,0.0184217784554
638,6603,12,28,0.0962215289474,0.00709676416591,0.00124363065697,0.0068783625029,0.0056347316131
639,5947,2,7,0.0815195068717,0.00997416023165,0.0859569609165,0.0453314781189,-0.0406254827976
640,5920,2,13,0.0627607852221,0.00935447122902,0.0112775303423,0.00884418096393,-0.00243334937841
643,967,1,9,0.0597899071872,0.0182062555104,0.0365499816835,0.0404486320913,0.00389865040779
644,2498,1,7,0.100671648979,0.0410547740757,0.0543463155627,0.0389502383769,-0.0153960771859
645,2622,4,4,0.0885848104954,0.00431691622362,0.0254355967045,0.0189557690173,-0.00647982768714
646,5261,2,8,0.0549115277827,0.00697480235249,0.0170688070357,0.0104441558942,-0.00662465114146
647,5070,6,8,0.096530996263,0.0165111664683,0.00930429436266,0.0107776885852,0.00147339422256
648,1393,8,19,0.153601229191,0.00262344698422,0.0154375620186,0.0457259006798,0.0302883386612
649,7319,12,25,0.0648487582803,0.011806753464,0.0290474165231,0.0225084181875,-0.0065389983356
650,6938,4,6,0.0598252154887,0.0098160514608,0.0338566862047,0.0665598809719,0.0327031947672
651,3400,5,5,0.112896800041,0.0432337261736,0.0123842582107,0.0130975497887,0.000713291577995
652,4493,7,21,0.10727480799,0.0597156882286,0.434224009514,0.276508837938,-0.157715171576
653,2212,4,2,0.0711238533258,0.0103014120832,0.10006236285,0.115938581526,0.0158762186766
654,327,11,37,0.1795874089,0.0149633260444,0.0137995788828,0.0141943870112,0.000394808128476
655,4248,4,11,0.0972252264619,0.0272310022265,0.362667441368,0.113396860659,-0.24927058816
656,3645,1,6,0.105109222233,0.0426722504199,0.0162142440677,0.0153693938628,-0.000844850204885
657,4428,2,10,0.302788823843,0.0697184503078,0.91704505682,0.223628520966,-0.693416535854
658,6545,31,66,0.103952489793,0.0391596071422,0.0365648567677,0.0328752584755,-0.00368959829211
659,4335,1,5,0.0639884918928,0.0345951355994,0.00887581054121,0.00304865837097,-0.00582715217024
660,777,1,13,0.180945381522,0.123828560114,0.96760725975,0.511412382126,-0.456194877625
661,689,2,3,0.0984281897545,0.0322622023523,0.0462855473161,0.040218628943,-0.00606691837311
662,628,8,27,0.0264844894409,0.00378594035283,0.388526409864,0.371542930603,-0.0169834792614
663,4428,1,3,0.100309886038,0.0332858227193,0.390013366938,0.18122382462,-0.208789542317
664,5953,2,9,0.099467150867,0.0535846762359,0.364321619272,0.28309032321,-0.0812312960625
665,675,7,6,0.148184612393,0.0132149923593,0.0386738926172,0.0673845484853,0.0287106558681
666,312,4,5,0.0709171071649,0.00545373093337,0.0795482546091,0.114637292922,0.0350890383124
667,685,9,22,0.059460464865,0.00481223128736,0.189808279276,0.0919327139854,-0.0978755652905
668,729,12,22,0.11798568815,0.0197607390583,0.744002640247,0.280389070511,-0.463613569736
669,735,3,9,0.33913192153,0.0968054533005,0.884485960007,0.132977202535,-0.751508772373
670,657,4,11,0.0473369695246,0.0364703387022,0.727084159851,0.630449473858,-0.0966346859932
671,621,2,15,0.0840754136443,0.0217450652272,0.176893949509,0.145380586386,-0.0315133631229
672,724,3,4,0.0857103839517,0.0418926924467,0.127644002438,0.0401051901281,-0.0875388085842
673,688,2,4,0.134520933032,0.0855081751943,0.0169886685908,0.0482530407608,0.03126437217
674,5961,1,4,0.197613298893,0.0514747127891,0.480365753174,0.0683373436332,-0.41202840209
675,745,2,5,0.0772667229176,0.0685469731688,0.106501564384,0.178470298648,0.0719687342644
676,3443,44,126,0.144884452224,0.0361852757633,0.0671722963452,0.0132021075115,-0.0539701879025
677,2555,24,95,0.0909633263946,0.0172849427909,0.0530509501696,0.0350217781961,-0.0180291719735
678,4020,19,64,0.0679877102375,0.0193053893745,0.0525522716343,0.0416138954461,-0.0109383761883
679,1123,9,19,0.125257313251,0.0680344179273,0.0320270992815,0.0214892234653,-0.0105378758162
680,4760,22,83,0.148364424706,0.00526018952951,0.00838052667677,0.0254457723349,0.0170652456582
681,6260,4,21,0.0819414779544,0.0319910682738,0.115709081292,0.237907245755,0.122198164463
682,3837,25,45,0.119446702302,0.0215689986944,0.0703967437148,0.067348472774,-0.00304827094078
683,6793,12,24,0.130905687809,0.0261335968971,0.0543331950903,0.0137135982513,-0.040619596839
684,1658,1,10,0.0416627675295,0.0059674740769,0.0198441185057,0.0369884669781,0.0171443484724
685,1625,15,47,0.126538768411,0.0190929826349,0.0759524255991,0.0307145938277,-0.0452378317714
686,3141,12,33,0.122051984072,0.0221979469061,0.144919633865,0.083030410111,-0.0618892237544
687,2241,9,29,0.083045579493,0.0185799170285,0.0413317382336,0.0141409514472,-0.0271907858551
688,3811,9,42,0.0926475152373,0.0175925828516,0.0460206083953,0.0205131340772,-0.0255074743181
689,3700,1,5,0.0682358816266,0.0126028545201,0.0065887006931,0.0145663814619,0.00797768123448
690,5357,3,7,0.0996547266841,0.0226373802871,0.0631446763873,0.0253608319908,-0.0377838462591
691,7990,2,17,0.0986823216081,0.030701700598,0.00153057463467,0.00283442181535,0.00130384718068
692,1658,7,3,0.0732340440154,0.0189291536808,0.00490085454658,0.0140471309423,0.00914627686143
693,1926,10,20,0.0757689848542,0.032959703356,0.0463088564575,0.0192699898034,-0.027038866654
694,6003,22,47,0.194847986102,0.039966005832,0.363748967648,0.0186175648123,-0.345131397247
695,1747,4,8,0.103678502142,0.0234745647758,0.0590964630246,0.0180380493402,-0.0410584136844
697,2419,5,10,0.0970034599304,0.0125893428922,0.003067887621,0.00280729145743,-0.000260596163571
698,8822,34,109,0.11411922425,0.0455124340951,0.00492899818346,0.00370658212341,-0.00122241606005
699,783,1,5,0.0936726108193,0.0119102252647,0.0683843195438,0.0913475528359,0.0229632332921
700,3815,9,38,0.0776100829244,0.00391738023609,0.00552859622985,0.0114563107491,0.0059277145192
701,131,5,20,0.0666791498661,0.0194050893188,0.000802358379588,0.0109677128494,0.010165354237
702,6168,3,12,0.138073310256,0.0617499947548,0.182971730828,0.0516427755356,-0.131328955293
703,8286,3,7,0.0664519742131,0.0192741397768,0.00721735088155,0.00812218803912,0.000904837157577
704,4264,22,50,0.0948421731591,0.0110267745331,0.271244943142,0.394153147936,0.122908204794
705,7324,3,8,0.0923518911004,0.0301028657705,0.00795429944992,0.0244817826897,0.0165274832398
706,1086,7,24,0.0488859824836,0.0182468891144,0.0554055273533,0.047061830759,-0.00834369659424
707,1100,14,34,0.0557345338166,0.00339795113541,0.341105818748,0.311887234449,-0.0292185842991
708,7390,13,16,0.0953527912498,0.0193887762725,0.0557934641838,0.0511628091335,-0.00463065505028
709,9204,11,27,0.194362744689,0.0648088753223,0.00102739641443,0.00395841477439,0.00293101835996
710,1370,1,5,0.0722554251552,0.015164473094,0.0380191244185,0.0502581298351,0.0122390054166
711,5525,5,5,0.169620037079,0.123928830028,0.0610865950584,0.0175996758044,-0.0434869192541
712,4977,1,3,0.0719386041164,0.00804605614394,0.0591916181147,0.0525167472661,-0.00667487084866
713,1208,3,15,0.0787041708827,0.0345404669642,0.00709005771205,0.0175279770046,0.0104379188269
714,5028,5,15,0.0729320570827,0.00681379716843,0.0917108133435,0.124918401241,0.0332075878978
715,5888,3,13,0.151845544577,0.0498531125486,0.119327291846,0.0314548760653,-0.087872415781
716,6263,2,8,0.0671382620931,0.0324791148305,0.184725373983,0.101696111262,-0.0830292627215
717,4051,5,7,0.132541716099,0.026669325307,0.0127760022879,0.0158132333308,0.00303723104298
718,7692,1,11,0.0973384454846,0.0421052463353,0.0350903496146,0.0346383005381,-0.000452049076557
719,8083,9,21,0.108990527689,0.0452666319907,0.0200644452125,0.0534300468862,0.0333655998111
720,1399,1,7,0.0352547168732,0.00769785093144,0.300700634718,0.21426422894,-0.0864364057779
721,693,1,4,0.101510934532,0.0211743619293,0.0441466718912,0.0515441484749,0.00739747658372
722,5466,6,8,0.0909125208855,0.0239043831825,0.41552656889,0.205014109612,-0.210512459278
723,1399,1,7,0.0969287157059,0.0294410809875,0.0142892627046,0.0220195222646,0.00773025956005
724,1489,3,13,0.0913688614964,0.0420927032828,0.000971676199697,0.00692723505199,0.00595555873588
725,7670,2,19,0.185027301311,0.148087441921,0.0354536063969,0.0214396342635,-0.0140139721334
727,7365,2,8,0.098699092865,0.0134784439579,0.00341358711012,0.00684296665713,0.00342937954701
728,6263,1,4,0.113438554108,0.0266504082829,0.00635854108259,0.00994011759758,0.00358157651499
729,6265,2,7,0.086639277637,0.0172803886235,0.114710219204,0.0458393394947,-0.0688708797097
730,5937,5,14,0.107938952744,0.0266570299864,0.158508226275,0.0847401842475,-0.073768042028
731,5937,2,10,0.1023164168,0.0371976345778,0.0871016085148,0.0242499057204,-0.0628517046571
732,1555,1,5,0.194384992123,0.0780034288764,0.864175975323,0.329678505659,-0.534497499466
733,6034,3,4,0.0775490775704,0.0252424459904,0.0229662060738,0.0105402106419,-0.0124259954318
734,5221,56,190,0.110666513443,0.00510081928223,0.0784172713757,0.202177643776,0.1237603724
735,6428,2,11,0.0813083425164,0.0106709674001,0.00873694196343,0.00528926355764,-0.00344767840579
736,5156,3,21,0.0580108053982,0.0213469583541,0.00914907734841,0.00901511032134,-0.000133967027068
737,3413,26,76,0.11115026474,0.0211309492588,0.019698170945,0.0103090060875,-0.00938916485757
738,4978,2,13,0.101213879883,0.055562864989,0.108748741448,0.106531091034,-0.00221765041351
739,1937,12,23,0.121222890913,0.00681786192581,0.142619326711,0.0770787894726,-0.0655405372381
740,4820,5,12,0.0728110671043,0.0173250772059,0.0235804673284,0.0187422577292,-0.00483820959926
741,3753,1,6,0.0706571340561,0.00643468787894,0.00500453542918,0.00651899538934,0.00151445996016
742,8652,12,19,0.115988560021,0.0163392201066,0.00769829982892,0.0117997946218,0.00410149479285
743,8673,6,21,0.0776070579886,0.00521274702623,0.0161674357951,0.0722515806556,0.0560841448605
744,2052,9,25,0.158392623067,0.0198651384562,0.390592485666,0.0542514882982,-0.336340993643
745,4806,26,93,0.145251199603,0.0357952825725,0.134241461754,0.0741095542908,-0.0601319074631
746,6181,3,14,0.156083330512,0.019266044721,0.012961121276,0.0219393651932,0.00897824391723
747,8780,3,8,0.066497169435,0.0239637717605,0.0498949028552,0.0483004637063,-0.0015944391489
748,2969,4,13,0.150672867894,0.00930981244892,0.00325247063302,0.00688423775136,0.00363176711835
749,3405,6,16,0.067740611732,0.0122870681807,0.0630591660738,0.0884904637933,0.0254312977195
750,7388,3,7,0.081730209291,0.00991208385676,0.0032576113008,0.00755260465667,0.00429499335587
751,2809,6,24,0.0759598165751,0.0179254990071,0.190317422152,0.06820102036,-0.122116401792
752,58,2,6,0.0813596323133,0.00442178547382,0.0120070427656,0.0114321559668,-0.000574886798859
753,6460,6,13,0.11580965668,0.0268483068794,0.00216007814743,0.00138765841257,-0.000772419734858
754,4343,5,7,0.128103002906,0.0376714244485,0.00191928178538,0.0106832543388,0.00876397266984
755,2277,2,9,0.0304381642491,0.00594389578328,0.0409742332995,0.0548913665116,0.0139171332121
756,3354,33,87,0.0518483966589,0.00393354287371,0.00880813784897,0.00781124876812,-0.000996889080852
757,2964,4,25,0.129422590137,0.0386177487671,0.0019218409434,0.0112418951467,0.00932005420327
758,4409,1,16,0.08217754215,0.0133535247296,0.0271379761398,0.0146258026361,-0.0125121735036
759,4459,4,20,0.0569530725479,0.0211619101465,0.00227080006152,0.00290083070286,0.000630030641332
760,3381,3,15,0.1057318151,0.0327247343957,0.027244752273,0.0125141711906,-0.0147305810824
761,7141,1,13,0.451218962669,0.128272846341,0.018499514088,0.0310396496207,0.0125401355326
762,497,8,21,0.0510046295822,0.00452767126262,0.499525457621,0.48567828536,-0.0138471722603
763,164,3,12,0.288647443056,0.216318458319,0.988202393055,0.423748165369,-0.564454197884
764,6564,8,26,0.129041329026,0.0430960729718,0.018293408677,0.0134237939492,-0.0048696147278
765,2872,3,8,0.282314270735,0.0304212346673,0.406649142504,0.0644355341792,-0.342213600874
766,1558,6,15,0.135104164481,0.00181880674791,0.287123143673,0.0989459678531,-0.188177168369
767,3277,6,25,0.0396912693977,0.00179266429041,0.0431877374649,0.0413869582117,-0.00180077925324
768,3975,2,2,0.0816762372851,0.0258337296546,0.0257669072598,0.0238334536552,-0.00193345360458
770,377,2,6,0.215099468827,0.0464080348611,0.666483640671,0.192756459117,-0.473727166653
771,437,2,8,0.123696327209,0.0244320426136,0.241256386042,0.0583701841533,-0.182886198163
772,4532,3,11,0.145492300391,0.0431574881077,0.0360858365893,0.0181999634951,-0.0178858730942
773,2355,2,14,0.188553884625,0.0265279728919,0.00224084523506,0.00404442287982,0.00180357764475
774,1054,6,13,0.0604894943535,0.0247848052531,0.0687302276492,0.186175942421,0.117445714772
775,1677,2,5,0.0720837339759,0.0131807141006,0.0102030616254,0.0217534899712,0.0115504283458
776,2461,13,45,0.086993701756,0.0145702986047,0.287223249674,0.103667996824,-0.183555245399
777,4424,17,85,0.0908228382468,0.0392106100917,0.0114031247795,0.0323561020195,0.0209529772401
778,2722,8,18,0.128712654114,0.030901607126,0.00744870631024,0.00690333964303,-0.000545366667211
779,6476,14,41,0.140707537532,0.0476116649806,0.0733838379383,0.0248720347881,-0.0485118031502
780,576,5,23,0.133605673909,0.102346152067,0.801325261593,0.440131306648,-0.361193954945
781,1294,5,13,0.0743281766772,0.0179973002523,0.0385058037937,0.0293926745653,-0.00911312922835
782,323,18,59,0.0392592735589,0.00993140880018,0.475745767355,0.514972031116,0.0392262637615
783,1610,16,47,0.138420134783,0.104663722217,0.027106706053,0.0139143159613,-0.0131923900917
784,3287,7,26,0.0963561609387,0.0403996147215,0.132879048586,0.183323919773,0.0504448711872
785,4469,19,49,0.0914274677634,0.0132978921756,0.110317386687,0.0536866486073,-0.0566307380795
786,581,1,19,0.111971437931,0.0417081415653,0.00938382837921,0.00544433156028,-0.00393949681893
787,5707,35,81,0.0550014786422,0.0226684454829,0.00962767098099,0.0138537436724,0.00422607269138
788,471,12,36,0.0913505926728,0.0399348139763,0.609447360039,0.341929167509,-0.26751819253
789,468,18,27,0.0901435986161,0.0539418794215,0.0451001115143,0.0668291524053,0.0217290408909
790,435,2,8,0.0884976685047,0.0116147752851,0.102746397257,0.0421788655221,-0.0605675317347
791,4000,7,18,0.0683586671948,0.0238815601915,0.0563448853791,0.0252970550209,-0.0310478303581
792,7416,6,21,0.122381366789,0.0167433898896,0.150766134262,0.154219031334,0.00345289707184
794,5019,1,2,0.0977473929524,0.0269585959613,0.02906136401,0.0182657763362,-0.0107955876738
795,2869,6,20,0.116559267044,0.0412854887545,0.063314050436,0.025058567524,-0.0382554829121
796,6136,10,25,0.0719809383154,0.0107410382479,0.0259426943958,0.0307098235935,0.00476712919772
797,2582,5,20,0.124304510653,0.0396525748074,0.172200009227,0.0290418863297,-0.143158122897
798,8085,3,12,0.0674277544022,0.0129569675773,0.000835494196508,0.000936629425269,0.000101135228761
799,4415,27,77,0.124433547258,0.0403157323599,0.00613123271614,0.0105194626376,0.00438822992146
800,1166,11,26,0.0674944594502,0.00900997593999,0.134679019451,0.0547566823661,-0.0799223333597
801,5703,19,52,0.0778043791652,0.0221560243517,0.0177239589393,0.00915694329888,-0.00856701564044
802,351,4,18,0.0743413642049,0.0364780835807,0.241201162338,0.124132417142,-0.117068745196
803,3868,2,8,0.102698475122,0.0423543304205,0.00606131833047,0.00926961377263,0.00320829544216
804,4814,2,5,0.0744255930185,0.0139829963446,0.0100632915273,0.0354552716017,0.0253919810057
805,2683,4,11,0.150020137429,0.0311726853251,0.00223450711928,0.0031248126179,0.000890305498615
806,5801,7,12,0.130328953266,0.0240029245615,0.193186938763,0.0475847758353,-0.145602166653
807,2953,18,43,0.120136626065,0.026226375252,0.121142543852,0.0515965558589,-0.0695459842682
808,951,7,24,0.0854833945632,0.0231248438358,0.0854110494256,0.0919929966331,0.00658194720745
809,426,10,30,0.103558681905,0.0282633304596,0.235588595271,0.120512612164,-0.115075983107
810,2525,3,10,0.108667217195,0.0661178156734,0.0235271435231,0.0167289469391,-0.00679819658399
812,7927,20,39,0.0826668515801,0.0201685409993,0.000430448853876,0.000802737020422,0.000372288166545
813,5053,6,27,0.0533020459116,0.0121950758621,0.000915502314456,0.00117199809756,0.000256495783105
814,5824,6,12,0.0905934348702,0.018603887409,0.00655926670879,0.00887006428093,0.00231079757214
815,4438,1,15,0.0831909105182,0.019876902923,0.0170722566545,0.00913014635444,-0.00794211030006
816,7130,8,13,0.111220426857,0.0224791951478,0.00693987635896,0.0257177855819,0.0187779087573
817,5785,2,6,0.0770719945431,0.00772127928212,0.0447689518332,0.0108987065032,-0.0338702462614
818,3409,3,3,0.080535851419,0.024260668084,0.157396003604,0.0787909254432,-0.0786050781608
820,9049,1,2,0.0835340842605,0.0304956827313,0.0986914858222,0.0496246106923,-0.0490668751299
821,2836,1,7,0.118336319923,0.0123147414997,0.00842129345983,0.00833729188889,-8.400157094e-05
822,449,5,8,0.0590983964503,0.0160544365644,0.0820832550526,0.0526611693203,-0.0294220857322
823,234,2,4,0.0889889523387,0.0150965191424,0.0506804026663,0.0659287944436,0.0152483917773
824,1107,2,4,0.0643709525466,0.0160737559199,0.00793578196317,0.0265486221761,0.0186128392816
825,3237,4,21,0.0604430437088,0.00175635225605,0.300901085138,0.218147993088,-0.0827530920506
826,604,1,8,0.129603281617,0.0477809980512,0.42040425539,0.117553763092,-0.302850484848
827,512,1,3,0.0547155439854,0.0174456406385,0.0290158186108,0.0293470714241,0.000331252813339
828,1141,4,8,0.0704699829221,0.000900914892554,0.0145422546193,0.0121674574912,-0.00237479712814
830,1168,5,5,0.0713011100888,0.012667846866,0.00395220052451,0.00895376224071,0.0050015617162
831,411,1,12,0.0661342591047,0.0157827083021,0.0215826909989,0.0351432897151,0.0135605987161
832,2525,2,7,0.122869752347,0.0291303507984,0.442844897509,0.11391261965,-0.328932285309
833,2969,5,6,0.105217434466,0.0403554216027,0.0065590669401,0.0107989637181,0.00423989677802
834,3776,5,7,0.0565915517509,0.0123180961236,0.0158919766545,0.0340239852667,0.0181320086122
835,8270,7,17,0.100152187049,0.0542217157781,0.0261366758496,0.0296070780605,0.00347040221095
838,4190,1,7,0.194430366158,0.0160784479231,0.120302967727,0.0376301854849,-0.0826727822423
839,5101,2,6,0.0909199044108,0.0045247389935,0.00161235663109,0.00120020343456,-0.000412153196521
840,4071,1,10,0.0972258746624,0.0329983085394,0.06478472054,0.097186408937,0.0324016883969
841,5841,1,5,0.0644211322069,0.0137288738042,0.0124628599733,0.0150186270475,0.00255576707423
842,5076,14,58,0.125061005354,0.0156432278454,0.0151549410075,0.0105857029557,-0.00456923805177
843,7016,59,177,0.0870072469115,0.0351992063224,0.222145393491,0.226269304752,0.00412391126156
844,3225,19,59,0.0452670268714,0.0145506933331,0.0192324537784,0.0223320815712,0.00309962779284
845,2796,4,15,0.155827358365,0.0676927343011,0.00658330135047,0.00515503389761,-0.00142826745287
846,6706,3,10,0.257983624935,0.0447204895318,0.690660834312,0.11552542448,-0.575135409832
848,1692,14,63,0.170453742146,0.0764303207397,0.115583196282,0.0408080331981,-0.074775159359
849,790,2,8,0.0892524048686,0.0371449962258,0.38714081049,0.270627886057,-0.116512924433
850,7665,30,93,0.165097907186,0.0527248196304,0.204184576869,0.0247264038771,-0.179458171129
851,5056,6,6,0.154601871967,0.0276339314878,0.178224697709,0.0255532581359,-0.152671441436
852,1674,3,6,0.247037306428,0.107085585594,0.960376679897,0.371168255806,-0.589208424091
853,6621,1,5,0.0805877149105,0.0125866793096,0.0159385744482,0.0155106186867,-0.000427955761552
854,6621,1,13,0.0935926139355,0.00867848284543,0.014121869579,0.00865620002151,-0.00546566955745
855,6653,3,11,0.149660363793,0.0259716603905,0.415738463402,0.0987088680267,-0.317029595375
856,1180,9,9,0.104935668409,0.0423688851297,0.548894286156,0.292494535446,-0.25639975071
857,122,9,10,0.169269248843,0.0246238466352,0.0140461158007,0.0308774504811,0.0168313346803
858,6621,25,51,0.0526165962219,0.0112961120903,0.0194961614907,0.00249285344034,-0.0170033089817
859,909,5,6,0.0710117220879,0.0166001040488,0.285946011543,0.190358802676,-0.0955872088671
860,6621,1,14,0.134494453669,0.041949249804,0.0592566616833,0.0455282628536,-0.0137283988297
861,7864,4,3,0.0730809345841,0.0236466825008,0.0460461564362,0.0162013154477,-0.0298448409885
862,5589,4,16,0.176064014435,0.0749583393335,0.0768817067146,0.0740518420935,-0.00282986462116
864,5370,4,10,0.118442617357,0.021011678502,0.0055608949624,0.0156110972166,0.0100502017885
865,1498,2,7,0.100167274475,0.022688684985,0.139055281878,0.0998036488891,-0.0392516329885
866,1037,1,3,0.178463339806,0.0177242774516,0.42752507329,0.0392053462565,-0.388319730759
867,5545,7,11,0.104964144528,0.04495453462,0.0420826412737,0.00412437133491,-0.0379582718015
868,7290,30,90,0.0704547837377,0.0196009818465,0.0286544039845,0.00388762797229,-0.0247667767107
870,3049,4,9,0.175673857331,0.053143940866,0.107321292162,0.0447044707835,-0.0626168251038
871,588,2,2,0.14380697906,0.0690283328295,0.452307313681,0.18884088099,-0.263466417789
873,635,7,17,0.0567278675735,0.044253166765,0.474806040525,0.486932277679,0.012126237154
874,619,2,3,0.208606168628,0.0831351280212,0.0293793678284,0.0215511079878,-0.00782825984061
875,666,3,6,0.060810085386,0.0462716594338,0.506701529026,0.393377333879,-0.113324195147
876,2278,12,23,0.0629635229707,0.0146341565996,0.012309173122,0.0207948144525,0.00848564133048
877,7880,60,169,0.112976633012,0.0140559868887,0.000669307715725,0.00123770732898,0.000568399613257
878,4810,4,20,0.130260109901,0.037861187011,0.0848739519715,0.022397113964,-0.0624768361449
879,6160,10,22,0.0652302801609,0.0294740647078,0.00358325662091,0.0175195466727,0.0139362905174
880,751,33,72,0.070644877851,0.0281406827271,0.377348303795,0.571649491787,0.194301187992
881,3602,4,18,0.102253772318,0.0295231360942,0.0208645369858,0.0139726838097,-0.00689185317606
883,1692,7,21,0.216775372624,0.065947689116,0.432699561119,0.0825273990631,-0.350172162056
884,7908,6,23,0.0926091596484,0.0199636276811,0.0597701556981,0.018705746159,-0.0410644114017
885,944,4,14,0.143197089434,0.0617408566177,0.5878713727,0.22477543354,-0.363095939159
886,5239,5,10,0.0885640159249,0.0148796280846,0.0426810085773,0.0244703944772,-0.0182106141001
887,7568,3,5,0.0944849923253,0.021088000387,0.0131704928353,0.0256162825972,0.0124457897618
888,2649,5,31,0.0797837376595,0.0164531208575,0.0229233019054,0.0520023405552,0.0290790386498
889,1341,1,9,0.0953011736274,0.0368959531188,0.0506311878562,0.218616560102,0.167985379696
890,2345,15,67,0.112091399729,0.0120272561908,0.0315785892308,0.0194969289005,-0.0120816603303
891,1948,6,34,0.101794056594,0.0145513499156,0.0135311679915,0.00675682909787,-0.00677433889359
892,3827,3,16,0.191162660718,0.0411113351583,0.169033542275,0.078493386507,-0.0905401557684
893,7978,7,31,0.140146374702,0.0261640492827,0.00249118939973,0.00292945094407,0.000438261544332
894,5998,9,41,0.129728987813,0.0162763148546,0.0133399656042,0.00498005049303,-0.00835991464555
895,8962,2,3,0.0650323182344,0.0182463731617,0.00911518093199,0.0101318536326,0.00101667270064
897,8630,6,43,0.0641009286046,0.00648442888632,0.0123007502407,0.0164502691478,0.00414951890707
898,4054,3,6,0.0942519381642,0.00814098957926,0.00544882426038,0.00329598062672,-0.00215284363367
899,682,3,7,0.150739505887,0.0760253667831,0.0604468137026,0.1046237275,0.0441769137979
900,694,1,5,0.0919056162238,0.0204777494073,0.503459632397,0.253204762936,-0.250254869461
901,742,2,10,0.222167089581,0.0207114331424,0.00241561210714,0.00307429837994,0.0006586862728
902,715,1,7,0.0746424272656,0.0321515314281,0.534890413284,0.274337381124,-0.26055303216
905,628,1,2,0.128704771399,0.0726723670959,0.149048432708,0.0409769825637,-0.108071446419
906,5977,2,6,0.133579537272,0.0294275227934,0.189221441746,0.0945696756244,-0.0946517661214
909,249,4,13,0.0985107496381,0.0284002106637,0.184047907591,0.175828099251,-0.00821980834007
910,164,1,7,0.207962080836,0.0370195694268,0.00785600021482,0.0236622896045,0.0158062893897
912,4939,3,43,0.102879613638,0.00841128919274,0.153610110283,0.0468611307442,-0.106748983264
913,1730,10,25,0.147184103727,0.0085298679769,0.0334895551205,0.0393441356719,0.00585458055139
914,1848,2,20,0.101430743933,0.0105212200433,0.0357670634985,0.0324417091906,-0.00332535430789
915,1890,3,6,0.132423594594,0.0132180927321,0.029517814517,0.0303840488195,0.000866234302521
916,7553,7,7,0.118731945753,0.0312561541796,0.0420240834355,0.0540308617055,0.01200677827
917,2187,1,9,0.0880447030067,0.0202580746263,0.00456589926034,0.00621707877144,0.0016511795111
918,1937,1,3,0.0650035068393,0.0106766829267,0.00461027491838,0.00752771599218,0.00291744107381
919,2187,3,15,0.086691044271,0.0229708179832,0.0285643711686,0.027185946703,-0.00137842446566
920,2011,2,13,0.145797893405,0.0340962074697,0.0151286674663,0.018014639616,0.00288597214967
921,1746,13,37,0.210634991527,0.0145862530917,0.00997573323548,0.00917970109731,-0.000796032138169
922,6209,5,4,0.0947091281414,0.0029507514555,0.0376732945442,0.0367337204516,-0.000939574092627
923,1345,2,4,0.0775253400207,0.0356398224831,0.0104239331558,0.0211632642895,0.0107393311337
924,567,3,6,0.067618586123,0.0253395438194,0.00295241479762,0.00638646446168,0.00343404966407
925,2038,1,11,0.135712563992,0.0143442358822,0.090657427907,0.0337752774358,-0.0568821504712
926,498,6,6,0.0955012440681,0.0194623209536,0.00858580134809,0.0206373203546,0.0120515190065
927,2388,1,4,0.0768742263317,0.00963981170207,0.0827840194106,0.0300786327571,-0.0527053847909
928,6305,3,10,0.0599059164524,0.00903553515673,0.0310694407672,0.0234851390123,-0.00758430175483
929,1131,2,5,0.0588976480067,0.0120908254758,0.188417941332,0.216589197516,0.0281712561846
930,330,2,5,0.210893020034,0.0931432917714,0.632666110992,0.128958895802,-0.503707230091
931,2137,3,18,0.108026117086,0.0337400920689,0.00905922614038,0.0273765176535,0.0183172915131
932,4197,3,3,0.100067175925,0.034575406462,0.0355922542512,0.0374645553529,0.00187230110168
934,8101,6,12,0.168034479022,0.00383988278918,0.0460274070501,0.091914512217,0.0458871051669
935,5979,1,4,0.08026406914,0.0190781485289,0.144340902567,0.0498034097254,-0.0945374965668
937,5965,5,13,0.153296366334,0.0847118794918,0.0462448447943,0.073282122612,0.0270372778177
940,655,1,5,0.183076962829,0.0276936888695,0.322548687458,0.0814092829823,-0.241139411926
941,6788,1,4,0.124617815018,0.0225199256092,0.01491851639,0.0390652678907,0.0241467505693
942,1337,12,41,0.130305483937,0.061970371753,0.0111960880458,0.0369983650744,0.0258022770286
943,4524,4,22,0.105099461973,0.0351362414658,0.00805246271193,0.0184369087219,0.01038444601
944,453,36,106,0.0799887552857,0.0144873345271,0.213263511658,0.0892813429236,-0.123982168734
945,326,2,9,0.229971289635,0.0611765943468,0.02986577712,0.227181598544,0.197315827012
946,3029,7,37,0.14869992435,0.0608360543847,0.0518429391086,0.017159787938,-0.0346831530333
947,4435,11,45,0.0555476658046,0.0209373999387,0.00677158497274,0.00591521942988,-0.000856365542859
949,557,19,37,0.146948799491,0.0278356447816,0.123654983938,0.0701770856977,-0.0534778982401
950,867,3,9,0.0734407305717,0.00692305248231,0.141536325216,0.129592344165,-0.0119439810514
951,3592,11,22,0.110988534987,0.0109403282404,0.0177947189659,0.00495179742575,-0.0128429215401
952,578,4,9,0.0856924653053,0.0199995413423,0.126343607903,0.0356938317418,-0.0906497761607
953,923,4,19,0.119810245931,0.0436411388218,0.0714769661427,0.030643677339,-0.0408332869411
954,4440,20,51,0.151198044419,0.044477712363,0.0193368364125,0.00773082999513,-0.0116060059518
955,590,2,5,0.0757801830769,0.0554927773774,0.224871322513,0.134654447436,-0.0902168750763
956,287,2,14,0.0398244448006,0.00963293202221,0.0188992321491,0.0151839433238,-0.00371528882533
957,255,8,23,0.105254553258,0.0262200888246,0.242552489042,0.130375310779,-0.112177178264
958,939,3,5,0.120154775679,0.00726106762886,0.302173018456,0.173231586814,-0.128941431642
959,262,5,14,0.0602134801447,0.00620631407946,0.00882268697023,0.00860623270273,-0.000216454267502
960,3989,5,12,0.0646548047662,0.0158559307456,0.0353546626866,0.0159148201346,-0.0194398425519
961,1080,1,6,0.0627945587039,0.00827727094293,0.0677504017949,0.157332926989,0.0895825251937
962,488,2,12,0.0613081939518,0.0149270193651,0.0310292188078,0.0316257737577,0.00059655494988
964,443,2,7,0.0915183350444,0.036352686584,0.293929696083,0.170436009765,-0.123493686318
965,584,2,4,0.147683262825,0.077495701611,0.00746757909656,0.00683272490278,-0.000634854193777
967,316,9,31,0.161363855004,0.0555225908756,0.267637580633,0.0627856254578,-0.204851955175
968,6053,10,28,0.168654367328,0.0246271360666,0.00437414413318,0.00855976622552,0.00418562209234
969,3858,24,87,0.106832884252,0.0412247627974,0.0721059516072,0.0935428068042,0.021436855197
970,7728,18,50,0.0294421613216,0.00696186767891,0.129704356194,0.139439240098,0.00973488390446
971,6679,9,20,0.0609731785953,0.00650836993009,0.0452624671161,0.0506160967052,0.00535362958908
972,7724,3,22,0.0712668374181,0.0174274332821,0.0138549273834,0.0142998499796,0.000444922596216
973,3176,3,11,0.0678467154503,0.00999076664448,0.061674784869,0.0735309645534,0.0118561796844
974,7693,14,45,0.0911232456565,0.00894211884588,0.0273166690022,0.0076162754558,-0.0197003930807
975,4770,12,28,0.0938884615898,0.0239014402032,0.10653347522,0.0556173063815,-0.0509161688387
976,6665,11,61,0.0712444409728,0.0148352002725,0.0420773252845,0.031826376915,-0.0102509483695
977,2157,14,53,0.0439222641289,0.00916434824467,0.293069690466,0.232047438622,-0.0610222518444
978,7561,8,14,0.143733635545,0.0256047025323,0.0166117250919,0.00562673062086,-0.0109849944711
979,2778,3,15,0.0655320808291,0.0137885427102,0.00633088778704,0.00973919779062,0.00340831000358
980,7161,13,55,0.175029978156,0.0636709481478,0.0244055651128,0.0100923478603,-0.0143132172525
981,2402,6,5,0.0786947607994,0.0140048088506,0.0504890680313,0.0235631596297,-0.0269259084016
982,1887,3,11,0.154232636094,0.0474609881639,0.0178375430405,0.0137540893629,-0.00408345367759
983,3082,4,14,0.0477644763887,0.0258545223624,0.439871251583,0.495766013861,0.0558947622776
984,3547,3,9,0.0495682172477,0.0174180194736,0.0757588967681,0.0552569031715,-0.0205019935966
985,2056,3,11,0.0980290994048,0.0273610465229,0.0159143190831,0.0386102460325,0.0226959269494
986,523,3,5,0.0692100897431,0.0114585887641,0.0414163134992,0.0226293802261,-0.0187869332731
987,8480,26,25,0.0953385457397,0.0327352918684,0.0126493005082,0.015404548496,0.00275524798781
988,6407,5,37,0.0896753668785,0.0253278799355,0.0170135181397,0.0142434118316,-0.00277010630816
989,305,31,90,0.102587975562,0.0210140496492,0.1714502424,0.0652912780643,-0.106158964336
990,861,1,6,0.0890962705016,0.0314189530909,0.0266219023615,0.104101799428,0.0774798989296
991,6515,7,30,0.0901843905449,0.0143634416163,0.238239526749,0.0900879725814,-0.148151546717
992,5553,9,16,0.105586625636,0.0133744999766,0.00535070663318,0.0586562417448,0.0533055365086
993,1011,13,35,0.0783879831433,0.0202900823206,0.063025854528,0.0188151244074,-0.0442107319832
994,1017,41,106,0.0842922925949,0.0333552584052,0.0973089560866,0.0441695265472,-0.0531394295394
995,3307,5,6,0.121411554515,0.025851810351,0.00924370158464,0.0092328377068,-1.08638778329e-05
996,197,18,57,0.0869151428342,0.0387204512954,0.0923535376787,0.0428195595741,-0.0495339781046
997,453,5,11,0.0981117859483,0.0472079999745,0.0852739214897,0.0980687141418,0.0127947926521
998,476,1,6,0.0840186774731,0.015156394802,0.156969279051,0.103801824152,-0.0531674548984
999,5630,4,16,0.113740764558,0.0599788427353,0.00691109569743,0.0053482032381,-0.00156289245933
1001,421,6,15,0.0871691480279,0.0241331253201,0.174829736352,0.135358169675,-0.0394715666771
1003,2803,2,4,0.0782068967819,0.0325791500509,0.0202945303172,0.015828602016,-0.00446592830122
1004,451,6,8,0.124955005944,0.07570592314,0.00975691340864,0.0524571835995,0.0427002683282
1005,338,2,7,0.082047611475,0.0444144383073,0.0641700997949,0.0644990950823,0.000328995287418
1006,863,2,8,0.0532925985754,0.0197955612093,0.0328097306192,0.0434012450278,0.0105915144086
1007,1258,3,13,0.142884448171,0.0423043221235,0.0354327894747,0.0172191858292,-0.0182136036456
1008,134,5,8,0.0387324094772,0.00497159129009,0.507992684841,0.498259812593,-0.0097328722477
1009,4409,1,6,0.145022258162,0.0336196795106,0.0112119894475,0.00635481625795,-0.00485717318952
1011,1890,4,12,0.085103712976,0.00443492969498,0.0595454536378,0.0684633776546,0.00891792401671
1013,8400,16,50,0.0636332035065,0.0157536044717,0.00465577142313,0.00138246081769,-0.00327331060544
1014,5591,3,6,0.0721104592085,0.0121711967513,0.101793594658,0.0412095077336,-0.0605840869248
1015,2045,7,27,0.0703144297004,0.0233598258346,0.0339792408049,0.0188615303487,-0.0151177104563
1016,934,2,10,0.0773574709892,0.00406674621627,0.0234045349061,0.0179098788649,-0.00549465604126
1017,3869,12,45,0.0706856772304,0.0177454929799,0.0408498309553,0.0415990501642,0.000749219208956
1018,5925,6,18,0.0713411718607,0.0158620085567,0.0133660193533,0.0109913051128,-0.00237471424043
1019,7416,7,32,0.175197973847,0.0350357480347,0.0818692296743,0.0163539834321,-0.0655152499676
1020,4296,8,21,0.161208033562,0.0393357016146,0.629179179668,0.224762365222,-0.404416799545
1021,6574,8,9,0.0588615350425,0.0120890252292,0.00376500352286,0.00778723461553,0.00402223132551
1022,986,6,14,0.0619025528431,0.0166000686586,0.102156423032,0.0999474450946,-0.0022089779377
1023,2636,12,34,0.117177069187,0.0254410095513,0.00479525374249,0.00700236856937,0.00220711482689
1024,4233,11,38,0.136969938874,0.0138160055503,0.0137743744999,0.00913491006941,-0.00463946443051
1025,5925,6,12,0.0584803409874,0.014699133113,0.00546907726675,0.00543244741857,-3.66298481822e-05
1026,5068,3,15,0.126742318273,0.0100620118901,0.00376519537531,0.00613593822345,0.00237074284814
1027,7655,1,9,0.0854787901044,0.0227410942316,0.051180485636,0.0452090837061,-0.00597140192986
1029,1628,4,4,0.0751435607672,0.017513487488,0.292215794325,0.309094458818,0.0168786644936
1030,567,1,4,0.0564668178558,0.0122744133696,0.571831703186,0.436768621206,-0.13506308198
1031,1273,5,3,0.0777198150754,0.0140705890954,0.0240666605532,0.0490433834493,0.0249767228961
1032,2263,4,5,0.0861259102821,0.00557954469696,0.000858540355694,0.00197984068654,0.00112130027264
1033,2925,16,42,0.0695628151298,0.0233461167663,0.035677395761,0.0138813816011,-0.0217960141599
1034,282,1,16,0.0706263557076,0.0108397556469,0.0435811057687,0.0177664160728,-0.0258146896958
1035,196,2,8,0.0717575252056,0.00854394026101,0.166982322931,0.153370440006,-0.013611882925
1036,1080,10,37,0.119752921164,0.0348447524011,0.0600232668221,0.0428291074932,-0.0171941593289
1037,1072,8,16,0.0676351413131,0.0105109242722,0.00758199114352,0.0139710875228,0.00638909637928
1038,464,5,25,0.130753830075,0.0266608726233,0.260541141033,0.050788640976,-0.209752500057
1040,997,5,21,0.252796024084,0.0105348872021,0.492766171694,0.0145942615345,-0.478171914816
1041,2905,4,11,0.0970023795962,0.0336605422199,0.156653046608,0.156041815877,-0.00061123073101
1042,417,3,6,0.0959854647517,0.0124052735046,0.0457506664097,0.012248265557,-0.0335023999214
1043,4692,25,52,0.0857624486089,0.0204733256251,0.289204239845,0.334483534098,0.0452792942524
1044,4074,2,6,0.0995316877961,0.00435632420704,0.0154654560611,0.00890432205051,-0.00656113401055
1045,1573,2,4,0.0523139089346,0.0222320500761,0.303122997284,0.278194367886,-0.0249286293983
1046,2161,1,8,0.176216974854,0.00802014488727,0.00342755415477,0.00692357122898,0.00349601707421
1047,5079,8,30,0.0784846767783,0.0102318115532,0.00484181009233,0.00684036174789,0.00199855165556
1048,2197,2,7,0.0835846364498,0.0146347619593,0.0368627235293,0.0366823934019,-0.000180330127478
1049,8433,2,5,0.140233546495,0.0159905124456,0.00390953011811,0.0739228948951,0.0700133666396
1050,5922,2,5,0.0623106360435,0.00753138354048,0.0607513710856,0.0832523480058,0.0225009769201
1051,5892,2,14,0.102929867804,0.0194819066674,0.134718358517,0.0609626285732,-0.0737557262182
1052,3883,10,24,0.177869692445,0.0136060491204,0.334909677505,0.0944301262498,-0.240479558706
1053,4055,1,6,0.132339164615,0.0535594560206,0.00774330412969,0.0755490958691,0.0678057894111
1054,2573,22,78,0.107044048607,0.0304793771356,0.0017065476859,0.0151316067204,0.0134250586852
1055,5487,1,7,0.0959304943681,0.0367388539016,0.0238312054425,0.0772411823273,0.0534099787474
1056,6224,1,4,0.100617408752,0.0209659542888,0.0221901033074,0.0288669839501,0.00667688064277
1057,6307,8,7,0.103062488139,0.0275580156595,0.116299368441,0.0463896282017,-0.0699097365141
1058,4423,3,2,0.12111889571,0.00787477754056,0.00308823143132,0.00546263204888,0.00237440061755
1059,4403,1,8,0.100826226175,0.0170806311071,0.265319317579,0.0837565287948,-0.181562781334
1060,8124,2,3,0.0615131817758,0.00507225655019,0.0328912176192,0.0381379313767,0.00524671375751
1061,4045,3,10,0.10682644695,0.0465024709702,0.049250125885,0.081481449306,0.032231323421
1062,7984,3,10,0.0828270614147,0.0229189954698,0.000739609531593,0.00459450762719,0.00385489803739
1063,8440,4,4,0.0629140436649,0.0190665386617,0.0747001990676,0.0581391304731,-0.0165610685945
1065,207,1,7,0.079686768353,0.0349091812968,0.144428893924,0.160165712237,0.0157368183136
1066,4526,2,2,0.0808712393045,0.00404262868688,0.018985485658,0.04235656932,0.0233710836619
1067,1005,7,19,0.111184835434,0.0220710672438,0.0349255613983,0.113277845085,0.0783522874117
1068,599,36,93,0.204049393535,0.013993033208,0.0100493496284,0.0632572174072,0.0532078668475
1069,4345,10,46,0.145689621568,0.0495140887797,0.159009203315,0.0422679893672,-0.116741210222
1070,1303,8,30,0.0923910140991,0.0206191800535,0.0255379509181,0.0196626894176,-0.00587526150048
1071,957,4,9,0.0717006251216,0.00959298573434,0.0321866422892,0.0323257483542,0.000139106065035
1072,751,1,4,0.128297626972,0.032210547477,0.306427329779,0.0568014681339,-0.249625861645
1073,1160,19,25,0.077046006918,0.0298046693206,0.154190689325,0.0529416054487,-0.101249083877
1074,249,14,40,0.0972590073943,0.0226184055209,0.192203700542,0.197664424777,0.00546072423458
1075,443,5,15,0.0831126347184,0.0286196228117,0.570448279381,0.254550546408,-0.315897732973
1076,4465,2,5,0.106901884079,0.0390781611204,0.0210527554154,0.0194028448313,-0.00164991058409
1077,254,10,28,0.0953381955624,0.069141715765,0.0834384933114,0.0487163327634,-0.034722160548
1078,4330,6,18,0.0807956755161,0.0439707934856,0.00854817219079,0.0130521813408,0.00450400914997
1079,598,2,12,0.121783174574,0.01241184026,0.0245467722416,0.0587501637638,0.0342033915222
1080,2201,6,13,0.0715771913528,0.0350825935602,0.425004303455,0.229399323463,-0.195604979992
1081,4407,6,17,0.0677025839686,0.0172461308539,0.0128945438191,0.006250213366,-0.00664433045313
1082,466,2,8,0.0876755490899,0.043387234211,0.0226955022663,0.030170744285,0.0074752420187
1084,435,4,7,0.102605342865,0.0217321161181,0.0388981476426,0.0703957751393,0.0314976274967
1085,2859,9,13,0.0877151116729,0.00772423343733,0.0322994589806,0.0172741878778,-0.0150252711028
1086,136,1,5,0.0529665648937,0.0170552097261,0.107677869499,0.0587853603065,-0.0488925091922
1087,2996,4,11,0.135248124599,0.0292237959802,0.124819383025,0.0258210767061,-0.0989983081818
1088,334,19,37,0.0900446176529,0.0191986132413,0.0612907186151,0.0150755345821,-0.0462151840329
1089,3287,1,3,0.0855154022574,0.0177616756409,0.229641541839,0.0942265987396,-0.135414943099
1090,937,2,18,0.0637112259865,0.00928943231702,0.0573090724647,0.0454236455262,-0.0118854269385
1091,356,4,9,0.0750072300434,0.0206683445722,0.00730622373521,0.0187752712518,0.0114690475166
1092,7379,1,5,0.0559453032911,0.0107219787315,0.0240837372839,0.0127902654931,-0.0112934717909
1093,4455,2,14,0.0968928337097,0.0353354923427,0.0403256826103,0.0268878843635,-0.0134377982467
1094,409,7,27,0.112083733082,0.0533924810588,0.378207683563,0.165924474597,-0.212283208966
1095,373,1,14,0.0920520350337,0.00557060772553,0.120852336287,0.0611604787409,-0.0596918575466
1096,842,3,19,0.153538808227,0.0607940033078,0.107328653336,0.0172198805958,-0.0901087746024
1097,3373,4,9,0.0890119448304,0.0232473257929,0.0939088910818,0.0467174239457,-0.0471914671361
1098,513,3,9,0.0523681379855,0.00505063636228,0.184609740973,0.145779788494,-0.0388299524784
1100,6547,1,8,0.10895421356,0.0290399398655,0.156445264816,0.0241692308336,-0.132276028395
1101,2925,1,7,0.133236899972,0.0437032803893,0.0272810459137,0.0195240247995,-0.00775702111423
1102,4609,13,55,0.0657596886158,0.0258030686527,0.33004295826,0.284203350544,-0.0458396077156
1103,7996,23,75,0.0560729019344,0.00619769887999,0.00142554694321,0.00102078588679,-0.000404761056416
1104,1645,6,16,0.0663543045521,0.0301460064948,0.0541457012296,0.0337324328721,-0.0204132683575
1105,7317,11,36,0.110085427761,0.0304175000638,0.0209202840924,0.0215305965394,0.000610312446952
1106,7622,25,64,0.0994807556272,0.0291968863457,0.0188037008047,0.0090967817232,-0.00970691908151
1107,1873,14,45,0.0809081718326,0.0103355068713,0.0343948379159,0.0445500649512,0.0101552270353
1108,1824,3,8,0.0609229691327,0.0163214989007,0.0188010241836,0.0264604687691,0.00765944458544
1109,2182,2,5,0.110314570367,0.00957284402102,0.0372724346817,0.0221176147461,-0.0151548199356
1111,4392,1,6,0.0787146613002,0.0123183894902,0.00574420159683,0.00219778879546,-0.00354641280137
1113,662,3,3,0.0975257754326,0.0409087985754,0.221770808101,0.199367821217,-0.0224029868841
1114,619,3,9,0.158515036106,0.0238713398576,0.378177314997,0.118517421186,-0.25965988636
1115,707,3,15,0.0853401944041,0.0187971685082,0.00655845366418,0.0294342134148,0.0228757597506
1117,736,2,12,0.167873322964,0.0667951628566,0.168456941843,0.162923380733,-0.0055335611105
1118,702,4,1,0.0639056637883,0.0179295893759,0.0200858395547,0.0217494498938,0.00166361033916
1119,4214,6,3,0.0755308046937,0.013462680392,0.0176373273134,0.0122144268826,-0.00542290043086
1120,701,1,3,0.195243179798,0.0118471104652,0.0609112866223,0.0872878432274,0.0263765566051
1122,669,2,3,0.105030596256,0.0144774308428,0.322765618563,0.125711858273,-0.19705376029
1123,5337,11,29,0.0953367650509,0.0234257746488,0.0178049784154,0.0137736117467,-0.00403136666864
1124,6927,4,20,0.110401324928,0.0177711900324,0.0307734943926,0.018972709775,-0.0118007846177
1125,6601,15,46,0.126846149564,0.0235039647669,0.0492347590625,0.166943952441,0.117709189653
1126,3148,4,9,0.125456616282,0.0850612670183,0.831933200359,0.45772638917,-0.37420681119
1127,7326,2,5,0.0512817054987,0.0143517162651,0.180163234472,0.126865908504,-0.0532973259687
1128,1118,3,7,0.0479982681572,0.00899614021182,0.0382317788899,0.073757790029,0.0355260111392
1129,3209,5,5,0.0697936192155,0.0380723029375,0.0102530838922,0.0036417550873,-0.00661132857203
1130,8575,14,56,0.0653462335467,0.0403635650873,0.0108044221997,0.030164277181,0.0193598549813
1131,6627,1,9,0.0835044756532,0.0108203217387,0.00412142369896,0.0128343505785,0.00871292687953
1132,7627,12,25,0.107764087617,0.0172379203141,0.0027976653073,0.00340675818734,0.00060909288004
1133,8994,6,14,0.0918230637908,0.0207915436476,0.0096630314365,0.00629623746499,-0.00336679397151
1134,4016,3,6,0.0880528688431,0.0124595463276,0.277969449759,0.0840953364968,-0.193874120712
1135,7457,1,6,0.0661068633199,0.0221108552068,0.0175223983824,0.0261808540672,0.00865845568478
1136,5208,2,10,0.091399230063,0.0423385947943,0.222655311227,0.151472777128,-0.0711825340986
1137,5800,1,4,0.100624859333,0.0283806584775,0.0143245849758,0.0140665462241,-0.000258038751781
1139,2225,1,8,0.0681008175015,0.0163482241333,0.072076715529,0.0701374337077,-0.00193928182125
1140,930,2,4,0.11153870821,0.00920796860009,0.00511840777472,0.0308983754367,0.0257799681276
1142,1628,2,5,0.0642008855939,0.0185306798667,0.00812811776996,0.0400665290654,0.0319384112954
1143,3652,1,6,0.0933427810669,0.0393214337528,0.013300716877,0.0173938069493,0.00409309007227
1144,782,5,11,0.129964962602,0.0507358759642,0.0778565704823,0.185491904616,0.107635334134
1145,263,1,8,0.104018248618,0.0611866936088,0.00493646413088,0.0149320689961,0.00999560486525
1146,69,4,8,0.0848263129592,0.012408182025,0.338590055704,0.132457911968,-0.206132143736
1147,596,1,7,0.0957967638969,0.0634460151196,0.162474170327,0.187688350677,0.0252141803503
1148,6335,6,15,0.104925639927,0.0213201921433,0.00592542951927,0.0105115994811,0.00458616996184
1149,404,5,18,0.139616623521,0.0480887889862,0.593233048916,0.196983411908,-0.396249651909
1150,362,5,16,0.252539753914,0.074124827981,0.744330048561,0.135665267706,-0.608664751053
1151,255,10,45,0.127478465438,0.114562787116,0.646978318691,0.377457767725,-0.269520550966
1152,209,1,8,0.0927566960454,0.0258998069912,0.0573723763227,0.0692293345928,0.0118569582701
1153,5723,3,6,0.0544671081007,0.0123792607337,0.0125717921183,0.0107887955382,-0.00178299658
1154,1102,3,10,0.0452170409262,0.00278070243075,0.0629994422197,0.0545473396778,-0.00845210254192
1155,4598,2,6,0.0934183821082,0.0332632362843,0.0133163407445,0.00783652439713,-0.00547981634736
1156,7368,6,11,0.152637407184,0.0291129685938,0.353502720594,0.0464633703232,-0.307039350271
1157,4970,29,60,0.265374571085,0.0751221552491,0.00302594993263,0.0515891946852,0.0485632456839
1158,2066,1,5,0.0660721436143,0.0147785926238,0.0300027020276,0.0483640395105,0.0183613374829
1159,4301,11,36,0.0814567729831,0.0219629164785,0.0173876155168,0.0396672897041,0.0222796741873
1160,55,16,43,0.0876194536686,0.0115266591311,0.0101711573079,0.0396557562053,0.0294845998287
1161,5929,4,15,0.0856467708945,0.0159318558872,0.0362550579011,0.0143935754895,-0.0218614824116
1162,5263,3,5,0.22214782238,0.0566631779075,0.839983165264,0.288598865271,-0.551384329796
1163,235,4,6,0.132717594504,0.0554246418178,0.00712288171053,0.00455384887755,-0.00256903283298
1164,1870,1,5,0.0938518047333,0.0304993242025,0.0012041159207,0.00132053822745,0.000116422306746
1166,8116,7,21,0.115222133696,0.0134180905297,0.0941206216812,0.0974725708365,0.00335194915533
1167,289,3,13,0.120316512883,0.0112944729626,0.0281090550125,0.0142142968252,-0.0138947581872
1168,198,2,12,0.0925068035722,0.019381089136,0.0662224292755,0.0248743277043,-0.0413480997086
1169,4297,7,13,0.143200993538,0.0357088521123,0.0870113000274,0.0513360016048,-0.0356752984226
1171,4669,3,7,0.119281075895,0.0259015504271,0.0106867710128,0.0150937782601,0.00440700724721
1172,1334,3,13,0.137649014592,0.0588739663363,0.00456522777677,0.0414647758007,0.0368995480239
1173,969,4,9,0.122622519732,0.0257798396051,0.017186049372,0.0229202043265,0.00573415495455
1174,2846,1,6,0.118378378451,0.0235174316913,0.00651738652959,0.0504475943744,0.0439302064478
1175,4484,3,5,0.283957928419,0.0416380576789,0.902642309666,0.214560031891,-0.688082277775
1176,2358,16,46,0.120051987469,0.0227092821151,0.00171087298077,0.00353619200177,0.00182531902101
1177,6848,19,87,0.11435842514,0.0401637069881,0.198072001338,0.0939817503095,-0.104090251029
1178,8355,2,8,0.0808721482754,0.0245442539454,0.0294435545802,0.0365436337888,0.00710007920861
1179,8145,3,7,0.0860832557082,0.0200260542333,0.00771116744727,0.00902462005615,0.00131345260888
1181,3486,4,12,0.0839100256562,0.0236471649259,0.0922047048807,0.0498570390046,-0.0423476658762
1182,6805,3,10,0.087229155004,0.0327330082655,0.0151485269889,0.0125869214535,-0.00256160553545
1183,5366,2,13,0.105926394463,0.0417260229588,0.0103568779305,0.00873340945691,-0.00162346847355
1184,3447,8,14,0.219737410545,0.0199733301997,0.551439523697,0.0486095733941,-0.502829968929
1185,5323,5,22,0.10953527689,0.0245909951627,0.231532305479,0.0605630166829,-0.170969292521
1186,3716,3,9,0.151379615068,0.0176788736135,0.0393580980599,0.141953036189,0.102594941854
1187,5889,4,5,0.136846721172,0.0413794741035,0.1465600878,0.0288650784642,-0.117695011199
1188,144,3,11,0.0726492851973,0.0182087030262,0.0333011746407,0.0616507045925,0.0283495299518
1189,4168,2,4,0.0873498544097,0.0318073108792,0.0445185154676,0.0390512533486,-0.00546726211905
1190,544,2,6,0.0435639284551,0.0104859303683,0.100187830627,0.0433189868927,-0.0568688437343
1192,7418,5,10,0.143251001835,0.0153855821118,0.121053725481,0.0650688707829,-0.0559848546982
1193,1900,4,9,0.0492015890777,0.0242134332657,0.329006135464,0.422482639551,0.0934765040874
1194,105,4,15,0.0793648809195,0.0098855048418,0.0462527237833,0.053181681782,0.00692895799875
1195,577,10,18,0.197710230947,0.0354380458593,0.0292960144579,0.198126807809,0.168830797076
1196,255,2,9,0.0837396159768,0.0284145046026,0.00921889673918,0.00848221685737,-0.000736679881811
1197,322,11,34,0.0875267758965,0.0170611813664,0.0283356234431,0.0124665135518,-0.0158691108227
1198,3051,8,18,0.0785521268845,0.0196238234639,0.00670681660995,0.0142271630466,0.00752034643665
1199,357,17,24,0.0885822474957,0.0314675606787,0.0948081985116,0.0348663926125,-0.0599418058991
1200,955,3,5,0.142949804664,0.0420278571546,0.0538856349885,0.0506503619254,-0.00323527306318
1201,3088,2,10,0.0428524650633,0.000695656868629,0.0225059911609,0.0342739634216,0.0117679722607
1202,4529,2,5,0.0791140645742,0.0359648652375,0.0171065106988,0.00819626729935,-0.00891024339944
1204,2993,3,10,0.118595771492,0.0100713092834,0.0417545624077,0.0230152215809,-0.0187393408269
1205,171,5,5,0.0782382488251,0.0273509696126,0.0043510440737,0.00352608622052,-0.000824957853183
1206,4037,5,5,0.069900713861,0.0167467556894,0.0439258888364,0.0323623679578,-0.0115635208786
1207,3112,1,7,0.0858398899436,0.0269347410649,0.343266904354,0.123830795288,-0.219436109066
1208,4722,2,4,0.0935152992606,0.0331343449652,0.0144396657124,0.0154753923416,0.0010357266292
1209,748,9,41,0.110826410353,0.0466881543398,0.457684397697,0.232920229435,-0.224764168262
1210,3720,3,38,0.118538618088,0.0186006817967,0.00940553098917,0.0295820683241,0.0201765373349
1211,8153,3,4,0.0603194795549,0.0140636870638,0.0297910086811,0.0277475193143,-0.00204348936677
1212,6201,5,20,0.0959025993943,0.0255948808044,0.0312690511346,0.0135914832354,-0.0176775678992
1213,1113,2,11,0.0427426286042,0.0219244398177,0.0103293517604,0.0328943021595,0.0225649513304
1214,771,11,35,0.0927708148956,0.0209360141307,0.0210899971426,0.0449666231871,0.0238766260445
1215,6153,5,25,0.112446986139,0.0157141536474,0.0424781553447,0.0421620905399,-0.000316064804792
1216,1791,25,95,0.0886459350586,0.0278306938708,0.0685807690024,0.122487850487,0.0539070814848
1217,7734,13,15,0.130033656955,0.0322330370545,0.0843539386988,0.0545239411294,-0.0298299975693
1218,3605,24,79,0.0841890946031,0.0280829370022,0.000465939781861,0.000811004138086,0.000345064356225
1219,5917,9,9,0.142316296697,0.0208549182862,0.0207712426782,0.0260822754353,0.00531103275716
1220,7323,1,20,0.113401420414,0.0315062329173,0.00841838959605,0.00631846906617,-0.00209992052987
1221,7521,2,4,0.0723315402865,0.0107416892424,0.029285736382,0.0181566346437,-0.0111291017383
1222,6157,14,29,0.115071088076,0.0380482487381,0.024104302749,0.0168375838548,-0.00726671889424
1223,2013,31,76,0.0964471325278,0.0263481773436,0.00719653861597,0.00615995982662,-0.00103657878935
1224,7534,5,20,0.189412519336,0.0329644083977,0.0199899114668,0.035084977746,0.0150950662792
1225,8661,2,7,0.108510948718,0.0257395468652,0.00896825455129,0.0139095587656,0.0049413042143
1226,4810,2,7,0.0546447783709,0.0157482679933,0.0442539639771,0.0346322767437,-0.00962168723345
1227,2266,3,15,0.148384183645,0.0369075760245,0.573901951313,0.181277394295,-0.392624557018
1229,5386,2,12,0.105263918638,0.0111514087766,0.0229003913701,0.0266719702631,0.00377157889307
1230,2360,2,6,0.110070288181,0.0239174887538,0.0895700901747,0.0106172012165,-0.0789528861642
1231,2146,2,6,0.244112148881,0.0334998480976,0.563064515591,0.039066798985,-0.523997724056
1232,3916,1,5,0.0973228812218,0.0233053006232,0.010968006216,0.00579716777429,-0.0051708384417
1233,5399,11,42,0.0907029137015,0.0162589102983,0.174245283008,0.0249881688505,-0.149257108569
1234,6158,10,30,0.297352224588,0.0847056284547,0.0150935119018,0.0135466046631,-0.00154690723866
1235,2202,21,71,0.14244183898,0.0250485558063,0.0121244043112,0.00534408725798,-0.0067803170532
1236,2148,1,7,0.135907769203,0.0425024516881,0.0244886409491,0.0118202520534,-0.0126683888957
1237,91,1,7,0.0906967446208,0.00527592375875,0.0287836678326,0.0141531629488,-0.0146305048838
1238,9010,6,21,0.104904510081,0.0355303511024,0.000954641436692,0.00174471957143,0.000790078134742
1239,1586,2,15,0.0741278603673,0.0374498181045,0.00444908067584,0.00390168069862,-0.000547399977222
1240,1390,1,6,0.0653460100293,0.0194729883224,0.0700421705842,0.0328128449619,-0.0372293256223
1242,4059,3,5,0.0752343162894,0.0261841975152,0.00703033665195,0.00491898460314,-0.00211135204881
1243,8179,2,14,0.102862387896,0.0157285761088,0.00517958868295,0.00987429078668,0.00469470210373
1244,2747,8,19,0.0953746140003,0.0150205399841,0.00542560126632,0.00496804015711,-0.000457561109215
1245,7931,3,5,0.0979079827666,0.020887337625,0.0631938353181,0.025741962716,-0.0374518707395
1246,2135,4,22,0.156753659248,0.0314614474773,0.0515131168067,0.0127990879118,-0.0387140288949
1247,4706,3,5,0.127449676394,0.00784046389163,0.00473497016355,0.00988378934562,0.00514881918207
1249,5026,5,8,0.0792572200298,0.0204628147185,0.0515826269984,0.0434141345322,-0.00816849246621
1250,141,3,4,0.280227869749,0.051576692611,0.816663265228,0.143841207027,-0.672822058201
1251,4700,3,7,0.127712413669,0.0206201300025,0.0227162502706,0.0218355003744,-0.000880749896169
1252,6632,5,4,0.0871404781938,0.0297032538801,0.00440316414461,0.00824676081538,0.00384359667078
1253,4262,1,9,0.0847183763981,0.00503350421786,0.0708034262061,0.0717861428857,0.000982716679573
1254,6644,4,18,0.147414937615,0.019159546122,0.0348312444985,0.0464905649424,0.0116593204439
1255,8683,9,40,0.204670011997,0.0301187317818,0.00424248259515,0.000607084308285,-0.00363539834507
1256,6874,12,50,0.0603428333998,0.00979317072779,0.08504524827,0.0339915528893,-0.0510536953807
1257,37,1,8,0.0624129474163,0.014103686437,0.0111333206296,0.0185707118362,0.00743739120662
1258,7862,2,12,0.0408406145871,0.00753634329885,0.00645346427336,0.0048895101063,-0.00156395416707
1259,1569,1,6,0.159486055374,0.102895118296,0.826866865158,0.401434779167,-0.425432085991
1260,4127,2,22,0.117100894451,0.0264730099589,0.0906948149204,0.0335748530924,-0.057119961828
1261,1700,49,148,0.0867707952857,0.043603528291,0.339002758265,0.245075181127,-0.0939275771379
1262,1942,20,39,0.135997503996,0.00658402172849,0.00725307548419,0.0155050642788,0.00825198926032
1263,1241,5,7,0.0946504697204,0.0261245090514,0.0266481209546,0.019318478182,-0.00732964277267
1264,4103,10,39,0.120477885008,0.00975216925144,0.154560938478,0.0365487970412,-0.118012145162
1265,7933,6,6,0.0770839527249,0.00878275558352,0.0084201078862,0.0307641942054,0.0223440863192
1266,405,4,18,0.184053733945,0.0442675724626,0.00330578023568,0.00433618063107,0.00103040039539
1267,1329,11,30,0.0718887746334,0.0318575575948,0.0338424853981,0.023261802271,-0.010580683127
1268,4176,25,37,0.0941207185388,0.021107621491,0.00250447681174,0.00553235225379,0.00302787544206
1269,2908,2,15,0.0814616605639,0.0185125656426,0.030679307878,0.0279055703431,-0.00277373753488
1270,1305,16,27,0.190108895302,0.0231431927532,0.00614092778414,0.0216534752399,0.0155125474557
1271,6303,3,5,0.100856304169,0.0191875975579,0.00498676113784,0.0116113973781,0.0066246362403
1272,964,12,31,0.0909315124154,0.0147820105776,0.0196724962443,0.0183099713176,-0.00136252492666
1273,1564,2,7,0.157271131873,0.0184821672738,0.00570796523243,0.0123880533502,0.00668008811772
1274,2813,5,10,0.111592642963,0.0138715067878,0.132472321391,0.0750022158027,-0.0574701055884
1275,5070,8,14,0.072673663497,0.0390787273645,0.0194604694843,0.0176844764501,-0.00177599303424
1276,4518,4,8,0.0891866087914,0.0208492688835,0.422393709421,0.291785091162,-0.130608618259
1277,5142,7,25,0.100298166275,0.0128589868546,0.0174828022718,0.0190532617271,0.00157045945525
1278,3251,9,27,0.0819205567241,0.0184122566134,0.273667007685,0.210806444287,-0.0628605633974
1279,6532,4,9,0.092997290194,0.0553710386157,0.00859036576003,0.0130587546155,0.00446838885546
1280,1314,2,6,0.0622346363962,0.0151357958093,0.0377843789756,0.0276192631572,-0.0101651158184
1281,9109,2,6,0.0801112949848,0.0167035721242,0.0338219515979,0.0236951615661,-0.0101267900318
1282,164,3,5,0.118395768106,0.0622981525958,0.0468524582684,0.30830129981,0.261448830366
1283,2209,3,11,0.123980998993,0.0102134998888,0.00670983595774,0.0115303443745,0.00482050841674
1284,6778,14,23,0.108441390097,0.0513572469354,0.00520547199994,0.00329803558998,-0.00190743640997
1285,997,1,19,0.0624971427023,0.0300934817642,0.461434602737,0.448415279388,-0.013019323349
1286,483,2,12,0.092338450253,0.00462852185592,0.0338435657322,0.0298672858626,-0.00397627986968
1287,268,3,7,0.0730732157826,0.0307625662535,0.286886751652,0.314591109753,0.0277043581009
1288,4404,1,11,0.0538279525936,0.0116837099195,0.0110092237592,0.0283423159271,0.017333092168
1289,317,3,4,0.11223384738,0.0135538587347,0.296050131321,0.107472658157,-0.188577473164
1290,565,2,7,0.13038764894,0.0320885330439,0.139309927821,0.0239327028394,-0.115377224982
1291,3409,3,4,0.0966729819775,0.0209570005536,0.132874131203,0.0711148828268,-0.0617592483759
1292,3309,2,4,0.175491377711,0.00769454613328,0.00071835424751,0.00703116273507,0.00631280848756
1293,1113,9,37,0.167226910591,0.0277936570346,0.0466992072761,0.114351250231,0.0676520466805
1294,8592,1,12,0.0876053273678,0.0254517607391,0.0069168494083,0.0109759764746,0.00405912706628
1295,4618,3,4,0.0886826813221,0.0455563552678,0.062432743609,0.0323170535266,-0.0301156900823
1296,1451,12,44,0.0708587840199,0.0243721697479,0.477384835482,0.375358581543,-0.102026253939
1297,1295,5,11,0.0793840959668,0.0118244094774,0.00294155650772,0.00436885701492,0.0014273005072
1298,1131,2,4,0.112415254116,0.0170047264546,0.329021930695,0.124694786966,-0.204327136278
1299,375,6,24,0.0425531081855,0.00646793609485,0.0610030591488,0.0611033923924,0.000100333243608
1300,5514,2,3,0.0852895379066,0.00825501885265,0.198819041252,0.0479418672621,-0.150877177715
1301,2432,2,12,0.0567931048572,0.00445088697597,0.00904764793813,0.0045050974004,-0.00454255053774
1302,1556,2,5,0.0676518380642,0.00803971663117,0.0100250411779,0.011168195866,0.00114315468818
1303,4265,1,13,0.0945175290108,0.0177992582321,0.011976246722,0.00976796727628,-0.00220827944577
1304,3257,3,8,0.0731386393309,0.0153715014458,0.00312198139727,0.00829690787941,0.00517492648214
1305,3944,3,8,0.123048178852,0.0537090376019,0.00218382105231,0.00222442043014,4.05993778259e-05
1306,5936,1,10,0.0735780671239,0.00888053700328,0.0522838979959,0.0468466579914,-0.00543724000454
1307,380,2,8,0.0706278681755,0.0123784430325,0.0211324710399,0.019048564136,-0.00208390690386
1308,4048,9,18,0.110784560442,0.0124424546957,0.129310205579,0.198260650039,0.0689504444599
1309,2226,1,6,0.107944995165,0.0153816463426,0.0857351794839,0.0408107973635,-0.0449243821204
1310,8593,6,11,0.151077851653,0.040487524122,0.0162096340209,0.00984785426408,-0.00636177975684
1311,5024,6,11,0.0968853011727,0.0272524878383,0.00460040429607,0.0232194587588,0.0186190549284
1312,6204,4,7,0.0773737430573,0.00510141253471,0.107588484883,0.109030455351,0.00144197046757
1313,5065,3,16,0.0878317132592,0.0363535508513,0.0140712475404,0.0157456304878,0.00167438294739
1314,2155,1,10,0.0713042393327,0.00422202749178,0.0149349514395,0.00522349169478,-0.00971145927906
1315,1547,7,13,0.0817843750119,0.0323977470398,0.225172147155,0.086749650538,-0.138422489166
1316,4304,7,25,0.0356479845941,0.00458226259798,0.0148575007915,0.0103542441502,-0.00450325664133
1317,1101,4,8,0.0718080475926,0.0275224559009,0.0043169609271,0.00484947208315,0.000532511156052
1318,6231,1,8,0.0873429700732,0.0223336871713,0.0491279512644,0.0350493304431,-0.0140786208212
1319,8072,2,18,0.126423999667,0.0330089069903,0.00160221662372,0.014218300581,0.0126160839573
1320,6593,7,11,0.266838729382,0.13078507781,0.948132812977,0.336805105209,-0.611327707767
1321,5058,3,5,0.0638195648789,0.0263948738575,0.00799858570099,0.0105940364301,0.00259545072913
1322,2809,9,8,0.0796801224351,0.0278528630733,0.00527809653431,0.0552883595228,0.0500102639198
1323,4334,2,6,0.166344955564,0.120028175414,0.0268090348691,0.0251294076443,-0.0016796272248
1324,5521,4,1,0.0735844001174,0.00829968694597,0.0216267593205,0.0239288061857,0.00230204686522
1325,7582,1,5,0.136106804013,0.039742488414,0.0316041558981,0.0113724516705,-0.0202317051589
1326,6593,6,12,0.0933782085776,0.0146908462048,0.0508293509483,0.0102163730189,-0.0406129769981
1327,4250,4,6,0.104874573648,0.0163916051388,0.0268326662481,0.0354710966349,0.00863843038678
1328,2655,21,66,0.0874515548348,0.0254273246974,0.0201600380242,0.00594247644767,-0.0142175611109
1329,4408,24,62,0.0978046134114,0.0224385149777,0.000556393293664,0.000936732860282,0.000380339566618
1330,9189,2,8,0.0698064640164,0.0161566138268,0.0222246497869,0.0110558224842,-0.0111688273028
1331,3650,12,21,0.0604858212173,0.0114129418507,0.0240252781659,0.0363875888288,0.0123623106629
1332,6551,8,24,0.0722508504987,0.0222723241895,0.0470452085137,0.0808994844556,0.0338542759418
1333,6671,4,11,0.150806546211,0.0454285889864,0.0249215364456,0.0698119774461,0.0448904410005
1334,7023,35,116,0.09833612293,0.0172700639814,0.418830603361,0.166992619634,-0.251837968826
1335,6975,1,4,0.0780112743378,0.0318443663418,0.0234235711396,0.0269044488668,0.00348087772727
1336,7728,3,15,0.139866888523,0.0380852036178,0.0666747093201,0.0328253246844,-0.0338493846357
1337,3378,2,9,0.0575788319111,0.0218714829534,0.061589602381,0.0579125843942,-0.00367701798677
1338,2736,14,47,0.0732637569308,0.028299767524,0.0994818881154,0.0446938984096,-0.0547879897058
1339,3101,7,7,0.0761556625366,0.0161837432534,0.0717890486121,0.0615111887455,-0.0102778598666
1340,2395,2,6,0.0950902327895,0.0377910025418,0.00427288422361,0.00464750779793,0.000374623574317
1341,5800,8,45,0.0574575774372,0.00591289391741,0.0626525580883,0.0466147102416,-0.0160378478467
1342,6096,2,8,0.100617654622,0.0035679473076,0.00978466309607,0.0341128334403,0.0243281703442
1343,7307,7,9,0.129248961806,0.0336892493069,0.00388043932617,0.00553773576394,0.00165729643777
1344,3170,9,46,0.117248766124,0.0426727756858,0.0149884298444,0.0822086632252,0.0672202333808
1345,1988,6,19,0.0516901798546,0.0153718274087,0.00630781287327,0.00712558114901,0.000817768275738
1346,3425,6,29,0.0956015214324,0.0239073242992,0.0235231686383,0.0411185920238,0.0175954233855
1347,1710,8,23,0.105099104345,0.0176346711814,0.0800160467625,0.0966631174088,0.0166470706463
1348,3895,33,100,0.10162499547,0.00148630316835,0.00320118083619,0.00256362906657,-0.000637551769614
1349,4822,6,17,0.198218226433,0.0432664342225,0.00232236483134,0.00316709186882,0.000844727037475
1350,7452,1,15,0.0782470479608,0.00682867923751,0.039035718888,0.051729042083,0.012693323195
1351,5224,2,7,0.0697896853089,0.0143018728122,0.0552114658058,0.0419236160815,-0.0132878497243
1352,9050,6,4,0.076155371964,0.0108602494001,0.0845838859677,0.0152925401926,-0.0692913457751
1353,1729,2,5,0.0569473803043,0.0134080741554,0.0738482326269,0.0619001686573,-0.0119480639696
1354,6096,7,11,0.0737519562244,0.0215825531632,0.0300953648984,0.049730990082,0.0196356251836
1355,6904,1,8,0.0784827321768,0.01944751665,0.0709903091192,0.0602652616799,-0.0107250474393
1356,5638,6,23,0.071974016726,0.023024648428,0.0634381920099,0.0492067486048,-0.0142314434052
1357,3705,2,11,0.108772091568,0.0342988520861,0.0700513869524,0.0407142452896,-0.0293371416628
1358,4492,2,6,0.0731328129768,0.0208332259208,0.0183373652399,0.0258449167013,0.00750755146146
1359,791,11,21,0.183252766728,0.0699081197381,0.239739909768,0.0554496757686,-0.184290230274
1360,8020,1,4,0.108313761652,0.0313988812268,0.0863794609904,0.021650230512,-0.0647292286158
1361,3091,4,23,0.0831502750516,0.0583904720843,0.227414354682,0.177390098572,-0.0500242561102
1362,2996,3,4,0.0741524025798,0.0273446701467,0.0314935594797,0.0177171062678,-0.0137764532119
1363,8589,5,7,0.045370221138,0.00753194000572,0.00579287530854,0.0180633254349,0.012270450592
1364,74,3,4,0.109636805952,0.0160096623003,0.0372503064573,0.115810640156,0.0785603374243
1365,1336,7,20,0.153151005507,0.0788869634271,0.133395552635,0.0750552490354,-0.0583403035998
1366,438,3,6,0.175298377872,0.0415690205991,0.361382097006,0.0607829503715,-0.30059915781
1368,9018,17,64,0.139613702893,0.0409222617745,0.0168164670467,0.0312783233821,0.0144618563354
1369,780,4,9,0.164746284485,0.0848029702902,0.0334108062088,0.177769169211,0.144358366728
1370,1123,1,10,0.0805838927627,0.0482402965426,0.0749877542257,0.110393606126,0.0354058519006
1371,8412,42,98,0.124807953835,0.0199352446944,0.0192773118615,0.0148213701323,-0.00445594172925
1372,5791,1,7,0.120824061334,0.020632635802,0.089400395751,0.0303662065417,-0.059034191072
1373,4903,14,43,0.0800473988056,0.00687306374311,0.0790555477142,0.112412475049,0.0333569273353
1374,8155,1,6,0.0826164707541,0.0354896523058,0.0876031219959,0.0521865785122,-0.0354165434837
1375,5831,2,5,0.112161695957,0.0254854671657,0.0194201804698,0.0197887476534,0.000368567183614
1376,1880,7,18,0.0692714527249,0.0034490940161,0.00511254230514,0.0154457865283,0.0103332437575
1377,4690,12,17,0.0899875387549,0.00927834771574,0.00276133301668,0.00115445547272,-0.00160687754396
1378,4204,1,10,0.0791901871562,0.0244145859033,0.0422933697701,0.0875351950526,0.0452418252826
1379,1786,9,23,0.114742584527,0.0483443923295,0.100816570222,0.282042771578,0.181226193905
1380,5884,5,11,0.145106896758,0.0178031809628,0.030807396397,0.014399218373,-0.0164081789553
1381,8021,21,54,0.146450519562,0.0977330729365,0.00197134399787,0.00202304497361,5.17009757459e-05
1382,8579,2,3,0.0879520773888,0.012224489823,0.00521767884493,0.00749364867806,0.00227596983314
1383,7605,2,11,0.185180440545,0.0325770527124,0.00795243028551,0.0232575703412,0.0153051400557
1384,1786,2,10,0.0735822841525,0.013112494722,0.0293013006449,0.0379081815481,0.00860688090324
1385,4398,3,8,0.0691776499152,0.0178257133812,0.204989075661,0.0722808241844,-0.132708251476
1386,8124,4,7,0.0642147734761,0.0248105470091,0.00775257730857,0.00639447197318,-0.00135810533538
1387,7605,1,7,0.0762255191803,0.00940406974405,0.0127055430785,0.0201282259077,0.0074226828292
1388,7605,2,4,0.075362123549,0.018332798034,0.0346041060984,0.023862361908,-0.0107417441905
1389,4250,3,6,0.116620391607,0.0367363207042,0.0268134847283,0.00835456699133,-0.018458917737
1390,2835,1,4,0.0478811152279,0.0297661628574,0.0134548917413,0.0214397776872,0.00798488594592
1391,8940,3,6,0.0948531627655,0.0354267694056,0.118455313146,0.0315751284361,-0.08688018471
1392,3244,2,8,0.0565289258957,0.00487137865275,0.171219065785,0.0987349376082,-0.0724841281772
1393,7136,9,28,0.0595420710742,0.0179123692214,0.00461105396971,0.00461222371086,1.16974115372e-06
1394,5646,4,5,0.126122578979,0.0213142950088,0.11919041723,0.0480142980814,-0.0711761191487
1395,3589,5,16,0.0824721232057,0.0215455405414,0.0073031145148,0.0112768514082,0.00397373689339
1396,1358,2,8,0.0867992043495,0.0238565206528,0.0235128328204,0.00762719800696,-0.0158856343478
1397,1364,4,5,0.0829173773527,0.0190079323947,0.0470379851758,0.037272810936,-0.00976517423987
1398,222,4,3,0.0456490851939,0.00422673951834,0.00788124650717,0.0246697496623,0.0167885031551
1399,4107,3,7,0.0801097974181,0.0222616065294,0.00586096150801,0.00954248849303,0.00368152698502
1400,4269,2,3,0.0763054192066,0.0229217689484,0.107823692262,0.0513747483492,-0.056448943913
1401,6,4,10,0.107037313282,0.0298831928521,0.0295660831034,0.0152367986739,-0.0143292844296
1402,4905,2,5,0.0574704408646,0.0111424485222,0.00782180763781,0.0110775483772,0.00325574073941
1403,4564,4,10,0.105352215469,0.0168783999979,0.13266120851,0.0586720220745,-0.0739891827106
1404,3225,3,5,0.0850950106978,0.0361676104367,0.158879175782,0.0651355087757,-0.0937436670065
1405,6485,3,9,0.105200558901,0.026939433068,0.104920223355,0.0540226995945,-0.0508975237608
1406,7113,9,15,0.134430959821,0.0456021688879,0.0107955196872,0.00817307829857,-0.00262244138867
1408,941,4,3,0.0849160477519,0.0109445629641,0.121543489397,0.203341349959,0.0817978605628
1409,927,2,9,0.183545723557,0.0666354075074,0.000470714294352,0.00116804800928,0.000697333714925
1410,248,5,8,0.0649356022477,0.00624943850562,0.203615739942,0.124768137932,-0.0788476020098
1411,7113,2,7,0.0608813017607,0.00422596838325,0.0403827317059,0.0484393201768,0.00805658847094
1412,2737,2,13,0.0975904092193,0.0357844606042,0.0439270660281,0.00980163831264,-0.0341254286468
1413,4554,3,8,0.0711802467704,0.0116355251521,0.0352525562048,0.0157167371362,-0.0195358190686
1414,4004,1,5,0.126432985067,0.0533752553165,0.0399157963693,0.0188768599182,-0.0210389364511
1415,1448,3,7,0.113573156297,0.0241978801787,0.0403484627604,0.0676912665367,0.0273428037763
1416,771,6,11,0.121242284775,0.0870249420404,0.598210155964,0.332050979137,-0.266159176826
1417,7113,1,6,0.0659039020538,0.0232228040695,0.0315735898912,0.0117450878024,-0.0198285020888
1418,128,5,9,0.107065707445,0.0172909479588,0.00598356127739,0.0173873808235,0.0114038195461
1419,7113,4,5,0.175373867154,0.119605951011,0.012908465229,0.0221397485584,0.00923128332943
1420,274,2,8,0.0733233913779,0.0188906025141,0.094710893929,0.12524177134,0.0305308774114
1421,8663,4,16,0.064089037478,0.013040847145,0.0182954631746,0.0481560491025,0.029860585928
1422,466,3,11,0.0770869776607,0.00317881279625,0.0228409506381,0.0500281862915,0.0271872356534
1424,1033,1,4,0.0715858861804,0.0289534721524,0.151114657521,0.0941702798009,-0.0569443777204
1425,7156,3,8,0.118853412569,0.0230310074985,0.0055085727945,0.0052911224775,-0.000217450316995
1426,5569,1,7,0.0797920450568,0.0345217399299,0.0030037262477,0.00673652952537,0.00373280327767
1427,4123,2,3,0.0841787084937,0.0163231957704,0.00914518535137,0.0402838513255,0.0311386659741
1428,7118,3,6,0.153413042426,0.0480410084128,0.115666590631,0.0944180265069,-0.0212485641241
1429,2316,5,14,0.0617692805827,0.0199209842831,0.022289795801,0.0226446520537,0.00035485625267
1430,788,1,5,0.0839457735419,0.00514182681218,0.134136036038,0.0592885911465,-0.0748474448919
1431,268,1,5,0.0655006617308,0.0138026019558,0.21051248908,0.102304749191,-0.10820773989
1432,2972,15,52,0.0797175243497,0.0197297371924,0.0492575727403,0.0273944064975,-0.0218631662428
1433,458,2,8,0.0520554073155,0.0273341517895,0.0389137677848,0.0319156087935,-0.00699815899134
1434,2852,4,19,0.108897127211,0.0314457677305,0.0244529619813,0.0272578876466,0.00280492566526
1435,576,34,47,0.0596872270107,0.0125598367304,0.329833954573,0.254182606936,-0.0756513476372
1436,2737,7,22,0.200315654278,0.085426568985,0.0151587715372,0.0561479814351,0.0409892089665
1437,404,16,51,0.0859866738319,0.00898223090917,0.653350830078,0.346175342798,-0.30717548728
1438,981,1,6,0.0522144138813,0.0191414859146,0.0114736696705,0.0206754151732,0.00920174550265
1439,208,7,23,0.108010537922,0.0338897667825,0.183951988816,0.110005147755,-0.0739468410611
1440,2782,9,14,0.102390415967,0.00961802527308,0.221652120352,0.0480359233916,-0.173616200686
1441,1128,4,15,0.282152235508,0.0654930844903,0.000245183327934,0.00945350248367,0.00920831877738
1442,527,7,14,0.0570152588189,0.012246126309,0.100584611297,0.0602188296616,-0.040365781635
1443,131,4,5,0.081283532083,0.00679274927825,0.55602824688,0.310199201107,-0.245829045773
1445,2933,6,9,0.0869475901127,0.0107114091516,0.0256834849715,0.051014855504,0.0253313705325
1446,577,3,22,0.0586706846952,0.0111589226872,0.529364705086,0.461215019226,-0.0681496858597
1447,2678,4,10,0.119112037122,0.0391527451575,0.0104049164802,0.00680038379505,-0.00360453268513
1448,437,1,11,0.0892481580377,0.0434575974941,0.143842190504,0.0790216848254,-0.0648205056787
1449,131,3,4,0.074979133904,0.0255973357707,0.443169802427,0.362032979727,-0.0811368227005
1451,9251,1,7,0.106557868421,0.0147498119622,0.00251896353438,0.00770742585883,0.00518846232444
1452,7238,6,12,0.126906976104,0.0312023404986,0.00811940897256,0.0239827428013,0.0158633328974
1453,513,5,20,0.0918624326587,0.031107114628,0.00996907241642,0.0204358920455,0.0104668196291
1454,483,3,11,0.0759046599269,0.022311553359,0.0233490690589,0.0305167343467,0.00716766528785
1455,1092,7,9,0.050957608968,0.0152026405558,0.0813835710287,0.0893548950553,0.00797132402658
1456,205,7,5,0.122473575175,0.0274033229798,0.0108127230778,0.015170302242,0.00435757916421
1457,3002,5,9,0.131663307548,0.0145152071491,0.378810077906,0.0547696761787,-0.324040412903
1458,3983,4,9,0.0742973163724,0.0101317903027,0.0064061046578,0.00602993974462,-0.000376164913177
1459,8761,2,4,0.0936576128006,0.0267432034016,0.102006733418,0.0174987185746,-0.0845080167055
1460,577,1,5,0.0927052423358,0.0607525892556,0.175847798586,0.146000161767,-0.0298476368189
1461,5546,5,13,0.142279788852,0.0588719733059,0.0456312075257,0.0593906156719,0.0137594081461
1462,6919,6,11,0.0630049780011,0.00344226905145,0.0447451360524,0.0647897794843,0.0200446434319
1463,8580,2,2,0.0965015813708,0.0179070327431,0.0142010636628,0.00862246286124,-0.00557860080153
1465,3240,7,7,0.093639023602,0.0272663421929,0.220399141312,0.074958615005,-0.145440518856
1466,3256,5,11,0.117238201201,0.0213177464902,0.327893167734,0.0731354728341,-0.254757702351
1467,3954,1,5,0.0632758960128,0.0111618218943,0.0257893316448,0.022650944069,-0.00313838757575
1468,2820,3,8,0.145143985748,0.0282165016979,0.0433401465416,0.128872677684,0.0855325311422
1469,4382,2,3,0.0405156724155,0.0222798250616,0.00445712031797,0.0124636748806,0.00800655409694
1470,2068,5,9,0.2056093961,0.040322303772,0.426721930504,0.0445191450417,-0.382202774286
1471,1917,2,15,0.0985079482198,0.0203909035772,0.0124734425917,0.0347358621657,0.0222624205053
1472,6411,35,88,0.258755534887,0.0685331001878,0.0135927209631,0.0195704530925,0.0059777321294
1473,4186,3,13,0.110787242651,0.00477646430954,0.456918805838,0.149445593357,-0.307473212481
1474,7590,11,30,0.10502910614,0.0225864090025,0.0614916346967,0.0286731589586,-0.0328184738755
1475,6145,5,16,0.0618400685489,0.0135663934052,0.00444894237444,0.0183233935386,0.0138744506985
1476,7590,2,11,0.105209380388,0.015588151291,0.0331029929221,0.0139556564391,-0.019147336483
1477,5416,5,16,0.119114786386,0.0237971171737,0.128713458776,0.0654676929116,-0.0632457658648
1479,3806,7,19,0.103992134333,0.00816212594509,0.0125017901883,0.0148743437603,0.00237255357206
1480,1906,1,4,0.0685174539685,0.0460136160254,0.0513719916344,0.041254658252,-0.0101173333824
1481,6050,15,43,0.0911682844162,0.00741840852425,0.0538891218603,0.0526841394603,-0.00120498239994
1482,6931,3,15,0.0800155773759,0.0596366785467,0.00401748018339,0.00603000679985,0.00201252661645
1483,1799,1,6,0.0558836646378,0.00345182674937,0.0314609743655,0.0467853248119,0.0153243504465
1484,7301,8,38,0.113600693643,0.0067924070172,0.0207653511316,0.0484599657357,0.0276946146041
1485,7742,6,13,0.10446395725,0.0187955833972,0.209206596017,0.0589320957661,-0.150274500251
1486,1746,7,14,0.071476906538,0.017506852746,0.0121320476755,0.0266558844596,0.0145238367841
1487,1237,12,25,0.101615138352,0.0413298159838,0.0167879853398,0.0221614670008,0.00537348166108
1488,6894,22,58,0.0551003403962,0.0211033076048,0.0418997444212,0.0387950241566,-0.00310472026467
1489,7279,1,6,0.100330583751,0.0146023668349,0.163154542446,0.0904921293259,-0.0726624131203
1490,1575,5,5,0.0964514985681,0.00934700202197,0.0382679328322,0.0268885716796,-0.0113793611526
1491,1102,1,13,0.123368799686,0.0163702555001,0.00201332452707,0.00653301598504,0.0045196916908
1492,7385,7,26,0.09852553159,0.0263880547136,0.0188209824264,0.0431677550077,0.0243467725813
1493,6470,2,11,0.0670511052012,0.00603689067066,0.0552626252174,0.0429820567369,-0.0122805684805
1494,6215,4,4,0.0510510019958,0.0090104797855,0.0185446478426,0.0185111835599,-3.34642827511e-05
1495,2749,1,9,0.0851991549134,0.01450283546,0.0066862758249,0.0235727634281,0.0168864876032
1496,3088,2,16,0.0982148870826,0.028994044289,0.0550307333469,0.026894941926,-0.0281357914209
1497,7188,10,19,0.0829745829105,0.029537525028,0.159342736006,0.0765812471509,-0.0827614888549
1499,3199,2,4,0.109387487173,0.00325423851609,0.0080481916666,0.00844379793853,0.000395606271923
1500,6290,2,6,0.099641084671,0.018638946116,0.0156386177987,0.0250756051391,0.00943698734045
1501,6322,2,3,0.14795024693,0.0570694729686,0.00651548663154,0.00970082450658,0.00318533787504
1502,732,2,4,0.161059185863,0.0429932996631,0.699666023254,0.259975671768,-0.439690351486
1503,667,3,16,0.0112415617332,0.00798653159291,0.97926980257,0.925687074661,-0.0535827279091
1504,618,3,4,0.137013927102,0.0185765586793,0.425072073936,0.117364145815,-0.307707935572
1505,666,3,7,0.0443709231913,0.0357978716493,0.811470448971,0.603926002979,-0.207544445992
1506,721,7,9,0.0869250297546,0.071048386395,0.417170256376,0.325763732195,-0.0914065241814
1508,729,3,2,0.0670011714101,0.0105065824464,0.0811230540276,0.0822779536247,0.00115489959717
1509,627,5,11,0.142550826073,0.0226417407393,0.0670672878623,0.221958100796,0.154890805483
1510,720,1,8,0.195146977901,0.0322328023612,0.127308741212,0.322157979012,0.1948492378
1511,621,7,10,0.134107604623,0.0407434254885,0.84919321537,0.437692075968,-0.411501139402
1513,698,6,17,0.237331390381,0.0838335603476,0.971249401569,0.404653817415,-0.566595554352
1514,679,12,28,0.0744812563062,0.0323438681662,0.105852559209,0.183639153838,0.0777865946293
1516,720,4,2,0.129861742258,0.0198764335364,0.300926148891,0.0795270204544,-0.221399128437
1518,5965,3,4,0.12210059166,0.025587072596,0.0459153093398,0.0406539216638,-0.005261387676
1521,4484,2,14,0.120869167149,0.0503596812487,0.274235188961,0.0715313628316,-0.20270383358
1522,2877,13,15,0.0944480225444,0.028846796602,0.0103433523327,0.0076627805829,-0.00268057174981
1524,5237,2,14,0.0766867771745,0.0244435798377,0.0100243063644,0.00995572656393,-6.8579800427e-05
1525,2370,4,4,0.0596384964883,0.0180761795491,0.00449278904125,0.00835346058011,0.00386067153886
1526,3970,6,13,0.165407344699,0.0134021863341,0.25700840354,0.0257584210485,-0.231249988079
1527,1198,4,11,0.0735140144825,0.0454769730568,0.0554185733199,0.0311100706458,-0.0243085026741
1528,3950,2,10,0.0835595205426,0.0183397438377,0.0468802526593,0.025557346642,-0.0213229060173
1529,1521,4,17,0.0641172006726,0.00897613726556,0.00828701816499,0.00232240464538,-0.00596461351961
1530,1382,2,8,0.147621616721,0.00720809400082,0.0321998484433,0.103338003159,0.0711381584406
1531,4356,5,10,0.129089534283,0.0758863165975,0.0128749571741,0.0169297289103,0.00405477173626
1532,7178,2,5,0.0978158935905,0.0297029968351,0.00990127585828,0.00754779344425,-0.00235348241404
1533,1894,18,70,0.0735070630908,0.0038504791446,0.165607765317,0.0807101428509,-0.0848976224661
1534,2079,6,22,0.112300612032,0.0271673649549,0.010120883584,0.00970741547644,-0.000413468107581
1535,2484,3,7,0.0782072618604,0.0197846889496,0.00664305966347,0.00814281124622,0.00149975158274
1536,7569,6,13,0.167745903134,0.0112052299082,0.00088501063874,0.00272783939727,0.00184282870032
1537,1844,8,19,0.0751541554928,0.024846829474,0.207627981901,0.128710880876,-0.0789171010256
1538,2108,6,19,0.100665569305,0.00445671565831,0.0788769721985,0.046675760299,-0.0322012118995
1539,990,9,14,0.0800994858146,0.034629881382,0.0153989121318,0.0140125900507,-0.00138632208109
1540,1770,10,29,0.0753232091665,0.00812564510852,0.0414885394275,0.0278197005391,-0.0136688388884
1541,2484,4,16,0.0737536549568,0.00924262031913,0.0280882623047,0.0357451364398,0.00765687413514
1542,702,2,8,0.0925868079066,0.0121914958581,0.0196585170925,0.0075112185441,-0.0121472980827
1543,5314,11,28,0.116155676544,0.0547027736902,0.0229475852102,0.024490384385,0.00154279917479
1544,8204,9,23,0.122518159449,0.0397219061852,0.0549102909863,0.0302893128246,-0.0246209781617
1545,5509,4,21,0.0855692923069,0.0503748171031,0.0415399521589,0.0243973378092,-0.0171426143497
1546,6168,2,11,0.141292348504,0.0242212694138,0.010252404958,0.0202592238784,0.0100068189204
1547,8418,6,9,0.137411296368,0.0481908991933,0.00574991991743,0.0295344833285,0.0237845629454
1548,1788,2,7,0.0997690185905,0.0242570415139,0.00170871091541,0.00406046025455,0.00235174922273
1549,7525,2,6,0.119798779488,0.0293827876449,0.0136615009978,0.0159260872751,0.00226458627731
1550,4945,2,8,0.0783171728253,0.0363988801837,0.00218783621676,0.00330144166946,0.0011136054527
1551,5354,20,49,0.0668766722083,0.0134519878775,0.0112459557131,0.0169509202242,0.0057049645111
1552,5605,22,47,0.0980302095413,0.0542967841029,0.0071109845303,0.00274448352866,-0.00436650123447
1553,8535,11,25,0.127371922135,0.0316559821367,0.0387367270887,0.0794398486614,0.0407031215727
1554,912,4,10,0.102850176394,0.035084400326,0.224573910236,0.217961266637,-0.00661264359951
1555,3356,6,21,0.072300709784,0.02078984119,0.0373258702457,0.0996510982513,0.0623252280056
1556,5056,1,4,0.0756803378463,0.018921919167,0.0962766185403,0.0344139188528,-0.0618626996875
1557,3220,2,32,0.0852786898613,0.0149568365887,0.0183288697153,0.0201447624713,0.00181589275599
1558,5815,5,12,0.0719687566161,0.00749295111746,0.0180849023163,0.0291840042919,0.0110991019756
1559,3090,5,11,0.0691491514444,0.0173927843571,0.166362226009,0.0792897716165,-0.0870724543929
1560,6631,6,3,0.0940878465772,0.0213408004493,0.0776623785496,0.0247082933784,-0.0529540851712
1561,2165,5,12,0.104720421135,0.0130731761456,0.0216234903783,0.0188190024346,-0.00280448794365
1562,1631,1,18,0.149474918842,0.0647808164358,0.0267067011446,0.0467434041202,0.0200367029756
1563,2664,22,37,0.130142644048,0.0174758378416,0.0072693740949,0.0191732216626,0.0119038475677
1564,6396,1,7,0.0605261474848,0.0225929450244,0.135612919927,0.0665365383029,-0.0690763816237
1566,6641,3,6,0.10720294714,0.0122565599158,0.047079551965,0.0219854358584,-0.0250941161066
1567,6514,2,5,0.0726580694318,0.0189977139235,0.00664072437212,0.00869258865714,0.00205186428502
1568,4116,26,68,0.102581225336,0.0170559957623,0.0479614548385,0.0441897548735,-0.003771699965
1569,8140,5,11,0.0903198048472,0.00712001975626,0.0207199957222,0.0391473770142,0.018427381292
1570,4741,6,10,0.122498214245,0.0409104935825,0.018733009696,0.0350309573114,0.0162979476154
1571,1519,2,3,0.125016391277,0.0176354628056,0.0153502495959,0.0261311624199,0.010780912824
1572,7409,5,30,0.0960797592998,0.0202242229134,0.00186521012802,0.00323607376777,0.00137086363975
1573,9023,5,10,0.0920523703098,0.0410254336894,0.013276392594,0.0107055967674,-0.00257079582661
1574,4071,1,5,0.083244048059,0.0249936450273,0.0858921557665,0.0903191789985,0.00442702323198
1575,7117,3,10,0.0942295566201,0.0230837780982,0.0990157574415,0.0507071129978,-0.0483086444438
1576,937,9,12,0.112313039601,0.00615570647642,0.0386742427945,0.0325037240982,-0.00617051869631
1577,1437,2,4,0.0623297356069,0.00647560786456,0.0536889210343,0.0483679361641,-0.0053209848702
1578,3201,1,11,0.244646266103,0.0140119232237,0.534520208836,0.0387152135372,-0.495804995298
1579,1127,2,2,0.0593819133937,0.0166570004076,0.0565775968134,0.0509473085403,-0.0056302882731
1580,7608,6,37,0.103280000389,0.0350147411227,0.101110771298,0.0573700778186,-0.0437406934798
1581,7988,4,8,0.133174464107,0.0374409779906,0.00947444234043,0.0127533636987,0.00327892135829
1582,127,2,6,0.122692644596,0.020545039326,0.0147052137181,0.0285625103861,0.013857296668
1584,2847,7,11,0.0905984565616,0.00649200053886,0.0524289533496,0.0373359583318,-0.0150929950178
1585,303,3,17,0.136665359139,0.0117816040292,0.00648385565728,0.0213783774525,0.0148945217952
1586,392,2,9,0.100170828402,0.0236959699541,0.00487957522273,0.00676599144936,0.00188641622663
1587,1152,3,3,0.0633468553424,0.00927729345858,0.00996908824891,0.0147295445204,0.00476045627147
1588,1290,13,19,0.120318852365,0.0337798297405,0.0491938889027,0.0281209647655,-0.0210729241371
1589,3507,5,33,0.090045593679,0.027406161651,0.00799495913088,0.0106731420383,0.0026781829074
1590,1088,4,11,0.119696103036,0.0406601801515,0.0500410869718,0.053144376725,0.0031032897532
1591,3215,8,21,0.0943040475249,0.0035418800544,0.201361045241,0.0827531516552,-0.118607893586
1592,2659,3,9,0.0595333576202,0.028655031696,0.126694381237,0.0603547394276,-0.0663396418095
1593,6784,2,10,0.119019769132,0.0770329087973,0.0725045278668,0.0205309912562,-0.0519735366106
1594,4092,4,29,0.107864744961,0.0310024656355,0.00838398840278,0.00587643263862,-0.00250755576417
1596,5168,5,4,0.194876119494,0.0632527768612,0.00109727785457,0.00515253888443,0.00405526114628
1597,43,1,5,0.086371563375,0.0154569353908,0.148732200265,0.0263216216117,-0.122410580516
1598,3374,2,6,0.096408508718,0.00887888483703,0.259848743677,0.0751919075847,-0.184656828642
1599,1004,3,5,0.0486918278039,0.0153260547668,0.029872700572,0.0125047378242,-0.0173679627478
1600,3595,12,19,0.0434812568128,0.00486738653854,0.0101847546175,0.011907029897,0.00172227527946
1601,461,2,4,0.0737210735679,0.0132592469454,0.00690310960636,0.00678714737296,-0.000115962233394
1602,4452,2,6,0.145786374807,0.0809145346284,0.0134676592425,0.16787147522,0.154403820634
1603,5666,15,40,0.0935999751091,0.0513066761196,0.00885329116136,0.013131278567,0.00427798740566
1604,3517,2,4,0.102085672319,0.00709564890712,0.00674322154373,0.0117272622883,0.0049840407446
1605,2850,1,4,0.0665681734681,0.0184489171952,0.00525764422491,0.0116906017065,0.00643295748159
1606,3517,1,4,0.0826049596071,0.016891349107,0.00628743274137,0.0133402086794,0.00705277593806
1607,3866,12,42,0.105074457824,0.0405606739223,0.0188742745668,0.0209337864071,0.00205951184034
1609,771,4,7,0.1542840451,0.0712866708636,0.0200680755079,0.319006443024,0.298938363791
1611,2229,14,23,0.0786263942719,0.0154511798173,0.00233738543466,0.00334059819579,0.00100321276113
1612,1125,5,21,0.0916128382087,0.0154601279646,0.016172984615,0.0213252902031,0.00515230558813
1613,2413,2,5,0.125457629561,0.0547433122993,0.1222191751,0.0382213294506,-0.0839978456497
1614,8313,6,20,0.247298359871,0.0969611629844,0.959017217159,0.383642107248,-0.575375080109
1615,648,3,6,0.192536473274,0.0344058051705,0.764560103416,0.238457128406,-0.52610296011
1616,5921,1,3,0.0509316138923,0.0154423844069,0.0145344417542,0.00539206899703,-0.0091423727572
1617,4557,6,5,0.155350610614,0.0403737537563,0.0513317734003,0.044700179249,-0.00663159415126
1619,6971,2,5,0.105229318142,0.0352654494345,0.779389500618,0.442812919617,-0.336576581001
1620,715,2,3,0.0286446865648,0.00544441118836,0.673102140427,0.718635261059,0.0455331206322
1621,164,1,2,0.0776544958353,0.0265144631267,0.0428963936865,0.0205863211304,-0.0223100725561
1622,2653,9,10,0.212627485394,0.0442917644978,0.520745813847,0.0799814909697,-0.440764307976
1623,4102,5,27,0.103454887867,0.0619371011853,0.121449463069,0.0876852199435,-0.0337642431259
1624,4344,2,13,0.108865953982,0.0304079912603,0.0287652630359,0.0573304891586,0.0285652261227
1626,7178,2,4,0.0626101717353,0.0065274098888,0.00779919978231,0.00877627078444,0.000977071002126
1627,296,7,19,0.12366438657,0.0874136090279,0.147606909275,0.0551842488348,-0.0924226641655
1628,464,9,56,0.105428755283,0.0286969766021,0.443973749876,0.188147142529,-0.255826592445
1629,512,13,30,0.0873782858253,0.0309643205255,0.195430606604,0.226323843002,0.0308932363987
1630,268,4,6,0.108080528677,0.0164991747588,0.00854805577546,0.0180120486766,0.00946399290115
1631,7288,8,18,0.145711511374,0.0272737368941,0.0799318999052,0.0595441348851,-0.0203877650201
1633,6307,5,16,0.118697725236,0.0381441153586,0.0224651750177,0.0111030200496,-0.0113621549681
1634,5666,1,20,0.0738644227386,0.0162891708314,0.0422829054296,0.0139202671126,-0.0283626392484
1636,7087,7,14,0.128843173385,0.042716935277,0.132621929049,0.0347803868353,-0.0978415459394
1637,2509,2,8,0.12619176507,0.024303721264,0.0398188978434,0.0540091060102,0.0141902081668
1638,7172,2,5,0.0689013078809,0.0379521921277,0.129597082734,0.115284658968,-0.0143124237657
1639,3367,1,6,0.0745308026671,0.00874100904912,0.164451912045,0.120062150061,-0.0443897619843
1641,604,3,5,0.0934640243649,0.0226606931537,0.0156337376684,0.0131225958467,-0.00251114182174
1642,4278,7,15,0.113654106855,0.0277688149363,0.00924800056964,0.0328402370214,0.0235922373831
1643,1394,5,11,0.0959682092071,0.0193711146712,0.00861137732863,0.0108438329771,0.00223245564848
1644,4677,12,28,0.0526669174433,0.00569623103365,0.00937195681036,0.015556790866,0.0061848340556
1645,6318,4,18,0.175116971135,0.0389457382262,0.0114823915064,0.0202998612076,0.00881746970117
1646,483,3,23,0.166983917356,0.0465668849647,0.00651843193918,0.00723650865257,0.000718076713383
1647,2851,1,12,0.0941074863076,0.0340887755156,0.126723453403,0.153915166855,0.0271917134523
1648,2781,2,8,0.0953310057521,0.045397490263,0.0135071994737,0.025951705873,0.0124445063993
1649,892,3,4,0.0706849321723,0.0127437105402,0.0454987622797,0.0335951931775,-0.0119035691023
1650,1542,1,2,0.0555847994983,0.00810804776847,0.0103135509416,0.00890818517655,-0.00140536576509
1651,1489,1,5,0.118200428784,0.032624091953,0.151614814997,0.102279670537,-0.0493351444602
1653,6335,2,8,0.30783316493,0.0338095091283,0.873556613922,0.168161079288,-0.705395519733
1654,4223,2,4,0.0653854161501,0.0227163154632,0.0735520124435,0.0649476796389,-0.00860433280468
1655,4049,1,7,0.0730644091964,0.00826691277325,0.0520401857793,0.0517781823874,-0.000262003391981
1657,3233,1,8,0.216106072068,0.0632281526923,0.0246716029942,0.0252474844456,0.000575881451368
1658,8089,3,3,0.0807190909982,0.0352740362287,0.0666540935636,0.0171818900853,-0.0494722053409
1659,1402,2,7,0.0732509493828,0.0155590428039,0.197093635798,0.105221129954,-0.0918725058436
1660,4222,6,25,0.151536867023,0.0221222769469,0.0597978234291,0.190132305026,0.130334481597
1661,7279,4,5,0.101506985724,0.0136011885479,0.133736133575,0.166130915284,0.0323947817087
1662,5226,4,6,0.0969584211707,0.01064512413,0.0135431773961,0.0120790572837,-0.00146412011236
1663,5249,2,4,0.0584017336369,0.019525712356,0.000581344065722,0.00279315491207,0.00221181078814
1664,4115,14,35,0.0960684046149,0.062253575772,0.0151266781613,0.03507303074,0.0199463516474
1665,8086,3,12,0.0959699749947,0.00484787859023,0.170139893889,0.0441382937133,-0.126001596451
1667,4234,1,5,0.0580637641251,0.00757735269144,0.068743981421,0.0466694124043,-0.0220745690167
1668,7831,2,5,0.0762944817543,0.0120459999889,0.0691956877708,0.0215125959367,-0.0476830899715
1669,5448,1,5,0.0615969747305,0.00427526654676,0.0694346278906,0.045525316149,-0.0239093117416
1670,9188,3,6,0.0801810324192,0.0109610371292,0.0248847212642,0.0432692430913,0.0183845218271
1671,611,1,5,0.112835526466,0.0731267109513,0.00410188781098,0.0205011274666,0.0163992401212
1672,2287,2,11,0.109080910683,0.0248039010912,0.07771589607,0.0784986540675,0.000782757997513
1673,620,2,6,0.123369686306,0.0167248304933,0.656321227551,0.280567675829,-0.375753551722
1674,690,3,11,0.259643733501,0.0117146167904,0.00825602933764,0.252110362053,0.24385432899
1675,4827,3,12,0.0848645567894,0.0266599822789,0.110762171447,0.0254576355219,-0.0853045359254
1676,707,2,13,0.115466587245,0.0501776710153,0.240492269397,0.113909415901,-0.126582860947
1677,687,1,7,0.259178131819,0.05157597363,0.432624042034,0.0177629366517,-0.414861112833
1678,7321,2,5,0.0972107127309,0.0983802378178,0.288241893053,0.167320087552,-0.120921805501
1679,696,1,6,0.24095608294,0.0642862468958,0.77011269331,0.158814802766,-0.611297905445
1680,6971,4,15,0.0189871508628,0.011257856153,0.0238921195269,0.0162460114807,-0.00764610804617
1681,623,2,9,0.0934750661254,0.00638568913564,0.250065505505,0.28808632493,0.0380208194256
1682,4563,1,5,0.108151197433,0.029951678589,0.569170534611,0.261190056801,-0.30798047781
1685,6971,1,7,0.0977366045117,0.0451846309006,0.0220743007958,0.053046926856,0.0309726260602
1689,620,1,2,0.058631259948,0.00255747511983,0.612470924854,0.446845024824,-0.16562590003
1690,2449,4,8,0.0809727460146,0.0220661293715,0.0596771575511,0.14168433845,0.0820071846247
1691,5700,1,9,0.111829511821,0.0193372871727,0.0565340742469,0.142229020596,0.0856949463487
1692,5608,3,12,0.147269919515,0.0297259371728,0.276284426451,0.0883191600442,-0.187965273857
1693,657,1,2,0.11633297056,0.0521895848215,0.400375336409,0.149643033743,-0.250732302666
1694,681,1,14,0.182371914387,0.0673864036798,0.0288402717561,0.0301552992314,0.00131502747536
1696,5523,38,75,0.0939934253693,0.0164039582014,0.413838356733,0.679896354675,0.266057997942
1697,6757,2,12,0.0651306807995,0.0218875613064,0.0187869481742,0.0226553697139,0.00386842153966
1698,577,15,53,0.116952560842,0.0379686020315,0.00830999668688,0.0131779052317,0.00486790854484
1699,1149,11,48,0.0497069694102,0.0052353660576,0.054430603981,0.0830903947353,0.0286597907543
1700,7396,8,20,0.139431282878,0.0406714268029,0.0041239769198,0.00666880095378,0.00254482403398
1701,3109,6,6,0.0638312250376,0.00461401138455,0.126805335283,0.0536617636681,-0.0731435716152
1702,4741,1,6,0.151720300317,0.0483453534544,0.0387953259051,0.0537310056388,0.0149356797338
1703,5607,2,5,0.109279163182,0.0293126553297,0.0123338317499,0.020887227729,0.00855339597911
1704,4109,6,10,0.109111733735,0.0371542833745,0.00575634976849,0.00496133649722,-0.000795013271272
1705,5708,3,6,0.104514807463,0.0346278659999,0.0507140234113,0.00902659725398,-0.041687425226
1706,582,2,3,0.0506688952446,0.00818798597902,0.0470159389079,0.0161736756563,-0.0308422632515
1709,4403,9,22,0.101626239717,0.0219222661108,0.00550195993856,0.00662490306422,0.00112294312567
1710,3364,36,122,0.0933885648847,0.0184104982764,0.0282510723919,0.00887693930417,-0.0193741321564
1711,3497,3,10,0.175043389201,0.0424551181495,0.00380043010227,0.00541267218068,0.00161224207841
1713,2540,15,44,0.104145519435,0.00933992490172,0.00971913151443,0.0137901743874,0.00407104287297
1714,2047,8,28,0.0968767628074,0.013495085761,0.0166221000254,0.0186456628144,0.00202356278896
1715,8992,3,9,0.0962033867836,0.0803213790059,0.000169083563378,0.00254600774497,0.0023769242689
1716,6153,40,126,0.20040589571,0.0348494164646,0.298542410135,0.0282298866659,-0.270312517881
1717,3701,37,109,0.0381814055145,0.0125121371821,0.0163549464196,0.0295364782214,0.0131815318018
1718,3333,6,17,0.128135159612,0.0316375307739,0.00696094147861,0.00797079037875,0.00100984890014
1719,2263,3,9,0.112073659897,0.0384265519679,0.335287839174,0.0870070829988,-0.248280763626
1721,870,1,6,0.057525485754,0.00984620023519,0.0125751281157,0.0235724356025,0.0109973074868
1722,871,5,15,0.230914995074,0.0749878659844,0.841982901096,0.225902602077,-0.616080284119
1723,4259,4,11,0.10121768713,0.0159889105707,0.0327935293317,0.0313400812447,-0.00145344808698
1724,5154,3,21,0.156645074487,0.0344129763544,0.186179876328,0.025746203959,-0.160433679819
1725,5242,2,4,0.11780218035,0.0382406786084,0.287281692028,0.156495854259,-0.13078583777
1726,8256,3,9,0.0730063393712,0.0203338116407,0.0189744438976,0.0119550349191,-0.00701940897852
1727,4977,3,12,0.0749711096287,0.0347417257726,0.242878630757,0.362586885691,0.119708254933
1728,1333,3,6,0.071961902082,0.0293288528919,0.0508704185486,0.0451852194965,-0.0056851990521
1729,4203,5,1,0.317166477442,0.176700368524,0.00478070229292,0.00684083020315,0.00206012791023
1730,1865,2,5,0.186568677425,0.0708101466298,0.066155873239,0.200179740787,0.134023874998
1731,5424,3,14,0.0784050449729,0.0166718736291,0.13857883215,0.11003973335,-0.0285390987992
1732,1342,2,5,0.0993541255593,0.0188968144357,0.0721773430705,0.0919951200485,0.019817776978
1733,6194,1,7,0.0781906619668,0.0540896505117,0.0062987646088,0.00635955529287,6.07906840742e-05
1734,6163,4,3,0.0925292596221,0.0245449375361,0.233771190047,0.149980083108,-0.0837911069393
1735,6111,2,5,0.147656336427,0.111943461001,0.0456031747162,0.0312815085053,-0.0143216662109
1736,5278,4,8,0.132617294788,0.0458601117134,0.0504855923355,0.0321614257991,-0.0183241665363
1737,1342,2,4,0.143530622125,0.0495619773865,0.196671515703,0.0338594652712,-0.162812054157
1738,5890,1,6,0.124782733619,0.0490575842559,0.0851623043418,0.0434287525713,-0.0417335517704
1739,6012,2,7,0.0640993192792,0.0215437561274,0.202317669988,0.144868537784,-0.0574491322041
1740,4977,1,8,0.07310911268,0.00946537032723,0.223422810435,0.0977415516973,-0.125681251287
1741,3501,3,11,0.168520912528,0.0216759033501,0.00328383455053,0.0215678382665,0.0182840041816
1742,1183,1,4,0.0895539596677,0.0188863612711,0.147605657578,0.0580240376294,-0.0895816236734
1743,1345,1,6,0.147375822067,0.0789350494742,0.753532707691,0.344944626093,-0.408588081598
1745,5411,2,4,0.0786364525557,0.041707418859,0.0317079164088,0.0800660848618,0.048358168453
1746,1342,2,8,0.140804663301,0.0456942208111,0.0198554694653,0.0916877612472,0.0718322917819
1747,1342,2,4,0.0756574645638,0.0135206989944,0.0341154262424,0.0375241972506,0.00340877100825
1748,2756,4,4,0.0540090017021,0.0138606010005,0.0803222209215,0.192713871598,0.112391650677
1749,6134,2,5,0.0609130822122,0.0106684798375,0.0213703345507,0.016966516152,-0.00440381839871
1750,4892,3,5,0.109200678766,0.0412169471383,0.0118531957269,0.0114464284852,-0.000406767241657
1751,4061,3,3,0.165943965316,0.143892973661,0.826444149017,0.373598456383,-0.452845692635
1752,5871,3,8,0.107194282115,0.0301357191056,0.172422170639,0.0373069643974,-0.135115206242
1753,4605,3,5,0.0727889835835,0.00790723413229,0.00436237314716,0.00605903239921,0.00169665925205
1754,1345,3,5,0.218852236867,0.0969207137823,0.718713700771,0.245550632477,-0.473163068295
1755,3234,2,5,0.386092573404,0.0120095098391,0.82413905859,0.0468598604202,-0.77727919817
1756,1342,2,4,0.125982806087,0.0129061574116,0.342600882053,0.2090190202,-0.133581861854
1757,5891,4,12,0.108584500849,0.000482525269035,0.0106526752934,0.0176685415208,0.00701586622745
1758,4707,2,4,0.138757318258,0.0564490891993,0.225365847349,0.0459756739438,-0.179390177131
1759,5688,2,6,0.0898544490337,0.0198310017586,0.0167087651789,0.0193196814507,0.00261091627181
1760,1015,3,6,0.100850105286,0.0134355695918,0.00626756437123,0.0155825167894,0.00931495241821
1761,1357,3,8,0.0705018565059,0.0277032051235,0.392094522715,0.279691040516,-0.112403482199
1762,2037,2,3,0.111321352422,0.0254167094827,0.39237177372,0.10177782923,-0.290593951941
1763,164,2,5,0.0747187063098,0.0310542490333,0.115207642317,0.03879513219,-0.0764125138521
1764,3116,3,7,0.101487569511,0.0121329920366,0.000335196731612,0.00119689421263,0.000861697481014
1765,2081,1,12,0.0463591702282,0.0121973091736,0.00843844376504,0.0144897168502,0.00605127308518
1766,6540,13,12,0.0746539011598,0.0289494991302,0.0864457860589,0.0310809779912,-0.0553648099303
1767,255,1,9,0.077325232327,0.0810791552067,0.192229807377,0.139303222299,-0.0529265850782
1768,33,1,5,0.105447262526,0.0134719470516,0.0110158510506,0.0157516747713,0.00473582372069
1769,568,16,36,0.0727762654424,0.0118574239314,0.150160193443,0.171570360661,0.0214101672173
1770,306,9,17,0.100070118904,0.014161339961,0.0396662466228,0.0637595653534,0.0240933187306
1771,5566,3,5,0.14286659658,0.0626749321818,0.482921034098,0.117313914001,-0.365607112646
1772,2433,31,84,0.0534902103245,0.014330830425,0.0757491737604,0.0848438814282,0.00909470766783
1773,3671,39,90,0.128787174821,0.0395454838872,0.0515328124166,0.0334217064083,-0.0181111060083
1774,6864,34,95,0.061945348978,0.0098909093067,0.0100127961487,0.00608930597082,-0.00392349017784
1775,2551,9,28,0.0478082448244,0.0185638274997,0.0156101724133,0.0111400680616,-0.00447010435164
1776,7620,18,58,0.0977925732732,0.025875037536,0.00324173155241,0.00166460371111,-0.0015771278413
1777,6056,16,24,0.0774497911334,0.00952368509024,0.0745296180248,0.0662047937512,-0.00832482427359
1778,3477,5,15,0.089802570641,0.0237607136369,0.0261523015797,0.00640277983621,-0.0197495222092
1779,7064,8,15,0.131120100617,0.0329541228712,0.0504943728447,0.0332540981472,-0.0172402746975
1780,1884,8,20,0.135425567627,0.0307836607099,0.0129823209718,0.0097122900188,-0.00327003095299
1781,8667,5,19,0.0572517998517,0.00252485694364,0.0271896533668,0.013932784088,-0.0132568692788
1782,7631,3,16,0.196543335915,0.0555875487626,0.0184911750257,0.00597018748522,-0.0125209875405
1783,6909,4,23,0.0473394989967,0.0191281996667,0.025264011696,0.0274771619588,0.00221315026283
1784,5292,5,18,0.0758333355188,0.0443153381348,0.0642643123865,0.0394706614316,-0.024793650955
1785,4745,6,31,0.111225061119,0.0191986374557,0.00608981819823,0.00960926804692,0.00351944984868
1786,1674,11,29,0.0871834978461,0.0216761603951,0.0762325003743,0.174974799156,0.0987422987819
1787,1406,36,103,0.061578322202,0.00523338653147,0.204114288092,0.200173988938,-0.00394029915333
1788,3616,3,7,0.109182871878,0.0150022683665,0.00466569000855,0.00721136108041,0.00254567107186
1789,6349,6,12,0.0826152041554,0.0317873060703,0.0231563970447,0.073207385838,0.0500509887934
1790,771,3,13,0.0866148471832,0.016368675977,0.0689008235931,0.106310941279,0.0374101176858
1791,4851,7,31,0.0583990328014,0.0117929214612,0.0284790415317,0.0414129458368,0.0129339043051
1792,7788,5,7,0.0718986615539,0.0141014494002,0.0954347029328,0.0540310628712,-0.0414036400616
1793,8460,7,5,0.114282429218,0.0189839452505,0.043859384954,0.00935084465891,-0.0345085412264
1794,5101,4,9,0.0855800509453,0.0139501886442,0.366746872663,0.152904883027,-0.213841989636
1795,2534,5,16,0.114750951529,0.0310339611024,0.151758164167,0.0973901450634,-0.054368019104
1796,1672,2,7,0.142256036401,0.0407727174461,0.00725781498477,0.0332456156611,0.0259878002107
1797,4139,3,10,0.0429856143892,0.0189495366067,0.1127262339,0.062547288835,-0.0501789450645
1798,4826,6,8,0.087618984282,0.00978960469365,0.0542216934264,0.169848069549,0.115626379848
1799,3720,5,11,0.0427741296589,0.00968665163964,0.0288202352822,0.0211044047028,-0.0077158305794
1800,2762,2,5,0.0572477281094,0.03902579844,0.0787833407521,0.118978314102,0.0401949733496
1801,3710,6,6,0.0782574340701,0.00801915768534,0.00595038803294,0.010091313161,0.00414092512801
1802,1892,1,6,0.105925433338,0.0413069836795,0.00666242511943,0.0205896403641,0.0139272157103
1803,6149,2,5,0.0643483623862,0.0160756111145,0.0912576243281,0.0375007092953,-0.0537569150329
1804,4026,3,6,0.102323830128,0.0742697268724,0.693974137306,0.372397571802,-0.321576565504
1805,7073,2,6,0.0583765916526,0.0152206942439,0.162091478705,0.06943462044,-0.0926568582654
1806,3112,7,14,0.110749207437,0.0284658167511,0.50317966938,0.163712114096,-0.339467555285
1807,7328,5,5,0.0785453170538,0.0326387546957,0.0177611857653,0.0207318235189,0.00297063775361
1808,1969,3,5,0.0883446037769,0.0494504459202,0.102229297161,0.113708026707,0.0114787295461
1809,578,5,10,0.106213085353,0.0571256317198,0.0177785102278,0.025320187211,0.00754167698324
1810,4024,1,7,0.0646881461143,0.00562923168764,0.0325101651251,0.00847485754639,-0.0240353085101
1811,2226,3,5,0.109892629087,0.0131140043959,0.201576024294,0.186771154404,-0.0148048698902
1813,5193,8,18,0.14815159142,0.0337157212198,0.0129147637635,0.0339363254607,0.0210215616971
1814,7181,3,4,0.106430359185,0.045554690063,0.0695338770747,0.0473947674036,-0.0221391096711
1815,2587,4,16,0.183825135231,0.0246450565755,0.305927962065,0.0511193685234,-0.254808604717
1816,910,5,14,0.0878725126386,0.0207403488457,0.00128656008746,0.00297070550732,0.00168414541986
1817,7672,10,33,0.130920618773,0.0317590199411,0.196944639087,0.126833125949,-0.0701115131378
1818,5536,1,7,0.117686569691,0.0259912144393,0.0101666077971,0.00656671775505,-0.0035998900421
1819,4289,9,32,0.104618906975,0.0318201780319,0.0507328100502,0.037739481777,-0.0129933282733
1820,4484,9,13,0.0564701966941,0.00631507439539,0.97460436821,0.7710070014,-0.20359736681
1821,5007,5,12,0.0590089261532,0.0272370241582,0.0765888169408,0.0663025155663,-0.0102863013744
1822,351,2,7,0.0894302725792,0.0139865428209,0.0132201602682,0.00883809942752,-0.00438206084073
1823,7238,6,8,0.070909537375,0.0380787178874,0.00741196377203,0.00958472769707,0.00217276392505
1824,5314,1,2,0.11311674118,0.0184504445642,0.0304135996848,0.0610060095787,0.0305924098939
1825,4096,4,6,0.104029037058,0.0153112504631,0.0370080731809,0.0175282936543,-0.0194797795266
1826,8261,5,6,0.20824444294,0.0664390847087,0.464125692844,0.0655339807272,-0.398591697216
1828,5930,4,10,0.0709497332573,0.0270880069584,0.163635715842,0.120431534946,-0.0432041808963
1829,918,1,5,0.177719429135,0.0147554939613,0.0494708567858,0.0452420115471,-0.00422884523869
1830,9011,2,3,0.103677295148,0.0132501479238,0.00150474649854,0.003671011189,0.00216626469046
1831,5027,1,7,0.209716960788,0.0279953163117,0.642895340919,0.141564905643,-0.501330435276
1832,1382,3,5,0.0857382416725,0.00687946379185,0.0070220544003,0.0323113575578,0.0252893026918
1833,1045,1,4,0.0715946182609,0.0433236546814,0.000563612673432,0.00646425643936,0.00590064376593
1836,2654,4,6,0.095365524292,0.0108734266832,0.0157166216522,0.01900511235,0.00328849069774
1837,1558,15,52,0.128437444568,0.0110460985452,0.0590183474123,0.127160966396,0.0681426227093
1838,7155,15,61,0.107670903206,0.0375837944448,0.042738545686,0.0133505584672,-0.0293879881501
1839,1078,2,8,0.0860301628709,0.0351380705833,0.364360451698,0.180789589882,-0.183570861816
1840,1025,11,21,0.239337027073,0.124272122979,0.000367320491932,0.00477952742949,0.00441220682114
1841,3070,8,16,0.117370270193,0.0190300047398,0.03533186391,0.00357098155655,-0.0317608825862
1842,7661,2,12,0.118999689817,0.0174857191741,0.138130575418,0.0160897802562,-0.1220407933
1843,8583,7,20,0.103003539145,0.0408618189394,0.0175023153424,0.0343827754259,0.0168804600835
1844,2367,7,18,0.16384704411,0.0102544510737,0.0123618487269,0.018098698929,0.00573685020208
1845,8287,10,20,0.112559206784,0.0131550934166,0.0520723946393,0.026791587472,-0.0252808071673
1846,3267,4,1,0.077244579792,0.0169112961739,0.100420169532,0.0464374907315,-0.0539826788008
1847,5580,3,6,0.0942245945334,0.0272625163198,0.00286809215322,0.00268969498575,-0.000178397167474
1848,1099,1,8,0.0737933889031,0.0217365510762,0.0258673522621,0.00827790889889,-0.0175894424319
1849,2903,2,8,0.0652343928814,0.0067119942978,0.134250625968,0.0555137246847,-0.0787369012833
1850,7661,2,4,0.102718375623,0.0135556114838,0.0757495090365,0.0334108173847,-0.0423386916518
1851,1539,2,4,0.10446318239,0.0205727629364,0.012311598286,0.0706512853503,0.0583396852016
1852,7648,3,15,0.129733383656,0.035962164402,0.433544337749,0.161738887429,-0.271805465221
1853,5258,2,4,0.172572314739,0.00553067447618,0.482384681702,0.0799770578742,-0.402407616377
1854,1669,11,20,0.0917866006494,0.0293212942779,0.0437717102468,0.0478338412941,0.00406213104725
1855,8992,1,7,0.0772705748677,0.0225741192698,0.0100248735398,0.0103465588763,0.00032168533653
1856,4933,9,16,0.0497008562088,0.00429463759065,0.0350257195532,0.0275608655065,-0.0074648540467
1857,2242,28,96,0.133152797818,0.0396784134209,0.0189871415496,0.0217701438814,0.00278300233185
1858,2601,3,17,0.085251249373,0.0214141439646,0.00655577797443,0.00669200299308,0.00013622501865
1860,3331,6,12,0.0694366693497,0.0203673001379,0.054595708847,0.0930162891746,0.0384205803275
1861,1909,4,21,0.100895546377,0.0286880489439,0.0336916409433,0.0301101151854,-0.00358152575791
1862,7801,3,9,0.100514374673,0.0606137514114,0.00849762558937,0.0121456943452,0.00364806875587
1863,4790,6,28,0.126123085618,0.0266714207828,0.00492500094697,0.0169485639781,0.0120235625654
1864,4626,33,96,0.137012287974,0.0574665665627,0.663102090359,0.289651364088,-0.373450726271
1865,3902,12,36,0.148666486144,0.0206988379359,0.245753064752,0.0507310815156,-0.195021986961
1866,5087,8,24,0.0817023143172,0.0444941967726,0.0395495630801,0.0355739034712,-0.00397565960884
1867,5288,7,12,0.0769052729011,0.0142373088747,0.0170103944838,0.0133457807824,-0.0036646137014
1868,7305,10,47,0.0742479339242,0.0165149159729,0.00190905900672,0.0014055314241,-0.000503527582623
1869,6149,33,108,0.199586555362,0.0856592729688,0.00268369889818,0.00570742972195,0.00302373082377
1870,6410,4,11,0.0941610112786,0.00826248992234,0.0840388908982,0.111557662487,0.0275187715888
1871,1670,4,20,0.0636885762215,0.00614393223077,0.0374363660812,0.0936219468713,0.05618558079
1872,4726,26,55,0.130910515785,0.0430507324636,0.11714040488,0.0339513421059,-0.0831890627742
1873,1623,3,4,0.0852262452245,0.0167600419372,0.0359707288444,0.0279050860554,-0.00806564278901
1874,6359,5,8,0.138995289803,0.0668682008982,0.0597177930176,0.0280834380537,-0.0316343531013
1875,4841,3,13,0.064770065248,0.00104809110053,0.0456270389259,0.0441224165261,-0.00150462239981
1876,1127,16,25,0.139964774251,0.0474797040224,0.0435562580824,0.0527336411178,0.00917738303542
1877,6620,4,6,0.0600690282881,0.014689729549,0.0115123512223,0.0192537494004,0.00774139817804
1878,7770,3,5,0.0858973041177,0.00889282394201,0.0449902117252,0.0228725522757,-0.0221176594496
1879,7580,8,15,0.115128152072,0.0279974620789,0.00562173780054,0.00435616215691,-0.00126557564363
1880,8477,3,5,0.0912926197052,0.00433639669791,0.00553452270105,0.0135877570137,0.00805323384702
1881,1927,1,6,0.0791975781322,0.0129423318431,0.00663508381695,0.00553938420489,-0.00109569961205
1882,5826,8,32,0.069470345974,0.0114896148443,0.151681050658,0.0335980094969,-0.118083044887
1883,7865,5,14,0.126385465264,0.0593218095601,0.00270925997756,0.00230258028023,-0.000406679697335
1884,8115,13,39,0.057031352073,0.00982065219432,0.000106950195914,0.000166705576703,5.97553807893e-05
1885,2766,2,7,0.0904450789094,0.00876407232136,0.0237143784761,0.0194294434041,-0.00428493507206
1886,1685,3,3,0.107325576246,0.0240707863122,0.0154015673324,0.0158055294305,0.000403962098062
1887,8602,3,11,0.114440917969,0.0281588621438,0.0081593291834,0.00823510903865,7.57798552513e-05
1888,5106,2,9,0.114467225969,0.0396551378071,0.466589391232,0.154804959893,-0.311784446239
1889,6881,7,16,0.0757965371013,0.0278845839202,0.0381172411144,0.0270652975887,-0.0110519435257
1890,8681,1,15,0.0837875530124,0.0183043405414,0.00540467118844,0.0139476032928,0.00854293256998
1891,4821,4,6,0.0706650391221,0.0434551760554,0.601421833038,0.366234153509,-0.235187679529
1892,7332,2,8,0.0923516750336,0.0204072706401,0.00528109818697,0.00718100136146,0.00189990317449
1894,1631,3,14,0.139543637633,0.0459538586438,0.286227196455,0.0743311420083,-0.211896061897
1895,7560,4,8,0.0668648332357,0.0203171670437,0.0586520023644,0.0290769543499,-0.0295750480145
1896,1113,2,8,0.120087869465,0.014042894356,0.0719950273633,0.165761888027,0.0937668606639
1897,4922,4,5,0.0704850032926,0.0144864665344,0.0373841151595,0.020954048261,-0.0164300668985
1898,1869,3,3,0.0577340759337,0.00467312708497,0.0507186129689,0.103101611137,0.0523829981685
1899,3307,2,5,0.0986646786332,0.0167338754982,0.159413546324,0.0299308691174,-0.129482671618
1900,5829,7,18,0.0792471989989,0.0175174213946,0.00616166554391,0.0132885882631,0.00712692271918
1901,2009,2,7,0.0952220186591,0.0333149507642,0.0184724442661,0.0169672202319,-0.00150522403419
1902,4484,4,3,0.0810468867421,0.0387990288436,0.224480301142,0.135398194194,-0.0890821069479
1903,7649,3,8,0.157239943743,0.0243027638644,0.000958635064308,0.0025201824028,0.0015615473967
1904,3503,4,7,0.0755221173167,0.0138880470768,0.00036351106246,0.00115827086847,0.000794759835117
1905,2754,1,5,0.151886984706,0.0407921522856,0.182871371508,0.0633641257882,-0.119507245719
1907,4502,7,35,0.104521542788,0.0123238125816,0.0106463218108,0.00852607470006,-0.00212024711072
1908,258,7,15,0.120532669127,0.0392953492701,0.00803981721401,0.0054921717383,-0.00254764547572
1909,2894,2,3,0.0599518828094,0.00626753736287,0.00235099182464,0.00857207272202,0.00622108113021
1910,1312,3,2,0.0501203276217,0.0124958865345,0.0144141996279,0.00592425093055,-0.00848994869739
1911,8704,2,9,0.147868409753,0.0490653961897,0.0151153374463,0.00769829424098,-0.00741704320535
1912,179,20,68,0.0954903364182,0.0245188940316,0.0343171805143,0.0319677777588,-0.0023494027555
1913,450,13,24,0.10033582896,0.0297500845045,0.0516464486718,0.0234015081078,-0.028244940564
1915,309,1,2,0.0892493724823,0.0125536350533,0.0126078790054,0.0187562163919,0.00614833738655
1916,7298,35,111,0.137044399977,0.00948384962976,0.0608178824186,0.0115381926298,-0.0492796897888
1917,3480,42,129,0.136813059449,0.0194424521178,0.000251204066444,0.000671662797686,0.000420458731242
1918,9052,11,36,0.0639383718371,0.00804099068046,0.0243084747344,0.0618349947035,0.0375265181065
1919,3856,9,13,0.0672104507685,0.0146721964702,0.0536370277405,0.0148309916258,-0.0388060361147
1920,4140,2,10,0.0696804448962,0.0113083999604,0.0973191931844,0.119928978384,0.0226097851992
1921,4810,1,3,0.0909444764256,0.00938374642283,0.00862586125731,0.00856475159526,-6.1109662056e-05
1922,7876,3,17,0.109023950994,0.0153947193176,0.104306071997,0.0526857674122,-0.0516203045845
1923,6137,5,9,0.105839543045,0.0417847931385,0.276213169098,0.0724833011627,-0.203729867935
1924,910,4,9,0.180419623852,0.0174752511084,0.00712222512811,0.00245859916322,-0.00466362573206
1925,2439,2,13,0.0569399185479,0.0107596861199,0.732227444649,0.588945567608,-0.143281877041
1926,438,6,9,0.108592830598,0.0208423212171,0.0011538908584,0.00167720485479,0.000523313996382
1927,8547,11,41,0.141745731235,0.0441190898418,0.0888328775764,0.1609018296,0.072068952024
1928,8790,1,7,0.0692365542054,0.00573576241732,0.152425020933,0.0823739767075,-0.0700510442257
1929,4293,6,10,0.0461673624814,0.0154412686825,0.0123443612829,0.00863576028496,-0.00370860099792
1930,3662,2,7,0.0917910635471,0.0054323002696,0.0100158955902,0.0100958738476,7.99782574177e-05
1931,5840,2,4,0.0734432041645,0.00764774391428,0.0817936509848,0.0291875749826,-0.0526060760021
1932,3317,1,7,0.133340194821,0.0553791895509,0.260004878044,0.0590623505414,-0.200942531228
1933,585,4,6,0.13142414391,0.0364420264959,0.0477147325873,0.160986736417,0.113272003829
1934,2038,3,6,0.0865849032998,0.0282512512058,0.147018149495,0.133295342326,-0.013722807169
1935,6837,5,6,0.183082863688,0.0644960850477,0.0062059937045,0.00311891990714,-0.00308707379736
1936,4319,5,5,0.356021553278,0.115327119827,0.921105980873,0.175868734717,-0.745237231255
1937,3208,1,7,0.103718936443,0.0255588497967,0.0201836377382,0.0322653874755,0.0120817497373
1938,5192,2,7,0.0826042667031,0.0209181252867,0.018753586337,0.0340100973845,0.0152565110475
1939,388,4,7,0.0636816322803,0.0179764591157,0.0433743298054,0.0535035468638,0.0101292170584
1940,2867,3,6,0.0707485079765,0.0172982048243,0.0315228588879,0.0223239380866,-0.00919892080128
1941,322,3,5,0.125998914242,0.025219598785,0.0178079921752,0.0136805055663,-0.00412748660892
1942,450,7,19,0.0984289422631,0.0180405359715,0.199030697346,0.0383734107018,-0.160657286644
1943,2996,3,13,0.0713711604476,0.00861974433064,0.229974359274,0.0995437726378,-0.130430579185
1944,5929,2,13,0.0694247931242,0.0198690183461,0.0259555894881,0.0377469696105,0.0117913801223
1945,1391,3,5,0.0898958742619,0.00762725807726,0.0382694378495,0.0339143238962,-0.00435511395335
1946,4323,4,15,0.0929377749562,0.0154436742887,0.00206752237864,0.00590957282111,0.00384205044247
1948,8036,5,6,0.120494864881,0.0258715096861,0.885376095772,0.526641070843,-0.358735024929
1949,4463,7,13,0.203919991851,0.107461579144,0.991354763508,0.515907943249,-0.475446820259
1950,304,4,10,0.0814445018768,0.0164223276079,0.0336763262749,0.0128731206059,-0.0208032056689
1951,131,4,6,0.117266923189,0.0370737090707,0.871278464794,0.458288639784,-0.41298982501
1952,3025,4,5,0.0646907687187,0.00426132930443,0.126470908523,0.0667357668281,-0.0597351416945
1953,3282,13,56,0.0848251879215,0.0275665987283,0.248194888234,0.188149452209,-0.0600454360247
1954,657,7,7,0.0686645507812,0.014760306105,0.237673074007,0.312170147896,0.0744970738888
1955,685,3,3,0.102705895901,0.0352093763649,0.218996822834,0.172050073743,-0.0469467490911
1956,673,1,6,0.0501413606107,0.0119470180944,0.799172282219,0.613423287868,-0.18574899435
1957,729,1,8,0.0834738686681,0.0305278543383,0.283367186785,0.216813519597,-0.0665536671877
1958,724,1,1,0.0835250616074,0.00133947492577,0.0576757118106,0.0441174916923,-0.0135582201183
1959,1674,4,4,0.121172688901,0.0579687096179,0.755404651165,0.354441314936,-0.400963336229
1960,4643,1,11,0.0517936199903,0.00758389476687,0.0139407534152,0.0138737717643,-6.69816508889e-05
1961,6790,19,70,0.0903980210423,0.0344325266778,0.0616678968072,0.0275520682335,-0.0341158285737
1962,784,2,4,0.0727044418454,0.00788189936429,0.0661891102791,0.0579351224005,-0.00825398787856
1963,2081,5,8,0.211888000369,0.119950093329,0.0250423382968,0.00815892871469,-0.0168834105134
1964,2219,2,7,0.0598632879555,0.00775361247361,0.00749767431989,0.0114224804565,0.00392480613664
1965,2045,1,6,0.11509796232,0.037326041609,0.0269616432488,0.0209812056273,-0.00598043762147
1966,5969,4,6,0.100751698017,0.0261524058878,0.18089799583,0.0711215957999,-0.10977640003
1967,737,2,2,0.104194134474,0.0111561268568,0.0730502605438,0.121343851089,0.0482935905457
1968,655,2,4,0.115230239928,0.0159389134496,0.0374884791672,0.0302444193512,-0.007244059816
1969,7983,12,37,0.0444628186524,0.0268787331879,0.0359969958663,0.0301989559084,-0.00579803995788
1970,7356,12,43,0.110432595015,0.0126141002402,0.0136163206771,0.0232936087996,0.00967728812248
1971,8337,16,54,0.1279425174,0.0324337668717,0.0143069233745,0.0148853762075,0.000578452832997
1972,4686,25,75,0.108702868223,0.0298389978707,0.235346838832,0.106063194573,-0.129283636808
1973,2052,1,14,0.140764921904,0.0227236524224,0.42287966609,0.0456332750618,-0.377246379852
1974,6431,2,10,0.148497223854,0.0604507550597,0.0307130273432,0.0430318005383,0.0123187731951
1975,4364,8,15,0.157333031297,0.0586733780801,0.00617223931476,0.0130734564736,0.00690121715888
1976,3852,5,2,0.0770097225904,0.0260498132557,0.013497618027,0.0115463556722,-0.00195126235485
1977,2584,2,2,0.116747535765,0.0492223389447,0.202215358615,0.0629043057561,-0.139311045408
1978,2063,17,61,0.115487277508,0.04695757851,0.168500423431,0.10864751786,-0.0598529055715
1980,8357,2,1,0.110703341663,0.0420187041163,0.0187280345708,0.0253662709147,0.00663823634386
1982,6288,2,13,0.0988992750645,0.0227432958782,0.00984324421734,0.0170778762549,0.00723463203758
1983,1693,4,18,0.0918174386024,0.034901343286,0.0174087546766,0.0165519081056,-0.000856846570969
1985,9065,3,10,0.0993521213531,0.0207552518696,0.0856893733144,0.0169879999012,-0.0687013715506
1986,5024,4,8,0.111126162112,0.0228490866721,0.00165993138216,0.0105419233441,0.00888199172914
1987,4193,4,16,0.0672537013888,0.0103214625269,0.000876065576449,0.00241796160117,0.00154189602472
1988,3883,1,11,0.146976307034,0.0179084371775,0.458782970905,0.102531611919,-0.356251358986
1989,746,5,19,0.0890812575817,0.0124734789133,0.149350136518,0.218490764499,0.0691406279802
1990,4065,1,3,0.0725309029222,0.0218094494194,0.0434028469026,0.0326627604663,-0.0107400864363
1991,1409,3,5,0.110630147159,0.053603105247,0.0417376682162,0.202727720141,0.160990059376
1992,6423,1,8,0.0827446430922,0.0170286856592,0.08516459167,0.0326381511986,-0.0525264404714
1993,5885,2,3,0.109700746834,0.0135281709954,0.00832065474242,0.0434156991541,0.0350950434804
1994,1909,4,10,0.0990522876382,0.0443080440164,0.111641578376,0.0187889784575,-0.0928525999188
1995,1373,3,10,0.107255667448,0.0301672555506,0.165094733238,0.0904326438904,-0.0746620893478
1996,1448,8,21,0.0983211398125,0.0224537421018,0.0775800794363,0.0263566542417,-0.0512234270573
1997,3120,3,10,0.110137633979,0.00634083012119,0.0362604781985,0.0276388321072,-0.00862164609134
1998,2651,4,7,0.0672431960702,0.00593553157523,0.0019578137435,0.00727025792003,0.00531244417652
1999,7508,1,3,0.0704839974642,0.00737967155874,0.00463000312448,0.00600428506732,0.00137428194284
2000,7680,2,16,0.121281005442,0.0270204171538,0.0167054720223,0.00341294403188,-0.0132925277576
2001,8442,9,20,0.118203885853,0.0429529137909,0.0858135223389,0.045833542943,-0.0399799793959
2002,4895,3,5,0.0727600231767,0.0134551376104,0.00490846950561,0.0054437587969,0.000535289291292
2003,5531,2,6,0.0805480778217,0.0229924172163,0.102971754968,0.0890886187553,-0.0138831362128
2004,4272,1,1,0.0983637347817,0.0164227113128,0.0262282285839,0.0290497932583,0.00282156467438
2005,4243,3,9,0.111443676054,0.0192632172257,0.0092980293557,0.013940948993,0.00464291963726
2006,8253,3,8,0.0613262355328,0.0446554161608,0.0135813821107,0.0206380132586,0.00705663114786
2007,8147,2,4,0.0950920209289,0.0580369718373,0.0187268685549,0.0242887418717,0.00556187331676
2009,6154,2,1,0.086352430284,0.0473180040717,0.021687746048,0.0206951312721,-0.000992614775896
2010,1376,2,9,0.117512077093,0.00397303234786,0.233558669686,0.0734320804477,-0.160126596689
2011,4682,1,7,0.105659164488,0.00953253079206,0.0407807156444,0.0349430330098,-0.00583768263459
2012,1420,1,4,0.0651709660888,0.0107342731208,0.0914133936167,0.0423460006714,-0.0490673929453
2013,6122,2,10,0.0813309028745,0.0192921422422,0.196532160044,0.129857823253,-0.066674336791
2014,6129,1,9,0.112695969641,0.0157441720366,0.00416644755751,0.0215243846178,0.0173579379916
2015,7403,5,14,0.0772503092885,0.0144722675905,0.0229992456734,0.00618877122179,-0.0168104749173
2016,175,5,12,0.0829742178321,0.00638463208452,0.00142613961361,0.00355946761556,0.00213332800195
2017,4225,1,8,0.0810039415956,0.00705616315827,0.0501993335783,0.0528116710484,0.00261233747005
2018,746,2,4,0.0694533810019,0.013699146919,0.178101152182,0.206876203418,0.0287750512362
2019,4684,2,3,0.0740651115775,0.00699961092323,0.0218831934035,0.0506531111896,0.0287699177861
2020,4232,3,5,0.12872761488,0.0350032486022,0.0115297082812,0.00881443824619,-0.00271527003497
2021,255,7,18,0.0955483540893,0.0115158874542,0.00876966677606,0.00552423158661,-0.00324543518946
2022,1154,6,26,0.075382836163,0.0347381420434,0.00259757367894,0.00156478572171,-0.00103278795723
2023,742,3,11,0.0941879451275,0.0335452891886,0.012930075638,0.00720466440544,-0.00572541123256
2024,1028,2,6,0.1266387254,0.0258726794273,0.168304368854,0.193065389991,0.0247610211372
2025,387,4,18,0.111365251243,0.0301457755268,0.0675163567066,0.041302099824,-0.0262142568827
2026,1323,6,7,0.0563204884529,0.0140882506967,0.0126386964694,0.0245567504317,0.0119180539623
2027,3519,1,6,0.0736052468419,0.00961097795516,0.00681052124128,0.00569400424138,-0.0011165169999
2028,317,3,5,0.0763981193304,0.0184848383069,0.107195265591,0.0628271773458,-0.0443680882454
2029,2959,3,17,0.0495420508087,0.00908739957958,0.0103901168332,0.00873038452119,-0.00165973231196
2030,2201,4,5,0.0621255785227,0.0197764374316,0.150548741221,0.153839290142,0.00329054892063
2031,2514,2,6,0.0683190152049,0.0128067517653,0.00412595272064,0.0126826539636,0.00855670124292
2032,1079,5,16,0.0534163117409,0.0274447835982,0.184916317463,0.14375205338,-0.0411642640829
2033,857,5,11,0.136017665267,0.0529702007771,0.108678981662,0.0484460406005,-0.0602329410613
2034,444,2,6,0.0447345785797,0.00506515940651,0.11930732429,0.100753389299,-0.0185539349914
2035,576,8,27,0.117745660245,0.0518165305257,0.450000166893,0.137037739158,-0.312962412834
2036,1103,9,18,0.0506566949189,0.0172265786678,0.0696581229568,0.128094479442,0.0584363564849
2037,4252,1,6,0.0872257649899,0.00549079012126,0.0151646919549,0.01156097278,-0.00360371917486
2038,3515,1,10,0.047039180994,0.00202781218104,0.0336836576462,0.0394934788346,0.00580982118845
2039,2962,1,3,0.104459702969,0.0237488523126,0.0128927109763,0.0257627349347,0.0128700239584
2041,6089,6,38,0.178692817688,0.0606716796756,0.04121010378,0.0342461951077,-0.00696390867233
2042,6344,9,55,0.144426032901,0.0632641538978,0.0119990957901,0.00991364289075,-0.00208545289934
2043,2031,2,6,0.0411623194814,0.0108704548329,0.00710757588968,0.00592559343204,-0.00118198245764
2044,7959,3,15,0.154536888003,0.0128450365737,0.00892810430378,0.0121300816536,0.00320197734982
2045,7967,3,12,0.0591863133013,0.0213152933866,0.00704557308927,0.0160881038755,0.00904253125191
2046,3602,19,63,0.0832505598664,0.0358957797289,0.145078852773,0.182008087635,0.0369292348623
2047,6466,1,5,0.101746402681,0.0171196274459,0.216538876295,0.163243487477,-0.0532953888178
2048,7154,19,52,0.140407800674,0.0211780555546,0.00823226664215,0.0167925879359,0.00856032129377
2049,2302,4,10,0.0820532739162,0.0123555874452,0.00856435578316,0.0119937648997,0.00342940911651
2050,1600,10,18,0.0696985498071,0.0162334870547,0.0198668800294,0.0226976070553,0.00283072702587
2051,6818,3,8,0.0440227389336,0.013327056542,0.0180106423795,0.0158681087196,-0.00214253365993
2052,4037,2,7,0.0740492865443,0.0268831197172,0.0244955774397,0.0179772302508,-0.00651834718883
2053,7805,6,3,0.0552688278258,0.0136310271919,0.00789747852832,0.0155665650964,0.00766908656806
2054,7915,6,13,0.0713743194938,0.00979010388255,0.30894318223,0.171711549163,-0.137231633067
2055,4151,2,8,0.0435638278723,0.00191620865371,0.123059459031,0.0779832154512,-0.0450762435794
2056,1892,3,16,0.0929103121161,0.0166860558093,0.190659061074,0.211282834411,0.0206237733364
2057,5791,3,5,0.130137473345,0.0342274196446,0.0016990279546,0.00592199712992,0.0042229690589
2058,6884,1,5,0.0674764290452,0.0114688044414,0.0318724475801,0.0691498219967,0.0372773744166
2059,2507,1,7,0.10934099555,0.0350076258183,0.0371812842786,0.0275268349797,-0.00965444929898
2060,2071,2,15,0.0770012140274,0.0194487143308,0.0351369976997,0.0513921827078,0.016255185008
2061,437,4,12,0.181698039174,0.0624407567084,0.038985453546,0.0121674472466,-0.0268180072308
2062,8687,4,20,0.118302129209,0.0198273863643,0.0183342061937,0.0154201462865,-0.0029140599072
2063,4026,3,8,0.0790595933795,0.0162337310612,0.348061054945,0.276694953442,-0.0713661015034
2064,4032,2,18,0.0991271138191,0.0456521362066,0.00158555898815,0.00437057111412,0.00278501212597
2065,8162,4,7,0.0728971138597,0.0173628516495,0.00621519517154,0.030137905851,0.0239227116108
2066,3340,1,8,0.0884256660938,0.0228209868073,0.0444290973246,0.0317015089095,-0.0127275884151
2067,1744,2,12,0.115464858711,0.0500491708517,0.00858891755342,0.00728644430637,-0.00130247324705
2068,5105,1,9,0.0839976072311,0.0113130519167,0.203777879477,0.05341373384,-0.150364145637
2069,4871,1,10,0.162807062268,0.0476788878441,0.0283263605088,0.0166324749589,-0.0116938855499
2071,7863,3,15,0.081603564322,0.00932423118502,0.0109685705975,0.0088472077623,-0.00212136283517
2072,6130,3,5,0.0471914410591,0.0139860017225,0.0128600075841,0.01244496461,-0.000415042974055
2073,1982,10,14,0.0977597907186,0.0126449251547,0.0149428630248,0.0151236625388,0.000180799514055
2074,4136,3,9,0.0534614026546,0.0107592204586,0.0718497857451,0.0140328444541,-0.0578169412911
2075,8430,5,11,0.0656286105514,0.00472249044105,0.0736109614372,0.0566165745258,-0.0169943869114
2076,6431,6,23,0.133624076843,0.0279938858002,0.00186991866212,0.00307176751085,0.00120184884872
2077,7602,13,45,0.124141931534,0.0185567699373,0.00747564341873,0.00238217064179,-0.00509347300977
2078,4175,3,17,0.0894541367888,0.0161291100085,0.00548810977489,0.0296404156834,0.0241523049772
2079,7219,11,31,0.0914087668061,0.0146676888689,0.00158994086087,0.00117374304682,-0.000416197814047
2080,3215,2,7,0.0748248919845,0.0205452665687,0.00646585412323,0.00267247762531,-0.00379337649792
2081,1603,2,4,0.0580550841987,0.0128355808556,0.118702970445,0.0519254393876,-0.0667775273323
2082,576,14,41,0.155857220292,0.0898267403245,0.563423156738,0.140066415071,-0.423356741667
2083,3195,6,20,0.0814995244145,0.00823951978236,0.00860202964395,0.00637014536187,-0.00223188428208
2084,9263,9,19,0.116174735129,0.0583435185254,0.02640129067,0.0373005196452,0.0108992289752
2085,4967,8,11,0.0907141044736,0.0125013729557,0.00524721154943,0.00784377101809,0.00259655946866
2086,4780,2,16,0.129239395261,0.0223559532315,0.1010652408,0.0115094119683,-0.0895558297634
2087,958,3,13,0.334967166185,0.0491343997419,0.894175410271,0.153379902244,-0.740795493126
2088,1244,3,21,0.15461333096,0.0175705999136,0.410902261734,0.0968906879425,-0.314011573792
2089,891,3,2,0.0824204459786,0.00190582219511,0.021201889962,0.0236309077591,0.00242901779711
2090,5934,3,7,0.0729140117764,0.00452941935509,0.0880226492882,0.114889860153,0.026867210865
2091,3251,11,23,0.15394243598,0.0401751585305,0.52850240469,0.148075163364,-0.380427241325
2092,1180,2,9,0.410063832998,0.0670960471034,0.909006953239,0.0959375798702,-0.813069343567
2094,4951,10,26,0.0936254486442,0.0199295207858,0.0610797405243,0.0863223895431,0.0252426490188
2095,3090,15,48,0.103758953512,0.0303608942777,0.0155592402443,0.0215015504509,0.00594231020659
2096,3103,2,5,0.156126067042,0.0452201515436,0.115404911339,0.0518707819283,-0.0635341256857
2097,438,4,4,0.158964246511,0.0456581115723,0.0157056227326,0.0506076402962,0.0349020175636
2098,9102,10,25,0.206625446677,0.093556702137,0.00439086742699,0.00461170217022,0.000220834743232
2099,1127,2,7,0.185310050845,0.0418250262737,0.328017801046,0.450431346893,0.122413545847
2100,954,1,8,0.0881058201194,0.0343999788165,0.0176290944219,0.0180415287614,0.000412434339523
2102,108,1,7,0.183808684349,0.051526542753,0.674971222878,0.160180583596,-0.514790654182
2103,6838,1,12,0.0744935870171,0.0534256771207,0.0285720452666,0.0177103187889,-0.0108617264777
2104,1413,6,13,0.258934020996,0.0623578578234,0.628736793995,0.118252240121,-0.510484576225
2105,2653,5,11,0.0815121382475,0.0134125361219,0.0517887994647,0.045873273164,-0.00591552630067
2106,3827,3,8,0.0779584944248,0.0102072292939,0.133274570107,0.0847254917026,-0.0485490784049
2107,2185,1,7,0.0999484062195,0.0263780467212,0.073104582727,0.0614343769848,-0.0116702057421
2108,8569,2,4,0.0973578467965,0.0110948085785,0.00891815871,0.00611354783177,-0.00280461087823
2109,441,2,3,0.113389872015,0.0453461222351,0.0126031301916,0.0127639966086,0.000160866416991
2110,2293,9,24,0.0732422992587,0.0156240165234,0.0264097433537,0.0247462820262,-0.00166346132755
2111,3869,5,17,0.0936333760619,0.015142747201,0.0433614142239,0.0653947368264,0.0220333226025
2112,8029,4,11,0.080567240715,0.0162587240338,0.0160742681473,0.00946983043104,-0.00660443771631
2113,4401,6,9,0.0555238910019,0.012935818173,0.118378803134,0.106743454933,-0.0116353482008
2114,771,5,24,0.239557281137,0.0747022181749,0.638849973679,0.138142645359,-0.50070732832
2115,6561,2,12,0.0848541632295,0.0202104020864,0.0147504322231,0.0035746244248,-0.0111758075655
2116,9043,5,11,0.093811661005,0.0402147471905,0.0127603393048,0.0126991616562,-6.11776486039e-05
2117,7628,2,4,0.0875570476055,0.059732850641,0.00660537043586,0.00505212834105,-0.00155324209481
2118,4303,3,12,0.0823347344995,0.0295145623386,0.0249404422939,0.0466368980706,0.0216964557767
2119,1129,3,24,0.0793674662709,0.0153182279319,0.0319966636598,0.0321150533855,0.000118389725685
2120,525,12,34,0.179875925183,0.0963775068521,0.0199666377157,0.00486271642148,-0.0151039212942
2121,1053,4,4,0.0486707799137,0.013290816918,0.0231723953038,0.0143639994785,-0.00880839582533
2122,7800,20,62,0.121136702597,0.0273365974426,0.0455377437174,0.0711776986718,0.0256399549544
2123,2646,6,4,0.161220371723,0.0612528473139,0.19942253828,0.0357604771852,-0.163662061095
2124,1190,1,7,0.0745366737247,0.0130483079702,0.126526400447,0.0587688274682,-0.067757576704
2125,338,9,40,0.18181014061,0.108492046595,0.684628903866,0.213425338268,-0.471203565598
2126,5664,11,27,0.102487146854,0.0390880145133,0.0526910834014,0.0364779420197,-0.0162131413817
2127,8544,2,5,0.0809081867337,0.0103346053511,0.0131197189912,0.0084444982931,-0.00467522069812
2128,761,9,24,0.132128238678,0.0117445504293,0.0479812286794,0.090363509953,0.0423822812736
2129,582,10,34,0.0728812888265,0.0122893229127,0.0467652641237,0.0218860153109,-0.0248792488128
2130,437,6,25,0.0830538272858,0.0346688143909,0.646683514118,0.319751411676,-0.326932102442
2131,453,8,44,0.106171391904,0.0239627901465,0.375032097101,0.134203955531,-0.24082814157
2132,513,17,61,0.0457923896611,0.0265128295869,0.0859338417649,0.076313354075,-0.00962048768997
2133,352,4,15,0.0689483210444,0.0107173845172,0.0483451150358,0.0563675314188,0.00802241638303
2134,1555,15,64,0.0709163174033,0.0103114191443,0.0375042706728,0.0491273999214,0.0116231292486
2135,305,6,18,0.163971856236,0.0453861765563,0.382021725178,0.141793400049,-0.240228325129
2136,286,9,17,0.0820884928107,0.019207669422,0.040786832571,0.10161805898,0.0608312264085
2137,1422,12,26,0.103942126036,0.012864055112,0.0319373309612,0.0449436567724,0.0130063258111
2138,2336,2,5,0.0902527570724,0.00732714310288,0.00631578313187,0.0201718937606,0.0138561110944
2139,2872,6,9,0.120482049882,0.00651512760669,0.664989650249,0.263532042503,-0.401457607746
2140,1412,11,35,0.123294711113,0.0243768785149,0.0089988745749,0.0222576092929,0.013258734718
2141,1555,3,8,0.0708502009511,0.0145304063335,0.00923269335181,0.048447843641,0.0392151512206
2143,338,5,14,0.0929166078568,0.0178648810834,0.0791911035776,0.0996815189719,0.0204904153943
2144,4519,1,14,0.129897221923,0.0525352284312,0.313884675503,0.169495999813,-0.14438867569
2145,1072,4,3,0.133602544665,0.0286824647337,0.0696040466428,0.0739941671491,0.00439012050629
2146,2925,1,4,0.105602540076,0.0416972748935,0.0969807356596,0.0265748742968,-0.0704058632255
2147,333,3,2,0.19175465405,0.0681689232588,0.0186746735126,0.013004951179,-0.00566972233355
2148,6525,10,33,0.122680701315,0.0468491241336,0.0114753348753,0.00614684820175,-0.00532848667353
2149,2959,3,5,0.0794329568744,0.0227516684681,0.0257985405624,0.032956276089,0.00715773552656
2150,1437,4,20,0.188247740269,0.0625965744257,0.71678930521,0.211990237236,-0.504799067974
2151,695,4,10,0.0888937115669,0.0420432575047,0.00874664261937,0.0245515014976,0.0158048588783
2152,2869,5,18,0.0632013529539,0.0017240406014,0.153714671731,0.0873294696212,-0.0663852021098
2153,413,11,18,0.109572373331,0.0327873826027,0.0602777823806,0.0199486874044,-0.0403290949762
2154,5724,2,9,0.107719898224,0.0273059178144,0.259626984596,0.0377447232604,-0.221882253885
2155,601,4,17,0.0970990434289,0.0168746206909,0.175913512707,0.0684875547886,-0.107425957918
2156,3354,4,10,0.0706479027867,0.0151939848438,0.0108756860718,0.0209664776921,0.0100907916203
2157,4125,1,20,0.0903835520148,0.0275199525058,0.0123439813033,0.00995164737105,-0.00239233393222
2160,341,4,4,0.0626051872969,0.0110785318539,0.0114465132356,0.0119401440024,0.000493630766869
2161,4967,8,25,0.105261661112,0.0280860215425,0.0186590105295,0.0486792735755,0.030020263046
2162,6959,18,61,0.110601663589,0.0140120889992,0.00477039581165,0.00426693400368,-0.000503461807966
2163,4798,5,16,0.0757702365518,0.0189844239503,0.00628287624568,0.00673851976171,0.000455643516034
2164,426,5,28,0.0726504102349,0.0127427065745,0.344611346722,0.403091549873,0.0584802031517
2165,5586,4,13,0.108263812959,0.025002149865,0.0158782098442,0.00947597529739,-0.00640223454684
2166,266,1,5,0.098497428,0.0456321798265,0.194311618805,0.10940104723,-0.0849105715752
2167,5759,9,23,0.0862752720714,0.00503923650831,0.139488041401,0.0280571784824,-0.111430861056
2168,7134,2,6,0.160699144006,0.0480287149549,0.00367303704843,0.0130427926779,0.00936975516379
2169,1198,6,14,0.113935030997,0.0221522934735,0.102092951536,0.0423259474337,-0.0597670041025
2170,338,1,5,0.0644416436553,0.0138578033075,0.01730591245,0.00867009628564,-0.00863581616431
2171,5794,9,18,0.0703790858388,0.0283975452185,0.00704991584644,0.00270645995624,-0.00434345565736
2172,422,5,22,0.0677677765489,0.0248317290097,0.0166692212224,0.0155249098316,-0.00114431139082
2173,1152,6,20,0.097716845572,0.02442041412,0.00653849029914,0.0102598257363,0.00372133543715
2174,3277,4,18,0.0816383883357,0.0256682597101,0.234411671758,0.225821182132,-0.00859048962593
2175,5707,6,13,0.0934742465615,0.0295699741691,0.0850300490856,0.0379897542298,-0.0470402948558
2176,566,23,41,0.0963400900364,0.00361964735202,0.297554045916,0.0922086462379,-0.205345392227
2177,162,2,17,0.141261294484,0.00546852499247,0.00660655554384,0.00353731960058,-0.00306923594326
2178,7419,1,3,0.161262467504,0.0426301397383,0.00435779383406,0.00476551475003,0.000407720915973
2179,935,3,4,0.105133570731,0.0342392548919,0.00327269220725,0.00348386145197,0.000211169244722
2180,5173,6,18,0.0725926235318,0.00741347949952,0.00273369811475,0.000975728500634,-0.00175796961412
2181,1195,4,19,0.111286133528,0.0383304655552,0.00093697354896,0.00164680776652,0.00070983421756
2182,4562,10,40,0.110544599593,0.0147834597155,0.00985726993531,0.0297080110759,0.0198507420719
2183,4519,5,32,0.10926374048,0.0336832776666,0.124222874641,0.245085835457,0.120862960815
2184,7336,1,6,0.111671619117,0.0605925880373,0.00247499579564,0.00281728873961,0.000342292943969
2185,2854,5,13,0.0830409899354,0.0293153468519,0.0222709588706,0.0193458143622,-0.00292514450848
2186,340,2,6,0.0768702328205,0.013929862529,0.175552368164,0.0604777224362,-0.115074649453
2187,15,2,7,0.180306240916,0.0513078086078,0.491473704576,0.131484910846,-0.359988808632
2188,437,3,6,0.0779365375638,0.0341952443123,0.0765328779817,0.169053912163,0.0925210341811
2189,4481,6,21,0.0874192491174,0.0254237540066,0.00354187958874,0.00547374645248,0.00193186686374
2191,1628,2,5,0.135521829128,0.029736995697,0.0334631167352,0.0321934036911,-0.00126971304417
2192,5260,7,12,0.0526543557644,0.00781763903797,0.0324068143964,0.0549484603107,0.0225416459143
2193,466,2,3,0.107436962426,0.0302017200738,0.0162490252405,0.0132613927126,-0.00298763252795
2194,5195,2,5,0.200172260404,0.0313940905035,0.0234897136688,0.00891706254333,-0.0145726511255
2195,1320,10,24,0.0816019847989,0.0148976426572,0.0153728183359,0.0334937870502,0.0181209687144
2196,8281,8,18,0.140944480896,0.0225769858807,0.0133343189955,0.0141039090231,0.00076959002763
2197,3038,2,8,0.0946522057056,0.0362868495286,0.415438622236,0.196792259812,-0.218646362424
2198,5067,3,5,0.145108729601,0.0319442227483,0.286243855953,0.0567548014224,-0.229489058256
2199,559,1,5,0.0610019378364,0.00388904614374,0.0200713835657,0.027831248939,0.00775986537337
2200,6303,2,5,0.0847507938743,0.00125066237524,0.00678800651804,0.00819795858115,0.00140995206311
2202,2522,2,11,0.163545265794,0.0113599197939,0.548541367054,0.136470213532,-0.412071168423
2204,7700,2,4,0.111212641001,0.0161576103419,0.156688600779,0.0614374764264,-0.0952511280775
2205,6803,3,6,0.119315475225,0.0467868708074,0.00789328012615,0.00693567609414,-0.00095760403201
2206,1439,1,6,0.114896528423,0.0389709584415,0.28258022666,0.20354129374,-0.0790389329195
2207,451,2,3,0.0707621276379,0.0204355921596,0.0381544418633,0.046375092119,0.00822065025568
2208,7700,5,8,0.190415099263,0.0492498502135,0.399954408407,0.0808910802007,-0.319063335657
2209,6593,2,6,0.369776457548,0.0533565953374,0.925196230412,0.14590395987,-0.779292285442
2210,2075,6,19,0.115226127207,0.00930686108768,0.024771714583,0.0762731283903,0.0515014156699
2211,8334,12,17,0.095614053309,0.0223677605391,0.0134739717469,0.00809197314084,-0.00538199860603
2212,4947,5,12,0.092151068151,0.0222349613905,0.0116811664775,0.0122810862958,0.000599919818342
2213,4185,2,4,0.15972982347,0.0172692835331,0.010978619568,0.0179818458855,0.00700322631747
2214,3794,7,17,0.106737017632,0.00265345023945,0.194640472531,0.0268847197294,-0.167755752802
2215,7982,3,3,0.0693605169654,0.0135140167549,0.00818621087819,0.007291121874,-0.000895089004189
2216,5822,30,83,0.0552687048912,0.0258427038789,0.0357950739563,0.0493868552148,0.0135917812586
2217,2392,1,15,0.191929295659,0.0443432070315,0.0510445125401,0.030967047438,-0.0200774651021
2218,4115,3,9,0.0716589689255,0.0190724730492,0.0601318702102,0.0331313349307,-0.0270005352795
2219,1184,2,10,0.122338213027,0.0300474651158,0.00295999436639,0.00198461464606,-0.00097537972033
2220,4422,5,7,0.095168620348,0.022078640759,0.00622224016115,0.00519821792841,-0.00102402223274
2222,4239,3,5,0.121112726629,0.0589609630406,0.022426629439,0.0708027929068,0.0483761653304
2224,1704,16,29,0.145380660892,0.0328450240195,0.316653460264,0.0811031386256,-0.235550314188
2225,9180,2,14,0.107665657997,0.0167152769864,0.0235944315791,0.0266065765172,0.00301214493811
2226,7510,4,10,0.078258022666,0.00168469746131,0.00614152196795,0.00906967744231,0.00292815547436
2227,7775,3,16,0.106738708913,0.00804362539202,0.216681465507,0.0421564690769,-0.174524992704
2228,6603,1,3,0.0722677111626,0.0281009059399,0.0835009515285,0.0596680752933,-0.0238328762352
2229,8066,5,15,0.067844428122,0.00881469529122,0.0387293621898,0.0405438020825,0.00181443989277
2230,4225,1,6,0.087397813797,0.00609095254913,0.048077005893,0.0300585124642,-0.0180184934288
2231,7131,1,11,0.102104462683,0.0196135938168,0.060041449964,0.0334616191685,-0.0265798307955
2232,3431,4,5,0.0720315799117,0.0174649357796,0.0168861187994,0.00629994133487,-0.0105861779302
2233,6169,6,6,0.127549529076,0.0416387505829,0.196251153946,0.110174059868,-0.0860770940781
2234,1350,6,5,0.145753577352,0.0343485623598,0.0241112802178,0.0294311512262,0.0053198710084
2235,8233,3,1,0.102733820677,0.0444056354463,0.00274591473863,0.00655738497153,0.0038114702329
2236,7701,1,5,0.155498847365,0.0165040567517,0.237315818667,0.0794974267483,-0.157818391919
2237,1375,2,7,0.0916045680642,0.0211853329092,0.0126513214782,0.0387327633798,0.0260814428329
2238,5525,2,6,0.0894924923778,0.0208875611424,0.057486589998,0.021655574441,-0.0358310155571
2239,6315,3,1,0.101076044142,0.0342994891107,0.00992012862116,0.00759998662397,-0.00232014199719
2240,1242,7,12,0.0968556329608,0.00211762078106,0.0269753839821,0.0234906245023,-0.00348475947976
2241,5147,8,31,0.0880702137947,0.0147807188332,0.0182201694697,0.0445304065943,0.0263102371246
2242,6531,2,9,0.103425107896,0.00883609056473,0.0472884103656,0.0757215991616,0.028433188796
2243,9261,2,10,0.108514815569,0.00936979055405,0.000567211187445,0.000512729864568,-5.44813228771e-05
2244,452,24,81,0.116772390902,0.038664098829,0.0079295290634,0.00209836731665,-0.00583116151392
2245,1224,6,20,0.136876598001,0.0321223847568,0.0194657910615,0.0172106195241,-0.0022551715374
2247,6531,6,25,0.182496234775,0.0475158989429,0.593410372734,0.188045606017,-0.405364751816
2248,3306,4,16,0.141749933362,0.00839383155107,0.0358642376959,0.00732490606606,-0.0285393316299
2249,1496,3,3,0.142716914415,0.0281104166061,0.00554861314595,0.00797584652901,0.00242723338306
2250,6584,10,27,0.138108059764,0.0332866050303,0.145078018308,0.0689263045788,-0.0761517137289
2251,1178,1,7,0.0992582812905,0.00748682720587,0.0339082479477,0.0186388473958,-0.0152694005519
2252,5712,3,12,0.152052223682,0.0280395932496,0.0128576923162,0.00984382163733,-0.00301387067884
2253,5945,18,44,0.123990751803,0.0149159170687,0.00871268846095,0.00525276735425,-0.0034599211067
2254,8138,15,27,0.313808917999,0.104904040694,0.863936364651,0.169632181525,-0.694304168224
2255,33,3,9,0.128378584981,0.0105741536245,0.386348813772,0.286979824305,-0.0993689894676
2256,4354,2,6,0.0905220508575,0.00616326648742,0.00787469558418,0.0163621734828,0.0084874778986
2257,4353,4,11,0.0625094547868,0.0171795394272,0.129099428654,0.0802758708596,-0.0488235577941
2258,519,2,7,0.0768480673432,0.00946288555861,0.0641816481948,0.0142836449668,-0.0498980022967
2259,8135,1,5,0.0706131011248,0.0135930888355,0.0997964292765,0.0666198655963,-0.0331765636802
2260,444,1,10,0.114620953798,0.0324021391571,0.0859028473496,0.0247586686164,-0.0611441805959
2261,176,3,16,0.0766894444823,0.0186765827239,0.0141939353198,0.0212556943297,0.00706175900996
2262,603,15,40,0.0934518054128,0.0278733428568,0.0312699340284,0.063873283565,0.0326033495367
2263,209,6,12,0.108718514442,0.0211460180581,0.0179122891277,0.0624351687729,0.0445228815079
2264,462,1,4,0.114298261702,0.0416980572045,0.000447212485597,0.000563021108974,0.000115808623377
2265,4410,1,7,0.102046363056,0.0111187901348,0.0126447379589,0.013096912764,0.000452174805105
2266,334,1,7,0.172264710069,0.0283461827785,0.520517647266,0.0836788341403,-0.436838805676
2267,9103,14,37,0.0732300430536,0.0116984667256,0.0587731003761,0.0252508427948,-0.0335222557187
2268,501,10,24,0.0942412614822,0.0207511670887,0.230113998055,0.119992554188,-0.110121443868
2269,53,10,23,0.0962382778525,0.0313891507685,0.0460740029812,0.0292885899544,-0.0167854130268
2270,6981,9,23,0.172750070691,0.0700058713555,0.00148882495705,0.00217016879469,0.000681343837641
2271,4360,2,11,0.10786587745,0.00597661687061,0.016625367105,0.00563634373248,-0.0109890233725
2272,224,9,40,0.0789748802781,0.00628558406606,0.00912385061383,0.0342618972063,0.0251380465925
2273,6567,2,7,0.0955222249031,0.0311668738723,0.00798675790429,0.00751580065116,-0.000470957253128
2274,585,7,28,0.0424693785608,0.0163347199559,0.738594651222,0.662761628628,-0.0758330225945
2275,534,7,16,0.0795058831573,0.00588502828032,0.0493206679821,0.0641722604632,0.0148515924811
2276,301,19,61,0.0445592403412,0.0118705043569,0.0339103862643,0.0535078160465,0.0195974297822
2277,5775,7,12,0.133396551013,0.0282171275467,0.0252675656229,0.0105743249878,-0.0146932406351
2278,255,3,11,0.0755804553628,0.0302150212228,0.427068293095,0.281417638063,-0.145650655031
2279,3002,4,14,0.0994998142123,0.0350094474852,0.00531151192263,0.0108028063551,0.00549129443243
2280,476,2,3,0.0789400115609,0.0356233343482,0.121669463813,0.0718855783343,-0.049783885479
2281,1072,3,8,0.0750295519829,0.0108894957229,0.0380798876286,0.027553031221,-0.0105268564075
2282,844,5,2,0.0702375099063,0.0120529560372,0.0331553183496,0.0061265733093,-0.0270287450403
2283,319,2,6,0.085139118135,0.0122996820137,0.099030174315,0.111105762422,0.0120755881071
2284,6595,8,23,0.109686650336,0.02319598943,0.135464563966,0.0751615166664,-0.0603030472994
2285,7263,3,12,0.0908340737224,0.0102891316637,0.00617030123249,0.00470168935135,-0.00146861188114
2286,134,5,2,0.0862779393792,0.00817412603647,0.122560679913,0.183200284839,0.0606396049261
2287,131,7,21,0.0873139500618,0.033308904618,0.256306678057,0.211177751422,-0.0451289266348
2288,513,2,5,0.105729401112,0.0189374536276,0.00596802914515,0.0102889901027,0.00432096095756
2289,196,1,10,0.088406689465,0.0386656969786,0.0820823311806,0.099118925631,0.0170365944505
2290,4009,3,1,0.0792109295726,0.0233925841749,0.127792030573,0.0586041621864,-0.0691878646612
2292,516,7,12,0.0710813105106,0.0252721756697,0.0152088915929,0.0139168882743,-0.00129200331867
2293,439,1,8,0.0939901992679,0.0540720783174,0.631313562393,0.378139108419,-0.253174453974
2294,230,2,5,0.117135882378,0.00635264301673,0.10910667479,0.0742994770408,-0.0348071977496
2295,7852,4,18,0.120976634324,0.0165807083249,0.0670977905393,0.0296158641577,-0.0374819263816
2296,297,2,11,0.0631891191006,0.0178269930184,0.204601198435,0.0941041335464,-0.110497064888
2297,449,2,5,0.100231312215,0.0203875005245,0.349967718124,0.106006532907,-0.243961185217
2298,4481,3,7,0.146989509463,0.0328607559204,0.00687153963372,0.0147384852171,0.00786694511771
2299,4223,1,6,0.141482919455,0.0436362959445,0.070408962667,0.0250324811786,-0.0453764796257
2300,4945,4,11,0.121498823166,0.00909556914121,0.00216436688788,0.0171888750046,0.0150245083496
2301,3530,3,5,0.102337576449,0.00995209999382,0.0014381618239,0.00369823840447,0.00226007658057
2302,12,1,15,0.0736325159669,0.021756593138,0.00541640119627,0.0139984190464,0.00858201831579
2303,6178,4,5,0.113335438073,0.00994339305907,0.00421351380646,0.00153586140368,-0.0026776525192
2304,6813,3,7,0.173936054111,0.0512986443937,0.00612837728113,0.0288352221251,0.0227068439126
2305,6803,2,9,0.0569652579725,0.0164647493511,0.0537680909038,0.0338927395642,-0.0198753513396
2306,381,7,33,0.0736886262894,0.0287927072495,0.0100657241419,0.0234522353858,0.0133865112439
2307,3275,2,8,0.0514325201511,0.00801146030426,0.0152319176123,0.0313812755048,0.0161493569613
2308,242,2,5,0.0940337106586,0.0173206552863,0.0393788665533,0.0210186485201,-0.0183602180332
2309,6540,3,4,0.0849581584334,0.0306180138141,0.0950399413705,0.0885648801923,-0.00647506117821
2310,330,2,4,0.153451904655,0.0765313208103,0.055334944278,0.0202734451741,-0.0350615009665
2311,1023,1,4,0.292984843254,0.0263522081077,0.970835864544,0.29418566823,-0.676650166512
2312,7572,7,24,0.217134997249,0.0183854661882,0.000589701870922,0.00370230991393,0.00311260810122
2313,4476,3,5,0.0557879544795,0.00527854869142,0.0158564709127,0.0294825639576,0.0136260930449
2314,4638,2,14,0.209607377648,0.0412949621677,0.716207206249,0.137690201402,-0.578517019749
2315,3812,2,6,0.111499518156,0.0140401422977,0.234442561865,0.0386802442372,-0.195762321353
2316,3017,1,12,0.125036746264,0.0536913387477,0.0458828434348,0.0361546054482,-0.00972823798656
2317,5470,1,9,0.0951542258263,0.0294876731932,0.0189857240766,0.0485290437937,0.029543319717
2318,1538,1,4,0.0743941068649,0.0190131608397,0.0261890254915,0.0305450037122,0.0043559782207
2319,337,4,4,0.0898308753967,0.0395346842706,0.0424593687057,0.0391108058393,-0.00334856286645
2320,6251,6,7,0.0985624417663,0.0121571477503,0.0293014682829,0.0116538191214,-0.0176476500928
2321,8124,1,7,0.0752352699637,0.0219773296267,0.0161133818328,0.0121919438243,-0.00392143800855
2322,1015,1,6,0.318954080343,0.0500399693847,0.955114603043,0.238524913788,-0.716589689255
2323,343,2,5,0.0716436058283,0.00806019455194,0.0676056742668,0.0747164711356,0.0071107968688
2324,4570,1,7,0.093493051827,0.015564055182,0.0100803617388,0.00825630687177,-0.00182405486703
2325,5723,1,6,0.0952442660928,0.0144815472886,0.186172753572,0.0321461632848,-0.154026597738
2327,2664,4,16,0.0725371614099,0.0258592683822,0.0631939023733,0.0431733876467,-0.0200205147266
2328,1626,4,21,0.0820321813226,0.0214972887188,0.0600612871349,0.081759236753,0.0216979496181
2329,1735,3,3,0.0636555328965,0.00792006123811,0.0463076233864,0.0381423272192,-0.00816529616714
2330,1878,2,5,0.062209110707,0.0167965162545,0.0369325168431,0.0294091198593,-0.00752339698374
2331,5369,20,72,0.141808062792,0.0420451834798,0.19388255477,0.0648323819041,-0.129050165415
2332,1969,7,28,0.0593884177506,0.0318771190941,0.107089295983,0.140073552728,0.0329842567444
2333,5303,8,34,0.101708061993,0.0128406491131,0.00115273310803,0.00274448818527,0.00159175507724
2334,7510,5,26,0.0549699179828,0.0220852345228,0.0335387997329,0.024817943573,-0.00872085615993
2335,4812,10,13,0.0926251709461,0.0260234419256,0.00838782731444,0.00838822312653,3.95812094212e-07
2336,2310,1,17,0.0973599180579,0.0100455228239,0.000403462647228,0.000444289500592,4.08268533647e-05
2337,7514,3,12,0.079866476357,0.0182733926922,0.0137988673523,0.0212790351361,0.0074801677838
2338,1644,11,30,0.0960234105587,0.00671643298119,0.0548421181738,0.0114706391469,-0.0433714799583
2339,5475,1,7,0.0932874754071,0.0074858320877,0.0473227314651,0.0254290048033,-0.0218937266618
2340,1961,3,6,0.0595385767519,0.004870924633,0.118692010641,0.082935474813,-0.0357565358281
2341,4274,15,33,0.106217049062,0.0310797076672,0.0128348469734,0.0104453423992,-0.00238950457424
2342,8120,24,61,0.0923906490207,0.0395189784467,0.00280265812762,0.0106762303039,0.00787357240915
2343,5698,3,12,0.0880881771445,0.0313898846507,0.0320413038135,0.0435306243598,0.0114893205464
2344,7675,9,39,0.148096457124,0.0172576829791,0.00772818969563,0.0120521150529,0.00432392535731
2345,4311,16,52,0.103774689138,0.0545237511396,0.0132241919637,0.0151319727302,0.00190778076649
2346,943,3,6,0.0512279160321,0.0243072416633,0.0057243173942,0.00429788790643,-0.00142642948776
2347,7649,8,9,0.06367046386,0.0189615357667,0.0278764627874,0.00625135796145,-0.0216251052916
2348,7654,1,6,0.0729523450136,0.00544441631064,0.0312479510903,0.0172057524323,-0.014042198658
2349,7475,21,34,0.098536811769,0.0361952371895,0.000150762090925,0.00219410960563,0.00204334757291
2350,1015,2,8,0.0512186288834,0.00870284903795,0.0101819057018,0.00591754121706,-0.0042643644847
2351,525,2,7,0.107753492892,0.011191050522,0.00441028689966,0.00628811260685,0.0018778257072
2352,2964,2,2,0.215502515435,0.145180821419,0.0192030072212,0.0111598586664,-0.00804314855486
2353,1070,3,5,0.077065050602,0.033108394593,0.0187172722071,0.0460983030498,0.0273810308427
2356,310,6,25,0.0929443240166,0.0217645317316,0.133747801185,0.106170020998,-0.0275777801871
2357,9060,1,5,0.077346496284,0.0156531222165,0.0590153075755,0.0658540129662,0.00683870539069
2358,8984,1,1,0.0496316850185,0.0242191012949,0.00211533764377,0.00231208372861,0.000196746084839
2359,6563,1,4,0.0921341404319,0.0132357310504,0.00416766759008,0.0114973289892,0.00732966139913
2360,5420,11,40,0.0549451000988,0.0145028587431,0.291812807322,0.300984054804,0.0091712474823
2361,8783,6,8,0.114274658263,0.00764469895512,0.0381461754441,0.0393567234278,0.00121054798365
2362,5385,6,20,0.153887227178,0.078805193305,0.00221298937686,0.0014785657404,-0.000734423636459
2363,7274,5,15,0.0818375274539,0.0304734259844,0.0199456736445,0.0173209607601,-0.00262471288443
2364,2298,1,13,0.125801667571,0.00630186172202,0.0311649814248,0.0283802170306,-0.00278476439416
2365,3343,4,8,0.0560533441603,0.0124105839059,0.0562389492989,0.0409689135849,-0.0152700357139
2366,2086,4,13,0.0590526722372,0.00937182828784,0.00581134203821,0.0113938329741,0.00558249093592
2367,4595,4,9,0.192569494247,0.0448307283223,0.708367884159,0.216506764293,-0.491861104965
2368,7337,2,6,0.110862374306,0.0267209410667,0.00255245156586,0.00724191544577,0.00468946387991
2369,6059,17,59,0.10474023968,0.023855086416,0.0649515688419,0.0344921685755,-0.0304594002664
2370,8050,7,23,0.135635450482,0.0381968170404,0.00377621385269,0.00632050121203,0.00254428735934
2371,7073,4,18,0.0707182362676,0.0297842342407,0.156827181578,0.246140837669,0.0893136560917
2372,8041,18,55,0.0806809961796,0.0213737338781,0.0343327447772,0.025698537007,-0.00863420777023
2373,5123,7,33,0.110924847424,0.0714445859194,0.0237487088889,0.0208717416972,-0.0028769671917
2374,8057,3,7,0.0773362219334,0.00591226387769,0.0869449079037,0.06387706846,-0.0230678394437
2375,297,8,11,0.145580425858,0.021213427186,0.0885989144444,0.113020353019,0.0244214385748
2376,4351,8,24,0.182023450732,0.0472535528243,0.164939329028,0.0398064851761,-0.125132843852
2377,2117,2,2,0.128558441997,0.02898045443,0.0020443261601,0.00496176769957,0.00291744153947
2378,5157,3,16,0.134423211217,0.00394586473703,0.152628943324,0.0548291616142,-0.0977997779846
2379,4279,3,6,0.133057653904,0.0255066361278,0.0594117194414,0.0415101498365,-0.0179015696049
2380,1239,2,6,0.0898677408695,0.00975484214723,0.0168937984854,0.00925718154758,-0.00763661693782
2381,3305,3,15,0.0845564082265,0.0128483716398,0.12051218003,0.0165923368186,-0.103919841349
2382,5510,1,5,0.0429592169821,0.0137735484168,0.0631467923522,0.045790374279,-0.0173564180732
2383,6335,3,5,0.0935894176364,0.0265154037625,0.0285876560956,0.0125477826223,-0.0160398744047
2385,1192,3,14,0.154877603054,0.0584872700274,0.0395641587675,0.136362746358,0.0967985838652
2386,2544,6,10,0.10772164911,0.0258276257664,0.0598867349327,0.0590080060065,-0.000878728926182
2387,4266,5,14,0.14534124732,0.00955672934651,0.206357002258,0.0998577475548,-0.106499254704
2388,2912,4,12,0.0852477774024,0.0186954364181,0.100064389408,0.134044125676,0.0339797362685
2389,5138,1,10,0.0640121176839,0.00976114161313,0.00914471410215,0.00623925542459,-0.00290545867756
2390,2911,2,5,0.0931823328137,0.0426022000611,0.0742064416409,0.0493070520461,-0.0248993895948
2391,351,1,8,0.118402540684,0.0500164926052,0.266561985016,0.109053738415,-0.157508254051
2392,2876,5,15,0.0833557248116,0.0243568029255,0.263045072556,0.11442694068,-0.148618131876
2393,7786,2,11,0.22502578795,0.101124167442,0.189038082957,0.0324726104736,-0.156565472484
2394,3286,4,11,0.183960273862,0.0435425005853,0.0910615473986,0.173954412341,0.0828928649426
2395,6298,3,6,0.0899086594582,0.0317682400346,0.320425748825,0.171621739864,-0.148804008961
2396,2938,2,12,0.0627140030265,0.0174253098667,0.0976097285748,0.0975694432855,-4.02852892876e-05
2398,2873,1,5,0.135137438774,0.086607016623,0.629977107048,0.27321985364,-0.356757253408
2399,3306,1,5,0.289582908154,0.0424560829997,0.843607127666,0.158581689,-0.685025453568
2400,4346,3,7,0.118900805712,0.0540021397173,0.227050110698,0.110449813306,-0.116600297391
2401,1320,4,28,0.0951851382852,0.00634281290695,0.142197325826,0.038950432092,-0.103246897459
2402,1092,2,10,0.0812533199787,0.0241369642317,0.0412163250148,0.0627167597413,0.0215004347265
2403,421,5,6,0.118941493332,0.0247308593243,0.0289828721434,0.0326338633895,0.0036509912461
2405,777,2,8,0.15245115757,0.0455803312361,0.632137954235,0.229485854506,-0.402652084827
2406,6425,14,53,0.12173563242,0.0171049050987,0.000788202916738,0.00163353572134,0.000845332804602
2407,8414,11,46,0.118655286729,0.0270757321268,0.0198758114129,0.0173892956227,-0.00248651579022
2408,5285,2,6,0.0730657055974,0.0167293250561,0.00337515911087,0.0116721577942,0.0082969982177
2409,7555,21,83,0.0733978971839,0.00571424840018,0.00797840859741,0.0072167031467,-0.000761705450714
2410,5370,4,20,0.0549995452166,0.0200665257871,0.0856932401657,0.0894727110863,0.00377947092056
2411,7727,10,46,0.0839308723807,0.0145491417497,0.0840133056045,0.0265042409301,-0.0575090646744
2412,8518,1,11,0.0962308570743,0.0538317076862,0.0109262242913,0.0115124955773,0.000586271286011
2413,6434,2,10,0.145276486874,0.0742995664477,0.0149255720899,0.0214030835778,0.0064775114879
2414,4754,6,15,0.166978642344,0.0121743334457,0.0519757680595,0.0701781585813,0.0182023905218
2415,2503,2,6,0.0690468475223,0.00709233386442,0.0215478371829,0.0215498805046,2.04332172871e-06
2416,934,1,5,0.0778605118394,0.0101919574663,0.058136947453,0.157007023692,0.0988700762391
2417,5126,1,6,0.0786973387003,0.0156197985634,0.00838634092361,0.00768367899582,-0.000702661927789
2418,6222,1,7,0.0883572474122,0.00457305693999,0.0279052201658,0.0226379353553,-0.00526728481054
2420,3002,1,6,0.314555197954,0.0207221321762,0.0558427348733,0.0333160199225,-0.0225267149508
2421,1629,2,6,0.194528535008,0.0405958592892,0.888740122318,0.328598111868,-0.560142040253
2422,441,2,20,0.0733512938023,0.0271275360137,0.0151404170319,0.00463327532634,-0.0105071421713
2423,2639,5,21,0.138984009624,0.075103700161,0.474993407726,0.164127573371,-0.310865819454
2424,90,6,26,0.0809054076672,0.0166060645133,0.00319370278157,0.0032056060154,1.19032338262e-05
2425,916,2,13,0.166189521551,0.0588106773794,0.580558717251,0.181268259883,-0.399290442467
2426,3179,6,14,0.0832465663552,0.0148568116128,0.204375505447,0.104301653802,-0.100073851645
2427,5898,2,7,0.0691838338971,0.0352350994945,0.0892516970634,0.053099732846,-0.0361519642174
2428,946,1,7,0.0625583305955,0.0252665095031,0.126624435186,0.0590842813253,-0.067540153861
2429,946,3,6,0.110362626612,0.00667728530243,0.00702080968767,0.0185571629554,0.0115363532677
2430,5187,3,5,0.112106330693,0.00620513269678,0.0297420546412,0.0259788036346,-0.0037632510066
2431,4123,1,6,0.0802682638168,0.00569621054456,0.022852839902,0.0224633123726,-0.000389527529478
2432,6327,5,1,0.150618478656,0.0749025717378,0.00461877463385,0.00656195217744,0.00194317754358
2434,8321,14,36,0.0766624584794,0.00481012603268,0.155396476388,0.134789183736,-0.0206072926521
2435,5826,5,8,0.0786621943116,0.0262910407037,0.183551177382,0.0917781665921,-0.0917730107903
2436,6787,1,7,0.0767194926739,0.0307410862297,0.00737474951893,0.00606541475281,-0.00130933476612
2437,7487,2,15,0.0726580023766,0.00720463693142,0.0191128440201,0.0258045122027,0.00669166818261
2438,8477,1,8,0.0948145166039,0.0204400122166,0.0394169390202,0.0411370061338,0.00172006711364
2439,5275,7,41,0.0870008096099,0.0257067270577,0.103993937373,0.158641412854,0.054647475481
2440,1877,5,17,0.110152862966,0.049710649997,0.0188328102231,0.0371772944927,0.0183444842696
2441,8710,10,10,0.0869496241212,0.0242964010686,0.00755639607087,0.00583764491603,-0.00171875115484
2442,7639,2,11,0.0775294005871,0.0251286998391,0.00628978805616,0.00730414083228,0.00101435277611
2443,7491,10,19,0.101232476532,0.0175564158708,0.0881314054132,0.0397009961307,-0.0484304092824
2444,4936,2,17,0.115793175995,0.0306301321834,0.188412204385,0.276263982058,0.0878517776728
2445,5093,1,12,0.103157401085,0.0185136590153,0.0404950641096,0.033017847687,-0.00747721642256
2446,8628,2,6,0.0721435248852,0.00953868404031,0.293016642332,0.183773949742,-0.10924269259
2447,1685,3,8,0.0894382074475,0.0404050089419,0.0721004903316,0.049206584692,-0.0228939056396
2448,7798,2,12,0.0596685446799,0.0146027328447,0.0244618356228,0.0183685887605,-0.00609324686229
2449,5200,5,21,0.0773697569966,0.0125288134441,0.0332812033594,0.0324626006186,-0.000818602740765
2450,5101,20,61,0.135638788342,0.0291038509458,0.335655659437,0.100352436304,-0.235303223133
2451,5990,12,32,0.074747286737,0.0120116816834,0.00347177544609,0.00906947813928,0.00559770269319
2452,4808,2,6,0.0384273789823,0.00878528039902,0.0374441035092,0.0296042487025,-0.00783985480666
2453,3155,4,7,0.0954824462533,0.0177158415318,0.0147558776662,0.0196421965957,0.00488631892949
2454,6921,3,12,0.0805980563164,0.0335261188447,0.00721804844216,0.00466601923108,-0.00255202921107
2455,7742,5,16,0.131867349148,0.0351438485086,0.223374381661,0.0224941838533,-0.200880199671
2456,3312,5,9,0.118170201778,0.0423117168248,0.0370991230011,0.0173301603645,-0.0197689626366
2457,5990,2,4,0.11779216677,0.018732002005,0.00431932881474,0.0144722564146,0.0101529275998
2458,5976,3,6,0.0964098200202,0.0207560807467,0.2465364784,0.103872418404,-0.142664059997
2459,654,1,1,0.173138692975,0.0166587959975,0.0433268994093,0.0365950874984,-0.00673181191087
2460,641,3,5,0.137933582067,0.0123662855476,0.229748338461,0.114639610052,-0.115108728409
2461,648,2,8,0.165639385581,0.0222844779491,0.435862362385,0.068492680788,-0.367369681597
2462,713,1,4,0.110815964639,0.0323349535465,0.155237004161,0.100430965424,-0.0548060387373
2463,3522,13,45,0.0711088329554,0.0108635080978,0.0133803104982,0.0307010710239,0.0173207595944
2464,278,3,9,0.0802408158779,0.0205310061574,0.223113119602,0.233676955104,0.0105638355017
2465,305,8,34,0.0570518672466,0.0297927912325,0.681269228458,0.52311372757,-0.158155500889
2466,1080,3,9,0.121323384345,0.0297960359603,0.15931545198,0.129260420799,-0.0300550311804
2467,1244,3,15,0.204875007272,0.0259777568281,0.579135835171,0.153642967343,-0.425492882729
2469,4128,5,6,0.132642582059,0.0202501546592,0.0398873575032,0.0502673201263,0.0103799626231
2470,2933,18,52,0.0864762663841,0.0269758552313,0.00907049421221,0.0110242478549,0.00195375364274
2471,1424,8,28,0.0378268845379,0.00636634463444,0.00438133906573,0.00953788962215,0.00515655055642
2472,3047,3,15,0.0706698670983,0.0195116419345,0.0098710982129,0.0166836306453,0.00681253243238
2473,446,5,6,0.08419495821,0.017377557233,0.179838180542,0.0959993004799,-0.0838388800621
2474,7563,19,71,0.217389956117,0.089627943933,0.0561713799834,0.0763990879059,0.0202277079225
2475,3433,4,17,0.146182060242,0.0260454975069,0.0739013403654,0.0319306068122,-0.0419707335532
2476,5280,5,18,0.0611593909562,0.0195840895176,0.00245992140844,0.00664310576394,0.0041831843555
2477,1881,2,4,0.0864770486951,0.0214854795486,0.0308927558362,0.0546273179352,0.023734562099
2478,3845,1,6,0.0752728357911,0.0140567487106,0.226467967033,0.0980686843395,-0.128399282694
2479,114,59,188,0.116148389876,0.0344359725714,0.020834421739,0.0808158293366,0.059981405735
2480,3846,8,19,0.0669199600816,0.00641620764509,0.0163507591933,0.00972570013255,-0.00662505906075
2481,9271,3,10,0.0708261057734,0.00907986424863,0.011260220781,0.0120762838051,0.000816063024104
2482,5321,5,21,0.11162546277,0.0162925571203,0.0112870261073,0.0177914351225,0.00650440901518
2483,6922,17,33,0.0767697319388,0.0234035104513,0.00662232749164,0.00794101972133,0.00131869222969
2484,4546,6,14,0.117922186852,0.0451114214957,0.0212860498577,0.0150342574343,-0.00625179242343
2485,578,3,13,0.0795609951019,0.0235231835395,0.054725587368,0.0794329419732,0.0247073546052
2486,1316,13,21,0.0717761144042,0.0205784216523,0.216238170862,0.17408336699,-0.0421548038721
2487,2881,5,18,0.0540574193001,0.0444242469966,0.000168632992427,0.00172288774047,0.0015542547917
2488,204,1,5,0.0750604569912,0.00682799704373,0.0400715172291,0.107715517282,0.0676440000534
2489,2942,6,24,0.0894272625446,0.0272342320532,0.0241416506469,0.025338312611,0.00119666196406
2490,2866,1,4,0.150452628732,0.0709714889526,0.153705313802,0.0229808837175,-0.130724430084
2491,3769,2,8,0.0775961428881,0.0180530752987,0.0496388226748,0.0583566911519,0.00871786847711
2492,1644,13,29,0.060287039727,0.0119270356372,0.291723638773,0.191982075572,-0.099741563201
2493,1923,3,17,0.114479772747,0.00580764841288,0.012817193754,0.0123471012339,-0.000470092520118
2494,8059,3,7,0.0623267479241,0.0136338369921,0.0930630639195,0.0296601187438,-0.0634029433131
2495,5474,4,26,0.065201766789,0.0142701091245,0.0261498242617,0.0545261651278,0.0283763408661
2496,1686,6,12,0.0713670179248,0.0287078376859,0.139289721847,0.283347010612,0.144057288766
2497,7367,1,9,0.112896792591,0.0219103451818,0.0176525060087,0.0176312420517,-2.12639570236e-05
2498,3640,3,23,0.0668745711446,0.00713305547833,0.0111001189798,0.00791304931045,-0.00318706966937
2499,2762,3,6,0.159691408277,0.00299165677279,0.0390899404883,0.0320388637483,-0.00705107674003
2500,1623,2,12,0.18612228334,0.115933075547,0.125764116645,0.0428410209715,-0.0829230993986
2501,1777,8,22,0.136949390173,0.00834219064564,0.0022292570211,0.00547231500968,0.00324305798858
2502,7989,7,11,0.069145925343,0.00705246627331,0.00973849650472,0.00965747237206,-8.1024132669e-05
2503,4789,2,18,0.0645045563579,0.016963629052,0.0378333367407,0.0146613596007,-0.0231719762087
2504,7651,7,11,0.117041148245,0.0530885346234,0.00109854957554,0.00167413335294,0.00057558377739
2505,6540,13,27,0.0732786729932,0.0145374704152,0.0359953790903,0.0223819464445,-0.0136134326458
2506,7016,17,40,0.141302868724,0.0833546295762,0.0208415258676,0.0128724500537,-0.00796907581389
2507,194,15,33,0.210290268064,0.00972797721624,0.0165803693235,0.072547160089,0.0559667907655
2508,3259,4,13,0.0810797140002,0.0171199813485,0.0230541285127,0.0173137951642,-0.00574033334851
2510,2486,2,9,0.0672155097127,0.0200202167034,0.0908001065254,0.0289675742388,-0.0618325322866
2511,7488,9,11,0.140001744032,0.0464832112193,0.0169494263828,0.0523897521198,0.035440325737
2512,5868,7,17,0.110091693699,0.0163343455642,0.0402490347624,0.00423965370283,-0.0360093824565
2513,9278,23,60,0.187478080392,0.0825852155685,0.024288052693,0.0309276077896,0.00663955509663
2514,3238,2,12,0.0732930824161,0.0384113229811,0.0497688874602,0.0468851737678,-0.00288371369243
2515,172,6,5,0.108556300402,0.0170816667378,0.044891718775,0.045520234853,0.000628516077995
2516,2721,1,5,0.140719935298,0.0649108663201,0.211978346109,0.0593679845333,-0.152610361576
2517,7130,2,5,0.158170208335,0.0752073228359,0.269425570965,0.132151737809,-0.137273833156
2518,1372,5,42,0.105171859264,0.0526516661048,0.00638726819307,0.00988062936813,0.00349336117506
2520,1570,11,54,0.0729604884982,0.0060708890669,0.00144760776311,0.00280452263542,0.0013569148723
2521,36,3,3,0.0686105266213,0.0292942114174,0.0760435536504,0.142715826631,0.0666722729802
2522,4085,10,33,0.220940992236,0.0414132848382,0.170806527138,0.0606347806752,-0.110171750188
2523,3590,1,9,0.0971516594291,0.0210038330406,0.01729782857,0.0084005529061,-0.00889727566391
2524,2754,4,4,0.10045041889,0.0288512352854,0.0168737433851,0.0103795193136,-0.0064942240715
2525,1157,5,9,0.102950342,0.0513447634876,0.0129581196234,0.0111295254901,-0.00182859413326
2526,3207,10,16,0.0824304446578,0.0166871305555,0.103091292083,0.197340488434,0.0942491963506
2527,1439,2,3,0.0608062930405,0.0168542489409,0.0291417986155,0.0145889185369,-0.0145528800786
2528,2924,3,2,0.137375861406,0.0577159784734,0.0137596083805,0.0192316994071,0.0054720910266
2529,37,2,4,0.19073997438,0.0266186762601,0.500887691975,0.061937302351,-0.438950389624
2530,2713,1,8,0.103406019509,0.0337698049843,0.00466581992805,0.00835266616195,0.0036868462339
2531,4394,2,4,0.0964016914368,0.0327185019851,0.0938626378775,0.0260526817292,-0.0678099542856
2532,782,5,16,0.0819463282824,0.0218347776681,0.000335765740601,0.00230172136799,0.00196595559828
2533,8019,3,12,0.1709420681,0.0676467642188,0.0151430061087,0.0272061675787,0.01206316147
2534,5818,2,6,0.113868951797,0.0278252363205,0.00337325688452,0.00313803739846,-0.000235219486058
2535,5806,3,2,0.159539982677,0.0236627571285,0.204671964049,0.0226721018553,-0.181999862194
2536,5934,7,20,0.0827672705054,0.0254431515932,0.182421639562,0.0685732662678,-0.113848373294
2537,3128,10,19,0.153030350804,0.0128683624789,0.00437786523253,0.00326692895032,-0.0011109362822
2538,465,4,11,0.125596091151,0.0114123504609,0.0781925171614,0.0361411981285,-0.0420513190329
2539,1555,1,4,0.0806533023715,0.00709965080023,0.0129635939375,0.0221438463777,0.00918025244027
2540,3024,7,32,0.112737692893,0.0567624978721,0.382908821106,0.170969620347,-0.211939200759
2541,1413,2,6,0.119201861322,0.0509551353753,0.572829008102,0.215363636613,-0.357465386391
2543,2819,13,44,0.169994354248,0.0360959358513,0.0134245604277,0.0375336371362,0.0241090767086
2544,5555,17,55,0.10283536464,0.0310401283205,0.0048066531308,0.00742339342833,0.00261674029753
2545,3525,2,6,0.0497935116291,0.00833001267165,0.0691368877888,0.0460644774139,-0.0230724103749
2546,2580,1,6,0.114840738475,0.0376207344234,0.0196430217475,0.0454823188484,0.0258392971009
2548,8939,3,5,0.104564845562,0.0274248626083,0.0620707534254,0.00791023019701,-0.0541605241597
2549,6205,4,11,0.133327126503,0.0368918515742,0.00278148241341,0.00213486119173,-0.000646621221676
2550,7310,2,5,0.0657484605908,0.0118992142379,0.0543161593378,0.029563030228,-0.0247531291097
2551,8013,3,1,0.0654863938689,0.0074144215323,0.00925760995597,0.00829315837473,-0.00096445158124
2552,7617,4,1,0.107938319445,0.0344929769635,0.0287394337356,0.031476918608,0.00273748487234
2553,782,6,15,0.0631405636668,0.00966217555106,0.00403991388157,0.000774217129219,-0.00326569681056
2555,5646,6,23,0.125184521079,0.0198930613697,0.0349179841578,0.0199072286487,-0.0150107555091
2556,5268,2,9,0.156492769718,0.0785331353545,0.0116679864004,0.0153535129502,0.00368552654982
2557,164,3,10,0.171537518501,0.00786240864545,0.00183347589336,0.0260905008763,0.0242570247501
2559,285,1,6,0.0848725065589,0.0120322685689,0.0173713285476,0.035131726414,0.0177603978664
2560,234,3,14,0.114565730095,0.0288790147752,0.0130886202678,0.0031136746984,-0.00997494533658
2561,136,2,6,0.0696741640568,0.0263074189425,0.0321198664606,0.0524695180357,0.0203496515751
2562,155,5,17,0.079388640821,0.016170559451,0.0146891409531,0.016269095242,0.0015799542889
2563,209,4,4,0.0746546462178,0.0194156803191,0.0260621979833,0.0691945627332,0.0431323647499
2564,4330,6,31,0.0646614432335,0.0302630998194,0.0118950912729,0.0303870979697,0.0184920057654
2565,511,3,14,0.070522762835,0.0313778966665,0.00625362526625,0.0112257152796,0.00497209001333
2568,511,2,4,0.0736415162683,0.0146073559299,0.051580876112,0.0273179858923,-0.0242628902197
2569,184,7,15,0.156018868089,0.0340524762869,0.375679790974,0.0378649123013,-0.337814867496
2570,2949,5,9,0.0764048099518,0.00640698382631,0.00276795774698,0.00877233687788,0.0060043791309
2571,1542,3,4,0.0836437940598,0.030595863238,0.00540665630251,0.00772743299603,0.00232077669352
2572,511,12,39,0.0745098516345,0.0214669518173,0.0320225171745,0.0401418767869,0.00811935961246
2573,8035,2,5,0.0725046694279,0.00749872857705,0.02828130126,0.0117112249136,-0.0165700763464
2574,845,4,8,0.0720472112298,0.027640748769,0.0599049925804,0.0243211761117,-0.0355838164687
2575,1388,3,6,0.0971171557903,0.0391597114503,0.0151533577591,0.0237747505307,0.0086213927716
2576,6088,15,31,0.0569959394634,0.0160422064364,0.00606411788613,0.00636204844341,0.000297930557281
2577,5240,19,57,0.10544321686,0.010177555494,0.00694309500977,0.00166385853663,-0.00527923647314
2578,3075,20,83,0.114622794092,0.0310401432216,0.00177622959018,0.00538116553798,0.00360493594781
2580,3265,1,4,0.118882991374,0.0213062968105,0.000430580199463,0.00169948360417,0.0012689033756
2581,1284,3,8,0.112739831209,0.0122359506786,0.00305210892111,0.00254354416393,-0.000508564757183
2582,4970,6,10,0.181157231331,0.123729720712,0.00293157808483,0.002351176925,-0.000580401159823
2583,6589,1,1,0.0602960437536,0.0208852421492,0.0677594617009,0.0686516985297,0.000892236828804
2584,1628,3,6,0.124092064798,0.0166185796261,0.00309540936723,0.0121865598485,0.00909115001559
2585,3145,4,8,0.0535394959152,0.0103016486391,0.227608785033,0.137015417218,-0.090593367815
2586,6958,3,9,0.112084172666,0.0259822905064,0.0846575796604,0.0180012974888,-0.0666562840343
2587,3436,2,10,0.108596228063,0.0173303578049,0.0244106575847,0.0606856644154,0.0362750068307
2588,3115,3,6,0.0712095573545,0.023847207427,0.028368704021,0.0445461757481,0.0161774717271
2589,3539,3,11,0.116852127016,0.0104911252856,0.0038959311787,0.00705528026447,0.00315934908576
2590,6331,3,12,0.131919369102,0.0543120130897,0.146800562739,0.0540813393891,-0.0927192270756
2591,1866,1,8,0.139651164412,0.0601367615163,0.00952864065766,0.00287632946856,-0.00665231142193
2592,4709,1,7,0.106680452824,0.0486060716212,0.0111395837739,0.0386401079595,0.0275005251169
2593,8272,4,5,0.0814225524664,0.0112004708499,0.016902577132,0.00850924383849,-0.0083933332935
2594,6332,4,10,0.0868308767676,0.0425648242235,0.361793756485,0.152812123299,-0.208981633186
2596,1816,2,9,0.0748136490583,0.0173065755516,0.0083019444719,0.00336253549904,-0.00493940897286
2597,5906,2,10,0.106272138655,0.0296177621931,0.0129065196961,0.0808349326253,0.0679284110665
2599,4204,3,11,0.115582875907,0.011620387435,0.295989573002,0.129356384277,-0.166633188725
2600,1848,2,4,0.0778041854501,0.0225472766906,0.0123045789078,0.023514797911,0.0112102190033
2601,5263,3,8,0.11131310463,0.0340643152595,0.134702369571,0.0538150072098,-0.080887362361
2602,6164,4,6,0.0745634436607,0.0144341848791,0.0856658369303,0.0600820370018,-0.0255837999284
2603,6870,2,8,0.0765796154737,0.0275823958218,0.0574192591012,0.0695194378495,0.0121001787484
2604,3896,3,8,0.0742704644799,0.0196491964161,0.025770150125,0.0470604933798,0.0212903432548
2605,1628,2,4,0.109801404178,0.0616899169981,0.00229803984985,0.123484112322,0.121186070144
2606,11,1,11,0.0577167309821,0.00939282309264,0.233091533184,0.0688177570701,-0.164273768663
2607,3722,3,9,0.0563194788992,0.0360659062862,0.00368560361676,0.00906638149172,0.00538077764213
2608,1628,2,6,0.054506380111,0.00948249921203,0.0919345542789,0.101341195405,0.00940664112568
2609,2051,6,9,0.111005119979,0.0756210759282,0.367867290974,0.296093732119,-0.0717735588551
2610,6062,11,46,0.177267357707,0.050695091486,0.0722525492311,0.0118191158399,-0.0604334324598
2611,771,2,9,0.110143490136,0.059526771307,0.117244884372,0.178421497345,0.0611766129732
2612,3395,4,8,0.0990590080619,0.0340555943549,0.046387039125,0.0330353043973,-0.0133517347276
2613,7612,1,8,0.0984080657363,0.0100509915501,0.0023095367942,0.00744345551357,0.00513391848654
2614,1087,3,12,0.112889498472,0.0246946047992,0.0305372811854,0.00860177073628,-0.0219355113804
2615,7655,4,5,0.287995398045,0.0280025675893,0.0162675958127,0.0623970963061,0.0461295023561
2616,1132,2,9,0.119546838105,0.0405774787068,0.0870939344168,0.0627182498574,-0.0243756845593
2617,8370,30,38,0.114985734224,0.0151093453169,0.0142614822835,0.0176319237798,0.00337044149637
2618,1071,11,19,0.103949137032,0.0238975826651,0.106155753136,0.0879177451134,-0.0182380080223
2619,4448,3,3,0.0732457414269,0.00749223632738,0.00657457113266,0.0137906624004,0.00721609126776
2620,8031,1,4,0.124774537981,0.0488127209246,0.0368284620345,0.0352456904948,-0.00158277153969
2621,6641,2,6,0.0734988376498,0.00886071939021,0.0441779009998,0.0448737926781,0.000695891678333
2622,981,2,8,0.267136216164,0.0200072452426,0.48649635911,0.127390265465,-0.359106093645
2623,6200,1,6,0.109921522439,0.025564096868,0.0351011194289,0.0121626025066,-0.022938515991
2624,6836,23,71,0.117566861212,0.0619805790484,0.00376493646763,0.015444512479,0.0116795757785
2625,2006,13,27,0.124219812453,0.0192053783685,0.0046440823935,0.00621044496074,0.00156636256725
2626,2260,5,6,0.111940033734,0.0411709845066,0.0509290285408,0.165928736329,0.114999711514
2628,4377,2,6,0.0339716523886,0.00876805651933,0.0145649230108,0.0122996978462,-0.00226522516459
2629,981,4,6,0.100109994411,0.0210313498974,0.0113197537139,0.0172136295587,0.00589387584478
2630,2749,1,5,0.089094363153,0.01744129695,0.0402440614998,0.0606848299503,0.0204407684505
2631,1740,2,5,0.101581119001,0.0170808769763,0.00363088259473,0.0081924078986,0.00456152530387
2632,4902,6,10,0.124494433403,0.0249022692442,0.101136945188,0.0568908341229,-0.0442461110651
2633,1414,2,10,0.0739208459854,0.00795985385776,0.00777321215719,0.0162113662809,0.00843815412372
2634,7319,4,3,0.109003819525,0.0129829617217,0.00942273437977,0.0161933656782,0.00677063129842
2635,1653,1,9,0.0755425319076,0.0266657285392,0.0104614458978,0.00748792430386,-0.00297352159396
2636,7147,2,8,0.108711779118,0.0231327079237,0.00606546085328,0.0126205682755,0.00655510742217
2637,2066,2,8,0.0966790392995,0.0287956595421,0.0104000288993,0.00629592360929,-0.00410410529003
2638,2052,6,15,0.111072145402,0.00528447795659,0.145791903138,0.355276316404,0.209484413266
2640,7076,4,14,0.129807129502,0.0167371593416,0.0163770131767,0.0124406507239,-0.00393636245281
2641,2580,1,11,0.0811076238751,0.0166365038604,0.00276184058748,0.00237257312983,-0.000389267457649
2642,4860,1,4,0.134867742658,0.0145775033161,0.116607971489,0.155583709478,0.0389757379889
2644,209,2,14,0.114583574235,0.0888010635972,0.0927625820041,0.310096353292,0.217333763838
2645,493,5,15,0.0884041190147,0.032907359302,0.400369256735,0.400666683912,0.000297427177429
2646,2850,6,19,0.0539491958916,0.00744625786319,0.0315373986959,0.0237555857748,-0.00778181292117
2647,877,5,22,0.135262191296,0.0191891267896,0.367091059685,0.0398083925247,-0.32728266716
2648,567,1,18,0.148314759135,0.0334591828287,0.267943561077,0.186703383923,-0.0812401771545
2649,567,2,3,0.103704176843,0.0122843775898,0.00106736458838,0.00213923328556,0.00107186869718
2652,2246,5,13,0.0531368814409,0.0136389248073,0.0141980582848,0.00762878032401,-0.00656927796081
2653,3457,11,32,0.0855163931847,0.00341005786322,0.00304505228996,0.00346745364368,0.000422401353717
2654,7556,1,8,0.0607016384602,0.0150728719309,0.0263211876154,0.021960273385,-0.00436091423035
2655,6180,15,43,0.0917110666633,0.0267996825278,0.0834483727813,0.0214467141777,-0.0620016604662
2656,2171,23,59,0.0931511893868,0.0162328835577,0.00176893826574,0.00273390300572,0.000964964739978
2657,8791,8,19,0.0660361424088,0.00913317222148,0.00358256627806,0.00449029076844,0.000907724490389
2658,6015,2,4,0.0936222970486,0.0142911253497,0.0049014207907,0.00728083588183,0.00237941509113
2659,2449,5,17,0.191084578633,0.0656723827124,0.0277144927531,0.0110243698582,-0.0166901238263
2660,8406,4,18,0.121757127345,0.0457578897476,0.0294953007251,0.0189332962036,-0.0105620045215
2661,7765,11,18,0.143698915839,0.068161457777,0.0159367788583,0.0180206112564,0.00208383239806
2662,2433,9,36,0.0896348953247,0.0247364509851,0.209750369191,0.119421176612,-0.0903291925788
2663,6363,1,10,0.105115540326,0.0352957546711,0.00368292466737,0.00253332522698,-0.0011495994404
2664,1890,3,6,0.0882206484675,0.0264586694539,0.0242689531296,0.023773951456,-0.000495001673698
2665,6892,2,9,0.132977321744,0.0216056685895,0.059113740921,0.0396257825196,-0.0194879584014
2666,5295,1,6,0.0811543762684,0.0112036718056,0.0132375899702,0.0668523535132,0.0536147654057
2667,4990,1,5,0.0610714219511,0.0153299653903,0.0390826016665,0.0142150269821,-0.0248675756156
2669,8769,1,6,0.0536586232483,0.0154137946665,0.029646333307,0.054609041661,0.024962708354
2670,7569,5,18,0.0785542577505,0.0214656833559,0.0367592722178,0.0577428229153,0.0209835506976
2671,131,14,44,0.120720647275,0.0269905682653,0.0839482247829,0.062962166965,-0.0209860578179
2672,1998,1,6,0.0492177866399,0.0100103355944,0.0402847975492,0.0709642842412,0.030679486692
2673,4926,1,6,0.0730876401067,0.0214513726532,0.0374720543623,0.0723027959466,0.0348307415843
2674,2762,2,6,0.111973978579,0.0769917890429,0.0141181359068,0.0107997432351,-0.00331839267164
2675,2060,1,4,0.099296413362,0.0215669907629,0.0339582376182,0.0934265851974,0.0594683475792
2676,2560,3,4,0.0688450559974,0.0197999347001,0.00809673033655,0.0114298211411,0.00333309080452
2680,260,4,20,0.0854515135288,0.0400084741414,0.00355619285256,0.0151256993413,0.0115695064887
2681,9269,3,10,0.134297013283,0.0135613474995,0.00840678624809,0.00481444457546,-0.00359234167263
2682,3117,3,12,0.0694797858596,0.015536130406,0.257283449173,0.306611508131,0.0493280589581
2684,276,2,8,0.105180568993,0.0182103272527,0.00545388460159,0.0125200441107,0.00706615950912
2685,2863,4,8,0.0828188359737,0.0185133442283,0.0157702099532,0.00886233523488,-0.00690787471831
2686,2366,4,22,0.143206879497,0.0296862479299,0.00761347310618,0.00595056079328,-0.0016629123129
2689,3191,3,6,0.100339569151,0.010168033652,0.0107313757762,0.0251549109817,0.0144235352054
2691,6181,7,13,0.100298456848,0.0365494862199,0.020242055878,0.0260619875044,0.00581993162632
2692,8472,6,29,0.0804333463311,0.0468075722456,0.0622030645609,0.0866779908538,0.0244749262929
2693,6058,15,53,0.160122871399,0.00663278345019,0.0954999476671,0.0985379442573,0.00303799659014
2694,6073,6,17,0.0856691002846,0.00945884920657,0.144530460238,0.0981830954552,-0.0463473647833
2695,4021,2,7,0.0955629423261,0.0540308691561,0.400617688894,0.251386672258,-0.149231016636
2696,5292,4,7,0.0545101948082,0.0200724303722,0.0497917048633,0.0602830983698,0.0104913935065
2697,2647,1,8,0.30929800868,0.025326134637,0.891984343529,0.178248405457,-0.713735938072
2698,1994,2,8,0.0442509055138,0.00541674112901,0.017852190882,0.0234412495047,0.00558905862272
2699,6466,4,10,0.0750848725438,0.0293106287718,0.0820299237967,0.0757097825408,-0.00632014125586
2700,2634,5,21,0.0615790039301,0.0124296024442,0.045104239136,0.0257984083146,-0.0193058308214
2701,1959,1,11,0.0992264822125,0.0434876233339,0.0138044338673,0.0132750188932,-0.000529414974153
2702,3916,20,47,0.111679583788,0.0296614374965,0.01429709699,0.00867263413966,-0.00562446285039
2703,4758,5,15,0.097508944571,0.0222638230771,0.0130926566198,0.0277267005295,0.0146340439096
2704,4130,4,9,0.0919738039374,0.0437808148563,0.0385842211545,0.0479308031499,0.00934658199549
2705,1692,6,10,0.0470367968082,0.0132621433586,0.0650512576103,0.0783526971936,0.0133014395833
2706,4592,6,3,0.158383473754,0.0624787472188,0.0343748293817,0.0122368326411,-0.0221379958093
2707,7336,1,1,0.0857974886894,0.0230270642787,0.031754270196,0.0122376075014,-0.0195166617632
2708,1604,2,8,0.151489034295,0.0107889892533,0.0933013483882,0.0241519976407,-0.0691493526101
2709,2288,1,5,0.0942665860057,0.0336376689374,0.00539877125993,0.0188417434692,0.013442972675
2711,2047,5,6,0.0489300228655,0.00418922537938,0.102418728173,0.0611648261547,-0.0412539020181
2712,6430,5,16,0.0655478015542,0.0207939278334,0.0328106582165,0.0150822000578,-0.01772845909
2714,3337,2,2,0.0764468982816,0.0181756839156,0.0216977223754,0.014680239372,-0.00701748300344
2715,6813,2,5,0.0699626579881,0.0163713935763,0.00531983561814,0.0120342420414,0.00671440642327
2716,2261,5,8,0.0717745348811,0.0216586887836,0.0458424426615,0.0193579252809,-0.0264845173806
2718,2297,2,8,0.0508499853313,0.00668704137206,0.0178535357118,0.0288016591221,0.0109481234103
2719,3476,4,9,0.102516300976,0.0177007466555,0.0270663462579,0.0366479642689,0.009581618011
2720,3453,3,8,0.0684688612819,0.0179280322045,0.0384572967887,0.00822061952204,-0.0302366763353
2721,1944,1,2,0.067081131041,0.0236212462187,0.008470216766,0.0235915314406,0.0151213146746
2722,1984,2,6,0.0578131042421,0.00183949118946,0.0336598530412,0.0412044860423,0.00754463300109
2724,7346,1,1,0.0951056703925,0.0230763144791,0.00680876895785,0.00836666300893,0.00155789405107
2725,733,2,10,0.119756102562,0.0163044147193,0.126115486026,0.0148384822533,-0.111277006567
2726,722,4,1,0.0859714150429,0.0210181046277,0.0198252294213,0.0261942986399,0.00636906921864
2727,702,2,6,0.0778033435345,0.0516413487494,0.906488835812,0.620808362961,-0.285680472851
2728,716,4,11,0.128166481853,0.0241162255406,0.123866572976,0.0875659659505,-0.0363006070256
2730,7946,1,3,0.112963557243,0.00677352724597,0.127451911569,0.0480057746172,-0.0794461369514
2731,701,5,7,0.318459272385,0.0547628588974,0.0119042163715,0.179463937879,0.167559728026
2732,721,1,6,0.113804161549,0.0318003855646,0.151129230857,0.0550284422934,-0.0961007922888
2734,4563,1,2,0.218560084701,0.0117590529844,0.560503363609,0.0720131322742,-0.488490223885
2735,702,1,3,0.0859959125519,0.00694206170738,0.726182878017,0.367673188448,-0.358509689569
2737,7304,7,31,0.09316534549,0.0284531544894,0.02262506634,0.0359228514135,0.0132977850735
2738,4831,1,7,0.075297832489,0.0139928674325,0.0203688908368,0.0313043259084,0.0109354350716
2739,748,4,10,0.0812601223588,0.019317060709,0.077364012599,0.0785920396447,0.00122802704573
2740,2165,2,1,0.0564618110657,0.0254197400063,0.0123850684613,0.00583029119298,-0.00655477726832
2741,3941,12,27,0.0715711712837,0.0109789296985,0.418809384108,0.332620471716,-0.0861889123917
2742,2256,64,134,0.108750097454,0.00823516771197,0.00168948050123,0.000559376145247,-0.00113010429777
2743,6855,18,45,0.0583350770175,0.0100193442777,0.0124189360067,0.0310689806938,0.0186500437558
2744,7935,4,14,0.0760170519352,0.0265248417854,0.00958715938032,0.0253479480743,0.015760788694
2745,5500,10,53,0.0879104137421,0.0151368258521,0.0139274466783,0.0196066107601,0.00567916408181
2746,8040,6,31,0.0388325117528,0.0144920265302,0.0692730247974,0.0878888145089,0.0186157897115
2747,8550,12,19,0.0824945569038,0.0167186483741,0.188375413418,0.0785802379251,-0.109795175493
2748,5496,1,9,0.0415288992226,0.0128553686664,0.0628580749035,0.0621798150241,-0.000678259879351
2749,8106,10,26,0.0892100706697,0.0175089798868,0.232046917081,0.138935133815,-0.0931117832661
2750,7164,3,13,0.0656688213348,0.0163210555911,0.0647003129125,0.0267813559622,-0.0379189550877
2751,8897,16,35,0.0488510429859,0.00899751111865,0.35484367609,0.228472575545,-0.126371100545
2752,7193,4,9,0.0764352306724,0.0369660481811,0.207867637277,0.106151245534,-0.101716391742
2753,8557,4,8,0.0606363005936,0.0208058394492,0.18717046082,0.0997446253896,-0.0874258354306
2754,8873,4,8,0.074028223753,0.0238046608865,0.215416118503,0.143258497119,-0.0721576213837
2755,4283,1,10,0.0902750194073,0.0554240234196,0.00579776894301,0.00749015295878,0.00169238401577
2756,292,3,6,0.0549054145813,0.0137079646811,0.0163366235793,0.0354507416487,0.0191141180694
2757,2911,4,5,0.153979718685,0.0603537410498,0.740588784218,0.28417557478,-0.456413209438
2758,2996,8,34,0.0664228200912,0.0174818839878,0.0601142533123,0.0816680267453,0.021553773433
2760,308,6,15,0.0691335499287,0.0128482086584,0.158862560987,0.0799862518907,-0.0788763090968
2761,8141,5,6,0.174281358719,0.0270311329514,0.00981862097979,0.0129701932892,0.00315157230943
2762,576,2,8,0.0592130534351,0.0355276688933,0.345430999994,0.208083555102,-0.137347444892
2763,588,6,9,0.0889464020729,0.0245225969702,0.0198125895113,0.0193950477988,-0.000417541712523
2764,4003,3,3,0.0771149471402,0.0135919069871,0.0694754496217,0.0630919262767,-0.00638352334499
2765,5033,4,10,0.06703915447,0.0343283191323,0.180552020669,0.0783690810204,-0.102182939649
2766,6534,10,10,0.169640704989,0.0344928577542,0.00320515711792,0.00421084742993,0.00100569031201
2767,448,5,13,0.103709377348,0.0190908852965,0.228289172053,0.0878874957561,-0.140401676297
2768,1555,3,7,0.064046703279,0.021716767922,0.0208465959877,0.0793356969953,0.0584890991449
2770,2992,3,7,0.137724563479,0.0207475554198,0.0163602251559,0.0186307821423,0.00227055698633
2771,8833,33,97,0.111508339643,0.0578916445374,0.625199615955,0.281355768442,-0.343843847513
2772,5013,36,97,0.35902428627,0.0214208178222,0.68863850832,0.0104175182059,-0.67822098732
2773,8368,9,38,0.0667517334223,0.021562596783,0.124516502023,0.0949441418052,-0.0295723602176
2774,86,23,54,0.0874546170235,0.0150558250025,0.00157043791842,0.00309599586762,0.00152555794921
2775,3941,21,38,0.0338440164924,0.00572087615728,0.539193034172,0.482636243105,-0.0565567910671
2776,9240,1,3,0.10445279628,0.0171446055174,0.299549072981,0.0831878855824,-0.216361194849
2777,7241,3,5,0.144120037556,0.0499700345099,0.0123418848962,0.0309675037861,0.0186256188899
2778,7225,5,17,0.0880016610026,0.0140233673155,0.0155181223527,0.0212342198938,0.00571609754115
2779,5763,1,6,0.168648049235,0.0134849026799,0.141305327415,0.0129736289382,-0.128331691027
2780,1543,12,20,0.0902847275138,0.0116997407749,0.00672072544694,0.00388175365515,-0.00283897179179
2781,7683,5,5,0.0978889837861,0.0258925072849,0.388017475605,0.149471014738,-0.238546460867
2782,6493,1,12,0.118771255016,0.0334174446762,0.135277613997,0.0445422120392,-0.0907354056835
2783,6253,2,7,0.105788610876,0.0454256273806,0.0430513769388,0.0157108772546,-0.0273404996842
2784,6253,2,4,0.0906240940094,0.00615578237921,0.227442458272,0.0506756566465,-0.1767667979
2785,4257,2,10,0.0927406772971,0.0120911635458,0.00663171848282,0.00491080665961,-0.00172091182321
2786,6253,1,8,0.270658701658,0.0181525982916,0.700441479683,0.0780208036304,-0.622420668602
2787,697,5,11,0.189025595784,0.0319633744657,0.53350943327,0.104633033276,-0.428876399994
2788,113,17,30,0.0686623752117,0.00373700167984,0.00233226106502,0.00226896046661,-6.33005984128e-05
2789,1,3,2,0.0640899464488,0.0156074669212,0.00978217087686,0.00822640862316,-0.0015557622537
2790,347,2,5,0.070884861052,0.00950249005109,0.0876454785466,0.0708877965808,-0.0167576819658
2791,1031,4,21,0.0676895752549,0.0164810605347,0.063289962709,0.0199705269188,-0.0433194339275
2792,351,10,16,0.0801613107324,0.0352739058435,0.0950737074018,0.0410419367254,-0.0540317706764
2793,389,2,19,0.0950377359986,0.0198471974581,0.0404974110425,0.022627979517,-0.0178694315255
2794,421,6,8,0.0635711029172,0.0162680018693,0.0599676072598,0.0708946511149,0.0109270438552
2795,7841,1,5,0.143582344055,0.0638557374477,0.00380027084611,0.0033494180534,-0.00045085279271
2796,598,4,20,0.0601480193436,0.0186771005392,0.619189143181,0.474377989769,-0.144811153412
2797,209,10,39,0.0691638216376,0.0239359289408,0.295448333025,0.191746115685,-0.10370221734
2798,274,4,9,0.0722224190831,0.0515621006489,0.0109624909237,0.0427445881069,0.0317820981145
2799,297,2,12,0.0838795602322,0.0185522399843,0.0782848000526,0.0789089798927,0.000624179840088
2800,516,2,7,0.0692144632339,0.0248771626502,0.102648176253,0.0404597707093,-0.0621884055436
2801,1589,8,26,0.0929787233472,0.0166931990534,0.0140886986628,0.047971457243,0.0338827595115
2802,9163,11,18,0.12708824873,0.0271832998842,0.0114859445021,0.0137828858569,0.00229694135487
2803,3400,9,31,0.0914565324783,0.0245942138135,0.0234432369471,0.00787926465273,-0.0155639722943
2804,3367,2,7,0.0695598199964,0.00873666629195,0.363607108593,0.199859693646,-0.163747414947
2805,5146,1,7,0.0751608386636,0.00730001926422,0.0752157270908,0.154515787959,0.0793000608683
2806,2626,2,5,0.0828475356102,0.0261758547276,0.0235547833145,0.0177339576185,-0.00582082569599
2807,5950,1,4,0.0769797191024,0.00130317558069,0.0262333750725,0.0617044754326,0.0354711003602
2808,5950,5,8,0.0884190425277,0.0061668921262,0.159430578351,0.14826990664,-0.011160671711
2809,5522,2,4,0.0628633573651,0.00881770532578,0.0227679479867,0.0232809502631,0.000513002276421
2810,1410,1,2,0.107111178339,0.0268719531596,0.0103225819767,0.00844089780003,-0.00188168417662
2811,4610,1,5,0.114893339574,0.0180947631598,0.00486083701253,0.011185596697,0.0063247596845
2812,8118,8,14,0.117626987398,0.023007420823,0.00474218511954,0.00665073283017,0.00190854771063
2813,8748,16,38,0.0653348192573,0.00414505787194,0.168137356639,0.0695561692119,-0.098581187427
2814,7783,3,10,0.123280189931,0.0380407720804,0.229435250163,0.0284137874842,-0.201021462679
2815,8613,5,16,0.0623915605247,0.0213850010186,0.0759869888425,0.046752974391,-0.0292340144515
2816,7853,8,21,0.132167369127,0.0118264174089,0.214097648859,0.0314218513668,-0.182675793767
2817,6232,11,22,0.13922020793,0.0531858615577,0.137052297592,0.131381675601,-0.00567062199116
2819,3321,3,5,0.0500541962683,0.0167740937322,0.00514393439516,0.0147768510506,0.00963291712105
2820,4181,2,3,0.0517769418657,0.00962516386062,0.00461792619899,0.00470572756603,8.78013670444e-05
2821,1299,1,23,0.126440882683,0.0136920241639,0.0157827381045,0.0190716739744,0.00328893586993
2822,611,4,7,0.0644726455212,0.0112912151963,0.00179652892984,0.010951295495,0.00915476679802
2823,4913,3,16,0.104030348361,0.0069553302601,0.00194297055714,0.00290137645788,0.000958405900747
2824,33,4,16,0.249857187271,0.102017790079,0.0556195303798,0.12902764976,0.0734081193805
2825,6335,3,15,0.166503086686,0.0406797155738,0.541689515114,0.131727620959,-0.409961879253
2826,7129,1,4,0.136462196708,0.0392139367759,0.0808498859406,0.0328850336373,-0.0479648523033
2827,5061,2,6,0.118716992438,0.023154899478,0.0458646714687,0.0563395507634,0.0104748792946
2828,6997,2,6,0.0953804031014,0.0314098373055,0.0882895886898,0.0382609404624,-0.0500286482275
2829,1628,3,9,0.0869671925902,0.0350437797606,0.142743602395,0.0675990208983,-0.0751445814967
2830,5646,9,38,0.133672639728,0.0458419919014,0.0635171160102,0.145943939686,0.0824268236756
2831,8439,2,8,0.117917597294,0.00450028246269,0.0404696129262,0.0301281493157,-0.0103414636105
2832,8030,5,23,0.120897330344,0.0522629804909,0.00555880228058,0.00573184294626,0.000173040665686
2833,1325,2,14,0.0453662872314,0.00450899126008,0.00838025659323,0.013664226979,0.00528397038579
2834,151,2,6,0.0501244664192,0.00174658151809,0.0128450104967,0.0065531656146,-0.00629184488207
2836,6939,2,8,0.100926287472,0.0341167151928,0.0251810848713,0.0262036155909,0.00102253071964
2837,5806,2,7,0.107978440821,0.0144672635943,0.00960843078792,0.0105873979628,0.000978967174888
2838,8067,3,19,0.0724533870816,0.0200709979981,0.118017919362,0.0299262385815,-0.0880916789174
2839,307,1,10,0.0882993116975,0.0282119046897,0.0724533945322,0.0452708303928,-0.0271825641394
2840,586,11,23,0.0760191306472,0.0171750541776,0.155585810542,0.0871515870094,-0.0684342235327
2841,6572,8,21,0.0863697752357,0.0132010132074,0.0027368972078,0.00147411227226,-0.00126278493553
2842,535,23,57,0.0812728330493,0.00942066777498,0.146350800991,0.0677366927266,-0.0786141082644
2843,317,1,6,0.0848452448845,0.0335319042206,0.0750645473599,0.0743346437812,-0.000729903578758
2844,277,1,6,0.0843395516276,0.0311860907823,0.0221028029919,0.029047133401,0.00694433040917
2845,23,4,10,0.0675097480416,0.0332114063203,0.00692768255249,0.00768955750391,0.000761874951422
2846,1447,1,4,0.048251632601,0.0151742193848,0.0914738625288,0.0483870096505,-0.0430868528783
2847,1100,2,17,0.0962372198701,0.0243794191629,0.00424749776721,0.0144538097084,0.0102063119411
2848,1412,12,42,0.0810177102685,0.0388556495309,0.0612900033593,0.0366809107363,-0.024609092623
2849,5023,2,20,0.100129537284,0.0346884988248,0.0923627912998,0.0711591243744,-0.0212036669254
2850,1434,4,2,0.0797046124935,0.00969222653657,0.0205660220236,0.021084414795,0.000518392771482
2852,2134,3,6,0.0779884159565,0.0313911661506,0.00956324767321,0.0199375972152,0.010374349542
2853,6628,22,78,0.112586259842,0.0166766196489,0.0313858427107,0.0549643523991,0.0235785096884
2854,6475,25,68,0.0661689788103,0.0278606601059,0.00394420558587,0.00439439574257,0.000450190156698
2855,2519,5,21,0.0894366800785,0.054556414485,0.0913827046752,0.0536358319223,-0.0377468727529
2856,3378,3,4,0.0694409385324,0.00616658991203,0.00414019217715,0.0201446805149,0.0160044878721
2857,401,3,6,0.0895888134837,0.0278536230326,0.00795380398631,0.0285372901708,0.0205834861845
2858,76,4,10,0.0815876796842,0.0213406700641,0.329587966204,0.186230972409,-0.143356993794
2859,577,4,8,0.103776477277,0.0189832821488,0.123320408165,0.0880771502852,-0.0352432578802
2860,417,12,28,0.0877926871181,0.0285871680826,0.0117728896439,0.0276720672846,0.0158991776407
2861,576,5,16,0.0944169983268,0.0433167442679,0.331061303616,0.453581482172,0.122520178556
2862,589,13,25,0.067924708128,0.00313693378121,0.0424574762583,0.0388508401811,-0.00360663607717
2863,489,2,6,0.102739818394,0.054348628968,0.167708218098,0.141313552856,-0.0263946652412
2865,7996,1,13,0.204636469483,0.117228552699,0.00905399676412,0.00828512106091,-0.000768875703216
2866,576,6,15,0.259167283773,0.0867242738605,0.827328801155,0.18612883985,-0.641199946404
2868,208,4,9,0.0753034874797,0.0316593870521,0.0841819420457,0.0682508274913,-0.0159311145544
2869,7606,8,18,0.106298573315,0.0223585367203,0.032030466944,0.00548756308854,-0.0265429038554
2870,1095,10,32,0.130350664258,0.0128432968631,0.303979426622,0.0640784054995,-0.239901021123
2872,476,1,5,0.181526303291,0.0871084406972,0.689177572727,0.244649484754,-0.444528102875
2873,4663,1,8,0.21754078567,0.0873203650117,0.0200950726867,0.0206324700266,0.00053739733994
2874,4401,15,66,0.0883869230747,0.0141913788393,0.137733608484,0.208296716213,0.070563107729
2875,3946,2,6,0.0523837991059,0.0245296377689,0.0242254305631,0.0212074518204,-0.00301797874272
2876,6906,2,4,0.128862962127,0.0241408906877,0.00347198056988,0.00294645898975,-0.00052552158013
2877,782,6,19,0.144348040223,0.0239042453468,0.296792805195,0.0394771061838,-0.257315695286
2878,568,1,9,0.0787218213081,0.0188880395144,0.07141815871,0.0704327747226,-0.000985383987427
2879,2772,17,69,0.0628963038325,0.0168556794524,0.00047551462194,0.000243355010753,-0.000232159611187
2880,904,5,19,0.163392052054,0.044087074697,0.153308898211,0.0323038138449,-0.121005088091
2881,1894,3,14,0.0627443417907,0.0238043479621,0.03329949826,0.0254413690418,-0.00785812921822
2883,643,3,7,0.124388419092,0.0383360795677,0.100689329207,0.0286376979202,-0.0720516294241
2884,1016,3,5,0.108068525791,0.0391709469259,0.090500511229,0.0309768617153,-0.0595236495137
2885,681,4,10,0.0672067850828,0.0240557398647,0.0517900437117,0.0577292256057,0.00593918189406
2887,674,5,4,0.0752920657396,0.00949467066675,0.192835271358,0.199548766017,0.00671349465847
2888,711,2,5,0.158829435706,0.0465303882957,0.273990064859,0.0469046495855,-0.227085411549
2889,666,2,7,0.0422795712948,0.00433146720752,0.761656522751,0.596157550812,-0.165498971939
2890,655,2,4,0.0665738210082,0.0107322996482,0.296708345413,0.133727714419,-0.162980630994
2891,738,2,2,0.166444927454,0.0158386528492,0.219023987651,0.0368315167725,-0.182192474604
2892,650,3,4,0.0735940858722,0.008439890109,0.303304195404,0.194960966706,-0.108343228698
2893,5641,3,5,0.0977820754051,0.0465741045773,0.0216758958995,0.0178541988134,-0.0038216970861
2894,204,5,17,0.0727727115154,0.0092705655843,0.476800233126,0.303846389055,-0.17295384407
2895,789,3,6,0.0868254676461,0.00717396801338,0.0617783255875,0.190662518144,0.128884196281
2896,1427,2,17,0.08097037673,0.0363637916744,0.0588715560734,0.0533178448677,-0.00555371120572
2897,578,3,6,0.0829827859998,0.0344597063959,0.0412249825895,0.0877110287547,0.0464860461652
2898,4340,7,30,0.124244295061,0.0516341626644,0.000841774221044,0.000950978836045,0.000109204615001
2899,6460,4,30,0.127650991082,0.0382568500936,0.0059183887206,0.00452878884971,-0.00138959987089
2900,3372,3,6,0.0654971003532,0.034736443311,0.00741618871689,0.0121015282348,0.00468533951789
2901,1699,3,2,0.0745937526226,0.011613051407,0.0122378682718,0.0124197555706,0.000181887298822
2902,2837,6,13,0.0889894291759,0.0380490683019,0.00665905093774,0.0137346750125,0.00707562407479
2903,260,4,23,0.121438555419,0.0221910439432,0.0681272670627,0.0682298541069,0.000102587044239
2904,404,6,22,0.0883565470576,0.0252105500549,0.0913167521358,0.124269343913,0.0329525917768
2905,203,8,20,0.0831574723125,0.018562277779,0.0190555863082,0.0206693261862,0.00161373987794
2906,421,2,13,0.0178487803787,0.00629974808544,0.0175147391856,0.0186409074813,0.00112616829574
2907,260,3,6,0.0956980809569,0.0160505622625,0.00717302598059,0.00471437582746,-0.00245865015313
2908,3392,4,9,0.049749687314,0.0148639092222,0.0322284549475,0.0176947098225,-0.0145337451249
2909,371,7,9,0.14851988852,0.0244910754263,0.523505270481,0.127426221967,-0.396079063416
2910,260,2,8,0.0817960575223,0.0126463240013,0.0434522591531,0.130893468857,0.0874412059784
2911,5543,7,13,0.091749638319,0.0142776612192,0.0365511886775,0.101956821978,0.0654056370258
2913,7888,2,7,0.0811835452914,0.0162332579494,0.00955045968294,0.0246328487992,0.0150823891163
2914,5530,1,7,0.0983980223536,0.031781680882,0.0156438481063,0.00965948030353,-0.00598436780274
2915,8611,2,4,0.0978541076183,0.00636326242238,0.00484919082373,0.00310433469713,-0.00174485612661
2916,4063,8,15,0.10679345578,0.0404848195612,0.0207956135273,0.00728134065866,-0.0135142728686
2917,7310,4,20,0.0591489374638,0.0146190989763,0.0079090623185,0.0363759435713,0.0284668803215
2918,95,29,57,0.0860032811761,0.0291165448725,0.247217491269,0.081299521029,-0.16591796279
2919,7604,6,11,0.0576443821192,0.00831358972937,0.00264678196982,0.00216224882752,-0.000484533142298
2920,8750,6,19,0.0818681567907,0.0203160457313,0.162046298385,0.0253096539527,-0.136736646295
2921,5607,2,3,0.0997029915452,0.0159131251276,0.0296928547323,0.0380008630455,0.00830800831318
2923,4180,1,6,0.076132543385,0.0158721189946,0.0321341082454,0.0188877433538,-0.0132463648915
2925,8498,10,36,0.192565560341,0.0949711725116,0.000994629226625,0.00130229338538,0.000307664158754
2926,2841,1,13,0.0745753869414,0.0198580808938,0.0154342269525,0.0177078712732,0.00227364432067
2927,941,2,8,0.117524087429,0.0375661104918,0.258915811777,0.0644089505076,-0.194506853819
2929,2915,1,9,0.0986085534096,0.00790546648204,0.0441117249429,0.0115669108927,-0.0325448140502
2930,1415,3,13,0.0969456210732,0.0211684666574,0.0616931021214,0.0681861415505,0.00649303942919
2931,4467,3,5,0.105545781553,0.0113915214315,0.00590888876468,0.0137258833274,0.00781699456275
2932,2535,2,7,0.207802519202,0.0704034119844,0.610028982162,0.105374962091,-0.504654049873
2933,7013,8,60,0.177284598351,0.0261477772146,0.00538127683103,0.00945845153183,0.0040771747008
2934,8817,8,24,0.0931629315019,0.0113230086863,0.151680916548,0.0853977426887,-0.0662831738591
2935,3934,6,18,0.0885669216514,0.011076788418,0.215955004096,0.0607350729406,-0.15521992743
2936,7227,3,12,0.0349680371583,0.00491839786991,0.0130082126707,0.0258792433888,0.0128710307181
2937,7156,22,67,0.0954451262951,0.0139491707087,0.0455439612269,0.0755636319518,0.0300196707249
2938,8555,1,6,0.0500792376697,0.0154249900952,0.0213075336069,0.0302816182375,0.00897408463061
2939,8132,3,6,0.0651180818677,0.0250011812896,0.00882920250297,0.00600168528035,-0.00282751722261
2940,6306,3,2,0.0672501698136,0.0204470735043,0.0090599944815,0.00904471240938,-1.52820721269e-05
2942,1352,3,7,0.245332598686,0.0364688485861,0.831430494785,0.203679993749,-0.627750515938
2943,5792,2,5,0.122999794781,0.0466462746263,0.0395852178335,0.091597430408,0.0520122125745
2944,4403,7,17,0.0763012096286,0.0142965484411,0.00703840330243,0.015545360744,0.00850695744157
2945,5767,1,5,0.0730282142758,0.00846226140857,0.0383207947016,0.0127498572692,-0.025570936501
2946,4270,1,6,0.0888481065631,0.0260005109012,0.116730995476,0.062872312963,-0.0538586825132
2947,2787,9,27,0.103187523782,0.00926478672773,0.00327505986206,0.0113160489127,0.00804098881781
2948,6530,4,10,0.0819334164262,0.0111689334735,0.0327447503805,0.0501883886755,0.0174436382949
2949,8523,1,7,0.0642103254795,0.0224157907069,0.0366558618844,0.0227953661233,-0.013860495761
2950,8071,4,8,0.105730883777,0.0181871205568,0.0855956524611,0.0746851637959,-0.0109104886651
2952,684,6,5,0.0874886438251,0.0184066034853,0.0246484968811,0.0289973765612,0.00434887968004
2953,710,1,8,0.135635972023,0.0409808680415,0.832558333874,0.425348132849,-0.407210201025
2954,2160,2,13,0.114047430456,0.00908609293401,0.00367663940415,0.0214897692204,0.0178131293505
2955,8868,9,12,0.0403830446303,0.00466846628115,0.0264000277966,0.0298914704472,0.00349144265056
2956,4043,1,5,0.0703674778342,0.0307529903948,0.22524048388,0.125137329102,-0.100103154778
2957,5512,2,5,0.100264765322,0.0168568119407,0.0916251763701,0.0417956896126,-0.0498294867575
2958,7057,15,46,0.138531863689,0.059452816844,0.789728343487,0.347946256399,-0.441782087088
2959,6931,24,64,0.122572951019,0.049484487623,7.53240892664e-05,0.000815515930299,0.000740191841032
2960,5633,3,7,0.095641374588,0.0451214946806,0.0208305176347,0.0145780043676,-0.0062525132671
2961,8189,7,32,0.134020611644,0.00404769415036,0.000778373214416,0.00156797433738,0.00078960112296
2962,6314,3,9,0.103792279959,0.00607775012031,0.0494486950338,0.0371752046049,-0.0122734904289
2963,8042,5,19,0.105747483671,0.0371153205633,0.0628230795264,0.0374411530793,-0.0253819264472
2964,7192,4,6,0.100453950465,0.0131483664736,0.182267218828,0.0975124463439,-0.0847547724843
2966,7401,4,11,0.0902776196599,0.0532734915614,0.0400726050138,0.0442403741181,0.00416776910424
2967,11,3,12,0.0714177414775,0.0163393635303,0.104783855379,0.0523400269449,-0.0524438284338
2968,2402,4,7,0.092207454145,0.0390398316085,0.0349020212889,0.0227817669511,-0.0121202543378
2969,4287,1,4,0.0964658781886,0.0229013022035,0.0132024763152,0.0127446204424,-0.00045785587281
2970,3832,5,4,0.0823096856475,0.0109081454575,0.0214121881872,0.0099723264575,-0.0114398617297
2971,5026,2,10,0.132572188973,0.0628744140267,0.852657020092,0.417448908091,-0.435208112001
2972,110,9,18,0.0973595753312,0.0284024719149,0.0612883232534,0.0693845078349,0.00809618458152
2973,5782,2,4,0.0628367587924,0.00924672558904,0.00362927978858,0.00753989862278,0.0039106188342
2974,6825,9,30,0.0839434638619,0.00418841931969,0.306275337934,0.131211519241,-0.175063818693
2975,8844,5,19,0.0620966255665,0.0203192010522,0.0844550430775,0.0405717343092,-0.0438833087683
2976,4265,2,3,0.107411652803,0.0221993718296,0.0102976905182,0.00841394159943,-0.00188374891877
2977,9087,10,13,0.0898559764028,0.0391117371619,0.25743624568,0.0905183181167,-0.166917920113
2978,2629,3,6,0.170208707452,0.0644053518772,0.0318940319121,0.0157350953668,-0.0161589365453
2979,5892,6,26,0.0597544945776,0.00333253503777,0.00915877521038,0.00673253973946,-0.00242623547092
2980,126,2,6,0.0665773674846,0.0225815139711,0.00470264675096,0.0169847663492,0.0122821200639
2981,2196,3,12,0.16902564466,0.0457430519164,0.00643454026431,0.128096759319,0.121662221849
2982,9249,4,18,0.145416691899,0.0617985874414,0.00630474509671,0.00529467919841,-0.0010100658983
2983,5933,1,6,0.0919137001038,0.0357327349484,0.100722715259,0.0282396692783,-0.072483047843
2984,8119,3,4,0.0905511975288,0.0200773421675,0.125497460365,0.0667975246906,-0.0586999356747
2985,8797,9,67,0.0942557230592,0.00725548621267,0.0261809919029,0.0349049009383,0.00872390903533
2986,8383,3,12,0.047982737422,0.0162236876786,0.0899027585983,0.0444642789662,-0.0454384796321
2987,8876,4,13,0.1301471591,0.0381717197597,0.390728384256,0.0775694847107,-0.313158899546
2988,8556,16,63,0.131728485227,0.0143874771893,0.0910360887647,0.164045095444,0.0730090066791
2989,8188,2,6,0.0802434161305,0.011462489143,0.0640012398362,0.0914843082428,0.0274830684066
2990,8042,6,19,0.0718082413077,0.0128120230511,0.0734258666635,0.14534534514,0.071919478476
2991,8843,3,12,0.0580028407276,0.00202281121165,0.0715968459845,0.0310290213674,-0.0405678227544
2992,843,2,2,0.0912435650826,0.0131561914459,0.0284267421812,0.0283992346376,-2.75075435638e-05
2993,4595,1,8,0.143407270312,0.0548541396856,0.578236341476,0.195944234729,-0.382292091846
2994,1341,1,2,0.0829622074962,0.00272043282166,0.0192544385791,0.0082327760756,-0.0110216625035
2995,3325,4,18,0.104234404862,0.0128367319703,0.0141894910485,0.0530458576977,0.0388563647866
2996,8541,3,4,0.0662873908877,0.0199941489846,0.00711321132258,0.0142422951758,0.00712908385321
2997,4126,1,7,0.0722156763077,0.00523947784677,0.0821501612663,0.0251343864948,-0.0570157766342
2998,6754,7,19,0.162567362189,0.0860278978944,0.0168234053999,0.0205513481051,0.00372794270515
2999,5012,3,12,0.19407916069,0.0580906569958,0.607710003853,0.210545837879,-0.397164165974
3001,8372,13,18,0.0739791020751,0.0599744655192,0.156058758497,0.0727394595742,-0.083319298923
3002,9178,9,22,0.13177190721,0.00812042877078,0.00723000569269,0.0274733211845,0.0202433150262
3003,7886,8,17,0.0929224863648,0.0219144690782,0.0243634618819,0.00779660930857,-0.0165668521076
3004,6039,3,6,0.200685605407,0.105807043612,0.0424898415804,0.0784525126219,0.0359626710415
3005,3000,3,15,0.121041931212,0.0192568581551,0.0732598006725,0.013973724097,-0.0592860765755
3006,9128,1,4,0.0683477148414,0.00382231920958,0.00262870942242,0.00244200159796,-0.000186707824469
3007,2103,2,6,0.152782812715,0.0721008479595,0.00526366243139,0.0142288720235,0.00896520912647
3008,2616,5,4,0.0823479220271,0.0133453272283,0.0701208561659,0.0586390085518,-0.011481847614
3009,4194,2,9,0.115969099104,0.0180518385023,0.00712185911834,0.0185443907976,0.0114225316793
3010,5065,4,9,0.0846749544144,0.0153338611126,0.0207615122199,0.0161602832377,-0.00460122898221
3012,792,1,6,0.0887243077159,0.0124382255599,0.0142100602388,0.0128619736061,-0.00134808663279
3013,8144,1,7,0.420099586248,0.0625118017197,0.859938919544,0.0678052082658,-0.792133688927
3014,1688,3,10,0.0762279778719,0.0211863983423,0.0821158289909,0.0285774525255,-0.0535383746028
3015,2685,3,14,0.101480841637,0.0196186024696,0.194480314851,0.038514342159,-0.155965968966
3016,764,1,9,0.234162092209,0.0568881072104,0.681824088097,0.119648076594,-0.562175989151
3017,3307,2,3,0.0955979898572,0.0109829371795,0.0821928977966,0.0377883352339,-0.0444045625627
3018,6108,2,4,0.104562580585,0.0400362499058,0.000432941043982,0.00103260297328,0.000599661958404
3019,876,1,13,0.176341295242,0.0126698315144,0.00829450972378,0.02432830818,0.0160337984562
3022,6991,2,7,0.0902179703116,0.0248922631145,0.000343985273503,0.000136317059514,-0.000207668213989
3025,2264,3,4,0.119235374033,0.0348718874156,0.0140868471935,0.00600061332807,-0.00808623433113
3026,3462,2,4,0.112977482378,0.00628313887864,0.14802852273,0.0179876964539,-0.130040824413
3027,782,3,2,0.46655395627,0.0965333804488,0.894126653671,0.053352188319,-0.840774476528
3028,9247,2,6,0.110378049314,0.0131076108664,0.187191739678,0.063655205071,-0.123536534607
3029,8144,1,1,0.0820725634694,0.0113941375166,0.00103144790046,0.00196389132179,0.000932443421334
3030,3307,1,1,0.3202675879,0.058015640825,0.826058328152,0.107210420072,-0.718847930431
3031,6881,2,12,0.258960872889,0.0447956472635,0.00149544340093,0.00643434422091,0.00493890093639
3033,7465,5,11,0.451872378588,0.0432785302401,0.952470302582,0.102134503424,-0.850335776806
3034,6095,3,7,0.119501918554,0.00778509350494,0.0691082030535,0.0318843573332,-0.0372238457203
3035,6271,3,8,0.114567242563,0.0460174307227,0.0180651713163,0.0219248291105,0.00385965779424
3036,4902,1,4,0.0937658250332,0.0159129481763,0.00927952956408,0.00658876635134,-0.00269076321274
3037,5260,1,8,0.370753437281,0.0540462769568,0.859529197216,0.141499325633,-0.718029856682
3038,7407,2,4,0.135668963194,0.0441887378693,0.689734518528,0.271454870701,-0.418279647827
3039,9002,1,3,0.243026152253,0.167769640684,0.506901264191,0.185506999493,-0.321394264698
3040,4902,7,6,0.131160929799,0.0488422587514,0.297541290522,0.0881412029266,-0.209400087595
3041,1605,1,7,0.249126389623,0.0270243790001,0.00199298281223,0.00865049287677,0.00665751006454
3043,9003,1,4,0.414310365915,0.0304422900081,0.880990087986,0.0620272904634,-0.818962812424
3044,4805,3,8,0.0669581666589,0.0019233339699,0.0530079305172,0.0306748505682,-0.022333079949
3045,771,9,14,0.0562675334513,0.0161934569478,0.0325381048024,0.080966770649,0.0484286658466
3046,4268,1,8,0.101416409016,0.0301116649061,0.0091656204313,0.00742682116106,-0.00173879927024
3047,7842,8,37,0.119278945029,0.0645065531135,0.0363901890814,0.0101090120152,-0.0262811779976
3048,4289,4,5,0.116681955755,0.014727759175,0.135382056236,0.0406841300428,-0.0946979224682
3049,8905,6,9,0.0756289362907,0.0147989643738,0.00436428561807,0.00881451833993,0.00445023272187
3050,238,2,7,0.0925720334053,0.0172925908118,0.0243919137865,0.0414427481592,0.0170508343726
3051,2754,1,7,0.102901399136,0.0460404157639,0.0129304789007,0.00897996034473,-0.00395051855594
3052,3507,4,5,0.0961908102036,0.0108219562098,0.00685284100473,0.00734699191526,0.000494150910527
3053,4668,2,10,0.189351439476,0.115494564176,0.765590369701,0.254584789276,-0.511005580425
3054,4454,1,5,0.0647261738777,0.0123846484348,0.112218521535,0.117707885802,0.0054893642664
3056,2779,7,15,0.174522772431,0.0459639914334,0.581102073193,0.131137251854,-0.449964821339
3057,8995,1,8,0.0794618949294,0.0189672205597,0.0147800343111,0.00643924996257,-0.00834078434855
3058,9002,1,5,0.27036473155,0.126889199018,0.962865889072,0.369423538446,-0.593442320824
3059,4960,3,14,0.33282777667,0.0425016842782,0.943121254444,0.227299451828,-0.715821802616
3060,7465,1,3,0.501630544662,0.0276127252728,0.967510581017,0.0741556882858,-0.893354892731
3061,7450,3,10,0.268656879663,0.209516987205,0.958735406399,0.410792469978,-0.54794293642
3062,5264,2,5,0.352527499199,0.134085118771,0.956037998199,0.22601108253,-0.730026900768
3064,8271,3,12,0.237422466278,0.0259716603905,0.0796726047993,0.0324044078588,-0.0472681969404
3065,7450,3,4,0.229704216123,0.0333528518677,0.509233355522,0.0450408309698,-0.464192509651
3066,9002,3,6,0.322486549616,0.0482087321579,0.998975515366,0.326129674911,-0.672845840454
3067,7465,2,3,0.466415137053,0.0679832994938,0.930377602577,0.0750278905034,-0.855349719524
3068,6737,17,41,0.144836068153,0.044103782624,0.0699760764837,0.0316419899464,-0.0383340865374
3069,6192,5,6,0.0841500461102,0.0143580902368,0.00242370204069,0.00276246201247,0.000338759971783
3070,2591,13,45,0.106737948954,0.0221986379474,0.277809053659,0.123070634902,-0.154738426208
3071,4042,1,6,0.0784961283207,0.0412778891623,0.0440975390375,0.0599713735282,0.0158738344908
3072,4964,1,7,0.101179815829,0.0131520489231,0.0166949685663,0.00566413253546,-0.0110308360308
3073,4046,1,7,0.0864219292998,0.0200438462198,0.0332957059145,0.0437216870487,0.0104259811342
3074,4042,2,6,0.0751655250788,0.0137829016894,0.00438935635611,0.0126058235765,0.00821646675467
3075,2452,3,7,0.0967726707458,0.0379092954099,0.0418828092515,0.0176314227283,-0.0242513865232
3076,3309,3,5,0.147890970111,0.0145862530917,0.0715893134475,0.0672746673226,-0.00431464612484
3077,4179,3,5,0.0797144547105,0.0169587563723,0.0475765056908,0.0526964552701,0.00511994957924
3078,4042,1,8,0.0755997225642,0.00948601029813,0.00935301743448,0.0288944263011,0.0195414088666
3079,4042,1,4,0.0501355417073,0.00260246242397,0.00934397056699,0.00564276752993,-0.00370120303705
3080,1157,2,3,0.110057108104,0.0223904624581,0.066672898829,0.0474328696728,-0.0192400291562
3081,8084,6,9,0.106511175632,0.0239690858871,0.0196743924171,0.0190673545003,-0.00060703791678
3082,834,1,6,0.179846897721,0.0596539601684,0.238726019859,0.0320971831679,-0.206628829241
3083,131,4,6,0.0477978289127,0.0172099787742,0.454518318176,0.360139012337,-0.0943793058395
3084,8446,1,9,0.0934633538127,0.036680098623,0.00350336683914,0.00498896697536,0.00148560013622
3085,531,3,27,0.115659810603,0.0451411120594,0.0104010449722,0.0119397370145,0.00153869204223
3086,7305,5,16,0.1202346012,0.0644981637597,0.0249357391149,0.0187719482929,-0.00616379082203
3088,7929,3,7,0.100158073008,0.0675730258226,0.00723362248391,0.00853422470391,0.00130060222
3089,4697,1,6,0.0967558696866,0.0122621431947,0.00909840036184,0.00830193329602,-0.000796467065811
3090,576,3,2,0.0766509845853,0.0223917942494,0.00469481293112,0.00889744888991,0.00420263595879
3091,3582,10,23,0.103948414326,0.0432186871767,0.00731345545501,0.0093778250739,0.00206436961889
3092,1160,1,12,0.135142862797,0.0813469812274,0.0443304814398,0.0364329442382,-0.00789753720164
3093,7330,3,7,0.155687883496,0.0788934677839,0.0553384125233,0.0104177528992,-0.0449206605554
3094,5180,6,21,0.09089089185,0.0103853968903,0.168445408344,0.0824355408549,-0.0860098674893
3095,841,9,24,0.055170673877,0.00885809119791,0.302132666111,0.354963451624,0.0528307855129
3096,1249,2,9,0.13887488842,0.0137536469847,0.19717182219,0.0277276188135,-0.169444203377
3097,2754,2,9,0.154630616307,0.012791489251,0.09874522686,0.298876672983,0.200131446123
3098,1413,1,15,0.130035609007,0.0248200055212,0.0110576329753,0.01459834259,0.00354070961475
3099,8609,4,8,0.0912432447076,0.0340038277209,0.0409876070917,0.0399961471558,-0.000991459935904
3100,4403,7,13,0.0768548250198,0.012874584645,0.00504843145609,0.0408817380667,0.0358333066106
3103,1123,2,15,0.099756591022,0.0312754251063,0.0137957064435,0.0163839962333,0.00258828978986
3104,6074,11,32,0.112796492875,0.0175867322832,0.06848154217,0.0691380277276,0.000656485557556
3105,9059,5,4,0.0714196041226,0.0127571141347,0.010726925917,0.0026755258441,-0.00805140007287
3106,871,2,5,0.0964739918709,0.0264781806618,0.0253003872931,0.0132317552343,-0.0120686320588
3107,3358,16,36,0.0770810395479,0.0157555546612,0.00175546435639,0.00293834577315,0.00118288141675
3108,3538,4,19,0.0549055151641,0.00664192112163,0.16288767755,0.107656724751,-0.0552309527993
3109,4160,1,5,0.0371726937592,0.00768619775772,0.181488662958,0.118429146707,-0.0630595162511
3110,4713,17,21,0.0380176492035,0.0185778085142,0.00584466941655,0.00505649624392,-0.000788173172623
3111,7731,5,19,0.0713997781277,0.0209862329066,0.029353838414,0.0218574497849,-0.00749638862908
3112,2661,5,19,0.0847738608718,0.0199570730329,0.0643208101392,0.0582594163716,-0.0060613937676
3113,6689,1,5,0.093159429729,0.00351535482332,0.0197710264474,0.0211662929505,0.0013952665031
3115,3910,4,19,0.318723678589,0.139227703214,0.93055665493,0.247115492821,-0.683441162109
3116,7655,1,7,0.103545099497,0.0146713713184,0.019941939041,0.0309672802687,0.0110253412277
3117,7426,1,5,0.0664094910026,0.0034928964451,0.0646788850427,0.0485266260803,-0.0161522589624
3118,4078,1,8,0.0964935794473,0.0412716493011,0.0894259139895,0.231727734208,0.142301827669
3119,7146,4,7,0.123453445733,0.0645771324635,0.00148280337453,0.00611677765846,0.00463397428393
3120,6071,1,7,0.0613342709839,0.00341599271633,0.0156645942479,0.0339495278895,0.0182849336416
3121,8348,1,7,0.0668691769242,0.00865613203496,0.0301428847015,0.0189710278064,-0.0111718568951
3122,2113,4,8,0.0909557938576,0.0284480471164,0.0079509280622,0.013362865895,0.00541193783283
3123,6127,5,23,0.0540183000267,0.0137006593868,0.0262065790594,0.0193023495376,-0.00690422952175
3124,2476,8,11,0.135898932815,0.0101467156783,0.07810267061,0.0453952141106,-0.0327074564993
3125,3977,5,16,0.10433575511,0.0216530542821,0.0171984359622,0.0195475500077,0.0023491140455
3126,468,7,25,0.0764380842447,0.0360099188983,0.0677860155702,0.0726516470313,0.00486563146114
3127,937,2,7,0.152595683932,0.0175390336663,0.48079097271,0.139355614781,-0.341435372829
3129,222,9,23,0.0451248846948,0.0274897962809,0.860034883022,0.690630733967,-0.169404149055
3130,507,2,5,0.278132170439,0.102437727153,0.950330376625,0.306861490011,-0.643468856812
3131,507,1,6,0.187998756766,0.0482801608741,0.960240244865,0.454262405634,-0.505977869034
3133,8165,7,20,0.106540739536,0.0259412694722,0.123441629112,0.0556740872562,-0.0677675455809
3134,7270,8,19,0.0887696146965,0.0129431597888,0.0782651603222,0.04623298347,-0.0320321768522
3135,3272,3,7,0.164347961545,0.110545426607,0.124234355986,0.0169068723917,-0.107327483594
3136,5171,5,16,0.171498298645,0.0095539027825,0.03080910258,0.0963337644935,0.0655246600509
3137,4510,14,29,0.066219188273,0.0159104019403,0.272687882185,0.192345008254,-0.0803428739309
3138,573,10,49,0.0733526796103,0.0330643765628,0.383506953716,0.290952056646,-0.0925548970699
3139,342,3,11,0.0896784365177,0.00421264162287,0.147857040167,0.0356466509402,-0.112210392952
3140,5582,4,8,0.0822377800941,0.0310206189752,0.17913839221,0.097066283226,-0.082072108984
3141,4460,2,8,0.126452758908,0.010299038142,0.130143016577,0.0180707480758,-0.112072266638
3142,2971,1,14,0.0708914026618,0.031580965966,0.0355701781809,0.0757117792964,0.0401416011155
3143,3304,2,5,0.0913372710347,0.0124345561489,0.0946851968765,0.0288601964712,-0.0658250004053
3144,4902,1,5,0.0771560445428,0.00850666221231,0.0127366259694,0.012260556221,-0.000476069748402
3145,2038,3,11,0.106752030551,0.0184524636716,0.0228457134217,0.0134771680459,-0.00936854537576
3146,391,3,17,0.0950110182166,0.0453272759914,0.0474558696151,0.0565287359059,0.00907286629081
3147,268,1,4,0.10027898103,0.0339909791946,0.0833454579115,0.21351711452,0.130171656609
3148,571,9,22,0.14820946753,0.0574330948293,0.144711628556,0.129430383444,-0.0152812451124
3149,3270,5,14,0.0596619136631,0.0062176338397,0.129130199552,0.0647394582629,-0.0643907412887
3150,2938,4,20,0.10787435621,0.037517696619,0.138078942895,0.142264470458,0.0041855275631
3151,385,9,31,0.0887466967106,0.0352244488895,0.174551382661,0.101437650621,-0.0731137320399
3152,363,9,23,0.0836566910148,0.00835259445012,0.0754183903337,0.0540195144713,-0.0213988758624
3154,1033,5,10,0.058824673295,0.0290792360902,0.0482872128487,0.0607543587685,0.0124671459198
3155,131,5,21,0.115517131984,0.0372989363968,0.0276049990207,0.122801221907,0.0951962247491
3156,3638,1,11,0.109390355647,0.0498824343085,0.00314497179352,0.0190238617361,0.0158788897097
3157,598,1,3,0.0949881896377,0.031317487359,0.142319619656,0.115585274994,-0.0267343446612
3158,3592,8,21,0.112112961709,0.0149117335677,0.0753862112761,0.021081417799,-0.0543047934771
3159,1244,4,8,0.180322960019,0.0684201344848,0.833087265491,0.325351268053,-0.507735967636
3160,7652,1,10,0.147872567177,0.0262721795589,0.0187507849187,0.00767408171669,-0.0110767036676
3161,4231,4,19,0.137181892991,0.0168691836298,0.0379318036139,0.0133062452078,-0.0246255584061
3162,6295,5,12,0.124762117863,0.0229618158191,0.00241473224014,0.0136009687558,0.0111862365156
3163,1611,5,11,0.1085909307,0.0635069161654,0.0243049431592,0.0172076169401,-0.00709732621908
3164,8038,2,6,0.0707224532962,0.0182287804782,0.0473430864513,0.0167779643089,-0.0305651221424
3166,4226,1,3,0.107408940792,0.0403999239206,0.0317351408303,0.0554300546646,0.0236949138343
3167,4867,5,19,0.111281968653,0.0235629696399,0.0616503693163,0.0351377874613,-0.0265125818551
3168,8451,3,11,0.0835511162877,0.021063528955,0.0019549774006,0.00197798456065,2.30071600527e-05
3169,9029,1,8,0.0902272835374,0.00668634520844,0.0445511527359,0.0272261518985,-0.0173250008374
3170,9029,2,1,0.0717971175909,0.0123759219423,0.0168196670711,0.0116331875324,-0.00518647953868
3171,2682,3,7,0.0746687352657,0.0178869590163,0.00659518782049,0.00704874796793,0.000453560147434
3172,9167,1,5,0.0628346279263,0.0142109552398,0.00176186719909,0.00496072601527,0.00319885881618
3173,6629,3,4,0.144398733974,0.0117022879422,0.00131426868029,0.00407463731244,0.00276036863215
3174,1331,1,6,0.0792075321078,0.0223824437708,0.00879759062082,0.0199506133795,0.0111530227587
3175,4112,4,13,0.0783953219652,0.00974077358842,0.0553593449295,0.051574010402,-0.00378533452749
3176,8579,1,8,0.10638319701,0.0146817779168,0.00270197866485,0.0105545157567,0.00785253755748
3177,4754,7,18,0.156069308519,0.0268394071609,0.0137150362134,0.032970841974,0.0192558057606
3178,1753,5,10,0.0776515156031,0.0274581052363,0.0304376780987,0.0539093874395,0.0234717093408
3179,8137,2,12,0.114317439497,0.0841530039907,0.00276489323005,0.00296212267131,0.000197229441255
3180,8287,3,7,0.0559281520545,0.0158932786435,0.0407103449106,0.0389965325594,-0.00171381235123
3181,2638,3,16,0.107419259846,0.0195916909724,0.00303087150678,0.0146744446829,0.0116435736418
3182,91,3,16,0.075336843729,0.0126751959324,0.0203223899007,0.0387741886079,0.0184517987072
3183,5261,2,8,0.130409672856,0.0469866469502,0.371968328953,0.103221483529,-0.268746852875
3184,2931,1,6,0.121468901634,0.00806340016425,0.0357545204461,0.0140450475737,-0.021709471941
3185,394,8,19,0.152912572026,0.016531009227,0.486962407827,0.1360232234,-0.350939184427
3186,3246,1,9,0.204871296883,0.0226923599839,0.472400158644,0.0385737456381,-0.433826416731
3187,7513,21,53,0.0877276062965,0.0205672401935,0.00196297024377,0.00280041270889,0.000837442465127
3188,672,1,4,0.0589583553374,0.0268359500915,0.366532802582,0.216421425343,-0.150111377239
3189,1802,8,23,0.0968234017491,0.0537503287196,0.703744471073,0.426553726196,-0.277190744877
3190,7713,2,8,0.0782427862287,0.00569751812145,0.00487332884222,0.00377318426035,-0.00110014458187
3191,5838,3,19,0.0994165763259,0.00982320029289,0.0153005067259,0.0314998365939,0.016199329868
3192,4085,3,5,0.0668335109949,0.0207415726036,0.0382582433522,0.0179342906922,-0.02032395266
3193,1554,1,12,0.0853026285768,0.00817087851465,0.0462157465518,0.0485595315695,0.00234378501773
3195,8848,6,19,0.0600380599499,0.00603199051693,0.0417908877134,0.0365431047976,-0.00524778291583
3196,5830,2,5,0.0939015522599,0.0400508753955,0.0611443854868,0.0425982512534,-0.0185461342335
3197,1356,1,6,0.0899953767657,0.00551085267216,0.0566228888929,0.0977503731847,0.0411274842918
3198,5905,3,3,0.0995401665568,0.0386823266745,0.0186211373657,0.0244794730097,0.00585833564401
3199,6089,1,4,0.0819263532758,0.0150192538276,0.023223457858,0.0194719340652,-0.00375152379274
3200,6463,7,30,0.107213884592,0.0235866140574,0.0316120870411,0.0152074480429,-0.0164046399295
3201,6269,4,8,0.0536531656981,0.0107417218387,0.0180142819881,0.0285828858614,0.0105686038733
3202,9012,3,6,0.13371373713,0.091322645545,0.0276134982705,0.0164824258536,-0.0111310724169
3203,4249,2,4,0.160907939076,0.0126001760364,0.546742916107,0.0946496427059,-0.452093273401
3204,1524,3,3,0.276238679886,0.162747129798,0.886564135551,0.277490586042,-0.609073519707
3205,131,2,6,0.0692764744163,0.0247983448207,0.153966531157,0.10780660063,-0.0461599305272
3206,1050,1,6,0.0816684737802,0.0256011653692,0.0395913571119,0.0768008977175,0.0372095406055
3207,4281,1,4,0.103771775961,0.00647037429735,0.00722669856623,0.00820809323341,0.000981394667178
3208,7172,4,24,0.11421597749,0.0181610621512,0.20029386878,0.240100130439,0.0398062616587
3209,2754,1,6,0.133390411735,0.0188815779984,0.476100891829,0.108129322529,-0.3679715693
3210,5176,6,13,0.110899358988,0.00829724688083,0.0090187266469,0.013060964644,0.00404223799706
3212,2806,4,9,0.127240523696,0.0783829018474,0.00683462014422,0.0297882128507,0.0229535922408
3213,148,3,6,0.0608092062175,0.0270232856274,0.0381653010845,0.0645495727658,0.0263842716813
3214,19,3,9,0.0989850759506,0.0660538002849,0.0402078777552,0.0311289187521,-0.00907895900309
3215,5719,3,9,0.0926096066833,0.0300551354885,0.00200566509739,0.00442263809964,0.00241697300225
3216,3491,2,7,0.119798816741,0.0202396661043,0.030983293429,0.0121724931523,-0.018810801208
3217,7457,19,51,0.172184050083,0.121905252337,0.0357200875878,0.0153758497909,-0.0203442387283
3218,9126,16,52,0.140524670482,0.0190038513392,0.211088120937,0.0107603659853,-0.200327754021
3219,3416,7,28,0.144614353776,0.00932770129293,0.000458778638858,0.00048441378749,2.56351486314e-05
3220,2609,8,20,0.107551001012,0.0157075431198,0.00656788470224,0.00870774686337,0.00213986216113
3221,3333,4,26,0.189081504941,0.119906492531,0.00906872469932,0.0193840041757,0.0103152794763
3222,7033,4,17,0.0903714820743,0.0312631689012,0.0640599504113,0.055156994611,-0.00890295580029
3223,6699,13,38,0.16587677598,0.013964118436,0.018488029018,0.0333241410553,0.0148361120373
3224,841,5,20,0.253241807222,0.0893440842628,0.82814437151,0.196692824364,-0.631451547146
3225,2815,2,9,0.0993292108178,0.0526910461485,0.00246755033731,0.00173445232213,-0.000733098015189
3226,1255,2,10,0.0959226489067,0.0194478388876,0.00689326645806,0.00883507076651,0.00194180430844
3227,6654,12,47,0.0561214797199,0.00896640494466,0.0108592193574,0.00561411166564,-0.00524510769174
3228,6713,1,6,0.0979020297527,0.0286943465471,0.298455178738,0.0636802241206,-0.234774947166
3229,5643,1,12,0.0664650574327,0.00663180043921,0.0471175760031,0.0527850240469,0.00566744804382
3230,6694,2,6,0.0929140970111,0.0342099741101,0.133355081081,0.0769328251481,-0.0564222559333
3231,6625,4,13,0.117293946445,0.090667553246,0.224035397172,0.151414200664,-0.0726211965084
3233,113,2,9,0.110306061804,0.036778178066,0.010448012501,0.0319789350033,0.0215309225023
3235,968,3,6,0.0779079049826,0.0121056735516,0.0450897738338,0.0310411360115,-0.0140486378223
3236,3164,3,4,0.0504099838436,0.00410155020654,0.0354098714888,0.0197118408978,-0.015698030591
3237,5621,3,16,0.0826754197478,0.0049512363039,0.00489039998502,0.00719836726785,0.00230796728283
3238,1915,2,13,0.0896279215813,0.0215739645064,0.0230386201292,0.00866405200213,-0.0143745681271
3239,6185,24,67,0.129520788789,0.0399191640317,0.161479532719,0.0335505641997,-0.127928972244
3240,1933,3,5,0.114096365869,0.0374986045063,0.00349518586881,0.00879874359816,0.00530355796218
3241,3349,1,5,0.0590402185917,0.00721148541197,0.0573369003832,0.0467231757939,-0.0106137245893
3242,5196,6,11,0.124968566,0.0137378936633,0.218471974134,0.0169418733567,-0.201530098915
3244,4053,1,7,0.132617890835,0.0172065570951,0.0120813762769,0.0133800199255,0.00129864364862
3245,2360,2,9,0.133867144585,0.0145935937762,0.0822241678834,0.101984940469,0.0197607725859
3246,8442,3,6,0.10670465976,0.0200646761805,0.121201656759,0.0379154123366,-0.0832862406969
3248,578,5,14,0.079636529088,0.0657044425607,0.0396763905883,0.0558030791581,0.0161266885698
3249,8140,3,8,0.156839489937,0.0299606788903,0.292483359575,0.0666284188628,-0.225854933262
3250,7828,1,5,0.134972915053,0.0176380518824,0.373330801725,0.116827070713,-0.256503731012
3251,1104,2,3,0.117686569691,0.0271919853985,0.00792147312313,0.0300359968096,0.0221145227551
3252,2956,14,19,0.0779692903161,0.0065025719814,0.00876979436725,0.00518330140039,-0.00358649296686
3253,3012,5,10,0.0763270556927,0.0290263332427,0.106305859983,0.0609537251294,-0.0453521348536
3254,207,3,10,0.0880649015307,0.0223619099706,0.0693121105433,0.217086553574,0.14777444303
3256,269,13,26,0.0971527919173,0.0535706318915,0.190757781267,0.142730757594,-0.0480270236731
3257,458,1,7,0.130584567785,0.0178055353463,0.334629893303,0.0546347908676,-0.279995113611
3258,5632,13,20,0.0750445723534,0.00657620187849,0.0141784111038,0.00811424478889,-0.0060641663149
3259,171,10,28,0.0872807130218,0.0420145653188,0.0060025928542,0.00697861239314,0.000976019538939
3260,3067,4,19,0.0766685754061,0.0201189201325,0.136608868837,0.153715312481,0.0171064436436
3261,3972,6,12,0.0950349569321,0.0248129870743,0.000862621120177,0.000618238234892,-0.000244382885285
3262,914,3,11,0.0951506793499,0.0220071095973,0.00414109323174,0.00534690916538,0.00120581593364
3263,2869,3,9,0.10224314779,0.0575862899423,0.0950462892652,0.0825189128518,-0.0125273764133
3264,7408,2,3,0.132707551122,0.0110374949872,0.264381200075,0.0610763467848,-0.203304857016
3265,2790,1,24,0.10766672343,0.0267400685698,0.0151898665354,0.0161966327578,0.00100676622242
3266,6001,10,16,0.0859316810966,0.00333543308079,0.0554824061692,0.0261927489191,-0.02928965725
3267,948,1,5,0.192347824574,0.0169061869383,0.00126840674784,0.00311431963928,0.00184591289144
3268,6947,2,7,0.08338650316,0.0215387530625,0.241193398833,0.146655082703,-0.0945383161306
3269,3727,26,86,0.173547461629,0.00900718476623,0.136561796069,0.0846846103668,-0.0518771857023
3270,4183,17,45,0.112135857344,0.0108723985031,0.0426262952387,0.0626911148429,0.0200648196042
3271,7600,5,6,0.0504578836262,0.00657744100317,0.0623580664396,0.0687726438046,0.00641457736492
3272,8471,10,17,0.105729401112,0.00566732045263,0.0301345586777,0.0153741315007,-0.014760427177
3273,7642,5,22,0.132111489773,0.0244871955365,0.012093026191,0.0231716036797,0.0110785774887
3274,7600,4,13,0.104353733361,0.00614631921053,0.177939414978,0.0989193096757,-0.0790201053023
3275,8231,4,6,0.0653003975749,0.0194974374026,0.214998066425,0.339095830917,0.124097764492
3276,6934,2,9,0.0780361518264,0.0251761227846,0.103512994945,0.0757454708219,-0.0277675241232
3278,7913,5,9,0.147424682975,0.0576500892639,0.00165951857343,0.0123109491542,0.0106514301151
3279,2553,1,7,0.0746891796589,0.0118720829487,0.19993558526,0.0761788710952,-0.123756714165
3280,4327,3,8,0.0646726563573,0.0176977217197,0.0572839081287,0.0112707568333,-0.0460131503642
3281,6366,2,11,0.0843976661563,0.0378842689097,0.00654657371342,0.00973483081907,0.00318825710565
3282,5543,7,15,0.0871707126498,0.0236191954464,0.0362677387893,0.0464884340763,0.010220695287
3283,508,9,28,0.0517198294401,0.00643729232252,0.0731008499861,0.0405335202813,-0.0325673297048
3284,7474,1,10,0.094702385366,0.00307440920733,0.122978188097,0.0297735761851,-0.0932046100497
3285,5482,1,10,0.0495254211128,0.0027447163593,0.00291869044304,0.00471137044951,0.00179268000647
3286,490,3,6,0.103409916162,0.0127852261066,0.0304621998221,0.0240859333426,-0.00637626647949
3287,2957,4,11,0.0729760602117,0.0170333888382,0.0186574030668,0.00824286043644,-0.0104145426303
3288,8529,5,9,0.149142771959,0.0464450679719,0.00931860692799,0.0258003007621,0.0164816938341
3289,1000,8,23,0.138038814068,0.0520324967802,0.00856038369238,0.0201266910881,0.0115663073957
3290,3786,1,6,0.0757419466972,0.0140135837719,0.000945838575717,0.00265732477419,0.00171148614027
3291,3148,2,7,0.145711645484,0.0275037717074,0.0683391243219,0.0457060523331,-0.0226330719888
3292,941,4,5,0.0789361596107,0.0330520458519,0.0458453260362,0.111093819141,0.0652484893799
3293,1546,4,23,0.100920237601,0.034065682441,0.0177052076906,0.00896112248302,-0.00874408520758
3294,182,17,50,0.0887734517455,0.0362180136144,0.38058000803,0.226542830467,-0.154037177563
3295,544,2,11,0.137811347842,0.0408910959959,0.0273602679372,0.0605934374034,0.0332331694663
3296,1340,2,7,0.0907034054399,0.0263919010758,0.010016867891,0.0135277761146,0.00351090822369
3297,2920,3,4,0.144539490342,0.0127358157188,0.0106284208596,0.0128214629367,0.00219304207712
3299,1402,1,6,0.0947083607316,0.0336240269244,0.000765503093135,0.00685258815065,0.00608708523214
3300,3336,2,11,0.113551497459,0.0096207363531,0.0238901432604,0.0217890869826,-0.00210105627775
3301,6108,25,64,0.0804216861725,0.0415998511016,0.0079543152824,0.0243033915758,0.0163490772247
3302,1031,2,10,0.124900072813,0.00690823886544,0.024692395702,0.0427458398044,0.0180534441024
3303,178,17,26,0.104872822762,0.0212322305888,0.0181573070586,0.0169710274786,-0.00118627958
3304,2953,1,3,0.124462403357,0.0303994305432,0.0237236153334,0.0346650443971,0.0109414290637
3305,345,2,11,0.0416692085564,0.00763647863641,0.0892895311117,0.119790755212,0.0305012241006
3306,8924,3,7,0.111235223711,0.0465495809913,0.0146831292659,0.0147938178852,0.000110688619316
3307,345,3,18,0.111636549234,0.0625265389681,0.0119536099955,0.0234743207693,0.0115207107738
3309,558,6,23,0.109976351261,0.0145783973858,0.459745138884,0.261446833611,-0.198298305273
3311,209,1,3,0.0555510036647,0.00202263868414,0.139048203826,0.25779914856,0.118750944734
3312,4324,1,4,0.0706431567669,0.0175849460065,0.0399408787489,0.0322652123868,-0.00767566636205
3313,951,3,14,0.105503797531,0.0141909690574,0.0322908461094,0.0537338368595,0.0214429907501
3314,1037,3,4,0.0574576966465,0.00840987730771,0.0258849263191,0.0278932005167,0.00200827419758
3315,568,2,6,0.101191662252,0.0178046990186,0.126301452518,0.0507100112736,-0.0755914449692
3316,222,3,20,0.199212148786,0.016668856144,0.384633153677,0.0401460938156,-0.344487071037
3317,942,2,21,0.113288320601,0.0718540400267,0.0480141527951,0.0293260533363,-0.0186880994588
3318,2406,2,2,0.0904720425606,0.0199924148619,0.0450484529138,0.0152981122956,-0.0297503396869
3319,345,3,4,0.0983376130462,0.0428741462529,0.14295566082,0.0609790198505,-0.0819766372442
3321,345,3,6,0.103504009545,0.0657247304916,0.0740828216076,0.067077986896,-0.00700483471155
3322,5045,1,7,0.151760831475,0.00991506688297,0.00159879890271,0.00435026781633,0.00275146891363
3323,2741,2,10,0.0665873885155,0.0173056740314,0.0984344780445,0.0384218581021,-0.0600126199424
3324,406,4,12,0.101860374212,0.00492762029171,0.465430617332,0.176602840424,-0.288827776909
3325,2740,2,7,0.144747421145,0.034476056695,0.00506042176858,0.00752031197771,0.00245989020914
3326,955,4,15,0.0951218008995,0.0250749029219,0.00633072527125,0.00608622282743,-0.00024450244382
3327,1555,5,9,0.102595351636,0.0475071854889,0.0250575523823,0.040930416435,0.0158728640527
3329,297,16,27,0.0913046300411,0.0474934689701,0.179238840938,0.0931554511189,-0.0860833898187
3330,278,1,7,0.0473347343504,0.00966148916632,0.317124664783,0.153231859207,-0.163892805576
3331,348,3,7,0.156603857875,0.0249646473676,0.00764039764181,0.00391543237492,-0.00372496526688
3332,490,3,9,0.0900705680251,0.0138380648568,0.10251391679,0.0419918000698,-0.0605221167207
3333,1667,2,12,0.0727705508471,0.0254911947995,0.00954897515476,0.0102574275807,0.000708452425897
3335,951,1,7,0.0940703377128,0.0240178965032,0.100269220769,0.103188224137,0.00291900336742
3336,441,8,13,0.0581785738468,0.0204649493098,0.0451161675155,0.0373789705336,-0.00773719698191
3337,1180,3,5,0.195543810725,0.0843243449926,0.554920196533,0.103348940611,-0.451571255922
3338,4667,2,10,0.0646605417132,0.0156294535846,0.0968251228333,0.0510633476079,-0.0457617752254
3339,3509,1,13,0.0688067153096,0.0224143881351,0.0205737929791,0.0229318067431,0.00235801376402
3341,421,3,6,0.117181330919,0.0288185328245,0.0489799268544,0.0372494272888,-0.0117304995656
3342,131,2,3,0.171740472317,0.0735876336694,0.0911027416587,0.40932866931,0.3182259202
3343,3509,5,17,0.0617912448943,0.0121307466179,0.0903354361653,0.0723534449935,-0.0179819911718
3344,2997,3,11,0.0547824800014,0.0250529944897,0.113714687526,0.0713017135859,-0.0424129739404
3345,337,1,8,0.205848291516,0.193341568112,0.717286288738,0.302127331495,-0.415158957243
3347,650,2,3,0.0977026820183,0.0355847924948,0.345125675201,0.169284179807,-0.175841495395
3349,684,1,3,0.092918753624,0.0282907821238,0.027811454609,0.0754985138774,0.047687061131
3350,676,1,4,0.140433087945,0.094007961452,0.815476894379,0.404773026705,-0.410703867674
3351,679,2,5,0.100139699876,0.0489924438298,0.0958948656917,0.0800303295255,-0.0158645361662
3354,6131,1,11,0.214154884219,0.0801374837756,0.162402719259,0.0597167722881,-0.102685943246
3355,715,3,8,0.0615692399442,0.0438061803579,0.813875317574,0.642436265945,-0.171439051628
3356,694,1,5,0.0791692435741,0.0414578914642,0.314813882113,0.143544331193,-0.17126955092
3357,641,1,6,0.134422376752,0.00622154539451,0.527053833008,0.207624360919,-0.319429457188
3358,1674,5,6,0.096118234098,0.0248346906155,0.00302678020671,0.000901935913134,-0.00212484435178
3359,7136,3,4,0.0620654970407,0.0190887581557,0.0151009522378,0.0307880174369,0.015687065199
3361,8513,4,12,0.13198786974,0.0173648502678,0.0155294379219,0.0220690164715,0.00653957854956
3362,796,4,4,0.231343641877,0.0447604134679,0.0144350286573,0.0267548412085,0.0123198125511
3363,4998,1,8,0.0877864137292,0.0144790550694,0.00949872285128,0.00233362079598,-0.00716510228813
3364,78,6,10,0.0781008601189,0.00720402318984,0.402633547783,0.289342433214,-0.113291114569
3365,3307,5,6,0.0892357602715,0.0258586369455,0.0483267828822,0.0250846967101,-0.0232420861721
3367,6501,3,16,0.14156486094,0.0302962251008,0.0669107586145,0.0200980622321,-0.046812698245
3368,40,1,3,0.0699783787131,0.0299658607692,0.0206053517759,0.0394675284624,0.0188621766865
3369,1606,1,10,0.0997454151511,0.0156748984009,0.00908817350864,0.0179885383695,0.00890036486089
3370,3717,5,10,0.115321554244,0.0173515714705,0.0140020838007,0.0500855557621,0.03608347103
3371,2791,2,5,0.093956567347,0.015212056227,0.0234478004277,0.0234583765268,1.05760991573e-05
3372,6870,2,16,0.157046198845,0.0495138280094,0.0648983791471,0.0312962494791,-0.033602129668
3373,4660,1,4,0.191064044833,0.0066039361991,0.0702779814601,0.168430075049,0.0981520935893
3374,4660,1,5,0.148236915469,0.00650246441364,0.00717990612611,0.0191375706345,0.0119576640427
3375,8608,1,4,0.152071967721,0.0449732802808,0.0175093952566,0.0131179923192,-0.00439140293747
3376,4263,2,2,0.202713802457,0.0258146971464,0.608874261379,0.0990647450089,-0.509809494019
3377,3827,1,7,0.116601370275,0.00483797444031,0.1680123806,0.103709898889,-0.0643024817109
3378,2329,1,11,0.0886546447873,0.0307886525989,0.00698187341914,0.00775933451951,0.00077746110037
3380,7817,2,6,0.0658329948783,0.0212471615523,0.0208212547004,0.0215809438378,0.00075968913734
3381,4662,1,7,0.107481636107,0.0507315546274,0.0675899013877,0.0632619410753,-0.00432796031237
3382,6870,1,3,0.0777304619551,0.010248455219,0.0013139997609,0.0063245035708,0.0050105038099
3383,8165,1,8,0.0924327075481,0.0129701504484,0.100005328655,0.0536702312529,-0.0463350974023
3384,5971,1,4,0.194319799542,0.0329178161919,0.0236932951957,0.0226342007518,-0.00105909444392
3386,1690,8,32,0.0778473243117,0.015273171477,0.00877324491739,0.015449039638,0.00667579472065
3387,1634,7,11,0.0690323710442,0.0135175995529,0.0644595623016,0.0740967839956,0.00963722169399
3388,3595,24,91,0.16811697185,0.0579542219639,0.0038950801827,0.00810968410224,0.00421460391954
3389,8098,11,32,0.124528549612,0.03074307926,0.00271211587824,0.00497667631134,0.0022645604331
3390,5624,4,28,0.228670716286,0.0973672941327,0.018321223557,0.0319265238941,0.0136053003371
3391,1225,2,11,0.0833905860782,0.0292464774102,0.0314726568758,0.0218550916761,-0.00961756519973
3392,48,4,20,0.213455542922,0.156634733081,0.119279012084,0.0201016198844,-0.099177390337
3393,6786,3,9,0.143377944827,0.0314992554486,0.371502846479,0.0744928941131,-0.297009944916
3394,8530,1,14,0.0960491001606,0.0166533999145,0.0156840849668,0.0133910318837,-0.00229305308312
3395,2857,7,17,0.0882361754775,0.00503160757944,0.0145727396011,0.00874751619995,-0.00582522340119
3396,819,4,4,0.0712400898337,0.0178450737149,0.00297998310998,0.00523416465148,0.0022541815415
3397,2029,1,5,0.115230076015,0.0703117698431,4.49567160103e-05,0.00152174662799,0.00147678994108
3398,8924,6,19,0.125280514359,0.0168047416955,0.0440509021282,0.0349335484207,-0.00911735370755
3399,2590,1,14,0.112352110445,0.0206289794296,0.195977047086,0.0542960502207,-0.14168100059
3400,4362,3,5,0.0877924636006,0.0172317344695,0.130905002356,0.0383348874748,-0.0925701111555
3401,208,9,23,0.100761651993,0.018416011706,0.0267534069717,0.0239375531673,-0.00281585380435
3402,2487,4,9,0.107542015612,0.01458743494,0.0197801440954,0.0189531762153,-0.00082696788013
3403,2346,5,29,0.143018826842,0.0677981749177,0.0288167465478,0.0287657883018,-5.09582459927e-05
3404,2487,2,1,0.0914665684104,0.0220269691199,0.00506457826123,0.00374637846835,-0.00131819979288
3405,1798,5,10,0.0557315461338,0.00461090728641,0.0319895148277,0.0186463687569,-0.0133431460708
3406,3652,3,3,0.146466895938,0.0649437904358,0.00678296340629,0.0162742268294,0.00949126295745
3407,326,1,8,0.112802267075,0.0424733757973,0.140734955668,0.252000898123,0.111265942454
3408,3037,7,21,0.0614371858537,0.024321384728,0.0259476676583,0.021164631471,-0.00478303618729
3409,439,4,9,0.0766443610191,0.0125598460436,0.538474738598,0.302217364311,-0.236257374287
3410,6759,1,5,0.07860468328,0.0392788387835,0.00283939950168,0.00436074612662,0.00152134662494
3411,293,3,4,0.0805706977844,0.0082523394376,0.0870348066092,0.071720264852,-0.0153145417571
3412,5066,1,4,0.0742347911,0.0165791921318,0.0209611598402,0.022150427103,0.00118926726282
3413,2933,3,3,0.0796576961875,0.0184709262103,0.0702762156725,0.087498575449,0.0172223597765
3414,4573,5,12,0.128007188439,0.0167688466609,0.00619796523824,0.00287691759877,-0.00332104763947
3415,588,2,3,0.0958213582635,0.0307532567531,0.0177074987441,0.0344332717359,0.0167257729918
3416,1474,2,3,0.0769930481911,0.00126325816382,0.00375568890013,0.00555926980451,0.00180358090438
3417,4835,8,37,0.103413023055,0.0182535424829,0.109751969576,0.137816354632,0.0280643850565
3418,5449,11,34,0.125431954861,0.0361061766744,0.00156615767628,0.00205320469104,0.000487047014758
3419,1432,3,14,0.136875480413,0.0459799133241,0.0352088585496,0.0768889859319,0.0416801273823
3420,4669,5,15,0.115149855614,0.0214811023325,0.036865260452,0.0679099410772,0.0310446806252
3421,5187,1,4,0.214721262455,0.0958071351051,0.0016725504538,0.0160902887583,0.0144177386537
3424,2212,5,26,0.12570028007,0.031964071095,0.0234621372074,0.0818374082446,0.0583752691746
3425,568,3,8,0.223304674029,0.0748142674565,0.00078464159742,0.0075911055319,0.00680646393448
3426,595,7,7,0.0581983812153,0.0203744601458,0.2201243788,0.183227494359,-0.0368968844414
3427,268,5,15,0.0808528736234,0.0293064583093,0.14882992208,0.0503236837685,-0.0985062420368
3428,576,4,7,0.123940788209,0.0337111242115,0.363389700651,0.152762040496,-0.210627660155
3429,378,4,9,0.108791209757,0.0398744828999,0.137449592352,0.059300404042,-0.0781491845846
3430,255,4,14,0.0711628124118,0.00974990054965,0.0363622829318,0.0467525422573,0.0103902593255
3431,438,6,19,0.0997806414962,0.0286437831819,0.382884055376,0.193524003029,-0.189360052347
3432,4441,9,29,0.132355764508,0.0218715462834,0.0233335513622,0.016575647518,-0.00675790384412
3433,268,4,5,0.0406820215285,0.0132166044787,0.166193053126,0.254781156778,0.088588103652
3434,3509,21,57,0.136620476842,0.00198058853857,0.104420863092,0.0720440968871,-0.0323767662048
3435,1128,14,36,0.0816139355302,0.00352018652484,0.0237855277956,0.03553153947,0.0117460116744
3436,237,4,10,0.0888277068734,0.0263937003911,0.151921615005,0.0527690201998,-0.0991525948048
3437,5543,13,22,0.117678560317,0.00656695477664,0.00159297988284,0.00715761492029,0.00556463515386
3438,1555,2,23,0.0896994397044,0.0477444566786,0.107629917562,0.0567076094449,-0.0509223081172
3439,577,3,18,0.11045781523,0.0227972641587,0.276568472385,0.178704321384,-0.097864151001
3440,1286,2,7,0.0945792198181,0.0244197826833,0.0179642476141,0.00890308711678,-0.00906116049737
3441,2872,6,7,0.112127155066,0.0153349237517,0.195153996348,0.0467360727489,-0.148417919874
3442,388,4,5,0.092475079,0.0323625765741,0.0490997843444,0.0624721348286,0.0133723504841
3444,169,2,6,0.0890443921089,0.0192280355841,0.130657613277,0.03347049281,-0.0971871167421
3445,421,1,5,0.0753195956349,0.0272025484592,0.0294036958367,0.0697767958045,0.0403731018305
3446,944,7,18,0.277013123035,0.00949052534997,0.000207985751331,0.00332274544053,0.0031147596892
3447,439,4,9,0.0286051779985,0.00668554846197,0.786178946495,0.711639344692,-0.0745396018028
3448,2905,6,16,0.0874188914895,0.0432639941573,0.0850945189595,0.118494473398,0.0333999544382
3449,496,1,3,0.136898204684,0.0248557012528,0.0134615730494,0.0236962679774,0.0102346949279
3450,475,2,11,0.106227338314,0.0218256153166,0.124919258058,0.0459026992321,-0.079016558826
3451,468,1,10,0.0767832025886,0.0184200201184,0.0903420597315,0.0194139759988,-0.0709280818701
3452,1316,2,5,0.114903472364,0.0471147224307,0.22293381393,0.12647716701,-0.0964566469193
3453,3994,6,9,0.0724788531661,0.0236576795578,0.142294585705,0.110892750323,-0.031401835382
3454,378,6,12,0.113110877573,0.0275077503175,0.191220253706,0.198597744107,0.00737749040127
3455,5194,1,3,0.0952478572726,0.015362107195,0.00282694329508,0.00340377353132,0.000576830236241
3456,360,2,3,0.130061075091,0.0153948403895,0.169849082828,0.0435647964478,-0.12628428638
3457,445,3,8,0.0783177241683,0.0437271036208,0.107325673103,0.0439040698111,-0.0634216070175
3458,9026,5,6,0.100209094584,0.0164027083665,0.00247873482294,0.00203918432817,-0.000439550494775
3459,255,2,5,0.0729415640235,0.0311508532614,0.236745074391,0.116207003593,-0.120538070798
3460,6279,2,14,0.14967879653,0.0283412858844,0.535513699055,0.139985024929,-0.395528674126
3462,753,2,6,0.0626615658402,0.00776634924114,0.0530541278422,0.0951592922211,0.0421051643789
3463,8152,3,15,0.164033606648,0.0172290038317,0.00092037016293,0.00427792221308,0.00335755199194
3464,4595,5,12,0.0668630823493,0.0162108819932,0.111329518259,0.120625048876,0.00929553061724
3465,7491,1,4,0.146988272667,0.0838358551264,0.0101094795391,0.00525701185688,-0.00485246768221
3467,370,4,26,0.152294293046,0.0902503728867,0.742817342281,0.289594054222,-0.453223288059
3468,867,4,19,0.279163211584,0.0952887609601,0.71457439661,0.124481342733,-0.590093076229
3469,512,2,10,0.0767207890749,0.0432966127992,0.0391084514558,0.0540360696614,0.0149276182055
3470,471,4,12,0.12930482626,0.0162213481963,0.154115721583,0.0615839064121,-0.0925318151712
3471,1070,2,6,0.107705570757,0.040114145726,0.0767475366592,0.0874717831612,0.0107242465019
3472,4532,3,5,0.0951633751392,0.0183216575533,0.0998043045402,0.0291624572128,-0.0706418454647
3473,4499,2,3,0.0952875092626,0.0150356609374,0.144069671631,0.0294081941247,-0.114661477506
3474,2865,1,4,0.119674377143,0.0379954017699,0.146718874574,0.0452016629279,-0.101517215371
3475,4532,2,5,0.0901396870613,0.00973180588335,0.0616580173373,0.012393720448,-0.0492642968893
3476,4425,2,12,0.102359332144,0.0327415205538,0.0286938510835,0.0183428246528,-0.0103510264307
3477,493,2,5,0.106040082872,0.0484631620347,0.0188202522695,0.0154742365703,-0.00334601569921
3478,4400,2,10,0.13782466948,0.0271930973977,0.0901361256838,0.0236330013722,-0.0665031224489
3479,6881,3,4,0.122465193272,0.00626495480537,0.0820895284414,0.0122406566516,-0.0698488727212
3480,8447,6,16,0.105917513371,0.0302176717669,0.00246129697189,0.00164405175019,-0.000817245221697
3481,5072,6,13,0.15628798306,0.0344305373728,0.500243842602,0.10631018877,-0.393933653831
3482,2625,1,3,0.0992142930627,0.0256166495383,0.0428283475339,0.0199728421867,-0.0228555053473
3483,2569,2,12,0.0648897364736,0.00329399062321,0.0134717524052,0.00648566009477,-0.0069860923104
3484,2826,2,7,0.101297833025,0.0281624011695,0.00460616592318,0.0080615831539,0.00345541723073
3485,131,6,14,0.0934922099113,0.0458980947733,0.0998817682266,0.19529978931,0.0954180210829
3486,7644,1,6,0.136556580663,0.0269942414016,0.210218593478,0.0467323511839,-0.163486242294
3487,7377,3,3,0.154070422053,0.037159960717,0.0173804089427,0.00338561157696,-0.0139947971329
3488,7123,3,12,0.219371005893,0.0296179018915,0.493123114109,0.0497376509011,-0.443385452032
3489,5072,1,7,0.267594367266,0.0605600401759,0.8209451437,0.176825225353,-0.644119918346
3490,5836,1,7,0.0846103131771,0.0220096167177,0.0719116553664,0.0285035222769,-0.0434081330895
3491,3327,2,18,0.132355794311,0.0270511433482,0.00917233992368,0.0170505866408,0.00787824671715
3492,6876,6,6,0.0827437862754,0.00421910360456,0.00976173952222,0.00857042800635,-0.00119131151587
3493,4527,10,19,0.110163129866,0.0254610441625,0.00182823953219,0.00267031951807,0.000842079985887
3494,4289,3,9,0.0913940742612,0.0293052028865,0.0117372004315,0.0311874095351,0.0194502100348
3495,577,5,16,0.0898525342345,0.0426391735673,0.788856089115,0.478439331055,-0.31041675806
3496,6591,11,22,0.0661428645253,0.0111918412149,0.0274307206273,0.0133396536112,-0.0140910670161
3497,603,3,7,0.0671290829778,0.030136173591,0.0320953801274,0.0176276993006,-0.0144676808268
3498,4459,7,8,0.045284435153,0.0261028204113,0.00617533922195,0.00840422790498,0.00222888868302
3499,2756,3,5,0.0593889206648,0.0306530054659,0.0286642517895,0.108135521412,0.0794712677598
3500,1411,6,12,0.0603788457811,0.00374860339798,0.0225390661508,0.0179420150816,-0.00459705106914
3501,7404,2,8,0.0887058898807,0.0373657681048,0.0381018333137,0.0367690473795,-0.00133278593421
3503,7262,1,5,0.0919322147965,0.0200661830604,0.0252324305475,0.0121744154021,-0.0130580151454
3504,4705,6,6,0.214411571622,0.0409545451403,0.952863812447,0.386367917061,-0.566495895386
3505,967,9,18,0.0858701467514,0.0152175500989,0.00285647227429,0.0135780572891,0.010721584782
3506,4975,2,8,0.147700473666,0.0657968744636,0.0423803217709,0.156032681465,0.11365236342
3507,1149,1,2,0.0535685867071,0.0105453794822,0.0121679147705,0.0213681291789,0.00920021440834
3508,52,4,11,0.0817077159882,0.0184410531074,0.00540527747944,0.0280576106161,0.0226523336023
3509,4011,8,10,0.106796897948,0.0272257849574,0.0286128539592,0.0332832448184,0.00467039085925
3510,1516,13,39,0.176081761718,0.0362248681486,0.634689569473,0.189884707332,-0.44480484724
3511,5720,3,18,0.128046110272,0.0419245325029,0.0307852458209,0.0149679752067,-0.0158172696829
3512,415,4,10,0.0935183241963,0.0193304233253,0.0746577531099,0.0359304435551,-0.0387273095548
3513,5179,9,11,0.128447666764,0.00727189797908,0.0246185529977,0.0477322936058,0.0231137406081
3515,439,1,6,0.207780882716,0.0546452850103,0.0584998615086,0.149354219437,0.0908543616533
3516,961,4,16,0.0972659885883,0.00675349216908,0.179722890258,0.0532281398773,-0.126494750381
3517,5608,3,10,0.217588722706,0.0460746698081,0.0534947365522,0.0223880093545,-0.0311067271978
3518,7087,5,26,0.0812899544835,0.0394239164889,0.0617630667984,0.0493139661849,-0.0124491006136
3520,6495,6,8,0.0795096233487,0.00628380570561,0.0193369332701,0.0158353187144,-0.00350161455572
3521,4667,4,11,0.0566296726465,0.0338997207582,0.00454172259197,0.00525428168476,0.00071255909279
3523,2976,1,13,0.220588967204,0.00408434215933,0.874579668045,0.289857000113,-0.58472263813
3524,368,3,5,0.0680483654141,0.0226205568761,0.0342337973416,0.0387924797833,0.00455868244171
3525,255,4,8,0.0882959663868,0.015943178907,0.062950707972,0.0593323074281,-0.00361840054393
3526,278,7,17,0.103839181364,0.0276105161756,0.0284398458898,0.00673765875399,-0.0217021871358
3527,939,1,4,0.0684841498733,0.0206906590611,0.248844921589,0.141460821033,-0.107384100556
3528,3040,3,2,0.0962461903691,0.046236820519,0.0205201394856,0.0154656795785,-0.00505445990711
3530,1017,1,6,0.0564495027065,0.033734716475,0.0306535270065,0.0276418328285,-0.00301169417799
3531,7663,3,4,0.14455640316,0.0150166945532,0.271763026714,0.0826535597444,-0.189109474421
3532,7622,2,9,0.15119959414,0.0271281879395,0.225072160363,0.0676704347134,-0.15740172565
3533,2068,4,8,0.0763646662235,0.0123379742727,0.0251531172544,0.0171578135341,-0.00799530372024
3534,771,2,6,0.151497542858,0.0600001215935,0.0199431795627,0.183169662952,0.163226485252
3535,7301,6,26,0.0967042818666,0.027401369065,0.313150137663,0.150809556246,-0.162340581417
3536,1817,15,25,0.0991293415427,0.0252480357885,0.114469103515,0.0443170331419,-0.0701520740986
3537,9156,3,6,0.0977012738585,0.0123180299997,0.0587792359293,0.0453053414822,-0.0134738944471
3538,2544,2,12,0.0532597154379,0.00770112453029,0.00872750859708,0.00721989339218,-0.0015076152049
3539,7336,10,14,0.298193603754,0.0688072815537,0.854399085045,0.164306744933,-0.690092325211
3540,9112,4,7,0.155863985419,0.0313313156366,0.00754802534357,0.0161283761263,0.00858035124838
3541,3947,1,9,0.0780552476645,0.00973386317492,0.039307564497,0.0834977626801,0.0441901981831
3542,2997,5,13,0.127831235528,0.0361964702606,0.0456202737987,0.0459784381092,0.000358164310455
3543,5184,3,2,0.172855734825,0.0302458293736,0.418704658747,0.0522716827691,-0.366432964802
3544,3414,5,2,0.0944172218442,0.0649363622069,0.0045512560755,0.00609444314614,0.00154318707064
3545,6882,1,6,0.097171343863,0.0376377776265,0.127039834857,0.0537223406136,-0.0733174979687
3546,6175,1,5,0.0832074731588,0.0246567763388,0.00482440367341,0.00249679456465,-0.00232760910876
3548,760,2,3,0.0751700103283,0.00787442270666,0.00833333842456,0.012846888043,0.00451354961842
3549,209,8,17,0.173627734184,0.1254555583,0.00903702061623,0.0203826818615,0.0113456612453
3550,6292,1,4,0.0769119039178,0.0200382005423,0.131835028529,0.0425945036113,-0.0892405211926
3551,6766,1,3,0.107253186405,0.0255233701319,0.00446510873735,0.00914340931922,0.00467830058187
3552,3375,2,6,0.0778931751847,0.00443587452173,0.00431355414912,0.0045223813504,0.000208827201277
3553,500,5,9,0.0668003186584,0.0175495967269,0.00941963121295,0.0134992888197,0.00407965760678
3554,3472,1,7,0.0801488682628,0.01743500866,0.0015291828895,0.00276136235334,0.00123217946384
3556,300,10,14,0.0554845929146,0.0158677622676,0.247523114085,0.111553259194,-0.135969847441
3557,4358,1,3,0.105471365154,0.0224310848862,0.0745985433459,0.0977567359805,0.0231581926346
3558,423,2,17,0.0611005760729,0.0220288354903,0.0149803142995,0.0239057466388,0.00892543233931
3559,448,3,3,0.0747969150543,0.0113896615803,0.0610416643322,0.0349263586104,-0.0261153057218
3560,8538,4,14,0.118202514946,0.0156217813492,0.00355855515227,0.00886058900505,0.00530203385279
3561,7648,1,3,0.0629175081849,0.00505694793537,0.0144013492391,0.012212973088,-0.00218837615103
3562,5377,3,10,0.15180772543,0.0774451568723,0.0135437883437,0.0147147914395,0.00117100309581
3563,87,2,10,0.0690809041262,0.0123441629112,0.0169177167118,0.0146451564506,-0.00227256026119
3565,6473,3,8,0.145281016827,0.026609858498,0.34582349658,0.0388155691326,-0.307007938623
3567,8416,2,7,0.105816058815,0.0221374277025,0.292213976383,0.29081967473,-0.00139430165291
3568,2039,3,4,0.125445127487,0.0567514225841,0.603396952152,0.236777737737,-0.366619229317
3569,2470,6,8,0.167989775538,0.0937202125788,0.546683013439,0.27562302351,-0.271059989929
3570,5994,11,41,0.173429504037,0.0295906271785,0.00678849359974,0.0192375611514,0.012449067086
3571,5763,4,9,0.0649105235934,0.0163699425757,0.00587718421593,0.0142479538918,0.00837077014148
3572,595,1,13,0.118784762919,0.0182038564235,0.0105701573193,0.00741152465343,-0.00315863266587
3573,4558,6,17,0.09856621176,0.00815059337765,0.0274895671755,0.0469782464206,0.0194886792451
3574,5144,3,6,0.0800735726953,0.0323311686516,0.0702582448721,0.161381423473,0.0911231786013
3575,3309,3,6,0.10504001379,0.0171255823225,0.0203167218715,0.00686655612662,-0.0134501662105
3576,1556,1,2,0.0560726486146,0.00507725728676,0.0530889108777,0.0268184822053,-0.0262704286724
3577,6639,10,28,0.0732509568334,0.0104634137824,0.0101485243067,0.0271821636707,0.0170336402953
3579,3942,18,47,0.0541287697852,0.000680343538988,0.0411739014089,0.0357703529298,-0.00540354847908
3580,131,5,13,0.0839923992753,0.0505456365645,0.440604239702,0.441740244627,0.00113600492477
3582,6244,16,52,0.0555700473487,0.0123681500554,0.196101397276,0.12766392529,-0.0684374719858
3583,1012,6,6,0.179929926991,0.0375709459186,0.010012476705,0.0206494312733,0.0106369545683
3584,4301,1,12,0.12994544208,0.0241574719548,0.0293943248689,0.0432515740395,0.0138572491705
3585,2846,3,7,0.103796690702,0.0239030774683,0.0684360712767,0.0458872467279,-0.0225488245487
3586,6547,11,15,0.189558625221,0.0168276708573,0.0700294971466,0.0647219344974,-0.00530756264925
3587,8253,2,7,0.0743136703968,0.0121219530702,0.0314696766436,0.0421358607709,0.0106661841273
3588,9142,1,6,0.0779039487243,0.0268547069281,0.0153421144933,0.0111722899601,-0.00416982453316
3589,8104,1,7,0.0593005232513,0.0171611662954,0.0315924137831,0.030070245266,-0.00152216851711
3590,3286,2,6,0.164168536663,0.119929686189,0.226956814528,0.0668751969934,-0.160081624985
3591,7424,6,5,0.0904365703464,0.02857048437,0.0150935929269,0.0127351572737,-0.00235843565315
3592,3268,1,3,0.209231540561,0.019817918539,0.0176054853946,0.0181205570698,0.000515071675181
3593,7456,1,6,0.145115971565,0.035173650831,0.0349210649729,0.0251056198031,-0.00981544516981
3594,5968,2,2,0.0703157112002,0.00879406742752,0.0274813566357,0.0405617803335,0.0130804236978
3595,5955,2,7,0.229147359729,0.0629678741097,0.18160764873,0.0328176356852,-0.14879001677
3596,633,1,4,0.130077630281,0.0330539308488,0.063586935401,0.0433381646872,-0.0202487707138
3597,4047,4,10,0.0812890455127,0.0250755809247,0.00840232800692,0.00341468397528,-0.00498764403164
3598,908,2,7,0.245275333524,0.082570977509,0.353087186813,0.0630508065224,-0.290036380291
3599,940,4,29,0.133134141564,0.0190839078277,0.00176746537909,0.00103707751259,-0.000730387866497
3600,5478,2,5,0.0587522834539,0.0114701958373,0.00596561236307,0.0110411792994,0.00507556693628
3601,7336,3,11,0.0514607131481,0.0152912707999,0.0168792232871,0.0176510736346,0.000771850347519
3603,7405,11,15,0.120523355901,0.0309162642807,0.042044904083,0.0307676699013,-0.0112772341818
3605,3598,5,19,0.104191698134,0.0192504487932,0.12590046227,0.026394739747,-0.0995057225227
3606,4335,1,6,0.072123773396,0.0126082291827,0.0521087050438,0.0727537050843,0.0206450000405
3607,7027,4,22,0.0697594508529,0.0289019197226,0.115755170584,0.0565990693867,-0.059156101197
3608,3439,3,10,0.108616627753,0.0291861817241,0.00346324034035,0.0094147650525,0.00595152471215
3609,7827,3,11,0.112777270377,0.00468919239938,0.00622730795294,0.00425750203431,-0.00196980591863
3610,5258,3,9,0.0941239595413,0.00433102389798,0.0974066480994,0.0198329240084,-0.0775737240911
3611,6086,3,8,0.0712392404675,0.0126234004274,0.00707247015089,0.0144656971097,0.00739322695881
3612,4187,2,10,0.134605750442,0.0898449718952,0.00913045275956,0.0147006092593,0.00557015649974
3613,6813,2,7,0.112706445158,0.0128539884463,0.0335060171783,0.0533889681101,0.0198829509318
3614,3367,2,9,0.0945475772023,0.0318859182298,0.169603586197,0.148811981082,-0.0207916051149
3615,9217,8,19,0.0425960421562,0.0139477811754,0.0154217882082,0.0180720500648,0.00265026185662
3616,5660,2,5,0.0808704793453,0.02990190126,0.00323231704533,0.0071855392307,0.00395322218537
3618,2354,1,5,0.149771526456,0.0414881072938,0.00195182056632,0.00320121622644,0.00124939566012
3619,8279,4,15,0.0575631596148,0.0027626415249,0.122115626931,0.0248319804668,-0.0972836464643
3620,881,3,10,0.103210248053,0.0424415245652,0.0347535647452,0.0303484257311,-0.00440513901412
3621,7648,2,6,0.0743664875627,0.00547167472541,0.0237988717854,0.014285040088,-0.0095138316974
3622,1259,2,9,0.0615068413317,0.00610380200669,0.0379795730114,0.0662994757295,0.0283199027181
3623,8723,3,9,0.147851750255,0.00855516083539,3.31442060997e-06,0.00119781750254,0.00119450304192
3624,1556,2,3,0.244123503566,0.0779342725873,0.766357243061,0.163821518421,-0.60253572464
3626,255,4,4,0.0728022679687,0.0212869569659,0.00418744515628,0.00920190755278,0.0050144623965
3627,9172,4,5,0.106511376798,0.0155292795971,0.0394751243293,0.0434969216585,0.00402179732919
3628,6545,1,4,0.149344041944,0.104974552989,0.00744614982978,0.00470737414435,-0.00273877568543
3629,172,4,6,0.0753488913178,0.00845606811345,0.0621515661478,0.0375919006765,-0.0245596654713
3630,7378,2,6,0.29290124774,0.0495452098548,0.927344202995,0.245037391782,-0.682306826115
3632,5665,1,5,0.0552718304098,0.0110836485401,0.0177910402417,0.0193609762937,0.00156993605196
3633,1011,5,8,0.082117497921,0.0171674862504,0.0607128590345,0.00893864315003,-0.0517742149532
3634,1020,3,22,0.0633580461144,0.00586815038696,0.00798165798187,0.0381903760135,0.0302087180316
3635,1685,6,10,0.0649120882154,0.0134305944666,0.0359591245651,0.0163274556398,-0.0196316689253
3636,7491,4,7,0.0935596600175,0.0344926267862,0.0155455153435,0.0186406299472,0.00309511460364
3637,5643,2,6,0.0851787626743,0.0169239845127,0.0332384817302,0.0118316113949,-0.0214068703353
3638,6959,2,8,0.077030017972,0.0116034243256,0.0209502466023,0.0375662818551,0.0166160352528
3639,6973,2,7,0.0496628768742,0.00899184215814,0.14362385869,0.156152948737,0.0125290900469
3640,772,7,23,0.0997327566147,0.0362751446664,0.0165826771408,0.0279002841562,0.0113176070154
3641,6907,7,13,0.10080371052,0.0339690409601,0.00822394993156,0.0186036527157,0.0103797027841
3642,9221,4,10,0.309193134308,0.0797764286399,0.956590056419,0.264252096415,-0.692337989807
3643,1208,3,14,0.144185766578,0.00935053825378,0.0883494466543,0.0566237233579,-0.0317257232964
3645,3398,2,3,0.0779768750072,0.0145828686655,0.028577009216,0.078747741878,0.0501707345247
3646,5593,2,6,0.134762063622,0.0454906858504,0.0457713082433,0.0252732783556,-0.0204980298877
3647,207,3,6,0.127020642161,0.0275974087417,0.0151167232543,0.0269153509289,0.0117986276746
3648,8929,3,6,0.0596294365823,0.0103683220223,0.0415149182081,0.0333639681339,-0.0081509500742
3649,5646,1,4,0.201979160309,0.0695172175765,0.416765153408,0.108494006097,-0.30827113986
3650,6330,6,12,0.262032479048,0.0644524917006,0.8849427104,0.224204078317,-0.660738646984
3651,2039,2,23,0.0872543081641,0.00715463096276,0.0113532254472,0.0144639723003,0.00311074685305
3652,748,15,56,0.114651374519,0.0239289533347,0.11625482142,0.0213804263622,-0.0948743969202
3653,3322,1,7,0.112765163183,0.0128163285553,0.0171359293163,0.0368987210095,0.0197627916932
3654,7923,1,7,0.109321154654,0.0422232374549,0.0210644956678,0.0257949177176,0.00473042204976
3655,7586,1,7,0.126128137112,0.0543788969517,0.00106747820973,0.00424832291901,0.00318084470928
3656,5238,6,10,0.119213998318,0.0294122323394,0.0432198978961,0.0355685055256,-0.00765139237046
3657,7337,7,33,0.111431099474,0.0302853547037,0.0030010396149,0.0144046368077,0.01140359696
3658,2535,1,6,0.155299395323,0.0181659329683,0.0255027841777,0.194236457348,0.168733671308
3659,6457,4,9,0.126413688064,0.0295037589967,0.0651728361845,0.0553757660091,-0.00979707017541
3660,5326,4,6,0.0951052606106,0.0128720169887,0.0114000327885,0.00862949620932,-0.00277053657919
3662,6042,10,17,0.0893252491951,0.00855467095971,0.294753581285,0.201829835773,-0.092923745513
3663,107,3,23,0.0433464348316,0.016196668148,0.0480088070035,0.0322862863541,-0.0157225206494
3665,5465,3,5,0.0897451117635,0.0250249542296,0.104397766292,0.130869701505,0.0264719352126
3666,6452,4,7,0.113552652299,0.0045686759986,0.0525918677449,0.0279434602708,-0.0246484074742
3667,5217,5,5,0.0653755888343,0.0243791043758,0.0251603927463,0.0165279954672,-0.00863239727914
3669,5393,2,10,0.177859708667,0.00742047978565,0.340237945318,0.0337393842638,-0.306498557329
3670,3919,2,5,0.10856615752,0.0211256369948,0.0197203624994,0.0196214150637,-9.89474356174e-05
3671,3919,2,5,0.0636288896203,0.00550231151283,0.0565204136074,0.0308786332607,-0.0256417803466
3672,2153,3,7,0.0931120812893,0.0193555075675,0.0116370506585,0.0116860195994,4.89689409733e-05
3673,7117,1,4,0.131112501025,0.0203212704509,0.00246038264595,0.00319659081288,0.000736208166927
3674,2404,2,4,0.0660511255264,0.0291081238538,0.00806703884155,0.00950250867754,0.001435469836
3675,4044,2,7,0.142798736691,0.00383041193709,0.0246944241226,0.0695125237107,0.0448180995882
3677,6606,15,36,0.127147272229,0.0267915837467,0.023167764768,0.00887239910662,-0.0142953656614
3679,8953,4,4,0.0858694314957,0.0122840357944,0.00537313101813,0.00215457100421,-0.00321856001392
3681,8128,3,6,0.112419724464,0.0374447181821,0.0123756472021,0.0226193349808,0.0102436877787
3682,8115,1,8,0.0744654163718,0.0188484396785,0.00266528176144,0.00229536206461,-0.000369919696823
3683,4079,4,5,0.114237576723,0.0317293033004,0.0336572416127,0.0176463592798,-0.0160108823329
3684,1771,20,57,0.0815447568893,0.0259334594011,0.00307377008721,0.0048075155355,0.00173374544829
3685,5611,3,17,0.0567865334451,0.0130751170218,0.019896844402,0.0128022916615,-0.00709455274045
3686,6851,20,69,0.0955151841044,0.00559854088351,0.0398451946676,0.00450889999047,-0.0353362932801
3687,6847,3,15,0.164390325546,0.084262765944,0.237953141332,0.124071337283,-0.113881804049
3688,4546,6,19,0.0668518841267,0.012394964695,0.0188173428178,0.031043343246,0.0122260004282
3689,7878,18,41,0.116849459708,0.0240501947701,0.0679738745093,0.0418039150536,-0.0261699594557
3690,4179,2,17,0.0796539112926,0.0144933760166,0.0339531600475,0.0425319038332,0.00857874378562
3691,6726,3,7,0.201981425285,0.0329862684011,0.169377774,0.0493242032826,-0.120053574443
3692,839,4,11,0.0649721249938,0.0224542301148,0.000577973958571,0.00527381664142,0.00469584250823
3693,1133,39,92,0.116167224944,0.0417796447873,0.241253390908,0.113010443747,-0.128242939711
3695,1063,3,6,0.236565664411,0.0439353920519,0.901022255421,0.281183153391,-0.619839072227
3696,1618,3,12,0.114446051419,0.0246416162699,0.0199471265078,0.0248987320811,0.0049516055733
3697,3407,20,62,0.0523307286203,0.0188243314624,0.000839639571495,0.000634276599158,-0.000205362972338
3698,2585,1,6,0.105250537395,0.0543806552887,0.0237456858158,0.0443522818387,0.0206065960228
3699,4401,7,23,0.0952003225684,0.0184029843658,0.547728061676,0.200023129582,-0.347704946995
3700,6527,2,6,0.0485888235271,0.00940910726786,0.0331409983337,0.0444910228252,0.0113500244915
3701,3078,6,28,0.123720280826,0.0554986298084,0.067268691957,0.0209436323494,-0.046325057745
3702,2596,5,35,0.0543474555016,0.0545218065381,0.899583995342,0.708071410656,-0.191512584686
3703,902,1,8,0.0898779258132,0.00941114779562,0.137484043837,0.0634853467345,-0.0739986971021
3704,6691,7,16,0.117714576423,0.076844856143,0.00909506622702,0.00735732866451,-0.00173773756251
3705,2616,7,26,0.0483180582523,0.0150351189077,0.0448486879468,0.0398148186505,-0.00503386929631
3706,119,2,5,0.101182423532,0.021754430607,0.027176592499,0.0336308702826,0.00645427778363
3707,28,4,16,0.104004979134,0.0349123887718,0.00194513006136,0.00421878136694,0.00227365130559
3708,771,3,16,0.0634447410703,0.0524109639227,0.743672430515,0.613053262234,-0.130619168282
3709,1161,9,19,0.0726840123534,0.00832114834338,0.11423239857,0.125945702195,0.0117133036256
3710,8581,9,38,0.095675341785,0.0209051202983,0.0137734049931,0.0356360562146,0.0218626521528
3711,290,11,21,0.08141387254,0.0213241446763,0.0058717019856,0.0338004715741,0.0279287695885
3712,7122,2,4,0.0804945975542,0.00416763313115,0.0414043217897,0.0372080914676,-0.00419623032212
3713,106,16,48,0.0672893002629,0.0300694406033,0.481845140457,0.299513369799,-0.182331770658
3714,1250,9,29,0.109173558652,0.0111024444923,0.121139280498,0.097939260304,-0.0232000201941
3715,757,5,28,0.0490738041699,0.0272976960987,0.114888980985,0.0571078360081,-0.0577811449766
3716,949,1,7,0.0734659060836,0.0131290331483,0.0368794761598,0.0279457122087,-0.00893376395106
3717,3187,1,8,0.0853283777833,0.0321382172406,0.00318535440601,0.0115314936265,0.00834613945335
3718,1957,2,4,0.0794584527612,0.0146822379902,0.00483706081286,0.00634892703965,0.00151186622679
3719,8740,2,9,0.0770944878459,0.03265863657,0.0586270317435,0.0358109436929,-0.0228160880506
3720,5244,7,14,0.0447294600308,0.00141520646866,0.0131188565865,0.00612019049004,-0.00699866609648
3721,5244,2,8,0.0739697739482,0.00743912532926,0.0155642246827,0.0166990701109,0.00113484542817
3722,6822,2,11,0.072423607111,0.0311555862427,0.0297533739358,0.0345986373723,0.00484526343644
3723,5929,2,4,0.0800469219685,0.00855107791722,0.0133876800537,0.0222492069006,0.00886152684689
3724,7463,3,9,0.350075006485,0.0970764160156,0.93299639225,0.206546232104,-0.726450145245
3725,4393,2,11,0.0848592445254,0.00690109003335,0.161197453737,0.0964047089219,-0.0647927448153
3726,7402,7,7,0.118082232773,0.0109028080478,0.00376876001246,0.0101181352511,0.00634937547147
3727,2275,2,7,0.213643088937,0.00157513283193,0.52205145359,0.0695480778813,-0.45250338316
3728,476,1,7,0.0863130316138,0.00355120259337,0.0857809334993,0.0399620383978,-0.0458188951015
3729,363,2,24,0.136773049831,0.056613240391,0.440458953381,0.156625196338,-0.283833742142
3730,3983,2,12,0.132618710399,0.0595469214022,0.0512691140175,0.059184525162,0.0079154111445
3731,3389,2,6,0.113841168582,0.0117148952559,0.159569516778,0.0256022494286,-0.133967265487
3732,344,3,19,0.0855223834515,0.0292164571583,0.412801504135,0.18641872704,-0.226382777095
3733,4323,2,6,0.066213041544,0.050145842135,0.429363340139,0.235126212239,-0.1942371279
3734,533,3,4,0.0620477199554,0.0217338353395,0.068648070097,0.0412246324122,-0.0274234376848
3735,4346,1,5,0.0632034614682,0.0093775158748,0.0505006983876,0.0447581112385,-0.00574258714914
3736,3838,7,13,0.162353396416,0.011656915769,0.42901134491,0.0481426678598,-0.380868673325
3737,5217,3,5,0.165615558624,0.0302862953395,0.0512516833842,0.0363806784153,-0.0148710049689
3738,4034,4,4,0.071942679584,0.0150520354509,0.0962262302637,0.119962103665,0.0237358734012
3739,4237,2,14,0.132039561868,0.0136454189196,0.013698627241,0.0191692560911,0.00547062885016
3740,439,1,12,0.0778152421117,0.0416655577719,0.316164672375,0.432041496038,0.115876823664
3741,164,3,7,0.0718835070729,0.00332263414748,0.0177592355758,0.0537457466125,0.0359865128994
3742,350,12,24,0.0643587484956,0.0309531297535,0.054383777082,0.0217257160693,-0.0326580628753
3743,476,5,10,0.0890942811966,0.0147100109607,0.0351034626365,0.0565608739853,0.0214574113488
3744,378,2,21,0.097142316401,0.0189892183989,0.59221124649,0.768837988377,0.176626741886
3746,1316,5,4,0.08419662714,0.032184921205,0.162574604154,0.108871795237,-0.0537028089166
3747,1316,2,10,0.229356333613,0.0617336146533,0.869092166424,0.255375027657,-0.613717138767
3748,1005,3,9,0.0840952694416,0.0168055184186,0.145158886909,0.0949284732342,-0.0502304136753
3749,5570,1,1,0.150398820639,0.0311962496489,0.00592203997076,0.00821055099368,0.00228851102293
3751,1018,2,7,0.0559137351811,0.0164669267833,0.0566976219416,0.0644146725535,0.00771705061197
3752,1522,5,3,0.0615574978292,0.0266562141478,0.00387957086787,0.00317503116094,-0.000704539706931
3753,1205,5,11,0.10211045295,0.0285898093134,0.143152296543,0.0975078418851,-0.045644454658
3754,1316,3,5,0.065331235528,0.0258878935128,0.0417656451464,0.0355264805257,-0.00623916462064
3756,278,2,5,0.117482580245,0.00774395186454,0.670123100281,0.328702658415,-0.341420441866
3758,6587,3,4,0.0916185379028,0.00581494020298,0.014228252694,0.0425156801939,0.0282874274999
3759,5560,15,25,0.127066388726,0.00567085249349,0.0609209351242,0.0222315546125,-0.0386893823743
3760,4313,9,10,0.0770404860377,0.014638595283,0.0235885828733,0.0172069799155,-0.00638160295784
3761,230,3,11,0.11804112792,0.0172014143318,0.0548838190734,0.0256089512259,-0.0292748678476
3762,2052,2,5,0.0944524183869,0.0345312282443,0.42594191432,0.231353580952,-0.194588333368
3763,8737,1,6,0.0601513050497,0.0182323753834,0.00577324768528,0.00925461482257,0.00348136713728
3764,2996,2,7,0.114517115057,0.0103348307312,0.0251954942942,0.0125026823953,-0.0126928118989
3765,3374,3,7,0.100631125271,0.0290571898222,0.181395187974,0.0494125299156,-0.131982654333
3766,7821,3,13,0.10476911068,0.0323946066201,0.00771543942392,0.0212198793888,0.0135044399649
3768,3472,1,2,0.0832796618342,0.034968316555,0.0145694389939,0.00733699509874,-0.00723244389519
3769,6206,1,4,0.0959621742368,0.0376262925565,0.424970299006,0.237042292953,-0.187928006053
3770,7587,1,5,0.132610157132,0.0369948558509,0.00179179594852,0.00677023595199,0.00497843977064
3771,5101,1,5,0.103482566774,0.0257141888142,0.276185959578,0.0805076658726,-0.195678293705
3772,6443,5,15,0.191282436252,0.0180213991553,0.535215437412,0.0697715952992,-0.465443849564
3773,3732,18,36,0.094611980021,0.00462751556188,0.0173601154238,0.0146172074601,-0.00274290796369
3775,8678,2,9,0.106875635684,0.0597546435893,0.0147719401866,0.0151020726189,0.000330132432282
3776,1604,2,4,0.0559475161135,0.007730350364,0.041939791292,0.00961895752698,-0.0323208346963
3777,1814,4,15,0.0691468045115,0.0117898611352,0.0755014047027,0.0357556566596,-0.0397457480431
3778,4467,3,8,0.0674588084221,0.0344632901251,0.0529505349696,0.0397389046848,-0.0132116302848
3779,3214,8,31,0.269754976034,0.0140757178888,0.154799640179,0.0258492529392,-0.128950387239
3780,456,8,17,0.0883456394076,0.0248986687511,0.321685880423,0.11700412631,-0.204681754112
3781,1010,14,39,0.121037818491,0.0529466792941,0.0287556890398,0.0160509180278,-0.0127047710121
3782,1629,6,5,0.179247736931,0.038503266871,0.00651260325685,0.0126065136865,0.00609391042963
3783,2923,1,5,0.0691246315837,0.0218142941594,0.0747611671686,0.0625694096088,-0.0121917575598
3784,574,3,11,0.0538067407906,0.0145375430584,0.0205146614462,0.0307582244277,0.0102435629815
3785,853,2,8,0.108951687813,0.0365076959133,0.0502649210393,0.0491711199284,-0.00109380111098
3786,919,2,4,0.153259992599,0.0286177117378,0.0800926089287,0.0312114786357,-0.0488811284304
3787,440,7,10,0.0621226131916,0.0108994543552,0.186901986599,0.184074878693,-0.00282710790634
3788,467,4,5,0.123668171465,0.053902965039,0.0429989546537,0.0364764630795,-0.00652249157429
3789,196,1,3,0.102376081049,0.0525306276977,0.00642718467861,0.027484530583,0.0210573449731
3790,435,2,6,0.0615599639714,0.0154438465834,0.146840617061,0.104369409382,-0.0424712076783
3791,4545,10,42,0.13516946137,0.0287416949868,0.0234890989959,0.0175177231431,-0.00597137585282
3792,7564,11,21,0.206702247262,0.0579065717757,0.00397485587746,0.0062370323576,0.00226217648014
3793,7622,2,12,0.074413985014,0.000607675407082,0.086788803339,0.0340802781284,-0.0527085252106
3794,7296,12,33,0.0924026742578,0.0256640315056,0.0300163291395,0.0146184107289,-0.0153979184106
3795,6931,5,24,0.23618145287,0.065790772438,0.00399461528286,0.0171507112682,0.0131560955197
3796,1833,3,9,0.0946374312043,0.0155364153907,0.0445544905961,0.0675869658589,0.0230324752629
3797,6084,1,7,0.0809568539262,0.0151137355715,0.019397707656,0.0190298892558,-0.000367818400264
3798,1390,8,17,0.0913749337196,0.00885635707527,0.0286654289812,0.00919746886939,-0.0194679610431
3800,7734,1,11,0.0986613929272,0.0171000044793,0.00535032339394,0.00342933670618,-0.00192098668776
3801,5571,7,32,0.102140896022,0.011531486176,0.0641720741987,0.0654408112168,0.00126873701811
3802,8932,11,14,0.0689398050308,0.0236816909164,0.0109440498054,0.0105686299503,-0.000375419855118
3803,2352,4,2,0.0722734108567,0.0442199967802,0.0365232340991,0.019532924518,-0.0169903095812
3804,1939,2,4,0.0726262629032,0.0215069260448,0.0684152543545,0.0533227808774,-0.0150924734771
3806,3623,3,5,0.067400611937,0.0126940840855,0.032234184444,0.0357922203839,0.00355803593993
3807,1815,4,16,0.0584655813873,0.0195651650429,0.0110562685877,0.0172814037651,0.00622513517737
3808,1835,1,13,0.0921043381095,0.00879578851163,0.0511599332094,0.0278999507427,-0.0232599824667
3809,2598,4,2,0.0635474845767,0.0193099118769,0.0143528673798,0.0180578064173,0.00370493903756
3811,3657,5,7,0.0899154171348,0.0232063662261,0.0489807501435,0.0835424438119,0.0345616936684
3812,771,11,30,0.139285027981,0.0334926210344,0.00271991640329,0.122943371534,0.120223455131
3813,944,4,11,0.0819525942206,0.0426586903632,0.736185729504,0.43173673749,-0.304448992014
3814,6961,1,6,0.176347613335,0.0586531981826,0.0118021480739,0.0218347217888,0.0100325737149
3815,7301,4,24,0.0918549895287,0.019045682624,0.00615842873231,0.0272931847721,0.0211347565055
3816,5512,14,26,0.0954426303506,0.0349282845855,0.00900096818805,0.0147920222953,0.00579105410725
3817,1136,3,5,0.0765933096409,0.00717834802344,0.21341483295,0.155022874475,-0.0583919584751
3818,3657,2,16,0.165412962437,0.021250359714,0.0478035770357,0.0623713731766,0.0145677961409
3819,409,2,15,0.0873415842652,0.0362121202052,0.173936247826,0.112116955221,-0.0618192926049
3820,7297,5,11,0.208999574184,0.0303297452629,0.0423608608544,0.0161896515638,-0.0261712092906
3821,7679,4,7,0.0717656984925,0.0155127486214,0.00469517707825,0.00853430014104,0.00383912306279
3822,1801,3,9,0.149994596839,0.0638801530004,0.514228582382,0.143702164292,-0.370526432991
3824,1996,4,4,0.0663511008024,0.0180434659123,0.14680211246,0.0896674618125,-0.0571346506476
3825,4675,5,10,0.225597336888,0.0283281393349,0.00778297195211,0.0296429302543,0.0218599587679
3826,6282,4,12,0.100254297256,0.0251780562103,0.101148054004,0.0436636693776,-0.0574843846262
3828,1250,6,11,0.0785933509469,0.0124479364604,0.0259495005012,0.0211476627737,-0.00480183772743
3829,2134,1,3,0.0917541980743,0.0377396568656,0.0102992737666,0.0107898553833,0.000490581616759
3830,7929,7,11,0.0998844504356,0.00457438034937,0.0385261401534,0.0199904348701,-0.0185357052833
3832,1561,2,6,0.118340134621,0.0322671383619,0.00878244079649,0.00571771524847,-0.00306472554803
3833,2629,1,1,0.0975636765361,0.0274973530322,0.00528752570972,0.00696775922552,0.0016802335158
3834,6013,2,5,0.13454566896,0.0202825982124,0.0398909561336,0.0150260031223,-0.0248649530113
3835,4769,7,12,0.0291715431958,0.00962259061635,0.0533649995923,0.0591916553676,0.00582665577531
3836,1726,7,16,0.0952820181847,0.0285150967538,0.00942627247423,0.0158086102456,0.00638233777136
3837,6725,8,28,0.0555717460811,0.00870789028704,0.0406601987779,0.0216504950076,-0.0190097037703
3838,1644,44,102,0.101437300444,0.0256352201104,0.0636862590909,0.0709433928132,0.00725713372231
3839,6126,3,22,0.0979889035225,0.00934645347297,0.0555763021111,0.0502129904926,-0.00536331161857
3840,3682,8,24,0.0979332700372,0.0181131791323,0.0203644819558,0.0177986100316,-0.00256587192416
3841,1951,6,12,0.129382491112,0.019505770877,0.0223256293684,0.0294764488935,0.00715081952512
3842,8732,2,17,0.0616188682616,0.00969859026372,0.00859692879021,0.00777355907485,-0.000823369715363
3843,3946,2,8,0.0534732453525,0.0206528548151,0.0046880482696,0.00567224388942,0.000984195619822
3844,7665,10,16,0.0919035598636,0.0364319421351,0.0689738541842,0.0877147242427,0.0187408700585
3845,6457,8,19,0.0447584502399,0.0183595381677,0.0317469350994,0.0233865808696,-0.00836035422981
3846,6742,7,11,0.0689234212041,0.021189827472,0.00659080035985,0.0128368288279,0.00624602846801
3847,5560,1,12,0.0899938419461,0.0221240017563,0.0493922233582,0.0291598588228,-0.0202323645353
3848,4970,1,5,0.140209615231,0.0588205866516,0.0166557393968,0.0183491203934,0.00169338099658
3850,7459,1,15,0.115011870861,0.0238756127656,0.0231525376439,0.0151509828866,-0.00800155475736
3852,7462,3,7,0.107768855989,0.00236821128055,0.0995504930615,0.0284750107676,-0.0710754841566
3853,3789,7,12,0.0640423744917,0.00834570638835,0.103781253099,0.0604387931526,-0.0433424599469
3854,7459,7,21,0.112741984427,0.0510922037065,0.0026738923043,0.00270681944676,3.29271424562e-05
3855,7459,1,10,0.0741261020303,0.0239921249449,0.100402839482,0.0420059263706,-0.0583969131112
3856,790,4,2,0.074394851923,0.0125828124583,0.319675981998,0.102682702243,-0.216993272305
3857,9220,5,16,0.152660191059,0.0445644818246,0.00369987101294,0.00362622062676,-7.36503861845e-05
3858,797,2,10,0.0723698213696,0.00382755417377,0.00226993346587,0.00240015354939,0.00013022008352
3860,1049,2,5,0.274499714375,0.119252704084,0.0018253272865,0.00538253737614,0.00355721008964
3861,4090,2,5,0.0592402070761,0.0182380247861,0.0170056242496,0.0129800038412,-0.00402562040836
3862,3423,6,14,0.142424181104,0.0345337092876,0.0976489558816,0.0620077811182,-0.0356411747634
3863,860,2,5,0.229229196906,0.0275371391326,0.0276409443468,0.0354532189667,0.00781227461994
3864,2028,3,5,0.116436362267,0.0457021072507,0.0386403426528,0.0380017124116,-0.000638630241156
3865,4318,6,16,0.0541227459908,0.0319501832128,0.00440290430561,0.00354303675704,-0.00085986754857
3866,437,1,7,0.0837145447731,0.031742695719,0.182718023658,0.127500221133,-0.0552178025246
3867,6973,5,30,0.123412229121,0.0425763092935,0.0212457478046,0.0558504164219,0.0346046686172
3868,4743,11,24,0.122863471508,0.0351211726665,0.00758057367057,0.025263434276,0.0176828615367
3869,1974,3,5,0.0731133520603,0.00993029493839,0.120736338198,0.0724759250879,-0.0482604131103
3870,1570,3,10,0.135032638907,0.0445747859776,0.00363064324483,0.00199548737146,-0.00163515587337
3871,5436,1,10,0.0773293375969,0.00774584617466,0.0840965807438,0.0640589818358,-0.0200375989079
3872,3328,3,5,0.0860387086868,0.0152069889009,0.0393159128726,0.0440643765032,0.00474846363068
3873,3101,49,132,0.0831695720553,0.0255917608738,0.0464869588614,0.0750346258283,0.0285476669669
3874,8824,5,20,0.126761257648,0.0247492101043,0.00904010236263,0.0262042675167,0.0171641651541
3875,5353,3,7,0.0781503543258,0.0126992734149,0.1066275388,0.0506150312722,-0.0560125075281
3876,5369,5,10,0.0559737421572,0.00971703324467,0.0574861764908,0.0387092195451,-0.0187769569457
3877,2314,2,14,0.0786392763257,0.0138747794554,0.00772143667564,0.0136671131477,0.00594567647204
3878,3316,2,6,0.044851783663,0.0054111503996,0.0388878844678,0.0266296267509,-0.0122582577169
3879,8824,6,22,0.130496934056,0.0293200407177,0.00528044253588,0.0106634898111,0.00538304727525
3880,8214,2,7,0.148427918553,0.0377456657588,0.00265618390404,0.00570343248546,0.00304724858142
3881,2399,4,13,0.0895554199815,0.012269015424,0.149364590645,0.0832763835788,-0.0660882070661
3882,6240,2,6,0.118658654392,0.0411588586867,0.00655878707767,0.0129550052807,0.00639621820301
3883,990,4,7,0.0982098802924,0.0200077351183,0.0075702201575,0.00633095158264,-0.00123926857486
3884,2891,2,4,0.0566000156105,0.0154491458088,0.0353012010455,0.0190612319857,-0.0162399690598
3885,6576,8,26,0.187055006623,0.0407543033361,0.00240505696274,0.00407917238772,0.00167411542498
3886,8568,8,34,0.0975412726402,0.0165805965662,0.0377304702997,0.0144357541576,-0.0232947170734
3887,3593,1,7,0.113671310246,0.0312528610229,0.00378579669632,0.00500854803249,0.00122275133617
3888,7583,1,5,0.0944002866745,0.0262987166643,0.0028661119286,0.0127121508121,0.00984603911638
3889,6545,4,2,0.145098477602,0.0223013143986,0.161501213908,0.104493565857,-0.0570076480508
3891,782,7,5,0.117463044822,0.043155297637,0.00349871558137,0.00419794395566,0.000699228374287
3893,8107,2,18,0.078232370317,0.0280001740903,0.00329833989963,0.0055837649852,0.00228542508557
3894,293,7,8,0.0818587765098,0.015218468383,0.0434445776045,0.0229198168963,-0.0205247607082
3895,481,4,14,0.0986796393991,0.0248884093016,0.035083130002,0.00627358490601,-0.0288095455617
3896,1034,3,2,0.088940910995,0.00986718758941,0.0243890099227,0.0223459601402,-0.00204304978251
3897,8075,5,16,0.131467416883,0.0248495936394,0.077229090035,0.0611372105777,-0.0160918794572
3898,350,4,7,0.125388562679,0.0329192876816,0.295197099447,0.100689314306,-0.194507777691
3899,596,6,16,0.0919257998466,0.0129117490724,0.0603528730571,0.0569467283785,-0.00340614467859
3900,362,6,8,0.18659324944,0.0669714212418,0.545903325081,0.123976312578,-0.421927005053
3901,6779,21,71,0.258642941713,0.0318279452622,0.0900329202414,0.0379786752164,-0.0520542450249
3902,3526,4,9,0.0907672122121,0.0224173162133,0.00319084501825,0.00893514882773,0.00574430357665
3903,6502,5,18,0.159565880895,0.0465096719563,0.00700054783374,0.00574158644304,-0.0012589613907
3904,7632,6,5,0.128233358264,0.0173211395741,0.00246215448715,0.00790098775178,0.00543883349746
3905,4748,2,9,0.177298545837,0.00972050707787,0.0766555294394,0.07894603163,0.00229050219059
3907,1460,2,4,0.214324310422,0.0314010307193,0.13347671926,0.0289535522461,-0.104523167014
3908,1517,2,6,0.112151943147,0.0529591478407,0.155536741018,0.0708277076483,-0.08470903337
3909,5411,2,5,0.129946276546,0.0365166775882,0.0357447452843,0.0478085689247,0.0120638236403
3910,1850,2,8,0.153553828597,0.0469847619534,0.00209559011273,0.00958486739546,0.0074892770499
3911,1828,11,25,0.131020829082,0.0253153573722,0.0432122908533,0.0144527042285,-0.0287595875561
3912,2678,1,10,0.082094989717,0.0420697629452,0.0253812372684,0.0112225813791,-0.0141586558893
3913,5974,2,8,0.179616168141,0.0849577113986,0.0222718957812,0.0409169495106,0.0186450537294
3915,2337,1,3,0.0762958303094,0.0207514036447,0.0104486597702,0.0150034809485,0.00455482117832
3916,5753,10,14,0.14372754097,0.0387336947024,0.271155685186,0.0544134788215,-0.21674220264
3917,6531,3,10,0.113103568554,0.0456928275526,0.16896264255,0.0669845715165,-0.101978071034
3918,7439,2,7,0.0965122282505,0.0243307780474,0.00215138471685,0.00329886935651,0.00114748463966
3919,4897,7,5,0.0890266299248,0.008156247437,0.120040051639,0.026147281751,-0.0938927680254
3920,1818,5,14,0.102413602173,0.0277156569064,0.00720255728811,0.00417944230139,-0.00302311498672
3921,2885,3,4,0.072490952909,0.0159081351012,0.0124498484656,0.00203944579698,-0.0104104029015
3923,1058,1,6,0.110871165991,0.0215421020985,0.0916308015585,0.109815336764,0.0181845352054
3924,3290,8,11,0.093996733427,0.0284969806671,0.00821338500828,0.00432179821655,-0.00389158679172
3925,7432,3,7,0.12472987175,0.0159492231905,0.275175601244,0.0899751782417,-0.185200423002
3926,5400,3,3,0.0908600091934,0.0381250791252,0.0216708537191,0.0275714937598,0.00590064004064
3927,7393,5,2,0.130028486252,0.0535950548947,0.00404038932174,0.00480144191533,0.000761052593589
3928,1131,1,9,0.159682258964,0.0437921397388,0.288044333458,0.0965396091342,-0.191504716873
3929,7247,8,20,0.151676297188,0.0405775010586,0.0702188163996,0.0204750970006,-0.049743719399
3930,4660,1,5,0.135683745146,0.0174215007573,0.241697177291,0.0811175182462,-0.160579651594
3931,7806,2,5,0.124573528767,0.0237604193389,0.0423848330975,0.0655586048961,0.0231737717986
3932,3700,2,9,0.0915230810642,0.013406354934,0.0261065512896,0.0271448325366,0.00103828124702
3933,839,1,4,0.0715168043971,0.0397591106594,0.0246955193579,0.0107964621857,-0.0138990571722
3934,2340,7,28,0.0936313271523,0.0211834423244,0.0111642554402,0.00313649023883,-0.00802776496857
3936,7878,6,24,0.0839347541332,0.0171437356621,0.0139269987121,0.0110576255247,-0.00286937318742
3937,2332,3,18,0.170600637794,0.0202183499932,0.546400308609,0.181711092591,-0.364689230919
3939,3148,3,9,0.25205552578,0.0476784221828,0.737204492092,0.112005241215,-0.625199258327
3940,1641,1,14,0.0645382702351,0.0129049131647,0.00816556345671,0.020291833207,0.0121262697503
3941,5898,2,2,0.077048689127,0.00798050686717,0.0793873369694,0.0280611906201,-0.051326148212
3943,733,1,4,0.142975762486,0.0443865135312,0.288999795914,0.0948683843017,-0.194131404161
3944,1093,5,11,0.128146886826,0.0209339912981,0.0023400504142,0.00457623740658,0.00223618699238
3947,2874,2,3,0.103667289019,0.023658387363,0.0432637371123,0.0255249496549,-0.0177387874573
3948,6783,1,7,0.107185326517,0.0176297072321,0.0144762732089,0.0257182326168,0.0112419594079
3949,3264,5,6,0.0978753939271,0.0296782776713,0.0240920707583,0.0260201469064,0.00192807614803
3950,2933,4,23,0.107531912625,0.0398322455585,0.0843493193388,0.0543927252293,-0.0299565941095
3951,1449,7,15,0.106912367046,0.0327204093337,0.000506778189447,0.00272246170789,0.00221568346024
3952,370,4,12,0.133312895894,0.0879576429725,0.831798911095,0.388055443764,-0.443743467331
3953,603,4,14,0.111140854657,0.0350948572159,0.105062231421,0.10065125674,-0.00441097468138
3954,523,3,9,0.118737481534,0.0671858638525,0.0203978791833,0.030781051144,0.0103831719607
3955,408,1,6,0.0519672445953,0.00798842404038,0.0387125089765,0.0619147829711,0.0232022739947
3956,332,7,11,0.0779005810618,0.014722620137,0.163809165359,0.0915703848004,-0.0722387805581
3957,2933,4,9,0.134761452675,0.0475031360984,0.00914648082107,0.0260667260736,0.0169202461839
3958,598,7,21,0.0749246627092,0.0538456849754,0.665042161942,0.41467705369,-0.250365108252
3959,2991,1,7,0.103756673634,0.00484739802778,0.0303820800036,0.013483976014,-0.0168981030583
3960,4506,5,11,0.149004295468,0.00888737663627,0.20825766027,0.0113469632342,-0.196910694242
3961,2933,2,4,0.149050533772,0.0624881386757,0.00742541532964,0.0125813856721,0.00515597034246
3962,1318,4,19,0.145157828927,0.0328710451722,0.00416560238227,0.00793500244617,0.0037694000639
3964,271,2,6,0.0963972732425,0.028326658532,0.262907624245,0.0909847989678,-0.171922832727
3965,1005,2,16,0.0832050666213,0.00993179529905,0.0110099008307,0.0635908320546,0.0525809302926
3966,1324,1,7,0.0655818581581,0.0234065949917,0.0468676835299,0.024946892634,-0.0219207908958
3967,3990,4,17,0.163678064942,0.0154845360667,0.00357074732892,0.0153380781412,0.0117673305795
3968,5138,7,7,0.107917107642,0.0242237485945,0.0594085231423,0.0286756251007,-0.0307328980416
3969,2933,3,2,0.0761019513011,0.00752949761227,0.0202962234616,0.0813293755054,0.0610331520438
3970,557,3,4,0.126849532127,0.0112946378067,0.168052777648,0.0465891845524,-0.121463596821
3971,2933,3,4,0.0705322548747,0.0107621094212,0.0586257912219,0.137260779738,0.0786349922419
3972,5676,2,15,0.0631141141057,0.00402473518625,0.0360601767898,0.0337991826236,-0.00226099416614
3973,2933,1,4,0.0860786661506,0.0235647000372,0.18582443893,0.127717375755,-0.0581070631742
3974,2933,2,3,0.129659220576,0.00794559624046,0.539766013622,0.181856140494,-0.357909858227
3975,439,2,5,0.0439199320972,0.0132975773886,0.325616240501,0.242369875312,-0.0832463651896
3976,5831,2,6,0.0806182548404,0.0174248814583,0.0985184982419,0.024283984676,-0.0742345154285
3977,8104,1,5,0.0709996372461,0.0273043569177,0.0522805601358,0.0302526261657,-0.0220279339701
3979,2781,4,14,0.191092684865,0.0630880370736,0.00301339360885,0.0321374423802,0.0291240494698
3980,5919,2,5,0.118214547634,0.0511029399931,0.0603736750782,0.0392490811646,-0.0211245939136
3981,5028,1,3,0.0744756832719,0.0213240031153,0.0394408814609,0.0381283052266,-0.00131257623434
3982,866,2,5,0.137777253985,0.0441876202822,0.00966808758676,0.0152455344796,0.00557744689286
3983,4066,9,27,0.0854732170701,0.0116314617917,0.039731271565,0.0342099368572,-0.00552133470774
3984,2865,4,16,0.0959262773395,0.0394718311727,0.118347547948,0.0428336374462,-0.0755139142275
3985,9327,3,9,0.0758684054017,0.00740134669468,0.00511702382937,0.00492081139237,-0.000196212437004
3986,8353,4,12,0.134692102671,0.093994371593,0.00520557491109,0.00823282450438,0.00302724959329
3987,8227,2,8,0.0930794477463,0.041345294565,0.0157471876591,0.0157612916082,1.410394907e-05
3988,7976,1,12,0.123605579138,0.0562897510827,0.0172198172659,0.0234295800328,0.00620976276696
3989,664,2,2,0.103162355721,0.0414895638824,0.0547976531088,0.0364584513009,-0.018339201808
3990,718,3,5,0.107865966856,0.0145789403468,0.0307091418654,0.0265399646014,-0.00416917726398
3991,629,1,3,0.24672870338,0.0621326193213,0.738384783268,0.191267505288,-0.547117292881
3992,1409,3,2,0.0562518425286,0.00830773450434,0.00161746027879,0.00925818644464,0.00764072593302
3993,9058,1,6,0.0815205127001,0.0107807852328,0.0539895892143,0.031306732446,-0.0226828567684
3994,5276,16,31,0.102685987949,0.012808333151,0.000915745797101,0.00152916926891,0.000613423471805
3995,1595,3,18,0.140473723412,0.00826727878302,0.00127711100504,0.00530694611371,0.00402983510867
3996,4660,10,23,0.125408694148,0.0394959487021,0.260929256678,0.187906682491,-0.0730225741863
3997,8260,1,5,0.0739107653499,0.0177228190005,0.0205961856991,0.00597029179335,-0.0146258939058
3998,355,3,11,0.0834579467773,0.01806069538,0.0274430960417,0.0545605607331,0.0271174646914
3999,7660,5,8,0.0689906105399,0.0372001156211,0.318280249834,0.157627403736,-0.160652846098
4001,7817,3,5,0.0863079801202,0.0154088390991,0.0032411403954,0.00534017337486,0.00209903297946
4002,5872,5,7,0.0823558196425,0.0147739443928,0.0121123660356,0.0107637597248,-0.00134860631078
4003,32,13,23,0.117426641285,0.0124842636287,0.00494667328894,0.0145776616409,0.009630988352
4004,4484,5,15,0.121906362474,0.0573509335518,0.113004803658,0.324466615915,0.211461812258
4006,929,6,7,0.0496474318206,0.0128949498758,0.535643994808,0.546308577061,0.0106645822525
4007,912,3,2,0.0606895051897,0.0144283855334,0.0184676535428,0.0250808801502,0.00661322660744
4008,6477,2,7,0.14624004066,0.0449347682297,0.00959930941463,0.010585504584,0.000986195169389
4009,2183,2,6,0.0917828977108,0.0288281142712,0.0259004272521,0.0118709774688,-0.0140294497833
4010,1246,3,23,0.130367442966,0.0118954367936,0.287445485592,0.0751986503601,-0.212246835232
4011,1916,2,6,0.110889054835,0.0166584886611,0.0083856638521,0.0276086386293,0.0192229747772
4012,943,2,3,0.255136340857,0.203990265727,0.0910618826747,0.00907346792519,-0.0819884166121
4013,9173,6,4,0.129421696067,0.033569779247,0.0486539937556,0.0546757876873,0.00602179393172
4014,2148,2,8,0.323656231165,0.0196343567222,0.00659393006936,0.0123593369499,0.00576540688053
4015,6261,1,7,0.125208303332,0.0229196567088,0.102719724178,0.0491174161434,-0.0536023080349
4016,6763,1,8,0.0576104260981,0.00122972961981,0.0105712013319,0.00619666278362,-0.00437453854829
4017,9266,1,13,0.166492119431,0.077327363193,0.0139978853986,0.0117184333503,-0.00227945204824
4018,5606,1,7,0.108405858278,0.0171776283532,0.00701577356085,0.00240578339435,-0.00460998993367
4019,1209,5,13,0.104500256479,0.0202755499631,0.255757689476,0.12586595118,-0.129891738296
4020,2639,7,29,0.1227222085,0.0720302984118,0.687834024429,0.329892963171,-0.357941061258
4021,4341,3,3,0.149810001254,0.0398633405566,0.00534331100062,0.0141785973683,0.00883528590202
4022,5193,2,5,0.104616977274,0.0183348674327,0.0691593587399,0.0495261400938,-0.019633218646
4023,2901,1,3,0.094120323658,0.0172091275454,0.0215380713344,0.00890144705772,-0.0126366242766
4024,4484,1,3,0.119329273701,0.0259821824729,0.00922426115721,0.00947161298245,0.000247351825237
4025,2903,3,1,0.112162657082,0.0162689033896,0.00824520178139,0.00696759438142,-0.00127760739997
4026,3307,2,2,0.104219853878,0.0241679567844,0.21250076592,0.0398062095046,-0.172694563866
4027,2846,2,8,0.129470303655,0.0585487820208,0.109953306615,0.136572748423,0.0266194418073
4028,4070,3,5,0.158600434661,0.0424599871039,0.0343782640994,0.0466119609773,0.012233696878
4029,1376,3,5,0.0974613055587,0.0135537562892,0.038972210139,0.0452729947865,0.00630078464746
4030,4658,5,10,0.0595180541277,0.0150755755603,0.0464143529534,0.0479122959077,0.0014979429543
4031,3202,3,3,0.221334770322,0.0580605082214,0.713575899601,0.149054005742,-0.56452190876
4032,134,4,25,0.0408630818129,0.0122626991943,0.755115449429,0.583427488804,-0.171687960625
4033,930,4,8,0.09082377702,0.0153008149937,0.0527407936752,0.029375994578,-0.0233647990972
4034,2590,1,5,0.107784084976,0.0165426116437,0.0101714450866,0.0273753255606,0.017203880474
4035,682,1,4,0.241381943226,0.0925921052694,0.0446962341666,0.0672078803182,0.0225116461515
4037,660,1,7,0.0724167451262,0.031334746629,0.173950001597,0.280745267868,0.106795266271
4038,739,2,3,0.0543341040611,0.0298170484602,0.129962220788,0.142881140113,0.0129189193249
4039,6474,5,12,0.123662032187,0.0347310937941,0.009691612795,0.012943062,0.00325144920498
4041,2011,4,7,0.121784128249,0.0648732036352,0.00652899034321,0.0120338676497,0.00550487730652
4042,5013,1,8,0.0581525154412,0.00243433890864,0.00550039438531,0.0296036247164,0.0241032298654
4043,7319,6,12,0.0712356641889,0.0163965467364,0.0305748153478,0.0211035925895,-0.00947122275829
4044,948,4,8,0.101246058941,0.0269259307534,0.0215536151081,0.0100896889344,-0.0114639261737
4045,4721,1,5,0.15297794342,0.0578968562186,0.0837908014655,0.0195419602096,-0.0642488449812
4046,771,8,24,0.0574559085071,0.017316473648,0.705676019192,0.695855140686,-0.00982087850571
4047,3062,3,4,0.0812278315425,0.0173641797155,0.0494504831731,0.011951290071,-0.0374991931021
4048,6664,7,21,0.094073086977,0.0221803393215,0.147442147136,0.112265117466,-0.0351770296693
4049,7010,25,51,0.160956785083,0.0725838392973,0.00178669986781,0.0187216419727,0.0169349424541
4050,7977,5,20,0.0676065161824,0.0122400028631,0.0547589212656,0.0455402135849,-0.0092187076807
4051,1629,6,16,0.0858476981521,0.0109329624102,0.052622307092,0.0407284907997,-0.0118938162923
4052,6151,20,41,0.0615942515433,0.0173213668168,0.102264098823,0.0944437086582,-0.00782039016485
4053,2687,4,20,0.0861725583673,0.0314596258104,0.0479970499873,0.0321718752384,-0.0158251747489
4054,5747,2,11,0.0678097233176,0.0142473457381,0.00778465159237,0.0254407059401,0.0176560543478
4055,2909,3,9,0.0394505374134,0.014500964433,0.0118922675028,0.0140293873847,0.00213711988181
4056,9119,5,10,0.0381611697376,0.00772561272606,0.069736585021,0.03779559955,-0.031940985471
4057,9194,11,8,0.0646677687764,0.0086499704048,0.0118357650936,0.0101860491559,-0.00164971593767
4058,989,10,23,0.110359303653,0.0247175246477,0.0453443191946,0.0663153901696,0.0209710709751
4059,1063,2,8,0.104524292052,0.0187035165727,0.44168522954,0.111191391945,-0.330493837595
4060,1404,2,11,0.0682502165437,0.0128336120397,0.0375685021281,0.0445219390094,0.0069534368813
4061,3088,9,19,0.060040447861,0.0183112453669,0.228318169713,0.206731200218,-0.0215869694948
4062,3302,4,25,0.172454729676,0.0513984337449,0.0023471347522,0.0172668714076,0.0149197364226
4063,3087,1,14,0.0654371380806,0.00812739320099,0.085815101862,0.0471099503338,-0.0387051515281
4064,2855,1,9,0.0727889686823,0.0164880231023,0.00840525422245,0.0159013420343,0.00749608781189
4065,8073,5,5,0.0868274867535,0.00887190643698,0.00258805486374,0.00338533893228,0.00079728406854
4066,4055,4,12,0.0771057978272,0.0155308395624,0.0374093838036,0.0136621994898,-0.0237471833825
4067,2176,11,52,0.0719153657556,0.0169539507478,0.0110215870664,0.00984477903694,-0.00117680802941
4068,3494,2,2,0.0736651793122,0.0253202226013,0.00512304343283,0.0114308297634,0.00630778633058
4069,1631,1,5,0.0504827164114,0.0144898816943,0.209858283401,0.0861657038331,-0.123692579567
4070,1631,1,6,0.131564453244,0.0118387751281,0.00804991461337,0.0312293674797,0.0231794528663
4071,4934,4,22,0.0998970940709,0.0285035483539,0.0570745319128,0.0382390208542,-0.0188355110586
4072,7565,3,2,0.147696748376,0.0356532298028,0.0248239636421,0.0325823761523,0.00775841251016
4073,3666,6,8,0.110124267638,0.0456026159227,0.114884920418,0.0378211177886,-0.0770637989044
4074,4150,2,6,0.0525433830917,0.0152318412438,0.0155662605539,0.0155127830803,-5.3477473557e-05
4076,4730,14,41,0.0723602175713,0.0237723905593,0.0437344759703,0.0487912483513,0.00505677238107
4077,1373,3,8,0.0761353746057,0.0476373136044,0.0101250521839,0.00934427976608,-0.000780772417784
4078,4664,1,7,0.117124408484,0.0231644511223,0.0258152708411,0.011645517312,-0.0141697535291
4079,6224,3,13,0.0577933005989,0.0148908039555,0.00406365981326,0.00239338935353,-0.00167027045973
4080,1425,3,21,0.0620596893132,0.0132279098034,0.464238733053,0.20560528338,-0.258633434772
4081,4124,5,2,0.0621798597276,0.0144089842215,0.00636595720425,0.00961210951209,0.00324615230784
4082,368,3,4,0.0656990334392,0.0118369655684,0.00292966328561,0.0026554397773,-0.000274223508313
4083,304,2,8,0.15323151648,0.0250985510647,0.198804914951,0.0846207141876,-0.114184200764
4084,664,1,4,0.15595254302,0.0852477699518,0.783117353916,0.382922023535,-0.400195330381
4088,6339,5,7,0.101071231067,0.017035998404,0.101722128689,0.0215337146074,-0.0801884159446
4089,910,2,7,0.0978779196739,0.0497532300651,0.00975608546287,0.00978369172662,2.76062637568e-05
4090,870,5,2,0.0945160090923,0.0326130539179,0.0301208458841,0.0158156976104,-0.0143051482737
4092,5574,4,7,0.119076229632,0.0308885220438,0.0588686019182,0.0631678625941,0.00429926067591
4094,5528,2,8,0.173610433936,0.0899886786938,0.304918736219,0.0876817926764,-0.217236936092
4095,5510,1,9,0.071793936193,0.0100503657013,0.0275419279933,0.0278433803469,0.000301452353597
4096,4253,2,5,0.076718211174,0.022296814248,0.0139300515875,0.0211944207549,0.00726436916739
4097,6451,4,7,0.111146003008,0.0439157374203,0.000735048379283,0.00191790249664,0.00118285417557
4098,6841,6,23,0.0912779793143,0.0254920814186,0.0357684008777,0.0157478190958,-0.0200205817819
4099,6947,4,3,0.203304469585,0.047462400049,0.0547941140831,0.055476423353,0.000682309269905
4100,7620,4,3,0.0735750570893,0.0126573471352,0.00886167027056,0.0120380669832,0.00317639671266
4101,5995,6,8,0.152118802071,0.0217335727066,0.00973721034825,0.012126292102,0.00238908175379
4102,6355,1,1,0.0554873645306,0.00820980966091,0.117587029934,0.0689156278968,-0.0486714020371
4103,4197,11,33,0.103081040084,0.0106401797384,0.00654257368296,0.00439724000171,-0.00214533368126
4104,7714,4,7,0.079061537981,0.00313403783366,0.00121493940242,0.00097485416336,-0.000240085239056
4105,5927,6,22,0.0878229811788,0.0461519770324,0.0901651829481,0.051654111594,-0.0385110713542
4106,1687,1,5,0.0764249488711,0.0166077874601,0.0161828547716,0.0156928841025,-0.00048997066915
4107,7111,2,4,0.106070660055,0.0368712954223,0.156942844391,0.0552069842815,-0.101735860109
4109,6466,2,6,0.0569261498749,0.0172912180424,0.00539401080459,0.0106422798708,0.00524826906621
4110,3001,5,2,0.26046860218,0.0566857904196,0.0589554570615,0.081927202642,0.0229717455804
4111,5553,2,5,0.122695207596,0.0453484244645,0.0104574663565,0.0143224522471,0.00386498589069
4113,5045,1,2,0.0733463093638,0.0108345570043,0.0914236232638,0.0391533076763,-0.0522703155875
4114,5843,2,5,0.0959379673004,0.0448693521321,0.00429911632091,0.00782795995474,0.00352884363383
4115,1550,2,4,0.0658984556794,0.0146780665964,0.0157055985183,0.0188549235463,0.00314932502806
4116,2629,1,4,0.0678679123521,0.0240918640047,0.043717905879,0.0844968929887,0.0407789871097
4117,1384,2,1,0.0863280370831,0.033953666687,0.0255052950233,0.0193918943405,-0.00611340068281
4118,557,1,21,0.138823285699,0.0459670126438,0.0151145262644,0.0153770493343,0.000262523069978
4119,327,2,9,0.181353569031,0.0535170808434,0.0427573733032,0.0445394553244,0.00178208202124
4120,570,2,10,0.0965948402882,0.0127134565264,0.0379940196872,0.0275433976203,-0.0104506220669
4121,3509,4,18,0.106827259064,0.0461549088359,0.16819511354,0.08381626755,-0.0843788459897
4123,255,3,4,0.0826131179929,0.0193526204675,0.0913492739201,0.0481781251729,-0.0431711487472
4124,2941,2,3,0.0842264816165,0.0270550176501,0.0119057120755,0.00970050413162,-0.00220520794392
4126,630,5,4,0.060671556741,0.0238105412573,0.0704827085137,0.102972783148,0.0324900746346
4127,8101,1,4,0.0838802233338,0.00913582276553,0.1564335078,0.0813879743218,-0.0750455334783
4129,6989,3,5,0.132918968797,0.042250726372,0.0160109568387,0.0220824703574,0.00607151351869
4130,4281,2,4,0.0871834531426,0.0487438812852,0.0111899785697,0.0117945624515,0.000604583881795
4131,779,5,18,0.196377709508,0.0181991234422,0.347068846226,0.0375178195536,-0.309551030397
4132,7406,2,7,0.104061506689,0.0203427765518,0.0344220437109,0.0146064050496,-0.0198156386614
4133,338,2,11,0.0725965797901,0.0139719191939,0.00598740577698,0.00614893808961,0.000161532312632
4134,1432,4,9,0.0502753444016,0.0172310378402,0.00656775198877,0.00348680117168,-0.00308095081709
4135,8085,3,2,0.0890797451138,0.00792211852968,0.0522088259459,0.0356664024293,-0.0165424235165
4136,4658,1,6,0.115302108228,0.0259891189635,0.14060382545,0.0845449194312,-0.0560589060187
4137,839,2,5,0.320926755667,0.14312466979,0.982228755951,0.318443387747,-0.663785338402
4138,2758,2,11,0.172956869006,0.0334922894835,0.195476531982,0.167949318886,-0.0275272130966
4140,7821,1,6,0.0935646891594,0.0304094012827,0.024692133069,0.0398506298661,0.0151584967971
4141,4086,3,5,0.111366577446,0.017861649394,0.0415341109037,0.0371935553849,-0.00434055551887
4142,4102,4,10,0.0934002995491,0.0260866936296,0.15051548183,0.106589436531,-0.0439260452986
4143,4086,1,4,0.0733191892505,0.0174771826714,0.0187219902873,0.0152421901003,-0.00347980018705
4144,4358,2,6,0.110332906246,0.033119559288,0.104452520609,0.0812886059284,-0.0231639146805
4145,4087,4,9,0.0910456180573,0.0256833843887,0.0321743562818,0.00858069304377,-0.0235936641693
4146,4087,1,6,0.0903674140573,0.01817310974,0.0580330193043,0.0522659383714,-0.00576708093286
4147,4087,2,7,0.128158405423,0.0421175956726,0.00120302382857,0.00228764093481,0.00108461710624
4148,884,4,10,0.0899349451065,0.02303179726,0.237555488944,0.113588906825,-0.123966582119
4149,427,7,17,0.101577527821,0.0123884081841,0.0254291407764,0.0182611364871,-0.00716800428927
4150,270,2,5,0.0369031950831,0.00932942982763,0.0852927938104,0.0461941957474,-0.039098598063
4152,2960,1,4,0.129433751106,0.0411686748266,0.0029076943174,0.00364165869541,0.000733964378014
4153,8032,21,54,0.104969918728,0.0183534752578,0.000216769331018,0.000293248594971,7.64792639529e-05
4154,2931,6,16,0.092695735395,0.00486082863063,0.00906313490123,0.0228598117828,0.0137966768816
4155,6494,1,9,0.125760182738,0.0162438973784,0.345572143793,0.0976877734065,-0.247884362936
4156,273,3,11,0.069346614182,0.0140870278701,0.123019002378,0.0856616869569,-0.0373573154211
4157,399,3,13,0.0799518451095,0.00920167006552,0.00829792860895,0.00955051090568,0.00125258229673
4158,1516,2,8,0.0488260984421,0.0165649801493,0.00265790196136,0.00447234744206,0.0018144454807
4159,1896,5,7,0.0388353802264,0.00785552803427,0.0241282619536,0.028837300837,0.00470903888345
4160,2165,3,11,0.0781488493085,0.031489521265,0.0278284884989,0.0454500503838,0.0176215618849
4161,4403,2,11,0.213679030538,0.0494741797447,0.00953333545476,0.0153920361772,0.00585870072246
4162,2206,2,13,0.0995435714722,0.0263628605753,0.00611485121772,0.0191377233714,0.013022871688
4163,1636,5,5,0.0853747725487,0.0268565434963,0.00705548096448,0.0186410099268,0.0115855289623
4164,2183,6,21,0.0684722438455,0.011446797289,0.139526575804,0.195598945022,0.0560723692179
4165,495,3,11,0.0596580654383,0.00947184953839,0.000377517018933,0.00107581715565,0.000698300136719
4166,1636,3,15,0.170688226819,0.0718055218458,0.433620780706,0.0772866681218,-0.356334120035
4167,1911,5,6,0.0875950828195,0.012724513188,0.076750844717,0.21720957756,0.140458732843
4168,1524,2,5,0.0646168664098,0.0164778530598,0.171542942524,0.137669846416,-0.0338730961084
4170,1222,7,22,0.0667953565717,0.0117346337065,0.0258463062346,0.0209782123566,-0.00486809387803
4171,2421,6,21,0.0589367859066,0.0132029177621,0.0427382998168,0.0153532801196,-0.0273850187659
4172,2163,2,14,0.0874631777406,0.00743868714198,0.0416284166276,0.0262415632606,-0.0153868533671
4173,2056,3,7,0.0817815363407,0.0109762148932,0.0921017602086,0.0224181320518,-0.0696836262941
4174,4317,2,4,0.0884481668472,0.0152336526662,0.00254257954657,0.00710311159492,0.00456053204834
4175,2208,3,12,0.0950480625033,0.0166058260947,0.100183442235,0.0849408730865,-0.0152425691485
4176,7485,3,5,0.0782064199448,0.00777063472196,0.00255922391079,0.00245130225085,-0.000107921659946
4177,2136,4,2,0.0384764969349,0.00446620071307,0.0351875200868,0.0437973290682,0.00860980898142
4178,935,3,11,0.103829093277,0.0224640667439,0.258759319782,0.100280679762,-0.15847864747
4179,5955,1,9,0.19692081213,0.0859831124544,0.436013430357,0.102059103549,-0.333954334259
4180,567,2,4,0.0525467135012,0.0483045913279,0.790758132935,0.686007022858,-0.104751110077
4181,322,1,6,0.0900352075696,0.00782536435872,0.0295448713005,0.0309912655503,0.0014463942498
4182,5898,2,11,0.121225863695,0.00871451850981,0.212883681059,0.0532108694315,-0.159672811627
4183,5566,12,38,0.0851351544261,0.036913882941,0.0277343261987,0.0472689270973,0.0195346008986
4184,340,12,45,0.104809246957,0.0480716191232,0.032507520169,0.0497780032456,0.0172704830766
4185,6732,4,14,0.152546972036,0.0219565015286,0.125708147883,0.120771586895,-0.00493656098843
4189,1094,2,4,0.0744217634201,0.0113074108958,0.114272512496,0.074357226491,-0.0399152860045
4190,1660,8,5,0.0678502097726,0.0310193952173,0.00372878182679,0.0286173969507,0.0248886160553
4191,6719,8,16,0.0701955631375,0.0081551624462,0.0102373538539,0.0262979567051,0.0160606019199
4192,5551,8,16,0.0534222684801,0.00426553422585,0.0652427151799,0.0695407316089,0.00429801642895
4193,3167,7,6,0.0889430046082,0.0100418133661,0.071390978992,0.0730778649449,0.00168688595295
4194,782,3,7,0.104188121855,0.0289762262255,0.00641101505607,0.00426642550156,-0.00214458955452
4195,1480,3,20,0.156961843371,0.0401082262397,0.109691441059,0.0230971481651,-0.0865942910314
4197,3273,2,7,0.0875334814191,0.0112885134295,0.190470442176,0.0556702651083,-0.134800180793
4199,2931,3,4,0.0703313052654,0.0269570238888,0.0345406048,0.0139437168837,-0.0205968879163
4200,5160,2,8,0.0669559761882,0.0334499254823,0.0271946936846,0.0268251802772,-0.00036951340735
4201,1205,5,5,0.175722539425,0.0853941962123,0.834764301777,0.345816761255,-0.488947540522
4202,867,3,6,0.142289921641,0.0596946924925,0.0840157866478,0.0196858327836,-0.0643299520016
4203,4325,1,1,0.123843558133,0.0564841069281,0.00422326568514,0.00616197613999,0.00193871045485
4204,3117,1,4,0.0656939148903,0.00785909127444,0.0214206427336,0.0142069272697,-0.00721371546388
4205,513,6,12,0.0815985873342,0.0197988543659,0.0263293385506,0.0323998294771,0.0060704909265
4206,1318,2,7,0.0684473440051,0.0224138684571,0.0107483677566,0.0150574641302,0.00430909637362
4207,2656,13,46,0.0691810026765,0.0175504460931,0.0731596276164,0.106703817844,0.033544190228
4208,58,15,55,0.0867650806904,0.0295006968081,0.0531607195735,0.0853815302253,0.0322208106518
4209,5174,4,4,0.0928684696555,0.00467128306627,0.00382243981585,0.00602947408333,0.00220703426749
4210,751,4,24,0.0617188215256,0.0139825381339,0.155227437615,0.179699227214,0.0244717895985
4211,6707,4,12,0.115811288357,0.0268964450806,0.00648330384865,0.0341002903879,0.0276169870049
4212,359,3,4,0.064177274704,0.00708592962474,0.0273984707892,0.0381192602217,0.0107207894325
4213,3879,7,23,0.0649085715413,0.0113516980782,0.110235542059,0.118312992156,0.00807745009661
4214,5786,1,7,0.0424531400204,0.00276901829056,0.00392745574936,0.00770666077733,0.00377920502797
4215,3209,1,6,0.102347336709,0.0500578545034,0.0620764493942,0.0561783052981,-0.00589814409614
4216,112,6,18,0.0927203521132,0.0212201420218,0.0100897978991,0.0272647961974,0.0171749982983
4217,3652,3,12,0.114288650453,0.0244869664311,0.00123318564147,0.00273453374393,0.00150134810247
4218,4161,8,22,0.0850614085793,0.0137014752254,0.0898866057396,0.129297301173,0.0394106954336
4219,6720,2,4,0.0518180392683,0.0300051905215,0.0417820215225,0.0382825471461,-0.00349947437644
4220,3302,1,6,0.109315358102,0.0743832737207,0.0196162052453,0.015754705295,-0.00386149995029
4221,7786,2,5,0.0836283043027,0.032662447542,0.0291799381375,0.0227575469762,-0.00642239116132
4223,497,13,38,0.136672452092,0.0215297136456,0.233071625233,0.118038751185,-0.115032874048
4224,2945,11,26,0.0747525766492,0.0343986973166,0.0441388823092,0.0559132955968,0.0117744132876
4225,134,2,7,0.0917419567704,0.0143494615331,0.225796967745,0.293576270342,0.067779302597
4226,6560,2,3,0.0794689655304,0.0325547046959,0.00708456570283,0.00514766993001,-0.00193689577281
4227,517,2,5,0.152377381921,0.0698108375072,0.0014726317022,0.0215151254088,0.0200424939394
4228,1103,2,6,0.0850127860904,0.0101522672921,0.0685357153416,0.0321918874979,-0.0363438278437
4229,4963,23,83,0.142825320363,0.0468504577875,0.0912909805775,0.0284006744623,-0.0628903061152
4230,7457,3,7,0.124797485769,0.0275778286159,0.000931885675527,0.00336426100694,0.00243237521499
4231,4836,6,32,0.0878904685378,0.054893694818,0.0322249531746,0.0596828646958,0.0274579115212
4232,7518,3,4,0.0836331471801,0.0335072800517,0.0135371796787,0.00805259961635,-0.00548458006233
4233,3503,2,5,0.0584786683321,0.00878502149135,0.0589332766831,0.0650762990117,0.00614302232862
4234,3727,4,11,0.0740854367614,0.0166352856904,0.0491192005575,0.028571292758,-0.0205479077995
4235,3421,3,16,0.0748568400741,0.0269491132349,0.016462167725,0.0124598937109,-0.00400227401406
4236,2540,2,13,0.0720409229398,0.0147951561958,0.0127973984927,0.0121136279777,-0.000683770515025
4237,567,6,8,0.0874190852046,0.0230769105256,0.204142361879,0.0430287979543,-0.1611135602
4238,1927,4,19,0.0720733851194,0.0167446155101,0.0533623807132,0.0622360520065,0.00887367129326
4239,6867,4,9,0.0904579162598,0.00538624450564,0.0397290252149,0.0580391995609,0.018310174346
4240,4895,6,15,0.103173874319,0.0541334860027,0.0176702477038,0.0148249818012,-0.00284526590258
4241,1933,7,5,0.0664311721921,0.0050093466416,0.0587466210127,0.0702643617988,0.0115177407861
4242,3687,3,7,0.125790119171,0.0257692709565,0.0167127046734,0.0108731957152,-0.00583950895816
4243,1953,2,4,0.0782851725817,0.0324363745749,0.0400026962161,0.0407835878432,0.000780891627073
4244,1953,4,10,0.0832228437066,0.0647409781814,0.0638001039624,0.0408278517425,-0.0229722522199
4246,2034,3,11,0.119589902461,0.00335679482669,0.0351482331753,0.0377033427358,0.00255510956049
4247,5850,1,6,0.0560392253101,0.0215502940118,0.103175655007,0.0620258711278,-0.0411497838795
4248,1660,2,11,0.0951157435775,0.0101690869778,0.00693561229855,0.00647529214621,-0.000460320152342
4249,7290,4,7,0.0838638842106,0.0130302375183,0.00817099679261,0.00422292714939,-0.00394806964323
4250,2092,1,15,0.116424791515,0.0380103029311,0.03857133165,0.0403720326722,0.00180070102215
4251,6294,6,21,0.144109293818,0.047642622143,0.00105078355409,0.000439207535237,-0.000611576018855
4252,1627,4,7,0.103196777403,0.00850548502058,0.00607357639819,0.00714586302638,0.00107228662819
4253,7439,7,21,0.069048114121,0.00735568627715,0.000245125498623,0.000829771161079,0.000584645662457
4254,4689,5,9,0.0832029655576,0.0526448003948,0.000580801337492,0.00152574013919,0.000944938801695
4255,2906,4,9,0.0338159389794,0.000934219278861,0.0232925806195,0.037322062999,0.0140294823796
4256,6328,1,7,0.0490201897919,0.0116669982672,0.134160250425,0.0723176300526,-0.0618426203728
4257,5773,2,8,0.0601026900113,0.00553576601669,0.0285704750568,0.034896645695,0.0063261706382
4259,187,3,5,0.106046654284,0.019147220999,0.0167133621871,0.00634506670758,-0.0103682950139
4260,460,12,18,0.100480087101,0.0705414637923,0.0612855181098,0.0325092710555,-0.0287762470543
4261,2838,1,8,0.0664126127958,0.0277714747936,0.00994470808655,0.0322988517582,0.022354144603
4262,5553,3,2,0.0971467420459,0.00677146483213,0.00936206430197,0.0130500504747,0.00368798617274
4263,1031,2,6,0.0635339692235,0.0056922850199,0.0188505537808,0.0492237396538,0.030373185873
4264,6606,1,7,0.0591860711575,0.0255273189396,0.00436901813373,0.00549267278984,0.00112365465611
4265,458,9,24,0.0367477796972,0.0192504506558,0.029163653031,0.00757154682651,-0.0215921066701
4266,4922,5,19,0.063069909811,0.0129434112459,0.0670331567526,0.0442073382437,-0.0228258185089
4267,9158,14,60,0.118948735297,0.0185386184603,0.00922844931483,0.00178250542376,-0.00744594400749
4268,4183,12,25,0.0767925679684,0.00915041472763,0.00683089299127,0.0139247952029,0.00709390221164
4269,2133,5,13,0.119843460619,0.00888496637344,0.0745477601886,0.17582474649,0.101276986301
4270,5632,7,26,0.0882206484675,0.0125968120992,0.027680857107,0.0728206858039,0.0451398268342
4271,8755,4,21,0.0716765001416,0.0048816204071,0.0217438209802,0.0165744945407,-0.0051693264395
4272,1612,3,11,0.074449069798,0.018611907959,0.00750509137288,0.0126551128924,0.00515002151951
4274,7262,10,11,0.0751857385039,0.0252668950707,0.0490025244653,0.0278404746205,-0.0211620498449
4277,9182,2,6,0.0855948254466,0.0355052240193,0.0137668466195,0.0226665139198,0.00889966730028
4278,8034,3,6,0.0649377033114,0.00666377739981,0.0154224801809,0.0129057997838,-0.00251668039709
4279,1950,5,12,0.066597096622,0.0187703333795,0.0071840849705,0.0113754225895,0.00419133761898
4280,2354,4,12,0.0924032703042,0.042523778975,0.00255147437565,0.00713021541014,0.00457874126732
4281,6918,2,5,0.178751543164,0.00680179242045,0.0144986091182,0.0322209261358,0.0177223160863
4282,5588,5,18,0.0831249058247,0.01196736563,0.0053611760959,0.00378229469061,-0.00157888140529
4283,3751,7,10,0.0932339802384,0.00944271311164,0.0269546601921,0.0371597409248,0.0102050807327
4284,6918,1,5,0.122828952968,0.0642861649394,0.0656451135874,0.0549894757569,-0.0106556378305
4285,5890,6,18,0.0595765374601,0.0196440778673,0.426670193672,0.377071887255,-0.0495983064175
4286,3723,2,6,0.0949118062854,0.0684575513005,0.0543196834624,0.0418348796666,-0.0124848037958
4287,577,8,22,0.0403439737856,0.0201090257615,0.0828245952725,0.0741906389594,-0.00863395631313
4288,8525,2,5,0.0759878531098,0.0292609315366,0.0235410705209,0.0232589766383,-0.000282093882561
4289,4050,4,10,0.107110060751,0.0108063258231,0.00380610767752,0.0094451373443,0.00563902966678
4290,6187,1,4,0.0847267881036,0.0110371578485,0.0520361252129,0.0224949494004,-0.0295411758125
4291,8754,3,5,0.109847575426,0.0387672372162,0.00706112850457,0.00581809366122,-0.00124303484336
4292,6399,2,4,0.0796780213714,0.0236260667443,0.00755810691044,0.0196819398552,0.0121238324791
4293,8729,2,6,0.09982162714,0.034995559603,0.0145849119872,0.040153298527,0.0255683865398
4294,799,17,57,0.185369431973,0.0631133019924,0.519613683224,0.150625348091,-0.368988335133
4295,1186,9,36,0.117198444903,0.0300075802952,0.0520609505475,0.017128886655,-0.0349320620298
4296,7294,7,16,0.0833627209067,0.0276606790721,0.0708894580603,0.0609736852348,-0.00991577282548
4297,7868,3,13,0.152220964432,0.00676265684888,0.014618717134,0.0393990688026,0.0247803516686
4298,1265,3,9,0.0743505433202,0.012297315523,0.0653182715178,0.0317490398884,-0.0335692316294
4299,6977,9,19,0.0969053581357,0.0253931749612,0.0464764796197,0.0357634983957,-0.0107129812241
4300,820,4,8,0.0719269961119,0.0211685542017,0.0192371383309,0.0111465984955,-0.00809053983539
4301,763,4,13,0.116843879223,0.027502771467,0.144004270434,0.0459703616798,-0.0980339050293
4302,900,31,69,0.0764143690467,0.0259582549334,0.00902480166405,0.0100024705753,0.000977668911219
4303,944,1,11,0.0666273161769,0.0121823819354,0.0102842282504,0.0461259447038,0.0358417183161
4304,8998,1,5,0.156348720193,0.0759357661009,0.127142190933,0.0336677096784,-0.0934744775295
4305,1160,3,8,0.0592738427222,0.00973691325635,0.038958709687,0.0309238284826,-0.00803488120437
4306,5712,5,4,0.0917473062873,0.0186147969216,0.0206338334829,0.0296242777258,0.00899044424295
4307,3380,2,5,0.128119692206,0.0321504101157,0.230374261737,0.0585018210113,-0.171872437
4308,2248,1,5,0.0672012940049,0.0123361060396,0.123664930463,0.0602849833667,-0.0633799433708
4309,2154,4,3,0.1082508564,0.00459347851574,0.0188164096326,0.0213408321142,0.00252442248166
4312,7658,1,3,0.0568312965333,0.0207928810269,0.0460467450321,0.0253587756306,-0.0206879694015
4313,418,3,4,0.110414467752,0.026900652796,0.0255781672895,0.0238951090723,-0.00168305821717
4314,304,1,5,0.0709336102009,0.005398765672,0.164105758071,0.170825362206,0.00671960413456
4315,131,2,7,0.0556332506239,0.0143353864551,0.213356584311,0.230216264725,0.0168596804142
4316,7028,1,7,0.076508551836,0.0127278789878,0.0450690053403,0.0199157204479,-0.0251532848924
4317,5192,3,8,0.0785982534289,0.0135592520237,0.0282100886106,0.0120753468946,-0.0161347426474
4318,209,3,14,0.0781437680125,0.0126541834325,0.247854948044,0.397938966751,0.150084018707
4319,249,4,14,0.0833208784461,0.0494318045676,0.296523690224,0.18138384819,-0.115139842033
4320,994,10,32,0.183311894536,0.0669230669737,0.26400193572,0.364339441061,0.100337505341
4321,278,7,10,0.0848403349519,0.0496560707688,0.455108135939,0.290004342794,-0.165103793144
4322,214,2,11,0.0557279102504,0.00896050874144,0.0166073571891,0.0298401806504,0.0132328234613
4323,578,1,2,0.0911009907722,0.0369489118457,0.0202825497836,0.0648483783007,0.0445658266544
4324,196,8,20,0.0807809904218,0.0130746010691,0.0519479699433,0.0584197826684,0.00647181272507
4325,5661,6,22,0.108761370182,0.0118985287845,0.0024734030012,0.00509174866602,0.00261834566481
4328,401,3,5,0.0899024382234,0.0178459733725,0.287416130304,0.0889703407884,-0.198445796967
4329,234,2,7,0.068572409451,0.0372432246804,0.0601793564856,0.0346301011741,-0.0255492553115
4330,2898,12,27,0.0680255666375,0.00435739289969,0.0047302423045,0.00214310083538,-0.00258714146912
4331,480,11,26,0.0794930979609,0.0258323680609,0.00507010612637,0.0113323153928,0.00626220926642
4332,196,2,4,0.123642325401,0.00971705745906,0.0324090309441,0.034338504076,0.0019294731319
4333,1555,1,7,0.0820871889591,0.00810630992055,0.126555532217,0.0856328979135,-0.0409226343036
4334,5155,2,3,0.0979421958327,0.0318842232227,0.00417669443414,0.00727166840807,0.00309497397393
4335,313,1,3,0.0566992424428,0.0146522279829,0.177197143435,0.0708585083485,-0.106338635087
4336,2936,3,15,0.129057168961,0.057509355247,0.031648170203,0.0420760810375,0.0104279108346
4338,4582,7,20,0.0808496102691,0.00854345038533,0.0445945896208,0.0131267784163,-0.0314678102732
4339,4846,2,5,0.0829878076911,0.00702527631074,0.00537981046364,0.00284497835673,-0.0025348321069
4340,4582,3,9,0.0642632693052,0.00324764964171,0.017679490149,0.0318091660738,0.0141296759248
4342,196,1,4,0.058268699795,0.0245446488261,0.102113112807,0.124478749931,0.0223656371236
4343,5946,11,28,0.114725828171,0.0275303740054,0.00973189808428,0.00722078792751,-0.00251111015677
4344,2749,3,17,0.174809619784,0.0280025675893,0.228212818503,0.0643590688705,-0.163853749633
4345,3367,5,5,0.146682336926,0.0414840877056,0.0519703403115,0.329048246145,0.277077913284
4346,6225,3,4,0.074774004519,0.0117539828643,0.0124590983614,0.00951670203358,-0.00294239632785
4347,5869,8,8,0.105131112039,0.0170713867992,0.0903780683875,0.0410962365568,-0.0492818318307
4348,1672,3,8,0.0967232659459,0.0624831840396,0.123058050871,0.0620372332633,-0.0610208176076
4349,837,2,6,0.140820860863,0.0491106845438,0.23094920814,0.0657523199916,-0.165196895599
4350,3171,5,10,0.115324288607,0.011689029634,0.248516619205,0.0582689940929,-0.190247625113
4351,2932,3,14,0.106954284012,0.094075165689,0.00227865250781,0.00500743696466,0.00272878445685
4352,5599,2,2,0.0941070616245,0.00879372376949,0.019474864006,0.0179327577353,-0.00154210627079
4353,3193,1,6,0.0595155656338,0.0194071829319,0.00241540791467,0.00721828499809,0.00480287708342
4354,3196,4,4,0.101423919201,0.00018310546875,0.0251614246517,0.00726206088439,-0.017899364233
4355,5928,3,4,0.120574854314,0.0304167643189,0.0442425906658,0.0386910699308,-0.00555152073503
4356,579,6,13,0.0570706576109,0.0111884390935,0.00382637814619,0.0037618346978,-6.45434483886e-05
4357,141,8,18,0.144042894244,0.0238281525671,0.22546865046,0.0467921458185,-0.178676500916
4358,3287,4,4,0.0663464441895,0.00917881820351,0.12918317318,0.0653557702899,-0.0638274028897
4359,8360,9,29,0.0823479220271,0.0140824820846,0.0351286493242,0.0113101303577,-0.0238185189664
4360,6934,2,14,0.114704675972,0.0185117982328,0.030727410689,0.0164123754948,-0.0143150351942
4361,4714,10,31,0.106632828712,0.0191001761705,0.0036133537069,0.00948027800769,0.00586692430079
4362,8687,4,7,0.0618804991245,0.0055485162884,0.0209743268788,0.0135149257258,-0.00745940115303
4363,6192,1,5,0.156277492642,0.0358548164368,0.0150269595906,0.0275928527117,0.0125658931211
4364,4848,2,4,0.0951202809811,0.0178874917328,0.0285770781338,0.0526782572269,0.0241011790931
4365,4771,7,32,0.0947427526116,0.0280566439033,0.0160738136619,0.00392195163295,-0.0121518615633
4366,3486,12,23,0.155286297202,0.0241545047611,0.149474620819,0.0785258859396,-0.0709487348795
4367,3868,6,9,0.133862540126,0.0341147482395,0.0074330647476,0.0181640833616,0.0107310190797
4368,746,2,7,0.0728714987636,0.00428215041757,0.0067805792205,0.019047036767,0.0122664570808
4369,2760,2,4,0.0674028471112,0.0150976749137,0.0100141456351,0.0140289599076,0.00401481427252
4370,1503,1,8,0.142709031701,0.0116689736024,0.334125757217,0.0906617417932,-0.243464022875
4371,4062,5,7,0.11600818485,0.0443267598748,0.513350486755,0.244635298848,-0.268715202808
4372,8999,2,4,0.143456533551,0.0221317466348,0.2040823102,0.0318827554584,-0.172199547291
4373,3175,5,7,0.0714636668563,0.0062954663299,0.103211916983,0.100370921195,-0.00284099578857
4374,2447,2,6,0.147343561053,0.0833349376917,0.00203134655021,0.00691855186597,0.00488720554858
4376,4248,2,9,0.0707536265254,0.0437718629837,0.0106411520392,0.0361807532609,0.0255396012217
4377,2890,2,8,0.0681742429733,0.0182674657553,0.012231906876,0.0116997631267,-0.000532143749297
4378,8353,2,6,0.105608321726,0.00884125381708,0.0434904843569,0.0573641397059,0.013873655349
4379,2450,2,8,0.112527750432,0.0376556999981,0.0379938781261,0.0373156070709,-0.000678271055222
4380,6232,1,6,0.0766080543399,0.011247000657,0.00741480663419,0.00723959831521,-0.000175208318979
4381,891,3,1,0.0704640075564,0.0201587490737,0.0483565181494,0.0437493138015,-0.00460720434785
4382,5899,1,1,0.151102349162,0.0258702319115,0.0294128842652,0.0605137310922,0.031100846827
4383,8432,2,7,0.0810969918966,0.0069112717174,0.00273119355552,0.00925187114626,0.00652067735791
4384,5018,1,7,0.114377319813,0.079466201365,0.045552842319,0.0323179066181,-0.0132349357009
4385,4656,1,5,0.176564276218,0.0969765260816,0.781201481819,0.300990045071,-0.480211436749
4386,1048,1,6,0.10157687217,0.00802884902805,0.317025631666,0.091954626143,-0.225071012974
4387,3274,3,7,0.116107784212,0.0444864146411,0.15405343473,0.128615573049,-0.025437861681
4388,204,5,6,0.121343694627,0.0378398038447,0.165836378932,0.0807377621531,-0.0850986167789
4389,436,1,5,0.108433224261,0.0338148698211,0.264262527227,0.0964374318719,-0.167825102806
4390,5954,2,3,0.159008204937,0.0697288513184,0.0243453774601,0.0130950110033,-0.0112503664568
4392,1320,1,20,0.031202012673,0.0116367544979,0.0646045729518,0.0312271863222,-0.0333773866296
4393,153,5,10,0.0630868300796,0.012613103725,0.0791521370411,0.094119630754,0.0149674937129
4394,2847,1,3,0.0930050387979,0.035892020911,0.030490398407,0.0250255782157,-0.00546482019126
4395,4434,3,7,0.0801876410842,0.0313606150448,0.0182562991977,0.013260091655,-0.00499620754272
4396,585,2,6,0.0993494987488,0.0301745403558,0.254628241062,0.0933577492833,-0.161270499229
4397,840,28,48,0.136269852519,0.0335651487112,0.106451198459,0.158911511302,0.0524603128433
4398,1371,4,3,0.0955095663667,0.0258980989456,0.0169959515333,0.0178697537631,0.000873802229762
4399,6507,4,7,0.0888488665223,0.0168774072081,0.156262487173,0.109473086894,-0.0467894002795
4400,19,1,3,0.0887094959617,0.03143016994,0.0056575126946,0.0100154131651,0.0043579004705
4401,2889,3,6,0.209378898144,0.0589314289391,0.00756363663822,0.0143144028261,0.00675076618791
4402,1699,3,4,0.0721805170178,0.0101287104189,0.0019941739738,0.00573928980157,0.00374511582777
4403,8158,2,2,0.0530713498592,0.0195399746299,0.0547249466181,0.041272867471,-0.0134520791471
4404,3433,3,17,0.0881650447845,0.0140859037638,0.047533378005,0.0336815826595,-0.0138517953455
4405,4806,1,13,0.0430338084698,0.0498674288392,0.0111983008683,0.0211401823908,0.00994188152254
4406,3496,2,10,0.0862020924687,0.0291839726269,0.532287418842,0.625048756599,0.0927613377571
4407,1345,4,5,0.235924184322,0.106001764536,0.237887650728,0.112410873175,-0.125476777554
4408,8578,5,17,0.145059168339,0.063800252974,0.014092954807,0.0655458271503,0.051452871412
4409,2378,5,9,0.0573880374432,0.0227740388364,0.224026799202,0.124031864107,-0.0999949350953
4410,3834,5,9,0.0958271324635,0.00303431297652,0.116959176958,0.142772376537,0.0258131995797
4412,6692,10,22,0.0735577568412,0.0301150660962,0.0144046498463,0.0189502518624,0.00454560201615
4413,6735,12,32,0.0718261823058,0.00984890665859,0.0113471355289,0.011020436883,-0.000326698645949
4414,7033,17,57,0.0899734124541,0.0240062996745,0.0150561463088,0.011042538099,-0.00401360820979
4415,1884,4,8,0.0487008690834,0.0154480906203,0.0710202381015,0.101983517408,0.0309632793069
4416,5390,15,43,0.136295065284,0.0810994878411,0.00257281423546,0.00115891429596,-0.00141389993951
4417,489,7,11,0.100853301585,0.0394636318088,0.0980765148997,0.0948666334152,-0.00320988148451
4418,6464,1,5,0.0616543106735,0.0174213945866,0.0058568129316,0.0214029569179,0.0155461439863
4419,9210,7,21,0.123719029129,0.031557328999,0.0849489197135,0.016589442268,-0.0683594793081
4420,4252,6,13,0.105276368558,0.0433925203979,0.00562957208604,0.00720624672249,0.00157667463645
4421,5277,4,12,0.0569910742342,0.00404291693121,0.0135279837996,0.00689948862419,-0.00662849517539
4422,2211,2,7,0.070056758821,0.0131144477054,0.0286385174841,0.0168605241925,-0.0117779932916
4423,3460,3,7,0.13550029695,0.00873400084674,0.186348006129,0.0802061334252,-0.106141872704
4424,8662,3,6,0.11045216769,0.0588947981596,0.0254794619977,0.0244562104344,-0.00102325156331
4425,567,2,3,0.0940799787641,0.0107185365632,0.0900751277804,0.192442521453,0.102367393672
4426,3236,4,21,0.059223651886,0.000842417823151,0.00815165322274,0.00961135979742,0.00145970657468
4427,461,7,15,0.0813441500068,0.0705133304,0.00227204477414,0.0115010067821,0.00922896154225
4428,4325,8,8,0.278521358967,0.129837885499,0.350025177002,0.0162718649954,-0.333753317595
4429,141,9,16,0.0838090106845,0.0306997429579,0.316000640392,0.117433130741,-0.198567509651
4430,1462,1,4,0.0798597335815,0.0328274518251,0.0292797908187,0.0249931961298,-0.00428659468889
4431,2976,2,5,0.132847711444,0.0348430834711,0.0168589018285,0.00784944649786,-0.00900945533067
4432,7833,2,4,0.104481041431,0.0279185809195,0.000961869955063,0.0023619455751,0.00140007562004
4433,3349,1,8,0.0875585600734,0.0368273332715,0.0249374005944,0.00992742273957,-0.0150099778548
4434,2151,2,20,0.160384222865,0.0546254590154,0.00975517835468,0.00294492510147,-0.00681025348604
4435,4100,2,5,0.10862288624,0.023708190769,0.0329039245844,0.0267424341291,-0.00616149045527
4436,2392,4,17,0.0925869718194,0.00157838140149,0.00427007675171,0.00732169253752,0.00305161578581
4437,8757,5,10,0.0957243219018,0.0265165790915,0.0309939105064,0.0367213301361,0.00572741962969
4438,7121,3,2,0.170868083835,0.0689051374793,0.00128880958073,0.00471650110558,0.00342769152485
4440,154,4,13,0.136093124747,0.0368123948574,0.00772048719227,0.00794178713113,0.000221299938858
4441,1058,3,16,0.105407379568,0.0387119762599,0.0127991987392,0.0691834390163,0.0563842393458
4442,3812,3,13,0.278099864721,0.104234680533,0.82723981142,0.189079880714,-0.638159930706
4443,8321,9,21,0.0685079321265,0.0159903801978,0.0641833096743,0.0538406074047,-0.0103427022696
4444,6543,3,11,0.0672494471073,0.0150559330359,0.0150264110416,0.0324641466141,0.0174377355725
4445,437,2,7,0.135096952319,0.0375159457326,0.0065576354973,0.0295990556479,0.0230414196849
4446,193,3,3,0.108935326338,0.0342105999589,0.207555487752,0.0932572111487,-0.114298276603
4447,337,4,10,0.0587665736675,0.0162543207407,0.176718711853,0.220128938556,0.0434102267027
4448,7269,12,51,0.223042786121,0.0122181652114,0.0046652671881,0.00696090050042,0.00229563331231
4449,2346,7,36,0.106242693961,0.0164138898253,0.0114077273756,0.0298841297626,0.018476402387
4450,8764,2,2,0.0830034688115,0.0109417540953,0.0584593266249,0.0123959584162,-0.0460633672774
4451,1967,12,22,0.101504802704,0.0419282093644,0.0186979155988,0.0189426206052,0.00024470500648
4452,4784,2,9,0.0766971334815,0.00598646467552,0.00341019267216,0.0106163099408,0.00720611726865
4453,7897,2,5,0.0838550701737,0.00146182067692,0.00903405994177,0.0181196704507,0.00908561050892
4454,8305,5,12,0.160511597991,0.00594411604106,0.00672472314909,0.0157918464392,0.00906712375581
4455,3077,2,18,0.0929732099175,0.0084184827283,0.0136283105239,0.0453877151012,0.031759403646
4456,1345,3,3,0.123239062726,0.118225805461,0.846445858479,0.520780980587,-0.325664877892
4457,2039,2,6,0.078584946692,0.01338984631,0.0212201084942,0.0204200297594,-0.000800078734756
4458,9022,3,15,0.132096469402,0.0304586514831,0.0207786057144,0.00891488511115,-0.0118637206033
4459,2589,2,6,0.0811664238572,0.0134645821527,0.0113371238112,0.00937203969806,-0.00196508411318
4460,9026,7,19,0.125868275762,0.0360227897763,0.0339265502989,0.0519767999649,0.018050249666
4461,2268,5,5,0.084851257503,0.0217424407601,0.0363102257252,0.0241852719337,-0.0121249537915
4462,47,5,6,0.0681894794106,0.00485502928495,0.00656462879851,0.00804200116545,0.00147737236694
4463,9206,5,13,0.238981738687,0.0882536917925,0.178207799792,0.117897890508,-0.0603099092841
4464,5993,5,16,0.101884000003,0.0170861929655,0.169784039259,0.23075504601,0.0609710067511
4465,3216,1,13,0.0645064935088,0.0161789655685,0.0252188313752,0.0347240045667,0.00950517319143
4466,2960,2,7,0.116241961718,0.0333625264466,0.0103140231222,0.0167564228177,0.00644239969552
4467,3790,5,18,0.0747925266623,0.00811767578125,0.0252490341663,0.0249397885054,-0.000309245660901
4468,6250,24,38,0.0851768255234,0.00596183352172,0.00146429508459,0.00130423530936,-0.000160059775226
4469,3281,19,64,0.127455279231,0.0404916405678,0.00104823266156,0.00218268367462,0.00113445101306
4470,3645,5,34,0.0962480679154,0.0189285501838,0.0369734950364,0.0692597329617,0.0322862379253
4471,5737,18,62,0.132768809795,0.031629640609,0.00559141347185,0.0129742762074,0.00738286273554
4472,7278,3,14,0.0578696727753,0.0129451826215,0.0304515976459,0.0291081741452,-0.00134342350066
4473,2412,2,16,0.0680637210608,0.016946464777,0.0223863925785,0.00728043029085,-0.0151059627533
4474,5814,5,14,0.0511066354811,0.0124736567959,0.0607111975551,0.0539684928954,-0.0067427046597
4475,437,3,13,0.0956924259663,0.0384238958359,0.110170327127,0.120338447392,0.010168120265
4476,7140,2,7,0.0768072754145,0.00350759713911,0.0340472199023,0.0191545132548,-0.0148927066475
4477,602,1,7,0.102141223848,0.034666787833,0.272234618664,0.111430130899,-0.160804480314
4478,4097,2,5,0.0991122201085,0.0356999337673,0.00445840368047,0.00586691545323,0.00140851177275
4480,1945,2,7,0.0945666059852,0.0146636571735,0.0310196671635,0.0132334688678,-0.0177861973643
4481,1749,3,11,0.108867965639,0.0303388480097,0.0272772908211,0.0479587465525,0.0206814557314
4482,4839,9,30,0.108472324908,0.00648331595585,0.0718878731132,0.0219756215811,-0.0499122515321
4483,7905,2,10,0.0773776248097,0.0401266478002,0.012417097576,0.0188052784652,0.00638818088919
4485,6408,4,16,0.0756408944726,0.0227344185114,0.0374355018139,0.028991991654,-0.00844351015985
4486,2581,2,4,0.0754302740097,0.0305469688028,0.0171535070986,0.0275494903326,0.010395983234
4487,2585,1,7,0.158144891262,0.0509138219059,0.0572093725204,0.0142069803551,-0.0430023930967
4488,7407,8,11,0.116427861154,0.0246057622135,0.0172548349947,0.014792766422,-0.00246206857264
4489,4203,5,8,0.0820432379842,0.0211994610727,0.0228400304914,0.0424310900271,0.0195910595357
4490,3450,3,10,0.126524090767,0.0238600634038,0.0360141433775,0.0382084138691,0.0021942704916
4491,4712,3,7,0.167772933841,0.0307501815259,0.132229164243,0.0207687895745,-0.111460372806
4492,6112,4,6,0.126717939973,0.0421487651765,0.067348331213,0.0361060686409,-0.0312422625721
4493,4909,3,8,0.10281547904,0.0667889565229,0.30507671833,0.164127364755,-0.140949353576
4494,2375,2,6,0.0937117561698,0.0337667874992,0.0152900470421,0.0124057447538,-0.00288430228829
4495,37,3,14,0.115971647203,0.00802606530488,0.0543708503246,0.0552892275155,0.000918377190828
4496,3114,1,9,0.132914736867,0.0351362414658,0.137989073992,0.112244926393,-0.0257441475987
4497,4096,1,7,0.09916356951,0.0283258371055,0.0455734916031,0.0424889586866,-0.00308453291655
4498,2445,3,8,0.137553691864,0.0540574938059,0.0553482547402,0.0510777644813,-0.00427049025893
4499,3694,3,4,0.13251760602,0.053041446954,0.00174331874587,0.00181891827378,7.55995279178e-05
4500,6891,2,3,0.0837251469493,0.00813226122409,0.0143461665139,0.0142915816978,-5.45848160982e-05
4501,7745,4,21,0.0961460098624,0.0433845557272,0.18617990613,0.0680070146918,-0.118172891438
4502,2351,3,18,0.100077271461,0.044001236558,0.305739790201,0.11633516103,-0.189404636621
4503,5395,4,16,0.0918680429459,0.0124220419675,0.235389143229,0.0615329928696,-0.173856154084
4504,8981,3,9,0.0383604690433,0.0135672260076,0.158952340484,0.183859303594,0.02490696311
4505,5984,2,9,0.0485765747726,0.0158932507038,0.00682113226503,0.00633448595181,-0.00048664631322
4506,7122,1,5,0.139748051763,0.013907045126,0.0161623395979,0.0182946752757,0.00213233567774
4507,2501,2,12,0.141650870442,0.0590534135699,0.0198365151882,0.00627340143546,-0.0135631132871
4508,1345,5,2,0.0913426578045,0.035277068615,0.0392989292741,0.0240875650197,-0.0152113642544
4509,1914,5,31,0.209648326039,0.0790903791785,0.00989787466824,0.0116687938571,0.00177091918886
4510,3841,6,18,0.080750733614,0.0286544859409,0.0652367472649,0.0281276423484,-0.0371091067791
4511,3421,5,10,0.066043920815,0.00139231747016,0.0893771052361,0.0506235659122,-0.0387535393238
4512,3827,1,10,0.0453576594591,0.005351703614,0.25682502985,0.226305007935,-0.0305200219154
4513,6009,3,6,0.0897261202335,0.0312490612268,0.126596733928,0.125726655126,-0.000870078802109
4514,3901,15,34,0.104463912547,0.0090828128159,0.0815029144287,0.0399205945432,-0.0415823198855
4515,384,10,48,0.204103216529,0.067106872797,0.700374603271,0.1531226933,-0.547251939774
4516,489,2,8,0.133595332503,0.0502097010612,0.0525260604918,0.182482972741,0.129956915975
4517,1272,5,18,0.0996813178062,0.046272277832,0.0263476073742,0.0344174467027,0.00806983932853
4518,940,3,12,0.0610886216164,0.00968109723181,0.00166104279924,0.00422305194661,0.00256200926378
4519,2948,10,30,0.0852976813912,0.0169980041683,0.0179582834244,0.0171250253916,-0.000833258032799
4520,939,8,14,0.114802248776,0.0189472623169,0.496917366982,0.157603248954,-0.339314103127
4521,338,3,6,0.0995817705989,0.0200798008591,0.184482440352,0.0967003107071,-0.0877821296453
4522,5666,7,15,0.0960658788681,0.0232127457857,0.0351396687329,0.0516594909132,0.0165198221803
4524,8837,3,9,0.0756016522646,0.023877562955,0.0134556628764,0.030777996406,0.0173223335296
4525,498,2,11,0.0911217555404,0.0241792835295,0.0722347870469,0.0775397717953,0.00530498474836
4526,998,5,13,0.092455804348,0.0294564515352,0.0208764653653,0.0187533255666,-0.00212313979864
4528,358,1,14,0.086541377008,0.0314449332654,0.213494390249,0.0605359971523,-0.152958393097
4529,5551,6,19,0.0490302555263,0.00424224510789,0.200572654605,0.102633006871,-0.0979396477342
4530,86,4,27,0.157703384757,0.0201701112092,0.0177486632019,0.0127367945388,-0.00501186866313
4531,33,4,8,0.108246810734,0.046768464148,0.0108466604725,0.0267849117517,0.0159382522106
4532,2755,3,10,0.111982099712,0.0722722634673,0.118042618036,0.0311246160418,-0.0869180038571
4533,230,1,9,0.102200306952,0.0340508073568,0.315224319696,0.134306237102,-0.180918082595
4534,916,1,5,0.0825787261128,0.0268891379237,0.149074703455,0.0663908049464,-0.0826838985085
4535,213,3,10,0.0401459597051,0.0243035703897,0.00639818608761,0.0048173009418,-0.00158088514581
4536,6790,4,3,0.0849567428231,0.0158010777086,0.0634911060333,0.0734240040183,0.00993289798498
4537,2185,15,27,0.0789276137948,0.0232795011252,0.0226389318705,0.0157484170049,-0.00689051486552
4538,2616,10,21,0.0993833765388,0.0209562461823,0.0290645714849,0.00825372897089,-0.020810842514
4539,4427,5,6,0.091174133122,0.0488982833922,0.00202640681528,0.0204529222101,0.018426515162
4540,1065,1,9,0.0794621482491,0.0128087513149,0.00874424073845,0.0100067425519,0.00126250181347
4541,9118,1,5,0.0883437767625,0.0203302279115,0.17217579484,0.0522569268942,-0.119918867946
4542,7058,1,6,0.070748500526,0.0252095982432,0.0363145843148,0.0200784038752,-0.0162361804396
4543,950,3,6,0.136951848865,0.0312694236636,0.006870158948,0.00981491897255,0.00294476002455
4544,875,5,13,0.11811542511,0.0328965745866,0.0823250114918,0.0341212004423,-0.0482038110495
4545,3554,1,11,0.0782382711768,0.0295829251409,0.0578406751156,0.0268504098058,-0.0309902653098
4548,8000,2,6,0.0834720209241,0.00728887924924,0.0483346581459,0.0246161762625,-0.0237184818834
4549,6765,1,3,0.066628061235,0.00447121588513,0.0179040580988,0.00373719353229,-0.0141668645665
4550,4071,2,5,0.104012846947,0.0242422539741,0.0438938364387,0.0263098180294,-0.0175840184093
4551,883,5,1,0.0568716712296,0.0131018366665,0.0119577897713,0.00718672899529,-0.00477106077597
4552,6765,3,6,0.120818346739,0.0210255924612,0.012465451844,0.0174814369529,0.00501598510891
4553,8178,3,10,0.0567019768059,0.031467217952,0.0188734643161,0.0106169721112,-0.00825649220496
4554,5902,7,8,0.109134942293,0.03871082142,0.00965749099851,0.0103582590818,0.000700768083334
4555,7275,3,4,0.0787669047713,0.0338363088667,0.0322693809867,0.023136138916,-0.00913324207067
4556,105,5,6,0.11120929569,0.0174786876887,0.464234501123,0.149158164859,-0.315076351166
4557,48,2,8,0.189307078719,0.0731649398804,0.108123093843,0.0160018708557,-0.0921212211251
4558,3190,3,4,0.19224691391,0.0227787923068,0.013552791439,0.089231275022,0.0756784826517
4559,995,3,11,0.130997315049,0.0312587283552,0.957967817783,0.562761008739,-0.395206809044
4560,5172,6,17,0.166424497962,0.0300058424473,0.137924954295,0.0241072271019,-0.113817729056
4561,2785,2,8,0.131053283811,0.0176866669208,0.307527750731,0.0650865882635,-0.242441162467
4562,8342,3,5,0.0766154304147,0.0115469219163,0.0179890301079,0.0398923568428,0.0219033267349
4563,2982,1,5,0.0840932652354,0.0457953698933,0.0175554510206,0.0209692325443,0.0034137815237
4564,3124,3,3,0.105841137469,0.0271858870983,0.0126608591527,0.0120028927922,-0.00065796636045
4565,7896,12,49,0.0782641991973,0.013697328046,0.0993287563324,0.067955352366,-0.0313734039664
4566,5942,13,21,0.164944365621,0.0159464199096,0.0762289687991,0.00499764224514,-0.071231327951
4567,1542,5,18,0.140571221709,0.0103158438578,0.0113499965519,0.0233272630721,0.0119772665203
4568,3023,3,13,0.143506214023,0.0848259478807,0.000876965757925,0.000957962416578,8.0996658653e-05
4569,475,3,5,0.119821108878,0.0883718729019,0.0111336214468,0.0128766223788,0.00174300093204
4570,8013,5,15,0.0808678641915,0.0077265240252,0.0158615466207,0.00828113593161,-0.00758041068912
4571,982,2,9,0.130008921027,0.0414441972971,0.0216837190092,0.0257751196623,0.00409140065312
4573,1438,1,4,0.0738935992122,0.0161177888513,0.0757012963295,0.0412663333118,-0.0344349630177
4574,5880,1,7,0.0874662324786,0.0106673017144,0.00459835818037,0.00593298161402,0.00133462343365
4576,5767,2,6,0.0662085711956,0.0142661109567,0.01505725272,0.0112656569108,-0.00379159580916
4577,865,1,8,0.0839483812451,0.0361787341535,0.267053097486,0.145763978362,-0.121289119124
4578,3238,5,7,0.0725787058473,0.012747310102,0.188308119774,0.0671511888504,-0.121156930923
4579,374,4,9,0.0579964928329,0.0230450555682,0.0228101797402,0.0142431817949,-0.00856699794531
4580,331,3,2,0.0942137241364,0.0112799508497,0.0529815293849,0.0800499543548,0.0270684249699
4581,3179,6,10,0.127776026726,0.0526949428022,0.109883993864,0.0177149157971,-0.0921690762043
4582,998,1,6,0.105193048716,0.0164935588837,0.112851433456,0.0272569488734,-0.0855944827199
4584,6336,1,6,0.138166606426,0.066274613142,0.0202080793679,0.0535379759967,0.0333298966289
4585,6646,3,15,0.0712220966816,0.0150728262961,0.146547034383,0.100786723197,-0.0457603111863
4586,7422,5,5,0.14014326036,0.0263742506504,0.0100533552468,0.021097259596,0.0110439043492
4588,489,2,10,0.0902306362987,0.0274161174893,0.715782940388,0.383973270655,-0.331809669733
4590,2203,20,67,0.106071315706,0.0182903427631,0.0176450423896,0.0227895323187,0.00514448992908
4591,2336,4,8,0.19234867394,0.0201824344695,0.305480122566,0.0738336965442,-0.231646418571
4592,5984,11,29,0.0652920454741,0.0200052782893,0.0020258850418,0.00305402022786,0.00102813518606
4593,1950,4,5,0.0732053592801,0.00385911623016,0.104838773608,0.0387275703251,-0.0661112070084
4594,7048,13,24,0.0863827466965,0.00540647981688,0.231051415205,0.0942360982299,-0.136815309525
4595,451,2,3,0.0738085284829,0.0259001292288,0.0454493053257,0.0341738723218,-0.0112754330039
4596,995,2,12,0.158927187324,0.012946001254,0.0802263841033,0.00553394528106,-0.0746924355626
4597,6499,11,14,0.126870706677,0.0444967225194,0.0141484020278,0.0268280711025,0.0126796690747
4598,3990,6,12,0.0970330238342,0.00633421726525,0.0324203297496,0.0436305254698,0.0112101957202
4600,566,5,13,0.126168891788,0.00888884346932,0.440385818481,0.106984913349,-0.333400905132
4601,2086,4,16,0.0495417118073,0.0171132478863,0.00689201289788,0.0071575990878,0.000265586189926
4602,7542,3,5,0.114955313504,0.0151158161461,0.0256288126111,0.00856638140976,-0.0170624312013
4603,4227,1,10,0.0947895571589,0.0109114749357,0.17102715373,0.0669501721859,-0.104076981544
4604,1743,1,5,0.0984100475907,0.0187227763236,0.0129572674632,0.0137327937409,0.000775526277721
4605,6319,2,3,0.307102620602,0.0372963249683,0.00394677976146,0.0408284626901,0.0368816815317
4606,4911,2,5,0.0695547387004,0.0144923953339,0.00561330514029,0.00590919703245,0.000295891892165
4607,6401,6,12,0.0374943651259,0.0129561498761,0.00480316905305,0.00503839366138,0.000235224608332
4608,3232,1,14,0.398290395737,0.0645591542125,0.974407196045,0.177884981036,-0.796522200108
4609,5954,3,7,0.0741921141744,0.0145111167803,0.0182794928551,0.0113867493346,-0.00689274352044
4610,3352,5,11,0.0704036355019,0.010434133932,0.0640968754888,0.0498491115868,-0.0142477639019
4611,6762,2,8,0.0846719220281,0.00342592946254,0.025250216946,0.00865348428488,-0.0165967326611
4612,4423,6,14,0.135699287057,0.043600615114,0.225740075111,0.0250381398946,-0.200701937079
4613,3706,7,5,0.072358712554,0.0460172705352,0.00359578919597,0.00508501892909,0.00148922973312
4614,2869,1,5,0.0679459944367,0.0155117437243,0.0760794952512,0.0289290901273,-0.0471504032612
4615,3005,1,3,0.0868766605854,0.0288118012249,0.0637325122952,0.113764278591,0.0500317662954
4616,321,1,15,0.189876273274,0.0142896585166,0.532988011837,0.0739794373512,-0.459008574486
4617,435,4,7,0.0610420256853,0.0275294277817,0.227077454329,0.148938521743,-0.0781389325857
4619,669,1,5,0.120479077101,0.0468320660293,0.480877131224,0.23810274899,-0.242774382234
4620,690,1,3,0.0621587149799,0.0219415649772,0.00471078697592,0.0488016493618,0.0440908633173
4621,668,2,2,0.132326513529,0.0574237518013,0.015558722429,0.0298725608736,0.0143138384447
4622,6775,13,42,0.113408111036,0.0243844613433,0.0156111931428,0.00338634639047,-0.0122248465195
4623,3563,12,27,0.0928501263261,0.018831718713,0.0170896090567,0.00803855527192,-0.00905105378479
4624,2179,4,10,0.0618393830955,0.0209102313966,0.037856798619,0.0150059470907,-0.0228508524597
4625,8066,2,11,0.0595350451767,0.0139070609584,0.0302005819976,0.0157261546701,-0.0144744273275
4626,3881,4,9,0.0918212905526,0.0127773201093,0.00393977947533,0.0086002536118,0.00466047413647
4627,7737,11,11,0.0636029541492,0.0138597181067,0.0349096097052,0.0195910502225,-0.0153185594827
4628,2173,2,12,0.20566482842,0.0582880936563,0.81281632185,0.250117003918,-0.562699317932
4629,4544,4,15,0.130331292748,0.0392319336534,0.0244528651237,0.0281339287758,0.00368106365204
4630,6192,5,7,0.0781229138374,0.0171165801585,0.0119918473065,0.0127677647397,0.000775917433202
4631,6192,7,26,0.153301164508,0.033808875829,0.0056963651441,0.00323865213431,-0.00245771300979
4632,2214,3,7,0.0825389027596,0.011690761894,0.00494140340015,0.00582534680143,0.000883943401277
4633,1458,1,3,0.10035572201,0.0237447153777,0.0217263121158,0.0102389799431,-0.0114873321727
4634,464,6,20,0.07568243891,0.0144222276285,0.0624022223055,0.0995553955436,0.037153173238
4635,2252,2,11,0.10204654932,0.0266217906028,0.15408192575,0.0249703843147,-0.129111543298
4636,2250,2,10,0.129364833236,0.0404984466732,0.0391720123589,0.0115541638806,-0.0276178494096
4637,7627,12,33,0.131038412452,0.00695211626589,0.00188569480088,0.0024280983489,0.000542403548025
4638,1673,5,5,0.0727969035506,0.0121828028932,0.00533847650513,0.0127535238862,0.00741504738107
4639,7527,7,23,0.0734129324555,0.0174951311201,0.00630080234259,0.00448049837723,-0.00182030396536
4640,947,2,5,0.0751579776406,0.0268932245672,0.374355822802,0.178781017661,-0.19557480514
4641,6112,2,9,0.0798809155822,0.0180465355515,0.00945235788822,0.0204715337604,0.0110191758722
4642,462,1,10,0.081315509975,0.0186947882175,0.026601376012,0.032935988158,0.00633461214602
4643,268,1,10,0.109912030399,0.0307554211468,0.0154001833871,0.0174583736807,0.00205819029361
4644,1184,1,4,0.0841259136796,0.0226619057357,0.0162369757891,0.0258255358785,0.00958856008947
4645,3005,2,6,0.0665034726262,0.0119213433936,0.243970826268,0.0883411765099,-0.155629649758
4646,2804,3,13,0.0808850750327,0.0539439246058,0.0221585836262,0.00395623920485,-0.0182023439556
4647,317,2,9,0.0656926855445,0.00842036306858,0.246946126223,0.086068533361,-0.160877585411
4648,6925,3,7,0.107014037669,0.0287251975387,0.0100738173351,0.0216888356954,0.0116150183603
4649,2791,2,6,0.0876876115799,0.0436909943819,0.00843162462115,0.0200404878706,0.0116088632494
4650,771,5,20,0.130720853806,0.0485885478556,0.0555583462119,0.0432802550495,-0.0122780911624
4651,793,3,4,0.103296644986,0.0194650478661,0.0122449779883,0.0235703010112,0.0113253230229
4652,567,2,8,0.0437508486211,0.0111674424261,0.348930835724,0.24633179605,-0.102599039674
4653,391,5,21,0.0798303335905,0.0374773703516,0.0187322981656,0.0245033148676,0.00577101670206
4654,2931,2,6,0.163341447711,0.0382468663156,0.00378838437609,0.00166517414618,-0.0021232101135
4655,7319,5,22,0.14482742548,0.0621929094195,0.0108623597771,0.0265661273152,0.0157037675381
4657,9061,4,6,0.124337218702,0.0553612411022,0.0106627894565,0.0155313545838,0.00486856512725
4659,2174,1,9,0.064109839499,0.00905475113541,0.0123323434964,0.0102082500234,-0.00212409347296
4660,5834,4,8,0.140055924654,0.028004463762,0.0481098368764,0.0743659287691,0.0262560918927
4661,2678,4,9,0.0647215470672,0.017443459481,0.0509099848568,0.071099601686,0.0201896168292
4662,7375,1,12,0.0522635541856,0.0044810725376,0.024642450735,0.0335173122585,0.00887486152351
4663,2931,1,3,0.128748580813,0.0378957055509,0.0267101023346,0.00681757926941,-0.0198925230652
4665,534,2,8,0.101604521275,0.0465731136501,0.0895197764039,0.066743068397,-0.0227767080069
4666,3144,1,9,0.0572217814624,0.0032436682377,0.0628448054194,0.0392276756465,-0.0236171297729
4668,3044,2,5,0.116423748434,0.0487668998539,0.95231461525,0.598467171192,-0.353847444057
4669,344,3,14,0.127417877316,0.0668492689729,0.463727921247,0.163702636957,-0.30002528429
4670,437,4,8,0.188128948212,0.10185366869,0.557229280472,0.192337229848,-0.364892065525
4671,1130,1,7,0.110214672983,0.0121143637225,0.00469784531742,0.00881033111364,0.00411248579621
4672,489,3,4,0.0696452260017,0.0180450137705,0.15343926847,0.0939329639077,-0.0595063045621
4673,261,5,14,0.0871126949787,0.0227673314512,0.237868234515,0.14938904345,-0.0884791910648
4674,248,2,4,0.063695371151,0.0163435805589,0.181671485305,0.150389268994,-0.0312822163105
4675,131,1,6,0.0641465559602,0.0166921950877,0.0581573359668,0.0520650558174,-0.00609228014946
4676,1555,1,10,0.068166077137,0.0148561224341,0.220941647887,0.212983205914,-0.00795844197273
4677,578,2,5,0.0947057232261,0.0452412366867,0.061724960804,0.0606303066015,-0.00109465420246
4678,6940,2,10,0.164660409093,0.064601264894,0.512525975704,0.182213798165,-0.33031219244
4679,2134,4,3,0.111009418964,0.0444024056196,0.0257783699781,0.0788025185466,0.0530241504312
4680,864,3,16,0.112614423037,0.0270766075701,0.0773012191057,0.0221033599228,-0.0551978573203
4681,9228,1,6,0.0629785433412,0.00551938032731,0.0374630875885,0.0280782729387,-0.00938481464982
4682,131,2,5,0.0608507990837,0.0215850006789,0.283209830523,0.183906078339,-0.0993037521839
4683,4866,1,5,0.128703251481,0.0485158450902,0.171582207084,0.213260069489,0.0416778624058
4684,2931,4,3,0.310595870018,0.0553159713745,0.821708619595,0.117540322244,-0.704168319702
4685,304,1,4,0.105352520943,0.0254113953561,0.15528459847,0.0979762673378,-0.0573083311319
4686,489,2,4,0.204476341605,0.0426419563591,0.852157592773,0.265343040228,-0.586814522743
4687,363,3,6,0.0750031992793,0.0311994589865,0.251989334822,0.107912383974,-0.144076943398
4688,371,3,5,0.0709584653378,0.0123743787408,0.218461334705,0.070389688015,-0.14807164669
4689,598,2,16,0.0787534937263,0.00526567548513,0.0604640096426,0.201241195202,0.140777185559
4690,330,5,8,0.0991057381034,0.0107106268406,0.215619936585,0.0365183204412,-0.179101616144
4691,2986,4,7,0.0855499580503,0.019007416442,0.0462499782443,0.109098784626,0.0628488063812
4692,994,14,13,0.233579218388,0.028830954805,0.949998795986,0.346728414297,-0.603270411491
4693,441,3,6,0.0653709322214,0.0546275451779,0.0186964198947,0.0120641486719,-0.00663227122277
4694,8610,1,5,0.142440453172,0.0486123263836,0.182614922523,0.0480290465057,-0.134585872293
4695,2987,3,8,0.0702741369605,0.0238823499531,0.0296395923942,0.0223159845918,-0.00732360780239
4696,2931,2,3,0.0747135281563,0.0193453282118,0.0754192024469,0.0176642686129,-0.0577549338341
4697,4341,2,6,0.0968259572983,0.0567450784147,0.0235966742039,0.0385818146169,0.014985140413
4698,490,7,24,0.0681879296899,0.00887064728886,0.15588709712,0.14582426846,-0.01006282866
4699,1641,4,16,0.0869459211826,0.0189454071224,0.0139617137611,0.0227959062904,0.00883419252932
4700,9,3,6,0.0886136218905,0.00827200897038,0.0420785360038,0.0162313655019,-0.0258471705019
4701,4199,2,7,0.158642843366,0.0658066272736,0.0702465698123,0.0103141274303,-0.0599324405193
4702,2575,3,6,0.0922858044505,0.0387024395168,0.0166201870888,0.00992726068944,-0.00669292639941
4703,6208,2,8,0.181156218052,0.0579317212105,0.00527573935688,0.00886361580342,0.00358787644655
4704,5936,2,5,0.0877539515495,0.00723054073751,0.0206734705716,0.0592132471502,0.0385397747159
4705,6339,2,6,0.0588910877705,0.0303527694196,0.0637018233538,0.0493631772697,-0.0143386460841
4707,7403,12,25,0.126240924001,0.011445434764,0.0230966135859,0.0136526403949,-0.00944397319108
4709,3441,8,19,0.105174951255,0.0213981103152,0.216069594026,0.0932267829776,-0.122842811048
4710,2758,1,11,0.125169202685,0.0437945015728,0.256476521492,0.0423526763916,-0.2141238451
4711,6111,4,8,0.074590601027,0.0110094882548,0.0910724550486,0.0690068677068,-0.0220655873418
4712,1631,3,7,0.111594833434,0.0195603389293,0.0496126785874,0.0878515839577,0.0382389053702
4713,5936,2,4,0.122687734663,0.00564682437107,0.00753409601748,0.0257119443268,0.0181778483093
4714,4288,2,6,0.25729110837,0.04682681337,0.65200561285,0.0765599086881,-0.575445711613
4715,782,1,7,0.370878964663,0.0980166122317,0.0175416022539,0.143993854523,0.126452252269
4716,8203,5,12,0.0752733871341,0.0318015031517,0.0249479711056,0.0211277175695,-0.00382025353611
4717,4802,9,32,0.119805634022,0.0188089311123,0.0839622914791,0.0344790741801,-0.049483217299
4718,8625,3,4,0.0907997488976,0.0138049796224,0.0476899631321,0.0179482866079,-0.0297416765243
4719,4732,1,4,0.136789157987,0.0693301036954,0.0150197483599,0.0152129940689,0.000193245708942
4720,1005,4,13,0.0456153191626,0.0131041202694,0.0788931101561,0.0636972859502,-0.0151958242059
4721,3382,3,4,0.121153354645,0.0736064836383,0.0736694484949,0.0488148890436,-0.0248545594513
4722,589,2,14,0.111884690821,0.00640680221841,0.174866572022,0.0796450823545,-0.0952214896679
4723,190,9,15,0.0541623234749,0.000674673181493,0.0143424123526,0.0218255128711,0.00748310051858
4724,4128,9,18,0.147733017802,0.0678332746029,0.0441354103386,0.0398128516972,-0.00432255864143
4725,2945,4,12,0.0988759770989,0.00413904339075,0.0952670201659,0.045512393117,-0.049754627049
4726,486,6,9,0.0919568762183,0.0503587685525,0.117337875068,0.0603569000959,-0.0569809749722
4727,939,2,13,0.065044246614,0.04702995345,0.0152541464195,0.018399419263,0.00314527284354
4729,205,2,3,0.0629642754793,0.0224960520864,0.0701083689928,0.0483303628862,-0.0217780061066
4730,1821,2,2,0.114209532738,0.0290551073849,0.00724338181317,0.00709090009332,-0.000152481719851
4731,558,4,12,0.195171579719,0.0396985709667,0.025775263086,0.0400693230331,0.0142940599471
4732,2866,1,8,0.0716161057353,0.0164649486542,0.519935309887,0.289343774319,-0.230591535568
4733,588,2,15,0.0900036692619,0.0465189516544,0.0881348401308,0.0422614365816,-0.0458734035492
4734,138,4,17,0.0695453360677,0.0233544129878,0.0461922511458,0.0306937843561,-0.0154984667897
4736,471,3,9,0.0674635097384,0.0340934023261,0.106445170939,0.0544129870832,-0.0520321838558
4737,1005,5,12,0.0796832069755,0.0186188481748,0.0436032302678,0.0238465014845,-0.0197567287832
4738,4526,2,4,0.0637230053544,0.0209722835571,0.0210106223822,0.0255632493645,0.00455262698233
4739,997,4,6,0.291300565004,0.0966501310468,0.830777227879,0.151805505157,-0.678971707821
4740,255,3,3,0.077268846333,0.0199251864105,0.105848915875,0.147315576673,0.0414666607976
4741,2850,9,11,0.0941497310996,0.0147318374366,0.0454297959805,0.0367367267609,-0.00869306921959
4742,339,1,6,0.161126285791,0.0319192297757,0.0274768937379,0.0487930290401,0.0213161353022
4743,1696,5,12,0.187692597508,0.0429301075637,0.0962207317352,0.0825740844011,-0.0136466473341
4744,9158,6,1,0.0759812891483,0.0355827882886,0.00264344131574,0.00451239664108,0.00186895532534
4745,6480,3,21,0.12706810236,0.040509853512,0.0491334199905,0.0363173596561,-0.0128160603344
4746,1471,8,9,0.367896407843,0.0751439705491,0.0377691946924,0.0492863953114,0.011517200619
4747,7666,1,11,0.251585096121,0.0370348133147,0.712773501873,0.125832721591,-0.586940765381
4748,3957,2,5,0.0894568637013,0.0271979086101,0.111810863018,0.0661096647382,-0.0457011982799
4749,3549,3,16,0.0690421387553,0.00821946095675,0.0110983140767,0.0165957584977,0.00549744442105
4750,1163,2,7,0.0974200740457,0.0190166141838,0.0240101050586,0.0208667572588,-0.00314334779978
4751,5623,2,15,0.153113380075,0.0546940565109,0.753404080868,0.345091342926,-0.408312737942
4752,5619,8,18,0.109200775623,0.00893409643322,0.00454601366073,0.00773738091812,0.00319136725739
4753,2772,9,24,0.173876151443,0.0086463354528,0.0361183620989,0.121689759195,0.0855713933706
4754,3733,7,12,0.112501710653,0.0119169093668,0.0066485516727,0.0142895504832,0.00764099881053
4755,9158,2,7,0.0908843800426,0.0286804679781,0.371293991804,0.166256383061,-0.205037608743
4756,9158,3,3,0.120507389307,0.0483837686479,0.0257625635713,0.109548829496,0.0837862640619
4757,5830,3,7,0.102214217186,0.0131073975936,0.168037012219,0.0714132711291,-0.0966237410903
4758,1240,1,7,0.155970349908,0.033490370959,0.342920333147,0.0809114947915,-0.262008845806
4759,1246,1,5,0.177794143558,0.027571208775,0.0520573854446,0.0584775917232,0.00642020627856
4760,1216,5,12,0.257117629051,0.120487421751,0.723147690296,0.193639442325,-0.52950823307
4761,5812,2,6,0.115553207695,0.0626085400581,0.0233170054853,0.0197957213968,-0.00352128408849
4764,6166,2,5,0.10852342844,0.017466481775,0.0358298234642,0.0250446442515,-0.0107851792127
4765,5318,18,42,0.209732115269,0.13817358017,0.0515566132963,0.0746415182948,0.0230849049985
4766,9160,2,4,0.0430784523487,0.0171968005598,0.0249881744385,0.00871245283633,-0.0162757225335
4767,7290,1,9,0.0614977441728,0.0114803500473,0.0524962320924,0.0377766154706,-0.0147196166217
4768,6855,17,49,0.128715381026,0.0229162424803,0.00282835285179,0.00587592134252,0.00304756849073
4769,1931,2,3,0.116077564657,0.0422951392829,0.0345965474844,0.112693421543,0.0780968740582
4770,8237,17,37,0.0922606065869,0.0264508016407,0.00537955202162,0.00399285648018,-0.00138669554144
4771,7729,6,21,0.0618690736592,0.0087753823027,0.203268423676,0.138403713703,-0.0648647099733
4772,216,3,10,0.0725463554263,0.00963162072003,0.0974796935916,0.118942506611,0.0214628130198
4773,6804,2,9,0.137719497085,0.0189838465303,0.01577815786,0.0121311144903,-0.00364704336971
4774,6779,4,15,0.0818812549114,0.0188265144825,0.085905559361,0.0533676743507,-0.0325378850102
4775,8176,15,24,0.0950743556023,0.0232872515917,0.00488588353619,0.00325470720418,-0.00163117633201
4776,1442,3,6,0.0525138229132,0.0167933981866,0.0774233192205,0.0872933268547,0.00987000763416
4777,7668,1,6,0.105195038021,0.030583076179,0.0181851182133,0.0228179916739,0.00463287346065
4778,248,1,6,0.121521532536,0.0346919223666,0.0486752353609,0.11763381958,0.0689585804939
4779,1524,1,7,0.119869209826,0.0135874524713,0.0499823316932,0.108066387475,0.0580840557814
4780,221,2,3,0.0649247840047,0.0276238117367,0.0815965607762,0.0625240281224,-0.0190725326538
4781,578,6,4,0.0944374576211,0.0269226264209,0.00628527346998,0.01228794083,0.00600266736001
4782,3217,4,6,0.170814439654,0.0450286641717,0.0115508353338,0.023509323597,0.0119584882632
4783,6928,27,65,0.191053032875,0.00597459077835,0.00660987664014,0.012260437943,0.0056505613029
4784,1585,9,18,0.11939868331,0.0477600581944,0.0698875039816,0.0220686625689,-0.04781883955
4785,8544,3,7,0.118936263025,0.0107001867145,0.00678001204506,0.00402818480507,-0.00275182723999
4786,4964,3,12,0.112554900348,0.00909817963839,0.0582689791918,0.029005555436,-0.0292634237558
4787,4901,2,8,0.0866343453526,0.0260283108801,0.000761465693358,0.00162719178479,0.000865726091433
4788,2854,8,26,0.101729415357,0.0157056748867,0.155590936542,0.0372794233263,-0.11831150949
4789,4931,7,25,0.117643594742,0.0708552673459,0.000903362932149,0.00053123239195,-0.0003721305402
4790,1445,9,17,0.134912028909,0.072421848774,0.0160953067243,0.011968601495,-0.00412670522928
4791,1445,2,4,0.0641348585486,0.0121651114896,0.00611332524568,0.0111154867336,0.00500216148794
4792,2358,3,11,0.0794092044234,0.00521091558039,0.0333318151534,0.0405208952725,0.00718908011913
4793,216,3,15,0.0965154990554,0.030559938401,0.596016228199,0.483954519033,-0.112061709166
4794,2461,2,6,0.136165544391,0.0771098807454,0.0534527935088,0.0309863742441,-0.0224664192647
4795,1519,3,10,0.126771137118,0.0105949193239,0.104142345488,0.0219450686127,-0.082197278738
4796,5663,3,7,0.086679905653,0.0155597608536,0.00961303524673,0.00717640668154,-0.00243662856519
4797,7311,14,55,0.191954389215,0.0229432936758,0.481504231691,0.0950622037053,-0.386442035437
4798,7311,3,11,0.274863272905,0.0168080665171,0.00120815867558,0.00225586723536,0.00104770855978
4799,7261,7,27,0.078929759562,0.023404834792,0.0291815567762,0.0474145412445,0.0182329844683
4800,2066,2,12,0.16520793736,0.0330434776843,0.044543042779,0.0229623541236,-0.0215806886554
4801,2566,2,21,0.154759421945,0.021312372759,0.00180539605208,0.00134433654603,-0.000461059506051
4802,3561,7,9,0.0786011517048,0.0151678659022,0.0169186275452,0.0149412387982,-0.00197738874704
4804,8719,2,2,0.207694128156,0.143768876791,0.00581678794697,0.00438561523333,-0.00143117271364
4805,256,1,6,0.171164751053,0.063438564539,0.790730476379,0.289691835642,-0.50103867054
4806,5466,3,4,0.069071918726,0.0274131949991,0.0272605996579,0.0271939188242,-6.66808336973e-05
4807,7598,2,10,0.086511939764,0.0226311460137,0.00199373112991,0.00979728903621,0.0078035579063
4808,9132,2,13,0.0729213431478,0.00897079240531,0.0822948440909,0.0111330337822,-0.0711618065834
4809,1840,5,18,0.0616680271924,0.00639386987314,0.0397200286388,0.030848801136,-0.00887122750282
4810,4766,8,22,0.115250825882,0.0416767448187,0.0472574606538,0.0251813922077,-0.022076068446
4811,3536,8,13,0.12578804791,0.0153004191816,0.0106580825523,0.00734208943322,-0.00331599311903
4812,9156,16,22,0.0659027919173,0.0106021901593,0.136864066124,0.077040232718,-0.059823833406
4813,5902,3,8,0.0972643867135,0.0177963282913,0.163425177336,0.059951197356,-0.103473976254
4814,2509,2,8,0.0813313052058,0.00926345493644,0.0304473675787,0.0505747310817,0.020127363503
4815,4287,1,7,0.113784454763,0.0623900815845,0.00945376604795,0.00511710345745,-0.0043366625905
4816,5377,1,3,0.104108475149,0.0334118306637,0.00396748213097,0.00353760365397,-0.000429878477007
4817,5827,5,15,0.0887962952256,0.0311520062387,0.0421546734869,0.0231419205666,-0.0190127529204
4818,1761,4,17,0.0866632983088,0.0158533155918,0.12649923563,0.0281223561615,-0.0983768776059
4819,2282,10,20,0.167538270354,0.0306756477803,0.373178064823,0.0608335323632,-0.312344521284
4820,3831,4,10,0.124643452466,0.0300598442554,0.00468255532905,0.00739671429619,0.00271415896714
4821,4296,1,4,0.184130474925,0.0483395345509,0.703424632549,0.196023628116,-0.507400989532
4822,3241,1,3,0.0851859077811,0.00982656516135,0.04962394014,0.0363293327391,-0.0132946074009
4823,5145,5,18,0.105154566467,0.0115211838856,0.0206106659025,0.0137360729277,-0.00687459297478
4824,913,6,8,0.119453661144,0.0280246604234,0.10413095355,0.0194178652018,-0.0847130864859
4825,3979,3,3,0.108190990984,0.0343245714903,0.0238739773631,0.0156512856483,-0.00822269171476
4826,4522,3,5,0.0708141103387,0.028886647895,0.0492572560906,0.0925740301609,0.0433167740703
4827,5510,2,5,0.0670290365815,0.0122885275632,0.0424619689584,0.0322915054858,-0.0101704634726
4828,6746,8,30,0.0739397332072,0.0114339757711,0.0393529348075,0.0217157900333,-0.0176371447742
4829,957,5,10,0.0793533474207,0.0131003968418,0.0129534322768,0.0387850552797,0.0258316230029
4830,7401,4,19,0.126992061734,0.0508317686617,0.0108419666067,0.0363408587873,0.0254988931119
4831,1505,2,8,0.195972546935,0.071854352951,0.0083084879443,0.0335996747017,0.0252911858261
4833,3088,2,6,0.0393230244517,0.00983067508787,0.0469427369535,0.0371226817369,-0.00982005521655
4834,5982,2,3,0.110818006098,0.0167994759977,0.0130188018084,0.00262570078485,-0.0103931007907
4835,7153,2,6,0.138472184539,0.0436343103647,0.0123170670122,0.0110018057749,-0.00131526123732
4836,4069,4,9,0.117403030396,0.0245619490743,0.237355455756,0.0794748291373,-0.157880634069
4838,6328,3,7,0.1200164482,0.0289276856929,0.000676627329085,0.00579353468493,0.00511690741405
4840,1387,2,4,0.0654942765832,0.0106729744002,0.181936323643,0.0889622867107,-0.092974036932
4841,251,2,4,0.0895731821656,0.0497600212693,0.0174189433455,0.0268664807081,0.00944753736258
4842,970,2,3,0.104672811925,0.0296804439276,0.00732922460884,0.0185062624514,0.0111770378426
4843,437,3,8,0.0587852559984,0.0161910559982,0.0225959140807,0.0164706390351,-0.00612527504563
4844,1894,6,10,0.0815515145659,0.0172100197524,0.0740673616529,0.0421327315271,-0.0319346301258
4845,534,3,10,0.0970319733024,0.0270870458335,0.00190130271949,0.00722205499187,0.00532075203955
4846,899,2,15,0.0728423893452,0.00738430814818,0.090753480792,0.0705639272928,-0.0201895534992
4847,2867,1,4,0.120334416628,0.0332057625055,0.0100924540311,0.0135815097019,0.0034890556708
4848,5896,2,7,0.166509032249,0.0141527224332,0.0606790333986,0.00871297717094,-0.0519660562277
4849,695,1,5,0.123342595994,0.0285888630897,0.0674810931087,0.0735427066684,0.00606161355972
4850,2509,5,22,0.130306810141,0.0573730617762,0.0561140216887,0.062826409936,0.00671238824725
4851,36,4,11,0.067337565124,0.0301193110645,0.0244656801224,0.0279476549476,0.00348197482526
4852,695,2,3,0.0921147540212,0.0308203063905,0.00666193431243,0.0062572681345,-0.000404666177928
4853,2781,4,13,0.0525358617306,0.0262732151896,0.0782509297132,0.064195714891,-0.0140552148223
4854,310,3,9,0.0628557875752,0.0106154028326,0.0278526786715,0.0364543162286,0.00860163755715
4855,2886,1,11,0.0593325607479,0.013169484213,0.103877045214,0.121650017798,0.0177729725838
4856,2854,1,1,0.0898975655437,0.0637310817838,0.0125313764438,0.00874933414161,-0.00378204230219
4857,1556,6,12,0.116456709802,0.0179503560066,0.140704229474,0.176067829132,0.035363599658
4858,3207,1,7,0.144045993686,0.00964239519089,0.187755271792,0.0469787605107,-0.140776515007
4859,3002,2,2,0.186613067985,0.0162878129631,0.0241342633963,0.0353276431561,0.0111933797598
4860,695,2,9,0.0781179666519,0.016876578331,0.112380109727,0.0780695006251,-0.0343106091022
4861,38,1,4,0.0825538858771,0.0380573645234,0.0332321971655,0.0220497827977,-0.0111824143678
4862,358,2,4,0.12983609736,0.0383781790733,0.280093789101,0.0695922151208,-0.21050158143
4863,904,2,5,0.156142190099,0.0194999929518,0.406194418669,0.0785537138581,-0.327640712261
4864,8017,1,4,0.12936155498,0.0636921226978,0.067313015461,0.0310174394399,-0.0362955778837
4865,9000,3,3,0.373697668314,0.21384960413,0.941822648048,0.25120818615,-0.690614461899
4866,5896,3,4,0.210309103131,0.0604670532048,0.585618913174,0.084950260818,-0.500668644905
4867,1624,4,6,0.0489901043475,0.00655352137983,0.0245821904391,0.0282918959856,0.0037097055465
4868,1967,3,6,0.0705241188407,0.0296446029097,0.0143868746236,0.00922489259392,-0.00516198202968
4869,1595,2,10,0.121334515512,0.0167433340102,0.000910115835723,0.00137981690932,0.000469701073598
4870,1858,5,15,0.155962377787,0.0227866396308,0.00999610964209,0.00576723972335,-0.00422886991873
4871,3834,3,11,0.0714171901345,0.0140624959022,0.0163438562304,0.0134623432532,-0.00288151297718
4872,7689,2,11,0.0698491930962,0.0107758166268,0.0129062905908,0.0263880565763,0.0134817659855
4873,3725,1,4,0.0854470804334,0.00174831366166,0.139031395316,0.0415401682258,-0.0974912270904
4874,6187,1,7,0.0642077177763,0.00617866031826,0.00952307879925,0.0242468286306,0.0147237498313
4875,2540,2,4,0.0663446113467,0.0165996961296,0.0291391480714,0.0313179530203,0.00217880494893
4876,577,5,9,0.0485973097384,0.0233359467238,0.183287575841,0.127578675747,-0.055708900094
4877,452,2,3,0.145541831851,0.0527493692935,0.00340595818125,0.00673604384065,0.0033300856594
4878,273,2,5,0.0794336423278,0.0318536572158,0.0417562238872,0.0477134883404,0.00595726445317
4879,5847,1,5,0.0622013807297,0.0151141751558,0.0182944815606,0.00762033089995,-0.0106741506606
4880,5249,11,9,0.0611754059792,0.0248816814274,0.336115896702,0.207577943802,-0.1285379529
4881,1915,2,5,0.0734799727798,0.00718133151531,0.0154293784872,0.00988540891558,-0.00554396957159
4882,2849,4,9,0.221719026566,0.0778847336769,0.462709516287,0.047117549926,-0.415591955185
4883,5596,4,4,0.0665831044316,0.030083777383,0.060346737504,0.120786070824,0.0604393333197
4884,871,1,7,0.0917307510972,0.0267905928195,0.298417747021,0.10144353658,-0.196974217892
4885,1689,3,3,0.107084430754,0.0285829175264,0.1038165465,0.0972329154611,-0.00658363103867
4886,3771,1,5,0.0498434714973,0.00695961387828,0.00961656495929,0.0200319010764,0.0104153361171
4887,6397,6,16,0.0869841501117,0.0151575319469,0.0995217859745,0.0368412099779,-0.0626805722713
4888,7025,3,16,0.0935009121895,0.0228611901402,0.0182443875819,0.0268991198391,0.00865473225713
4889,7471,3,1,0.161917075515,0.0256756786257,0.0225497949868,0.0322136245668,0.00966382957995
4890,9190,1,5,0.0767332017422,0.00403403816745,0.00970811583102,0.0191695913672,0.00946147553623
4891,4996,1,8,0.155889764428,0.0663305819035,0.0122602228075,0.0441842377186,0.0319240167737
4892,6924,3,7,0.0866505429149,0.0167517606169,0.00845061056316,0.00722661754116,-0.00122399302199
4893,3988,1,4,0.0592291653156,0.0301306229085,0.0246611628681,0.0242513399571,-0.000409822911024
4894,323,4,14,0.0879976525903,0.029790032655,0.0230393260717,0.0499860346317,0.02694670856
4895,477,2,7,0.103994481266,0.030377747491,0.0230397488922,0.0332247465849,0.0101849976927
4896,301,3,6,0.0693962201476,0.0145374704152,0.0639238357544,0.0402264930308,-0.0236973427236
4897,334,4,14,0.281778723001,0.0539633631706,0.549202919006,0.0262939389795,-0.522908985615
4898,326,6,11,0.101605005562,0.0315348319709,0.69689232111,0.349934458733,-0.346957862377
4899,323,2,3,0.104921460152,0.0236721206456,0.0109072392806,0.0332159288228,0.0223086886108
4900,4360,5,16,0.0620057582855,0.0240588244051,0.019707467407,0.0363419428468,0.0166344754398
4902,589,5,10,0.0655492246151,0.0117699773982,0.196345746517,0.0617448687553,-0.134600877762
4903,961,1,3,0.0444504022598,0.00626086536795,0.022445352748,0.0765978470445,0.0541524961591
4904,411,4,8,0.122410416603,0.0546301826835,0.19248662889,0.044586867094,-0.147899761796
4906,504,1,3,0.114686585963,0.0143700214103,0.0304513089359,0.0159261394292,-0.0145251695067
4907,470,2,6,0.191810071468,0.0355753824115,0.26316344738,0.0364917553961,-0.226671695709
4908,3991,4,8,0.142173871398,0.0479107126594,0.111725509167,0.0189380906522,-0.0927874147892
4909,248,2,3,0.0677139982581,0.0353379398584,0.11543828249,0.0874410048127,-0.0279972776771
4911,2522,11,25,0.135980173945,0.0183247830719,0.0145122259855,0.00783359166235,-0.00667863432318
4912,2815,1,5,0.0932101085782,0.0452171117067,0.00975947175175,0.0159312002361,0.00617172848433
4913,4664,1,4,0.115752778947,0.03399611637,0.248190864921,0.0526979379356,-0.19549292326
4914,2578,4,15,0.0733291730285,0.0121864909306,0.064076833427,0.0343409217894,-0.0297359116375
4915,7317,3,9,0.0823880508542,0.0141871953383,0.0158917475492,0.0302283596247,0.0143366120756
4916,4759,2,4,0.120656609535,0.0209308546036,0.00442056404427,0.00493305921555,0.000512495171279
4917,4519,4,7,0.0969916954637,0.0385304689407,0.0102161094546,0.0392286516726,0.029012542218
4918,3167,2,12,0.0981128811836,0.0204715859145,0.00230604433455,0.0039169639349,0.00161091960035
4920,6303,2,5,0.0767638012767,0.00513643585145,0.0082234442234,0.00865450687706,0.000431062653661
4921,5751,2,8,0.0836059078574,0.0415133573115,0.00014038500376,0.000882560794707,0.000742175790947
4922,7733,1,7,0.0881760641932,0.0575977601111,0.0535409301519,0.0253742337227,-0.0281666964293
4923,4361,1,5,0.0707683712244,0.0148558234796,0.0300874784589,0.0192733667791,-0.0108141116798
4924,1781,2,4,0.110347576439,0.0182160027325,0.00494562601671,0.0113762719557,0.00643064593896
4925,4588,2,10,0.0662380233407,0.00918984599411,0.0703728199005,0.0466912202537,-0.0236815996468
4926,2143,1,7,0.0651783645153,0.00555981369689,0.00536497775465,0.00504372874275,-0.000321249011904
4927,1604,3,5,0.0928004607558,0.0111718513072,0.00273479404859,0.00806860718876,0.00533381290734
4928,5878,2,18,0.133476361632,0.0236803032458,0.0478942207992,0.0506306402385,0.00273641943932
4929,5471,3,7,0.0611706636846,0.00386577751487,0.13812828064,0.0907618775964,-0.0473664030433
4930,1428,3,14,0.0781992450356,0.0196592062712,0.0672617703676,0.0181757733226,-0.049085997045
4931,7460,4,6,0.086965918541,0.014708048664,0.00171840784606,0.00396810425445,0.00224969629198
4932,2397,4,7,0.0578070469201,0.00691069895402,0.0593696050346,0.0326607190073,-0.0267088860273
4933,2111,3,7,0.0876715481281,0.0266830287874,0.0532167516649,0.0507457070053,-0.00247104465961
4934,5872,5,9,0.114788658917,0.0546349436045,0.0190465711057,0.0165471434593,-0.0024994276464
4935,5465,4,9,0.118178665638,0.011602380313,0.0757243931293,0.0845029577613,0.00877856463194
4936,8428,1,6,0.100106842816,0.0253162216395,0.00505251996219,0.00620209844783,0.00114957848564
4937,6958,4,4,0.0795571580529,0.019147682935,0.0139012234285,0.00619280291721,-0.00770842051134
4938,3498,1,4,0.116426683962,0.0245962031186,0.0318880267441,0.0248448941857,-0.00704313255847
4939,3779,4,7,0.081681124866,0.0664298459888,0.0226684715599,0.0310289952904,0.00836052373052
4940,9122,1,6,0.0701445117593,0.0114953890443,0.0186063498259,0.019620962441,0.00101461261511
4941,3197,3,17,0.16323196888,0.0527980737388,0.714833378792,0.228117629886,-0.486715734005
4942,7396,1,4,0.0854673311114,0.0140058062971,0.010508784093,0.0207411516458,0.0102323675528
4943,8498,2,1,0.0817650482059,0.00976219121367,0.0214583706111,0.0351612381637,0.0137028675526
4944,406,2,9,0.0623220391572,0.0302923358977,0.0160104222596,0.00420166505501,-0.0118087567389
4945,385,6,6,0.0801874026656,0.0249046161771,0.0420943759382,0.0393077619374,-0.0027866140008
4946,293,2,8,0.110787779093,0.0424252636731,0.0334230959415,0.0471383780241,0.0137152820826
4947,7,5,2,0.100691340864,0.00249349349178,0.0249752420932,0.0165887922049,-0.00838644988835
4948,4519,4,14,0.110222280025,0.0322890095413,0.0180883966386,0.0954195782542,0.0773311853409
4949,268,3,11,0.0597146637738,0.0124457292259,0.0288722943515,0.081804908812,0.0529326125979
4950,4485,6,10,0.0699353516102,0.0161454286426,0.0207361523062,0.0191537421197,-0.00158241018653
4951,235,2,5,0.135194003582,0.0165627524257,0.159630924463,0.0248371381313,-0.134793788195
4952,531,1,11,0.0620374679565,0.0286278929561,0.0130732972175,0.0106958607212,-0.00237743649632
4953,296,1,8,0.0729298070073,0.018233390525,0.0970631837845,0.0521281249821,-0.0449350588024
4954,4315,3,8,0.0841657146811,0.0145957954228,0.0988805219531,0.0255075395107,-0.0733729824424
4955,7123,3,4,0.12670044601,0.0558808296919,0.0186250377446,0.0147147653624,-0.0039102723822
4956,700,1,6,0.0623867250979,0.00661994097754,0.129854723811,0.0958516299725,-0.0340030938387
4957,5698,2,5,0.0880717709661,0.014598810114,0.0221944823861,0.022456785664,0.00026230327785
4959,726,1,5,0.0671719238162,0.007172442507,0.0431285612285,0.0345353707671,-0.0085931904614
4960,700,2,2,0.0873539373279,0.0129278954118,0.0129723828286,0.0241678599268,0.0111954770982
4961,671,1,3,0.214808538556,0.0462525673211,0.421643733978,0.0579680912197,-0.363675653934
4962,5976,2,1,0.109218664467,0.0215655658394,0.020875332877,0.0135950325057,-0.00728030037135
4963,6810,1,7,0.086418248713,0.0193009395152,0.234591260552,0.251568049192,0.01697678864
4964,63,3,25,0.114927865565,0.0326816029847,0.0525960475206,0.018656572327,-0.033939473331
4965,8644,4,6,0.0450133271515,0.016161557287,0.0113998958841,0.0236541423947,0.0122542465106
4966,8994,3,10,0.0796811506152,0.0151671748608,0.000864486268256,0.00225331052206,0.00138882431202
4967,8126,3,7,0.148873761296,0.00335360271856,0.000778176065069,0.00167893164326,0.000900755578186
4968,8898,4,8,0.125484004617,0.0497571118176,0.0646132901311,0.0459720790386,-0.0186412110925
4969,4848,4,8,0.0743740275502,0.0246895123273,0.0143139967695,0.0115790851414,-0.00273491162807
4970,903,1,7,0.0847761034966,0.0386071167886,0.163257241249,0.125421747565,-0.0378354936838
4971,2685,2,11,0.187571033835,0.0269100666046,0.0439328029752,0.0388325713575,-0.00510023161769
4972,8726,1,8,0.0807088539004,0.0146087268367,0.00373330805451,0.0064635570161,0.0027302489616
4973,3137,2,4,0.111373342574,0.0391486547887,0.00459730578586,0.0247186664492,0.0201213601977
4974,3832,2,3,0.0887865796685,0.0188168771565,0.0237868260592,0.015766100958,-0.00802072510123
4975,1579,4,2,0.14698253572,0.0355623438954,0.00118586875033,0.00868713017553,0.00750126130879
4976,5380,10,22,0.101547397673,0.0282466355711,0.00190090306569,0.000836346007418,-0.00106455711648
4977,1690,5,8,0.122742913663,0.00260044867173,0.00120467506349,0.00459282798693,0.00338815292343
4978,2507,2,18,0.0840541943908,0.00139715860132,0.0713619142771,0.024420844391,-0.0469410717487
4979,8214,2,15,0.0899723544717,0.0137281287462,0.0469231717288,0.0464560352266,-0.000467136502266
4980,3112,4,4,0.0924049019814,0.00804773438722,0.00603700755164,0.00486894138157,-0.00116806617007
4981,6823,2,11,0.0902247354388,0.027451524511,0.0514508597553,0.017876079306,-0.0335747823119
4982,4071,1,5,0.100318163633,0.0229812562466,0.0335781015456,0.0456830747426,0.012104973197
4983,3367,2,3,0.0723391696811,0.0364156551659,0.00033783519757,0.00250272545964,0.00216489029117
4984,1476,4,11,0.137067466974,0.0559423752129,0.109999939799,0.297727435827,0.187727496028
4985,8760,3,11,0.132088959217,0.0272806994617,0.00672445166856,0.00748041039333,0.000755958724767
4986,4865,9,7,0.113116204739,0.0265728216618,0.037822380662,0.00966435950249,-0.0281580202281
4987,4112,2,12,0.0955348536372,0.0261910334229,0.00395254511386,0.00637332582846,0.0024207807146
4988,8127,3,6,0.0857433006167,0.0395086333156,0.00903619732708,0.00466341525316,-0.00437278207392
4989,437,3,8,0.140178993344,0.018980756402,0.38506269455,0.0885758623481,-0.296486824751
4990,2989,4,10,0.137450248003,0.0256631243974,0.288355261087,0.148508563638,-0.13984669745
4991,237,2,5,0.0963501706719,0.0189987067133,0.0296534206718,0.0317798517644,0.00212643109262
4992,286,6,23,0.0933365449309,0.0466920435429,0.0187430959195,0.0819076299667,0.0631645321846
4993,5657,3,12,0.13492077589,0.0296859648079,0.175645798445,0.0370693057775,-0.138576492667
4994,6493,2,2,0.0566435046494,0.0101333986968,0.0242265034467,0.0206932928413,-0.00353321060538
4995,377,2,5,0.212982550263,0.0310590397567,0.73749512434,0.16360874474,-0.573886394501
4996,2911,3,11,0.0680305883288,0.0101963197812,0.0949673801661,0.0504837371409,-0.0444836430252
4997,1047,3,12,0.143252804875,0.046515956521,0.0197895076126,0.0293118376285,0.0095223300159
4998,3975,6,8,0.128849163651,0.0126613751054,0.041897315532,0.0283437427133,-0.0135535728186
4999,444,5,9,0.0826059803367,0.00749307544902,0.0560090951622,0.0313823372126,-0.0246267579496
5000,326,2,5,0.13195489347,0.013975052163,0.243513911963,0.158093765378,-0.0854201465845
5001,7678,4,7,0.0903189107776,0.0276315063238,0.0448984540999,0.0802894756198,0.0353910215199
5002,6592,4,10,0.292354673147,0.00472618686035,0.984104573727,0.325237005949,-0.65886759758
5003,3290,2,3,0.0542819201946,0.0216739643365,0.0265888553113,0.0180934276432,-0.00849542766809
5006,512,1,2,0.140465453267,0.0110608432442,0.401803046465,0.0650667399168,-0.336736321449
5007,1205,1,5,0.136590227485,0.07167519629,0.386802822351,0.119239263237,-0.267563551664
5008,5896,1,15,0.283829003572,0.0693942606449,0.812535703182,0.152322530746,-0.660213172436
5009,1111,3,5,0.101970911026,0.020023856312,0.00873785279691,0.0155639499426,0.00682609714568
5011,5933,4,22,0.102388478816,0.00862017646432,0.00283176708035,0.00227126362734,-0.000560503453016
5012,4072,4,10,0.0729450583458,0.0173709094524,0.0343181751668,0.0361060909927,0.00178791582584
5013,5012,2,5,0.0869576409459,0.0142605118454,0.00556148216128,0.00340554234572,-0.00215593981557
5014,4909,10,26,0.124503277242,0.0380500108004,0.0957784727216,0.220740258694,0.124961785972
5015,4230,3,18,0.124167650938,0.0568730272353,0.0206783059984,0.0207666885108,8.8382512331e-05
5016,2801,4,10,0.0851298049092,0.0368134602904,0.0293139070272,0.0153967393562,-0.013917167671
5017,6995,2,10,0.223201990128,0.0660726055503,0.000569980707951,0.013423894532,0.0128539139405
5018,4241,5,12,0.0884476602077,0.0163448620588,0.0374570004642,0.111056447029,0.0735994428396
5019,4902,2,7,0.088932864368,0.029796551913,0.045861300081,0.0541356950998,0.00827439501882
5020,2269,1,6,0.100115977228,0.0234657153487,0.0106153190136,0.0113858850673,0.000770566053689
5021,5947,6,13,0.127743989229,0.0401174649596,0.117271825671,0.0150990178809,-0.102172806859
5022,2404,4,7,0.0881620943546,0.00574347004294,0.0703720897436,0.0216522589326,-0.048719830811
5024,3446,4,3,0.0854033231735,0.0249870661646,0.0184750966728,0.00511879567057,-0.0133563010022
5026,6838,3,4,0.0767554864287,0.00882047787309,0.105410814285,0.0325994975865,-0.0728113204241
5027,7924,4,6,0.111071251333,0.0407634079456,0.112097613513,0.0902814492583,-0.0218161642551
5028,1735,2,5,0.0759675428271,0.0153745450079,0.0422105006874,0.0774096176028,0.0351991169155
5029,4230,1,5,0.0864488109946,0.0419829376042,0.564987361431,0.326192975044,-0.238794386387
5030,6616,1,2,0.0789073184133,0.00720583321527,0.0209157094359,0.0273727495223,0.00645704008639
5031,4230,2,4,0.0746612474322,0.00936847366393,0.258506685495,0.167426392436,-0.0910802930593
5032,6451,1,2,0.113513112068,0.0221233926713,0.0138384345919,0.0165561232716,0.0027176886797
5033,6268,5,4,0.0810917541385,0.0119510712102,0.0775162279606,0.0398430228233,-0.0376732051373
5034,4665,1,4,0.0733133926988,0.0231244917959,0.0388360954821,0.0139374425635,-0.0248986519873
5035,1382,6,6,0.0774461999536,0.0249573253095,0.249785631895,0.252996265888,0.00321063399315
5036,1050,3,12,0.122117690742,0.0206727031618,0.0167639330029,0.0161929726601,-0.000570960342884
5037,5864,2,6,0.0679225847125,0.0153226815164,0.0460568219423,0.0396265685558,-0.0064302533865
5038,4217,8,13,0.110279582441,0.0129806660116,0.194562599063,0.0623905807734,-0.13217201829
5039,2007,5,17,0.0949799418449,0.0273728203028,0.00100780068897,0.00138415105175,0.000376350362785
5040,8186,1,6,0.101049028337,0.0194824319333,0.054856736213,0.0243399590254,-0.0305167771876
5041,8396,2,2,0.0748206600547,0.00181123823859,0.00927895307541,0.00899854954332,-0.000280403532088
5042,8432,3,7,0.100684933364,0.0201296918094,0.0167534649372,0.0220839977264,0.00533053278923
5043,6262,5,12,0.0906368494034,0.0240061841905,0.0109660085291,0.0388744361699,0.0279084276408
5044,2571,3,5,0.117540694773,0.00664786063135,0.0551524162292,0.0204370692372,-0.034715346992
5045,1364,1,4,0.115797422826,0.0148197961971,0.225442573428,0.139712706208,-0.0857298672199
5047,4085,1,5,0.0843797326088,0.0055535286665,0.0353389643133,0.0318935029209,-0.0034454613924
5048,6331,2,6,0.166088119149,0.0602560602129,0.0145158460364,0.00843334849924,-0.00608249753714
5050,902,2,4,0.0754638463259,0.0079503711313,0.108198717237,0.069105990231,-0.0390927270055
5051,4080,3,9,0.132572010159,0.0509748235345,0.00274443230592,0.0294580217451,0.0267135892063
5052,8921,4,7,0.105636514723,0.0300530903041,0.0548703707755,0.0516133494675,-0.00325702130795
5053,1392,3,1,0.0895515158772,0.00436774687842,0.0922380387783,0.0273414328694,-0.0648966059089
5054,5947,1,3,0.0913338661194,0.0191473178566,0.0352051109076,0.0617427974939,0.0265376865864
5055,2494,2,5,0.122772961855,0.019760267809,0.0624476596713,0.0239278469235,-0.0385198146105
5056,6974,1,7,0.137801378965,0.0197336673737,0.101846814156,0.0582199953496,-0.0436268188059
5057,1355,6,12,0.0608248226345,0.0174476299435,0.0160799361765,0.00922086369246,-0.00685907248408
5058,1355,1,3,0.105552203953,0.0106273936108,0.0568687058985,0.0317651443183,-0.0251035615802
5059,4191,5,5,0.148816689849,0.035432446748,0.0194419287145,0.0102634355426,-0.00917849317193
5060,4072,5,9,0.0745121389627,0.00989899132401,0.0372232943773,0.0411297939718,0.00390649959445
5061,6322,3,4,0.0808530449867,0.0218285284936,0.0985830128193,0.0701339319348,-0.0284490808845
5062,6195,4,5,0.06677172333,0.00649716285989,0.0268884077668,0.0302980467677,0.00340963900089
5064,7496,25,52,0.147638440132,0.0446680188179,0.0191197935492,0.0174703765661,-0.00164941698313
5065,5344,5,18,0.116299130023,0.0377086400986,0.0128682656214,0.0190472472459,0.00617898162454
5066,3425,5,5,0.0895357355475,0.0186841115355,0.00401797425002,0.0109010487795,0.00688307452947
5067,8135,3,8,0.14603728056,0.0587475188076,0.0168351344764,0.00866505037993,-0.00817008409649
5068,8284,1,6,0.0465577244759,0.013673722744,0.00642587570474,0.0107986787334,0.00437280302867
5069,602,3,8,0.0807297751307,0.0195672176778,0.262326210737,0.106151081622,-0.156175136566
5070,2823,6,13,0.0593358576298,0.0288205686957,0.12164978683,0.0673895999789,-0.054260186851
5071,5048,1,4,0.115867555141,0.0484300032258,0.159129843116,0.0612808279693,-0.0978490114212
5072,6281,2,4,0.089976079762,0.0301630869508,0.0154310744256,0.0339830517769,0.0185519773513
5073,588,3,6,0.185030460358,0.0291991829872,0.497298270464,0.0752277746797,-0.422070503235
5075,941,2,10,0.0791955515742,0.0339274629951,0.598215579987,0.476302623749,-0.121912956238
5077,436,1,4,0.0955639109015,0.0240460708737,0.0145573327318,0.00951361749321,-0.00504371523857
5078,6759,2,8,0.0756409540772,0.0164504889399,0.0137852467597,0.00865424890071,-0.00513099785894
5079,3511,8,12,0.0979498550296,0.0158912204206,0.0366199165583,0.0579534582794,0.0213335417211
5080,603,1,7,0.0850422456861,0.0143719166517,0.0178078748286,0.0254287198186,0.00762084499002
5081,9324,10,28,0.133779466152,0.0272844899446,0.00367619469762,0.011188830249,0.00751263555139
5082,3732,10,29,0.122893743217,0.0173960905522,0.0117887817323,0.0298426132649,0.0180538315326
5083,3862,7,13,0.0670905560255,0.00908973067999,0.0777775719762,0.0799676403403,0.00219006836414
5084,989,5,11,0.171097740531,0.171477288008,0.154844835401,0.122271634638,-0.0325732007623
5085,6978,5,15,0.0729594528675,0.0146496612579,0.0490550212562,0.0122215682641,-0.0368334539235
5086,2592,4,2,0.0695262923837,0.0233537852764,0.0380145385861,0.0245657432824,-0.0134487953037
5087,1629,3,7,0.1287727952,0.0176722332835,0.308960944414,0.0914846584201,-0.217476278543
5088,8128,3,6,0.134853973985,0.01766416803,0.0550130046904,0.039953853935,-0.0150591507554
5089,906,5,20,0.110213838518,0.051740501076,0.166757717729,0.0722057819366,-0.094551935792
5091,3483,1,6,0.11705571413,0.00819503515959,0.0120230196044,0.0308957342058,0.0188727155328
5092,763,8,23,0.113769628108,0.0187739674002,0.0594127476215,0.0732293426991,0.0138165950775
5093,576,2,6,0.101193808019,0.0185105148703,0.198379874229,0.1119601354,-0.0864197388291
5094,2607,2,6,0.106526203454,0.0532298497856,0.0964091494679,0.230688914657,0.134279757738
5095,489,2,6,0.0737221390009,0.0185581371188,0.0179598908871,0.0313992649317,0.0134393740445
5096,3117,5,17,0.068774484098,0.0209675300866,0.122162379324,0.066353045404,-0.0558093339205
5097,4463,2,12,0.0816881284118,0.025030227378,0.334298074245,0.082707285881,-0.251590788364
5099,142,2,4,0.0664275884628,0.0155084105209,0.0535025373101,0.0221136752516,-0.0313888639212
5100,5048,3,11,0.136835962534,0.0357668884099,0.0863422751427,0.0495246015489,-0.0368176735938
5103,2881,2,7,0.165435090661,0.0950394198298,0.00145338114817,0.00384629447944,0.00239291321486
5104,501,1,4,0.0847316160798,0.00687638297677,0.0193889476359,0.0180813223124,-0.00130762532353
5105,271,4,19,0.0454983599484,0.0145334172994,0.106225483119,0.0546914339066,-0.0515340492129
5106,342,2,10,0.0834942981601,0.0424870997667,0.0527178049088,0.0462466292083,-0.00647117570043
5107,369,1,12,0.0681832209229,0.0255457181484,0.0104697840288,0.00851768814027,-0.00195209588856
5108,5035,3,3,0.0816369429231,0.0171893369406,0.0150199485943,0.0143409334123,-0.000679015181959
5109,513,1,4,0.0875341296196,0.00685956794769,0.0276427026838,0.025022752583,-0.00261995010078
5110,578,2,11,0.0658428892493,0.00993048306555,0.0385171025991,0.0320620648563,-0.00645503774285
5111,6530,1,4,0.0858180522919,0.0228149350733,0.0166968759149,0.0405391268432,0.0238422509283
5112,7421,2,3,0.108850173652,0.0475699566305,0.496119230986,0.185990199447,-0.31012904644
5113,1371,7,14,0.0890448912978,0.00522733246908,0.00696402369067,0.0177545398474,0.010790515691
5114,1469,2,5,0.075007557869,0.0073468494229,0.0546533688903,0.0553907305002,0.000737361609936
5115,205,3,5,0.117779515684,0.0376363024116,0.00514108594507,0.0106143578887,0.00547327194363
5116,8915,2,11,0.0478824265301,0.00600186549127,0.0019512452418,0.00395112065598,0.0019998755306
5117,8125,2,5,0.106154881418,0.0301526486874,0.00361115462147,0.00352135230787,-8.9802313596e-05
5118,6117,1,4,0.0869544968009,0.0275673996657,0.237065762281,0.0886491909623,-0.14841657877
5119,2918,3,12,0.100869484246,0.0262809507549,0.0331332460046,0.0236299037933,-0.00950334221125
5120,2734,8,27,0.0771006345749,0.0142591241747,0.0424309782684,0.0413933135569,-0.00103766471148
5121,4179,5,4,0.0696766078472,0.0132606513798,0.0192788634449,0.0351606160402,0.0158817525953
5123,6788,8,29,0.0924350395799,0.0234126318246,0.0116945207119,0.0209911819547,0.00929666124284
5124,2414,3,5,0.152485847473,0.104659356177,0.0553567707539,0.0187221094966,-0.0366346612573
5125,9192,8,18,0.0929044485092,0.020332518965,0.017830921337,0.0339334867895,0.0161025654525
5126,5292,6,21,0.101839803159,0.0275211371481,0.0477664358914,0.0554282180965,0.0076617822051
5127,7763,3,6,0.0731378272176,0.0264821369201,0.0787223726511,0.0347568690777,-0.0439655035734
5128,5113,3,11,0.0818449631333,0.018336430192,0.0126637937501,0.0154206929728,0.00275689922273
5129,7643,27,40,0.119584403932,0.0334786586463,0.00559944659472,0.00463022710755,-0.00096921948716
5130,5124,2,11,0.102484345436,0.0333605408669,0.0722467675805,0.0105059482157,-0.0617408193648
5132,4648,3,13,0.0769876763225,0.0371483676136,0.0285109635442,0.023822883144,-0.00468808040023
5133,8686,3,5,0.0677657946944,0.00753441220149,0.0202939007431,0.015260447748,-0.00503345299512
5134,4648,3,2,0.0926912650466,0.0286561045796,0.012714500539,0.00769080594182,-0.00502369459718
5135,2086,2,7,0.0596775747836,0.00762837240472,0.00469878176227,0.00449965335429,-0.000199128407985
5136,9071,8,20,0.108325995505,0.0234964936972,0.00773329427466,0.00816723611206,0.0004339418374
5137,9252,6,8,0.0792378783226,0.0232544243336,0.0215723197907,0.0288490951061,0.0072767753154
5138,2550,3,23,0.102875314653,0.0236026775092,0.146612912416,0.211588025093,0.0649751126766
5140,6446,7,22,0.122419834137,0.032438762486,0.217034712434,0.130685448647,-0.0863492637873
5141,1699,5,5,0.125113710761,0.0346449092031,0.443371772766,0.102180115879,-0.341191649437
5142,4820,17,39,0.138028070331,0.0240408405662,0.00257322983816,0.0124654956162,0.0098922662437
5143,5863,1,7,0.11057651788,0.0059361984022,0.0201765149832,0.0110833989456,-0.00909311603755
5144,6964,1,14,0.0889770165086,0.0100920479745,0.42055362463,0.189315512776,-0.231238111854
5145,771,8,19,0.110213875771,0.0208433941007,0.0710823461413,0.107085168362,0.0360028222203
5146,4028,5,6,0.104037128389,0.00602326076478,0.0432417578995,0.0484031736851,0.00516141578555
5147,5200,5,4,0.0925771966577,0.0274088121951,0.0108595862985,0.00723132072017,-0.0036282655783
5148,3112,3,4,0.0501036830246,0.0120148891583,0.141121730208,0.119557879865,-0.0215638503432
5149,913,1,10,0.0927048847079,0.0209872424603,0.191821366549,0.0720098093152,-0.119811557233
5150,4538,13,43,0.0860457196832,0.0309685096145,0.0093619665131,0.0058871936053,-0.00347477290779
5151,8070,3,5,0.126164257526,0.0303588099778,0.10201331228,0.0239090397954,-0.0781042724848
5152,8620,1,2,0.103930048645,0.0236617140472,0.256953388453,0.0593981444836,-0.197555243969
5153,5338,5,11,0.156113564968,0.0303416866809,0.463784366846,0.111484833062,-0.352299541235
5154,4850,3,6,0.125139176846,0.0860357731581,0.0211214311421,0.0165532734245,-0.00456815771759
5155,8397,3,7,0.0693205222487,0.0159215349704,0.0414922460914,0.0194401536137,-0.0220520924777
5156,2449,1,9,0.109501600266,0.0319701731205,0.463188618422,0.199265047908,-0.263923585415
5157,1579,2,8,0.104337871075,0.033041857183,0.20295932889,0.129321560264,-0.0736377686262
5158,1629,2,9,0.150551006198,0.0662908107042,0.0459528677166,0.0239898860455,-0.0219629816711
5159,79,2,5,0.102433912456,0.026670563966,0.0959412828088,0.0977146402001,0.00177335739136
5160,4579,6,15,0.140620395541,0.0219403766096,0.191673487425,0.123090386391,-0.0685831010342
5161,7653,1,1,0.0868855640292,0.0290809702128,0.119981333613,0.0378307215869,-0.0821506083012
5162,3235,5,7,0.077456869185,0.0040495339781,0.0820063054562,0.0554474443197,-0.0265588611364
5163,3179,5,3,0.0817005261779,0.0201226007193,0.02602779679,0.0339930355549,0.00796523876488
5164,965,1,6,0.0521496795118,0.00362944346853,0.0337429381907,0.0138194747269,-0.0199234634638
5165,450,1,3,0.0678929165006,0.00217189989053,0.0615365989506,0.0701889172196,0.00865231826901
5166,3232,4,8,0.094969548285,0.0126855513081,0.000185255528777,0.0020820684731,0.00189681292977
5167,1338,4,20,0.0672706365585,0.0151736363769,0.00755199650303,0.0119640305638,0.00441203406081
5168,6826,2,6,0.106462530792,0.0432670377195,0.0394787862897,0.0194116383791,-0.0200671479106
5169,8085,3,3,0.0904726460576,0.00502197351307,0.008545268327,0.0173215027899,0.00877623446286
5170,5505,1,6,0.0704799517989,0.0040841139853,0.0605103224516,0.0227382723242,-0.03777205199
5171,437,1,7,0.0500018112361,0.0230330042541,0.287931829691,0.211122080684,-0.0768097490072
5172,3085,7,28,0.0587228536606,0.00632290402427,0.138366192579,0.12638245523,-0.0119837373495
5173,7376,1,5,0.0661757141352,0.0114782815799,0.0140547156334,0.0049061216414,-0.00914859399199
5174,6646,4,14,0.0586807616055,0.0133890639991,0.0337722823024,0.0163091979921,-0.0174630843103
5175,3700,4,5,0.0850945785642,0.0171554796398,0.0590855553746,0.0257372409105,-0.0333483144641
5176,7376,3,3,0.113274753094,0.0191728360951,0.00522011006251,0.0140035152435,0.00878340564668
5177,1595,1,13,0.108691431582,0.0325119048357,0.000542445108294,0.00264697032981,0.00210452522151
5178,6408,8,15,0.102199494839,0.0112225878984,0.360636711121,0.160274147987,-0.200362563133
5179,9112,1,6,0.106786318123,0.0140073355287,0.0302161704749,0.0150217777118,-0.0151943927631
5180,1867,2,6,0.0362079143524,0.0101461708546,0.0241665076464,0.0149435298517,-0.00922297779471
5181,6431,10,22,0.188175603747,0.0383958183229,0.00861940253526,0.130261301994,0.121641896665
5183,4785,3,9,0.074058227241,0.00793685857207,0.0220533218235,0.0173841957003,-0.00466912612319
5184,1631,2,3,0.0912819877267,0.0143489418551,0.0867027491331,0.0657746568322,-0.0209280923009
5185,1863,1,4,0.0807541906834,0.0255347434431,0.0106689957902,0.0271462257951,0.0164772309363
5186,5845,3,16,0.125678911805,0.0292288307101,0.267519831657,0.115224935114,-0.152294903994
5187,1863,2,5,0.101279497147,0.0349716804922,0.0809623003006,0.0294648166746,-0.0514974817634
5188,867,1,3,0.104263536632,0.0500917211175,0.0575570501387,0.0411060191691,-0.0164510309696
5189,4285,2,8,0.0812633261085,0.0427791252732,0.007749653887,0.00421256106347,-0.00353709282354
5190,1861,2,8,0.145106688142,0.0449698865414,0.464354097843,0.113086074591,-0.351268023252
5191,4295,1,9,0.0781832933426,0.0154040632769,0.00629939464852,0.00440355064347,-0.00189584400505
5192,2974,2,8,0.10996580869,0.00915537495166,0.153095602989,0.052207749337,-0.100887849927
5193,902,3,14,0.138047337532,0.0167599022388,0.0115436911583,0.0225760359317,0.0110323447734
5194,8890,3,10,0.174363210797,0.0398644134402,0.0014345018426,0.00238777929917,0.000953277456574
5195,168,2,5,0.0706380605698,0.0306495800614,0.00413243100047,0.00447172345594,0.000339292455465
5196,7446,8,34,0.0856834426522,0.0331341065466,0.024227136746,0.0365065895021,0.012279452756
5197,6723,12,15,0.0581481941044,0.030873702839,0.00679766945541,0.0253550130874,0.018557343632
5198,4902,13,25,0.130867138505,0.0371190086007,0.346581995487,0.0364018194377,-0.310180187225
5199,7291,3,6,0.138008639216,0.0839232504368,0.00244785961695,0.00533635541797,0.00288849580102
5200,2616,4,10,0.102916240692,0.0310820005834,0.0274698603898,0.0465323328972,0.0190624725074
5201,5232,4,23,0.0999617055058,0.0376824140549,0.0221682302654,0.0424297340214,0.020261503756
5202,6619,4,4,0.0747607573867,0.0168209578842,0.0170021019876,0.0729481503367,0.0559460483491
5203,7279,3,4,0.0710142031312,0.0117451651022,0.127035871148,0.0555170923471,-0.071518778801
5204,8333,3,13,0.086845420301,0.0229389090091,0.0176647379994,0.00910558830947,-0.00855914968997
5205,13,16,52,0.0803576186299,0.0486249364913,0.00432021962479,0.00218887836672,-0.00213134125806
5206,1597,7,25,0.068205319345,0.0242895875126,0.00182585301809,0.00629277946427,0.00446692667902
5207,6662,4,8,0.0814317837358,0.0133899506181,0.0138721447438,0.0159857198596,0.0021135751158
5208,7745,4,5,0.157581120729,0.0344865657389,0.362670332193,0.0752033218741,-0.287467002869
5209,3095,8,21,0.0419082045555,0.011692170985,0.0343747884035,0.040589813143,0.0062150247395
5210,6952,9,27,0.107587039471,0.0482431463897,0.00119115563575,0.00626226328313,0.0050711077638
5211,5321,2,6,0.062439840287,0.0153159480542,0.0225825402886,0.0249843131751,0.00240177288651
5212,8000,4,13,0.0817346051335,0.0321208201349,0.0631930455565,0.0152423335239,-0.0479507111013
5213,6704,8,42,0.0708120167255,0.0182009413838,0.0666316449642,0.0453712046146,-0.0212604403496
5214,4721,4,11,0.036331769079,0.00545402988791,0.00658628018573,0.00749103352427,0.000904753338546
5216,4392,2,13,0.0821528062224,0.0167801864445,0.0343540050089,0.0517658181489,0.0174118131399
5217,1797,7,14,0.0981738865376,0.0385931544006,0.0034211485181,0.00762875145301,0.00420760270208
5218,5478,2,5,0.098381139338,0.0181522909552,0.000802794238552,0.00270062778145,0.0018978335429
5219,4608,3,9,0.0623828582466,0.00746915768832,0.00135949975811,0.00214162981138,0.000782130053267
5220,2650,11,37,0.06879491359,0.00839324947447,0.197973415256,0.0977849662304,-0.100188449025
5221,71,3,15,0.100130297244,0.0665954723954,0.011487309821,0.00992717593908,-0.00156013388187
5222,921,4,20,0.2044531703,0.0508285835385,0.0178799293935,0.127110004425,0.109230071306
5223,1062,7,8,0.0845347344875,0.0224526114762,0.0488952063024,0.183269187808,0.13437397778
5224,2735,12,27,0.0574453286827,0.0227604564279,0.00922016892582,0.0100939208642,0.000873751938343
5225,1869,12,13,0.0668763443828,0.0183349568397,0.0112481685355,0.00724339671433,-0.0040047718212
5226,7043,1,8,0.073278836906,0.011285728775,0.0342654697597,0.0555667690933,0.0213012993336
5227,135,6,20,0.0948973298073,0.0301182046533,0.0754265189171,0.0733147487044,-0.00211177021265
5228,269,8,14,0.0922593250871,0.0287881549448,0.383178532124,0.211930707097,-0.171247825027
5229,4206,2,5,0.1247414276,0.0686679035425,0.00665318453684,0.00305890082382,-0.00359428371303
5230,75,8,6,0.0564032308757,0.0165692809969,0.0639446228743,0.0475498922169,-0.0163947306573
5231,3077,9,15,0.114155203104,0.0207171645015,0.119366899133,0.101762808859,-0.0176040902734
5233,3077,3,5,0.0709218159318,0.00242590741254,0.0100287962705,0.0296188574284,0.0195900611579
5234,443,3,6,0.0521207600832,0.00546247605234,0.00594153208658,0.00687459902838,0.000933066941798
5236,7447,2,5,0.0728766694665,0.0163194872439,0.100145466626,0.0532328672707,-0.046912599355
5237,538,6,10,0.09184166044,0.0299711991102,0.0329665280879,0.0226357728243,-0.0103307552636
5238,7450,3,9,0.141690477729,0.0200074780732,0.0573073774576,0.00644491612911,-0.0508624613285
5239,5525,10,43,0.16371627152,0.010561639443,0.012678691186,0.0215668827295,0.00888819154352
5240,3700,1,6,0.0807718113065,0.0180526878685,0.0044016414322,0.00540637085214,0.00100472941995
5241,4252,2,7,0.0818085968494,0.017439827323,0.0286883376539,0.0199034903198,-0.00878484733403
5243,567,3,5,0.15063393116,0.0467173792422,0.111743919551,0.302438229322,0.19069430232
5244,2262,3,12,0.0704282298684,0.0330010466278,0.000384972110623,0.00157172221225,0.00118675013073
5245,6803,1,6,0.269854545593,0.108601562679,0.0177528355271,0.0320635661483,0.0143107306212
5246,2420,1,2,0.094821870327,0.0435413122177,0.0164220891893,0.0195647571236,0.0031426679343
5247,4736,5,3,0.0812501832843,0.0110518308356,0.0188146028668,0.0134413354099,-0.00537326745689
5248,5411,2,4,0.0920832380652,0.056425023824,0.01484880317,0.0493312627077,0.034482460469
5249,934,1,4,0.106203794479,0.0400158539414,0.0518909841776,0.0177420284599,-0.034148953855
5250,5789,5,12,0.0926902294159,0.0440164506435,0.118454888463,0.290704637766,0.172249749303
5251,1696,4,22,0.135636478662,0.059729270637,0.00865389313549,0.0100287878886,0.0013748947531
5252,7149,6,32,0.0990656018257,0.0186213254929,0.0182828921825,0.0112030273303,-0.00707986485213
5253,3778,18,33,0.0820937380195,0.010010975413,0.0848997607827,0.0981730520725,0.0132732912898
5254,934,2,17,0.0764037519693,0.0262942537665,0.173622921109,0.327674508095,0.154051586986
5255,3562,6,13,0.107191316783,0.0565924197435,0.0231758803129,0.0361334905028,0.0129576101899
5256,5806,1,11,0.0539534538984,0.0126466182992,0.0104011595249,0.0100049767643,-0.000396182760596
5257,1696,1,6,0.139407783747,0.00959427189082,0.0172538310289,0.0312321931124,0.0139783620834
5258,2031,6,16,0.104654617608,0.0144116329029,0.0998826995492,0.0639418438077,-0.0359408557415
5259,58,3,9,0.0468918681145,0.0111006200314,0.0306921601295,0.0257641021162,-0.00492805801332
5260,3099,4,7,0.0728828310966,0.0290167536587,0.00355058419518,0.00578318955377,0.00223260535859
5261,6746,2,7,0.065607778728,0.0147137455642,0.0519790053368,0.0266403052956,-0.0253387000412
5262,3222,2,4,0.100972771645,0.0445310845971,0.0847594887018,0.0363914482296,-0.0483680404723
5263,958,5,5,0.102870702744,0.0218761861324,0.0511641539633,0.0164894983172,-0.0346746556461
5264,7449,3,5,0.194911241531,0.0456064976752,0.18578080833,0.0154742831364,-0.170306518674
5265,2703,2,16,0.127893254161,0.0171980019659,0.359156906605,0.152409374714,-0.206747531891
5266,966,4,9,0.0968102291226,0.0284770373255,0.121642135084,0.0509976930916,-0.0706444382668
5267,3595,7,17,0.0487004369497,0.0132933398709,0.0241766329855,0.0216103624552,-0.00256627053022
5268,8842,10,22,0.114818163216,0.0609078332782,0.211312443018,0.0618461966515,-0.149466246367
5269,4379,9,10,0.186137124896,0.0478628873825,0.0350783355534,0.039610773325,0.00453243777156
5270,4096,1,6,0.0799285024405,0.017235962674,0.0119045116007,0.0159899685532,0.00408545695245
5271,8544,3,5,0.0730569809675,0.00285318959504,0.00477595301345,0.00813615787774,0.00336020486429
5272,5267,2,11,0.0986782312393,0.0306271985173,0.0940415114164,0.00340956728905,-0.0906319469213
5273,6683,1,5,0.0638129636645,0.0282718390226,0.00338308303617,0.00331244245172,-7.06405844539e-05
5274,434,3,7,0.357856035233,0.0635342821479,0.763108968735,0.0578764490783,-0.70523250103
5275,844,1,5,0.126211881638,0.0451179668307,0.404304116964,0.110375493765,-0.293928623199
5276,576,3,9,0.10430123657,0.0434592701495,0.186221152544,0.166992664337,-0.0192284882069
5277,6513,2,8,0.100917465985,0.0349025838077,0.00372791546397,0.00429863901809,0.000570723554119
5279,522,2,6,0.162924721837,0.0164022259414,0.0130902985111,0.024307699874,0.011217401363
5280,8889,4,5,0.102276660502,0.00599715067074,0.00518392538652,0.0041047600098,-0.00107916537672
5281,7993,6,14,0.0977629944682,0.00879377685487,0.0122459018603,0.00477800192311,-0.00746789993718
5283,6482,4,3,0.105285733938,0.0513120926917,0.149534165859,0.0266921985894,-0.122841969132
5284,1358,2,6,0.0696779564023,0.00469678314403,0.0031493937131,0.00528493570164,0.00213554198854
5285,1769,2,6,0.0706144571304,0.0197999235243,0.00707818102092,0.00295378430746,-0.00412439648062
5286,1769,3,8,0.118261061609,0.021060468629,0.0903296992183,0.0827552899718,-0.00757440924644
5288,7517,3,7,0.175631418824,0.0293288379908,0.0132318111137,0.0164156798273,0.00318386871368
5289,1873,10,9,0.0940795168281,0.0296660996974,0.0904287695885,0.0448601059616,-0.0455686636269
5290,589,2,6,0.0854452848434,0.0105504570529,0.0892808809876,0.128563866019,0.0392829850316
5291,3084,1,5,0.112651228905,0.0262993890792,0.057504888624,0.0229208227247,-0.0345840677619
5292,3098,1,6,0.10019621253,0.0323278233409,0.109625034034,0.117930412292,0.00830537825823
5293,6641,3,7,0.0700503513217,0.0154696730897,0.0456405393779,0.0203921198845,-0.0252484194934
5294,1092,1,5,0.0960419401526,0.048472519964,0.228324919939,0.0880383476615,-0.140286564827
5295,1072,2,5,0.0840920805931,0.0158386081457,0.240796983242,0.10148652643,-0.139310449362
5296,462,1,4,0.0749235898256,0.0194349419326,0.0198149550706,0.0222422480583,0.0024272929877
5297,2905,2,4,0.134146109223,0.0844701007009,0.0558369420469,0.0678616687655,0.0120247267187
5298,3101,6,13,0.125358149409,0.0254209041595,0.0399696491659,0.0216887388378,-0.018280910328
5299,1865,1,7,0.162488132715,0.0180337969214,0.615390717983,0.297051757574,-0.318338960409
5300,1670,3,9,0.0845173969865,0.0218392461538,0.103634044528,0.0321405567229,-0.0714934915304
5301,1728,10,36,0.125760540366,0.0128202168271,0.093581110239,0.122276760638,0.0286956503987
5302,1871,5,9,0.104607187212,0.0286976080388,0.0797206312418,0.0329019017518,-0.04681872949
5304,1715,2,4,0.0810502395034,0.00925928167999,0.0230992008001,0.0236078184098,0.000508617609739
5305,204,3,5,0.105586729944,0.0259308926761,0.0319513268769,0.0931789875031,0.0612276606262
5307,1873,3,4,0.13553468883,0.0329908691347,0.00324890133925,0.0625506415963,0.0593017414212
5308,39,2,6,0.168977633119,0.020959733054,0.0164484325796,0.0174686145037,0.0010201819241
5309,4834,7,14,0.122625052929,0.0190314967185,0.00284941191785,0.0103826746345,0.00753326248378
5310,3140,3,6,0.176073387265,0.0869646593928,0.0197340343148,0.017761638388,-0.00197239592671
5311,2482,1,8,0.0955818369985,0.0177194960415,0.00559921609238,0.00585892191157,0.00025970581919
5312,5158,2,8,0.0815227404237,0.00297831860371,0.256747573614,0.0612345375121,-0.195513039827
5313,2212,1,3,0.153439536691,0.0657763928175,0.443637818098,0.0976292565465,-0.346008569002
5314,3363,2,4,0.0804616883397,0.0182111468166,0.0517956502736,0.037495598197,-0.0143000520766
5315,8149,7,14,0.149424478412,0.0152615355328,0.623908698559,0.198202714324,-0.425705969334
5316,702,2,6,0.168778494,0.0401707552373,0.799255907536,0.339249402285,-0.460006505251
5317,913,1,8,0.0735410898924,0.00570184830576,0.14472925663,0.0566293485463,-0.088099911809
5318,4601,9,11,0.11499106884,0.0158505551517,0.00798710621893,0.0380525998771,0.0300654936582
5319,211,3,7,0.106148310006,0.0448249317706,0.00843781977892,0.00930955819786,0.000871738418937
5320,7408,4,14,0.100667774677,0.0545440502465,0.612899303436,0.324877113104,-0.288022190332
5321,426,3,3,0.0732766613364,0.01317193266,0.0111334212124,0.0119517147541,0.00081829354167
5322,5599,6,17,0.126449227333,0.0582673512399,0.188701286912,0.065333224833,-0.123368062079
5323,378,2,1,0.0546566545963,0.0245569292456,0.0761656016111,0.043925140053,-0.0322404615581
5324,4103,1,3,0.0788101032376,0.0310184955597,0.0886422097683,0.0869988426566,-0.00164336711168
5327,4103,3,2,0.130983874202,0.01503919065,0.321286320686,0.0822362080216,-0.239050120115
5328,7660,2,5,0.26014560461,0.0310857761651,0.974476456642,0.359369307756,-0.615107178688
5329,1031,1,3,0.0720236003399,0.0207517854869,0.0353396572173,0.0147651443258,-0.0205745138228
5330,535,6,17,0.0609939582646,0.00824874080718,0.086000688374,0.10488691926,0.018886230886
5331,437,5,5,0.0711699351668,0.0325986109674,0.209243938327,0.119977176189,-0.0892667621374
5333,209,8,3,0.0606320612133,0.0282295681536,0.189827844501,0.114887185395,-0.0749406591058
5335,662,1,1,0.0787233486772,0.0114441737533,0.0998203754425,0.0454639792442,-0.0543563961983
5336,6424,9,22,0.0523390769958,0.00223513902165,0.0625312030315,0.132670089602,0.0701388865709
5338,7257,3,12,0.0911799445748,0.0212676431984,0.0125251831487,0.0134546821937,0.000929499045014
5339,6528,2,5,0.0991025567055,0.0152884842828,0.044768165797,0.0386592037976,-0.00610896199942
5340,968,5,18,0.137937501073,0.00610961578786,0.014249172993,0.078501701355,0.064252525568
5341,302,2,8,0.117357172072,0.0435091629624,0.0967786535621,0.119961462915,0.0231828093529
5342,6246,1,5,0.0880715325475,0.0209415182471,0.0290695335716,0.0198830068111,-0.00918652676046
5343,1372,2,5,0.0620750002563,0.0124701187015,0.0123716751114,0.00883499253541,-0.00353668257594
5345,940,4,4,0.141691148281,0.0285738091916,0.0294127166271,0.00692725367844,-0.0224854629487
5347,7257,2,4,0.0721570625901,0.0318691693246,0.0424240790308,0.0174172110856,-0.0250068679452
5349,644,1,2,0.105648614466,0.0333196483552,0.608999431133,0.234172984958,-0.374826431274
5350,740,1,3,0.0897382125258,0.0163871441036,0.0378403440118,0.036846280098,-0.000994063913822
5352,6291,3,10,0.0947846472263,0.0383253619075,0.00559971248731,0.0144069017842,0.00880718976259
5353,7056,3,13,0.0818382650614,0.0103247100487,0.00167055963539,0.00370229850523,0.00203173886985
5354,3648,3,10,0.102427043021,0.0222161263227,0.00338559388183,0.00471711903811,0.00133152515627
5355,3752,1,7,0.112741500139,0.0271873604506,0.0678759142756,0.0261017289013,-0.0417741835117
5356,4263,5,9,0.15867716074,0.0361504890025,0.310010880232,0.0831169262528,-0.22689396143
5357,155,4,13,0.0583181232214,0.0143293440342,0.0806211829185,0.0784945711493,-0.0021266117692
5358,2191,1,5,0.0777398198843,0.015534421429,0.206432625651,0.0674849376082,-0.138947695494
5359,7142,3,12,0.0627162829041,0.0139261679724,0.0158641356975,0.0386085063219,0.0227443706244
5360,4710,2,21,0.128023713827,0.0364169739187,0.0117804771289,0.00985223520547,-0.00192824192345
5361,7729,5,9,0.067409068346,0.0367291383445,0.0443287007511,0.0644507855177,0.0201220847666
5362,4505,2,2,0.0745081678033,0.003880655393,0.0401467271149,0.0296297203749,-0.01051700674
5363,605,5,13,0.0511679686606,0.0113684944808,0.0146450540051,0.0238342043012,0.00918915029615
5364,1494,2,7,0.164136335254,0.0354334972799,0.0282098911703,0.0191546157002,-0.00905527547002
5365,3380,1,3,0.103641189635,0.0131396520883,0.0169540047646,0.0192967858166,0.00234278105199
5366,612,3,11,0.164621755481,0.00429810583591,0.0469488538802,0.0549764484167,0.00802759453654
5367,6067,13,38,0.0564512610435,0.0182984322309,0.0433285869658,0.0269883330911,-0.0163402538747
5368,952,5,2,0.0854462012649,0.0260708089918,0.161753699183,0.0502866767347,-0.111467018723
5369,7562,3,5,0.0914294719696,0.00568159949034,0.00366053776816,0.00663032149896,0.0029697837308
5370,2550,2,12,0.167653635144,0.0364322885871,0.00186234584544,0.00255758618005,0.000695240334608
5371,2014,2,3,0.0638793259859,0.0119374254718,0.0209381785244,0.0150794358924,-0.00585874263197
5372,604,2,4,0.0953831896186,0.0268031749874,0.0136489113793,0.0432774312794,0.0296285189688
5373,164,8,22,0.0676560848951,0.0300970617682,0.00252880482003,0.00118840381037,-0.00134040100966
5374,4981,3,9,0.113489173353,0.00938449054956,0.16227029264,0.0362166799605,-0.126053616405
5375,8507,3,5,0.0997035428882,0.0249321330339,0.00678271939978,0.0286214705557,0.0218387506902
5376,4712,4,10,0.125012561679,0.0199228599668,0.381211400032,0.0648404061794,-0.316370993853
5377,8148,3,8,0.122394680977,0.0437216460705,0.0196864493191,0.0142508847639,-0.00543556455523
5379,3240,1,8,0.104621618986,0.0370223484933,0.00814744271338,0.036137547344,0.0279901046306
5380,800,4,7,0.0812693834305,0.0194867216051,0.020338056609,0.0153051400557,-0.00503291655332
5382,883,5,9,0.108716197312,0.0408061221242,0.227537125349,0.104785062373,-0.122752062976
5383,1569,2,2,0.0989636182785,0.0161989703774,0.0637898445129,0.156829074025,0.0930392295122
5384,3121,4,10,0.0949037075043,0.0336022637784,0.0122168464586,0.0116010643542,-0.000615782104433
5387,871,3,8,0.255039930344,0.0249247718602,0.958535075188,0.336493819952,-0.622041225433
5388,6185,2,12,0.15653078258,0.0392430201173,0.103080421686,0.0264927819371,-0.0765876397491
5389,4504,3,6,0.46186709404,0.0155930193141,0.00753319542855,0.0107641676441,0.00323097221553
5390,6125,2,8,0.135681092739,0.0288505572826,0.0984163805842,0.126751944423,0.0283355638385
5391,3701,5,9,0.130253687501,0.0103380298242,0.231367856264,0.031308773905,-0.200059086084
5392,1560,4,2,0.0729245468974,0.00904672499746,0.0717214792967,0.0320457778871,-0.0396757014096
5393,364,29,71,0.0776031687856,0.034903652966,0.339492499828,0.1665058285,-0.172986671329
5394,4749,9,25,0.181685402989,0.0310057401657,0.024084854871,0.00668505346403,-0.0173998009413
5395,1188,10,32,0.196540012956,0.0462867058814,0.64015263319,0.142097637057,-0.498054981232
5396,2514,1,9,0.133642286062,0.00766240386292,0.728468418121,0.287241339684,-0.441227078438
5397,3563,3,11,0.138609677553,0.00379008171149,0.233202263713,0.143364578485,-0.0898376852274
5398,359,1,9,0.0758885368705,0.0105194048956,0.174787834287,0.0711353719234,-0.103652462363
5399,1524,2,3,0.0909751430154,0.00732332840562,0.0705243870616,0.0120398374274,-0.0584845505655
5400,840,4,6,0.264438837767,0.0419193804264,0.887010037899,0.230599105358,-0.656410932541
5401,4466,6,15,0.210324093699,0.0986287668347,0.829515576363,0.258752197027,-0.570763349533
5402,926,2,8,0.177016809583,0.0466233082116,0.615263223648,0.230313464999,-0.384949743748
5403,1709,3,18,0.0532757490873,0.0114572877064,0.0105420351028,0.0236702021211,0.0131281670183
5404,6318,5,12,0.1341008991,0.0198397114873,0.0690752565861,0.0462156385183,-0.0228596180677
5405,4303,2,8,0.0698745548725,0.00968148186803,0.0236849058419,0.033751796931,0.0100668910891
5406,5012,1,5,0.124189049006,0.0459666661918,0.195996150374,0.143003061414,-0.0529930889606
5407,8707,4,16,0.0522199831903,0.0134057300165,0.0151843037456,0.0104310950264,-0.00475320871919
5408,6641,3,14,0.0979593098164,0.02594342269,0.381143331528,0.134097099304,-0.247046232224
5409,3060,5,11,0.0974829867482,0.037652246654,0.00848082080483,0.0115845398977,0.00310371909291
5410,9184,5,12,0.0787888467312,0.0353819690645,0.116016581655,0.0807046145201,-0.0353119671345
5411,617,2,6,0.0952599048615,0.0180310346186,0.011471551843,0.0185452010483,0.00707364920527
5412,7536,6,19,0.0954989790916,0.0259800683707,0.0568892396986,0.022395433858,-0.034493803978
5413,3097,2,16,0.065838418901,0.00479427166283,0.0251038242131,0.0172040238976,-0.0078998003155
5414,3421,1,4,0.0483302474022,0.0122523037717,0.0774799361825,0.111159302294,0.0336793661118
5415,5531,1,5,0.111440353096,0.0473511666059,0.0264338031411,0.0191586557776,-0.00727514736354
5416,1602,2,9,0.0813943296671,0.0312424525619,0.0437557175756,0.01623811014,-0.0275176074356
5417,1715,1,8,0.0604887120426,0.00536829698831,0.00684859836474,0.00701048551127,0.000161887146533
5418,7551,2,6,0.153899744153,0.0148443477228,0.106824509799,0.0446728952229,-0.0621516145766
5419,4382,3,4,0.110189117491,0.0308574661613,0.109557241201,0.0313795171678,-0.0781777203083
5420,6199,3,6,0.0827384516597,0.0245641190559,0.131670415401,0.0953359529376,-0.0363344624639
5421,6973,2,6,0.0862903296947,0.0168858617544,0.0324971750379,0.0212921891361,-0.0112049859017
5423,5257,5,4,0.0770364552736,0.039470244199,0.0130978887901,0.00649593770504,-0.00660195108503
5424,2454,1,4,0.0649271830916,0.00714091770351,0.0064583751373,0.0139192165807,0.00746084144339
5425,5208,2,9,0.106253676116,0.0328388698399,0.00186423864216,0.0072018080391,0.00533756939694
5426,4976,1,8,0.080774538219,0.00535472622141,0.017439249903,0.0213056728244,0.00386642292142
5427,2513,3,5,0.0836659744382,0.00563394511119,0.159768253565,0.0513862073421,-0.108382046223
5428,1589,2,5,0.147492974997,0.0288519784808,0.344029277563,0.253114014864,-0.0909152626991
5429,3419,1,2,0.117785334587,0.0247562658042,0.416158258915,0.0963465943933,-0.319811671972
5430,3450,2,11,0.124838374555,0.0275813750923,0.0930111557245,0.0586500130594,-0.0343611426651
5431,3493,2,6,0.0983362793922,0.00921403430402,0.149832069874,0.232138037682,0.0823059678078
5433,3815,1,6,0.0961760506034,0.00869579613209,0.181624367833,0.034464340657,-0.147160023451
5434,813,1,9,0.117908082902,0.00471227383241,0.0514159537852,0.0611347556114,0.00971880182624
5436,4846,2,7,0.0751539394259,0.0121180731803,0.116414502263,0.134076818824,0.0176623165607
5437,3539,2,9,0.117665566504,0.0406159050763,0.0101366573945,0.0116370646283,0.00150040723383
5440,2123,1,2,0.101471059024,0.0043936832808,0.00398127222434,0.0042534978129,0.00027222558856
5441,7072,4,1,0.0961962044239,0.00915959570557,0.00592050561681,0.0148694319651,0.00894892588258
5442,3740,2,3,0.0974100008607,0.0107502043247,0.00931142736226,0.0183740090579,0.00906258169562
5443,2268,4,5,0.11909828335,0.0326158814132,0.114487603307,0.013240643777,-0.101246960461
5444,2138,4,2,0.0960222110152,0.0365350358188,0.0214005950838,0.0396050810814,0.0182044859976
5446,338,2,6,0.108338534832,0.0178916566074,0.0460623838007,0.0522677600384,0.00620537623763
5448,150,7,8,0.0790769681334,0.00627761473879,0.147564455867,0.109607078135,-0.0379573777318
5449,449,1,8,0.137754440308,0.0291005559266,0.627349793911,0.21442450583,-0.412925302982
5450,1216,2,6,0.203341960907,0.0137489056215,0.305316865444,0.0210680756718,-0.284248799086
5451,3019,3,6,0.198153749108,0.0546328090131,0.020890308544,0.0370604991913,0.0161701906472
5452,7585,2,8,0.0851259753108,0.0224549043924,0.0185087434947,0.00767759000883,-0.0108311530203
5454,1604,2,6,0.167398348451,0.0355352535844,0.00794688425958,0.0129287550226,0.004981870763
5455,5030,10,9,0.0867933854461,0.0222287941724,0.0632548779249,0.0505920797586,-0.0126627981663
5456,3397,3,3,0.134611651301,0.0408422797918,0.343200922012,0.0709384605289,-0.272262454033
5457,3452,5,8,0.103408969939,0.0344792194664,0.174898892641,0.188288211823,0.0133893191814
5458,7716,2,8,0.0798599943519,0.0253860317171,0.16640278697,0.0322734080255,-0.134129375219
5459,120,5,10,0.0664357542992,0.017336146906,0.0087398821488,0.0177855957299,0.00904571358114
5460,2207,4,8,0.045402597636,0.00942073017359,0.000479035428725,0.00119801994879,0.000718984520063
5462,2589,8,21,0.12380027771,0.0467858761549,0.00542577449232,0.00478836102411,-0.000637413468212
5463,4802,3,3,0.156108692288,0.0808778777719,0.0119595564902,0.0248348433524,0.0128752868623
5464,2362,1,8,0.0651965290308,0.00638481415808,0.026669209823,0.0473767481744,0.0207075383514
5465,58,3,6,0.0586021393538,0.015925001353,0.020660597831,0.0240757819265,0.0034151840955
5466,2687,9,29,0.0862789675593,0.0245311409235,0.151989415288,0.30522236228,0.153232946992
5467,4160,5,4,0.0574282109737,0.0119061684236,0.213465213776,0.190377190709,-0.0230880230665
5468,1810,2,7,0.122636817396,0.031481333077,0.0245116092265,0.0343968756497,0.00988526642323
5469,2018,8,8,0.0702434852719,0.0146107990295,0.0117306401953,0.00699988380075,-0.00473075639457
5470,7923,3,7,0.0934212133288,0.0244216918945,0.0405341014266,0.0489195287228,0.00838542729616
5471,2211,4,15,0.0668398961425,0.0191441308707,0.00318402354605,0.0110857672989,0.00790174398571
5472,5943,1,7,0.145225808024,0.0704624652863,0.519604742527,0.138826847076,-0.380777895451
5473,8164,2,5,0.112681545317,0.0386884883046,0.0649504363537,0.0860204324126,0.0210699960589
5474,7073,5,14,0.0528549663723,0.00724482396618,0.0642525553703,0.11555596441,0.05130340904
5475,2047,4,2,0.106603384018,0.0391614958644,0.00208528130315,0.00147034705151,-0.000614934251644
5476,917,6,18,0.181744858623,0.0359553024173,0.488304764032,0.0959166064858,-0.392388164997
5477,4304,1,11,0.070922575891,0.00473656971008,0.010254053399,0.0300275627524,0.0197735093534
5478,140,10,28,0.547061622143,0.0385769233108,0.93255841732,0.0232798475772,-0.909278571606
5480,4725,2,6,0.0841914191842,0.0105546712875,0.0250833276659,0.0547345876694,0.0296512600034
5481,3335,4,7,0.0703812539577,0.0349417589605,0.049380261451,0.0236678048968,-0.0257124565542
5482,7628,4,6,0.0579845122993,0.0118028484285,0.00748151959851,0.0111663201824,0.00368480058387
5483,8810,4,9,0.100104339421,0.0399127230048,0.0125896595418,0.0159736890346,0.00338402949274
5485,7557,3,6,0.0978634729981,0.0147387264296,0.00787446834147,0.0163545701653,0.00848010182381
5486,702,2,5,0.109743207693,0.0784014761448,0.962419033051,0.628629982471,-0.333789050579
5487,5965,5,12,0.116361178458,0.0191012974828,0.167319327593,0.224564269185,0.0572449415922
5488,4404,2,9,0.129634618759,0.0315719954669,0.296731799841,0.0953573286533,-0.201374471188
5489,1260,2,5,0.139838367701,0.00423502177,0.027173018083,0.00846752151847,-0.0187054965645
5490,5972,2,2,0.1256634444,0.0358306765556,0.497952640057,0.166726574302,-0.331226050854
5491,6720,1,8,0.124793089926,0.0440772101283,0.0160568766296,0.0426217205822,0.0265648439527
5492,3868,1,10,0.0859321951866,0.0101193962619,0.0448284707963,0.0349618755281,-0.00986659526825
5493,2360,1,7,0.115196973085,0.0750228613615,0.146953448653,0.0783901140094,-0.0685633346438
5494,2676,5,15,0.135255351663,0.0260099284351,0.343033641577,0.114464916289,-0.228568732738
5495,5148,2,9,0.112488649786,0.0364813730121,0.0461592301726,0.0216366797686,-0.0245225504041
5496,3921,2,5,0.0908220484853,0.0126758571714,0.0123911378905,0.0355666875839,0.0231755487621
5497,5930,3,5,0.103028386831,0.025834640488,0.0608904473484,0.0820025131106,0.0211120657623
5498,4270,2,4,0.123146504164,0.0124834422022,0.00567021220922,0.0181975923479,0.0125273801386
5500,7680,7,4,0.0884506106377,0.0287301074713,0.00723811751232,0.00527963368222,-0.00195848383009
5501,569,3,10,0.0491650439799,0.00869015883654,0.11091940105,0.0963411331177,-0.0145782679319
5502,45,6,16,0.148878350854,0.0242534689605,0.0223039090633,0.00476123765111,-0.0175426714122
5503,4476,5,8,0.11246830225,0.0173743404448,0.317426234484,0.120515078306,-0.196911156178
5504,1314,1,4,0.0768892243505,0.0197337977588,0.00708459643647,0.00423808721825,-0.00284650921822
5505,7179,5,23,0.114197224379,0.0389072448015,0.00031634879997,0.000699396070559,0.000383047270589
5506,204,2,5,0.085019081831,0.0437547042966,0.52611976862,0.340955376625,-0.185164391994
5507,2037,1,4,0.100584365427,0.0429642088711,0.0306760650128,0.0544351749122,0.0237591098994
5508,8439,2,11,0.0946229696274,0.00754537479952,0.00633944477886,0.0310706254095,0.0247311815619
5509,8038,2,5,0.121976815164,0.0139685198665,0.00581770017743,0.00950963608921,0.00369193591177
5510,4012,2,2,0.0585717521608,0.0028024292551,0.012671019882,0.0108063817024,-0.00186463817954
5511,3536,2,7,0.0806523934007,0.0303096175194,0.00497408723459,0.00483110360801,-0.000142983626574
5512,8256,1,8,0.112820826471,0.0127595225349,0.0989713594317,0.0573212690651,-0.0416500903666
5513,6613,4,7,0.0945388004184,0.0358965583146,0.0175316799432,0.00950243324041,-0.00802924670279
5514,876,1,4,0.170276582241,0.0222232509404,0.521260082722,0.0819667130709,-0.439293384552
5515,6904,3,16,0.0964860841632,0.0329344458878,0.0725084096193,0.0322180278599,-0.0402903817594
5516,996,2,3,0.0828344225883,0.0196286980063,0.151875346899,0.0958143770695,-0.0560609698296
5517,4241,3,2,0.055540908128,0.0100626135245,0.0214999504387,0.0287533849478,0.00725343450904
5518,4162,3,9,0.0908202305436,0.0307514071465,0.148684069514,0.0858296081424,-0.0628544613719
5519,5516,3,6,0.0572904758155,0.00539503386244,0.026645379141,0.0471824407578,0.0205370616168
5520,7250,2,9,0.0999930873513,0.00424435781315,0.00547567568719,0.00533803226426,-0.000137643422931
5521,6129,2,7,0.117041550577,0.0303061213344,0.00782764703035,0.0137474713847,0.00591982435435
5522,7673,2,4,0.0711770057678,0.0145846884698,0.0245910026133,0.028732413426,0.00414141081274
5523,782,2,7,0.196634575725,0.0131838768721,0.550517976284,0.0556496270001,-0.494868338108
5524,7403,1,5,0.10623139143,0.0424152947962,0.00503491563722,0.0121547887102,0.00711987307295
5525,8496,2,3,0.051122367382,0.0131038622931,0.0645186528563,0.0279433187097,-0.036575332284
5526,577,2,5,0.0969091653824,0.0825630947948,0.355549097061,0.251924812794,-0.103624284267
5527,409,1,7,0.118681885302,0.0203729681671,0.182220935822,0.178804025054,-0.00341691076756
5528,3368,17,40,0.10214946419,0.0476327687502,0.00198768381961,0.00247939489782,0.000491711078212
5530,941,9,21,0.139828562737,0.0570747591555,0.263018488884,0.10796482116,-0.155053675175
5531,319,1,13,0.0411821343005,0.0104130255058,0.170952290297,0.251435726881,0.0804834365845
5532,1243,3,4,0.10637742281,0.0393222048879,0.00319552468136,0.0113496007398,0.00815407559276
5533,204,5,6,0.176534846425,0.0279078539461,0.404946625233,0.115105308592,-0.289841324091
5534,428,2,8,0.0626946613193,0.00189737381879,0.0404413565993,0.0387036129832,-0.0017377436161
5535,394,1,3,0.114069618285,0.0403235033154,0.00762699730694,0.0312884747982,0.0236614774913
5536,6991,1,14,0.0570275783539,0.00890696421266,0.014109688811,0.039091039449,0.0249813497066
5537,6532,3,4,0.0509395189583,0.0143654914573,0.0183414164931,0.0241339411587,0.00579252466559
5538,2561,1,9,0.10513368994,0.0339141748846,0.0345242209733,0.0219582300633,-0.0125659909099
5539,6167,3,6,0.115075878799,0.0394669808447,0.0616093799472,0.0184864699841,-0.0431229099631
5540,8094,1,3,0.083485327661,0.00977801531553,0.0160162318498,0.0105436481535,-0.00547258369625
5541,760,3,7,0.0868995785713,0.0113424640149,0.013456562534,0.0120729655027,-0.00138359703124
5542,300,2,6,0.0968322828412,0.0560384504497,0.0351879000664,0.0548051446676,0.0196172446012
5543,443,5,10,0.0904043093324,0.0249394904822,0.00216809357516,0.00477397115901,0.00260587758385
5544,2657,3,7,0.0712353661656,0.011389314197,0.00710064033046,0.0218985769898,0.014797937125
5545,355,2,9,0.103705920279,0.051451832056,0.0115090198815,0.0531335063279,0.0416244864464
5546,5274,1,2,0.0623365044594,0.0077563743107,0.0817918926477,0.0675460100174,-0.0142458826303
5547,4421,8,20,0.165238216519,0.0556936189532,0.0334244854748,0.00947367399931,-0.0239508114755
5548,3185,3,10,0.107482671738,0.0171370264143,0.00314604793675,0.00804967805743,0.00490363035351
5550,5490,4,11,0.111580111086,0.09492341429,0.0342928953469,0.0422095023096,0.00791660696268
5551,541,5,9,0.0625584349036,0.00603677518666,0.00208486570045,0.00356051302515,0.0014756473247
5552,3127,1,10,0.068606287241,0.0132004311308,0.065161369741,0.0779598280787,0.0127984583378
5553,2927,2,2,0.0955370441079,0.0326222069561,0.0296382848173,0.0154534094036,-0.0141848754138
5554,251,6,7,0.0725437328219,0.0143448524177,0.0726744011045,0.084658831358,0.0119844302535
5555,230,3,12,0.0980471968651,0.0557198934257,0.0267527606338,0.0227563064545,-0.00399645417929
5557,7477,5,13,0.069279551506,0.021618263796,0.0076926224865,0.0273120999336,0.0196194779128
5558,3879,4,8,0.0760134831071,0.00719257304445,0.0526496507227,0.0430415980518,-0.00960805267096
5559,3782,7,18,0.0703933015466,0.0299035981297,0.0238691605628,0.0205422993749,-0.00332686118782
5560,8131,12,42,0.123400725424,0.0343474783003,0.00592936342582,0.00829316396266,0.00236380053684
5561,3552,9,13,0.0781359598041,0.012264915742,0.134438753128,0.118391342461,-0.0160474106669
5562,6820,3,15,0.0718943104148,0.00804657768458,0.139927327633,0.0437079258263,-0.0962194055319
5563,5384,1,9,0.102147690952,0.0482124313712,0.0115027092397,0.0376978181303,0.0261951088905
5564,6651,2,8,0.0889161229134,0.0234801378101,0.207422211766,0.0673676803708,-0.140054523945
5565,2608,3,12,0.0775591656566,0.0362731926143,0.0352257117629,0.048732150346,0.0135064385831
5566,3456,6,28,0.098222412169,0.0241072457284,0.0201778504997,0.0950589478016,0.0748810991645
5567,2846,2,1,0.115305036306,0.0301089119166,0.0115261524916,0.0273084994406,0.015782346949
5569,436,5,9,0.0878379270434,0.0266947448254,0.0328982435167,0.119163401425,0.0862651616335
5570,2879,3,1,0.0786691829562,0.0299726109952,0.00863065291196,0.0112640662119,0.00263341329992
5572,2459,4,9,0.0765519067645,0.00568872550502,0.0109397275373,0.0185565743595,0.0076168468222
5573,6603,4,5,0.0705159753561,0.00817153416574,0.0446698926389,0.0341822914779,-0.010487601161
5574,4585,12,21,0.0745794028044,0.0265408102423,0.0700124278665,0.100841552019,0.0308291241527
5575,8540,3,7,0.0472325496376,0.00155092659406,0.025787262246,0.0297542363405,0.00396697409451
5576,2169,3,8,0.0661568716168,0.0191674809903,0.0223061852157,0.0225336086005,0.000227423384786
5577,2109,10,31,0.0365057997406,0.017048465088,0.000526616699062,0.00314972177148,0.002623104956
5578,7391,6,15,0.0775125101209,0.0110620856285,0.0574673488736,0.0234014820307,-0.0340658649802
5579,1115,2,16,0.104738034308,0.0154166333377,0.0907860994339,0.0610250346363,-0.0297610647976
5580,5870,2,8,0.0891279876232,0.0303072445095,0.00829579308629,0.00592064252123,-0.00237515056506
5581,5885,6,10,0.285447150469,0.002453582827,0.00795418489724,0.0658317878842,0.0578776039183
5582,7072,8,13,0.0604373216629,0.00999741815031,0.00848509930074,0.00995343271643,0.00146833341569
5583,4840,2,5,0.270109534264,0.0419952049851,0.695952296257,0.0649681165814,-0.630984187126
5585,5106,1,19,0.0483078472316,0.0105737466365,0.725010275841,0.530739486217,-0.194270789623
5587,1688,8,8,0.113092780113,0.051998719573,0.439626574516,0.237070605159,-0.202555969357
5589,6712,3,19,0.0897723957896,0.037646189332,0.00665616709739,0.00318747456186,-0.00346869253553
5590,4615,4,5,0.119838774204,0.0358835458755,0.194282725453,0.059836640954,-0.134446084499
5591,2937,1,2,0.0944240614772,0.0286310836673,0.0444215908647,0.042682480067,-0.00173911079764
5592,9045,3,6,0.258124858141,0.0669392868876,0.67292034626,0.105469942093,-0.567450404167
5593,296,2,6,0.0752981677651,0.0165503639728,0.0663510933518,0.0492448396981,-0.0171062536538
5594,2166,9,32,0.0801557525992,0.0166286919266,0.00266450014897,0.00390940532088,0.00124490517192
5595,6258,4,11,0.145492628217,0.0670354440808,0.00504715647548,0.0202282220125,0.015181065537
5596,6013,1,6,0.0763756558299,0.00629269191995,0.0452350862324,0.0316833630204,-0.013551723212
5597,194,1,7,0.0839726626873,0.0242807958275,0.00839979667217,0.0224127545953,0.0140129579231
5598,4176,3,3,0.122079946101,0.0137482276186,0.422019064426,0.102096505463,-0.319922566414
5599,1329,4,7,0.0786265134811,0.0315950475633,0.0238211788237,0.0356587655842,0.0118375867605
5600,5959,2,2,0.0941816195846,0.0264787077904,0.0186183601618,0.0348244048655,0.0162060447037
5601,2924,2,4,0.104775615036,0.0381857082248,0.0693121179938,0.0210483875126,-0.0482637286186
5602,48,6,10,0.174398422241,0.0204584337771,0.0697798803449,0.0325282998383,-0.0372515805066
5603,598,8,10,0.0729028061032,0.0232660155743,0.176544889808,0.157079443336,-0.0194654464722
5604,2968,2,11,0.126117989421,0.00501157715917,0.0201736148447,0.0311360061169,0.0109623912722
5605,4456,1,7,0.0776780918241,0.0227400101721,0.0132483765483,0.0211579296738,0.0079095531255
5606,2968,3,6,0.125901907682,0.026072409004,0.0828448981047,0.0334318913519,-0.0494130067527
5607,1048,1,9,0.13533090055,0.0339331589639,0.163588255644,0.178177952766,0.0145896971226
5608,8009,4,14,0.114457644522,0.0513217411935,0.134203240275,0.131940424442,-0.00226281583309
5609,7698,5,8,0.118840873241,0.0302067752928,0.147173762321,0.0601263828576,-0.0870473831892
5611,8611,2,10,0.104890026152,0.0273476652801,0.110491655767,0.0482583083212,-0.0622333474457
5612,2840,6,4,0.178501173854,0.0869710743427,0.00784424878657,0.0149191766977,0.00707492791116
5613,7684,1,5,0.0751252546906,0.0110517460853,0.0113351149485,0.00473744655028,-0.00659766839817
5614,1450,5,4,0.130234971642,0.0150409257039,0.199886977673,0.125466659665,-0.0744203180075
5615,36,2,8,0.0646607428789,0.0198613516986,0.268582761288,0.145463705063,-0.123119056225
5616,6531,3,1,0.0831666365266,0.0148273985833,0.198851317167,0.114773280919,-0.0840780362487
5617,5518,3,8,0.132428839803,0.0249181222171,0.0150843923911,0.0137641876936,-0.00132020469755
5618,5962,1,3,0.121445439756,0.0249944739044,0.0145455719903,0.0179807264358,0.00343515444547
5619,1965,2,10,0.0589580535889,0.0139442794025,0.011902728118,0.0175081193447,0.00560539122671
5620,6413,2,7,0.0808281973004,0.00846721231937,0.00736261159182,0.00758863380179,0.000226022209972
5621,3329,1,15,0.114134214818,0.0282739885151,0.184207841754,0.131581291556,-0.0526265501976
5622,249,3,3,0.124642550945,0.0147769693285,0.0328587256372,0.0123556861654,-0.0205030404031
5624,371,3,11,0.155375882983,0.014918695204,0.481350004673,0.0870476439595,-0.394302368164
5625,1092,4,6,0.074277497828,0.0149717414752,0.0207463074476,0.0366356447339,0.0158893372864
5626,377,2,10,0.0707510486245,0.0247096773237,0.223706066608,0.132952690125,-0.0907533764839
5627,558,5,9,0.0962175801396,0.0513208881021,0.0325542315841,0.0233586486429,-0.00919558294117
5628,330,8,36,0.0663690790534,0.014166764915,0.122019194067,0.0876368582249,-0.0343823358417
5629,33,1,6,0.121232353151,0.013024000451,0.116706550121,0.0103810876608,-0.106325462461
5630,589,2,6,0.0589330345392,0.00709259603173,0.0456843078136,0.0776273831725,0.0319430753589
5631,378,3,6,0.108983755112,0.0353867225349,0.519555985928,0.249296858907,-0.270259141922
5632,2911,2,8,0.0957637652755,0.0418927669525,0.174241229892,0.0714545622468,-0.102786667645
5633,782,3,7,0.105285860598,0.061147261411,0.010985349305,0.01651292108,0.00552757177502
5634,2854,2,5,0.0999767407775,0.0785222575068,0.0423472933471,0.0231162160635,-0.0192310772836
5635,4291,2,8,0.117627412081,0.0252001471817,0.0882829502225,0.028679817915,-0.0596031323075
5636,205,3,6,0.100695542991,0.0159252360463,0.143157109618,0.281988292933,0.138831183314
5637,5722,5,10,0.108830213547,0.050215985626,0.0103083485737,0.0210331827402,0.0107248341665
5638,317,3,5,0.0793874785304,0.00738837430254,0.185306832194,0.0698462948203,-0.115460537374
5639,326,3,7,0.217906355858,0.0295754857361,0.314388424158,0.0472077392042,-0.267180681229
5640,278,5,16,0.169964849949,0.0207755900919,0.384984731674,0.266097456217,-0.118887275457
5641,602,3,6,0.0642738938332,0.0225101727992,0.0917807072401,0.0546309202909,-0.0371497869492
5642,5766,3,6,0.0728861764073,0.00984767824411,0.0121951019391,0.00792370829731,-0.00427139364183
5643,471,8,6,0.124892540276,0.0296330563724,0.400981128216,0.0799749046564,-0.321006238461
5645,326,2,6,0.106334507465,0.0558881424367,0.0905018597841,0.246161714196,0.155659854412
5646,3411,1,5,0.0826411917806,0.0520187281072,0.00852455385029,0.0198983941227,0.0113738402724
5647,425,1,7,0.172213569283,0.0172481834888,0.418987601995,0.0701086446643,-0.348878949881
5648,3112,2,9,0.0803532227874,0.0285576786846,0.0402680486441,0.0472760349512,0.00700798630714
5650,5476,1,9,0.100427210331,0.00888072047383,0.150178924203,0.0525040440261,-0.0976748764515
5651,6146,6,13,0.118760488927,0.00886649917811,0.081361413002,0.146256759763,0.0648953467607
5652,6668,6,13,0.0743162631989,0.0314760170877,0.00830171164125,0.015599898994,0.00729818735272
5653,490,4,20,0.14836473763,0.0513471662998,0.0639427676797,0.0646722242236,0.000729456543922
5654,4403,3,14,0.0874054729939,0.0323911197484,0.0134222265333,0.0151348402724,0.00171261373907
5655,366,2,8,0.143244788051,0.076698936522,0.0501148551702,0.0236236136407,-0.0264912415296
5656,6563,1,4,0.0636039227247,0.0113595714793,0.0141737880185,0.0229966882616,0.0088229002431
5658,172,1,1,0.113365985453,0.0330788008869,0.00352162797935,0.0120115773752,0.00848994962871
5659,4304,2,5,0.0504413992167,0.0112173687667,0.0117363054305,0.0101420460269,-0.00159425940365
5660,1432,1,8,0.0975236073136,0.0307697411627,0.119749896228,0.0232668686658,-0.0964830294251
5662,7414,1,4,0.101409487426,0.00634985696524,0.0619849227369,0.099344484508,0.0373595617712
5663,4666,1,9,0.0605128668249,0.0166476257145,0.141308054328,0.0549421571195,-0.0863658934832
5665,1381,1,5,0.081932656467,0.0135905193165,0.232690140605,0.128019437194,-0.104670703411
5666,6605,2,4,0.125341266394,0.0168165415525,0.00814541429281,0.0159157384187,0.00777032412589
5667,1415,3,7,0.0706665217876,0.0349956601858,0.063421793282,0.0565888285637,-0.00683296471834
5668,2848,5,6,0.0526571571827,0.00845620594919,0.0785459503531,0.130112394691,0.0515664443374
5669,304,3,17,0.184614405036,0.0562288835645,0.0977309718728,0.0244081038982,-0.0733228698373
5670,450,6,12,0.0899100601673,0.0576257295907,0.00342331384309,0.00649315863848,0.00306984479539
5673,3578,7,9,0.0811815857887,0.0129893263802,0.0400760881603,0.0495520494878,0.00947596132755
5674,1569,1,3,0.142479717731,0.0196854230016,0.376275658607,0.0516474246979,-0.32462823391
5676,2715,5,2,0.0592326521873,0.0174447745085,0.00394012127072,0.00270175258629,-0.00123836868443
5677,5772,1,3,0.103866137564,0.0242775343359,0.028539462015,0.0137004228309,-0.0148390391842
5678,1032,3,5,0.0602390319109,0.0134833920747,0.0320327617228,0.0197358503938,-0.012296911329
5680,1104,2,4,0.117816843092,0.0736000165343,0.526662111282,0.216764822602,-0.309897303581
5681,5192,2,7,0.111995816231,0.0360503681004,0.176534608006,0.0668686553836,-0.109665952623
5682,8451,6,11,0.109019301832,0.0212335251272,0.14579731226,0.0536097697914,-0.092187538743
5683,4131,5,16,0.0842026248574,0.0407990850508,0.0300699602813,0.0344308167696,0.00436085648835
5684,8407,8,25,0.10381373018,0.0317245610058,0.018153430894,0.0112069435418,-0.00694648735225
5685,4712,4,4,0.184750720859,0.0283322799951,0.0208577197045,0.0130760436878,-0.00778167601675
5686,66,2,6,0.0634220764041,0.019259179011,0.0197108611465,0.00796240288764,-0.0117484582588
5687,3593,2,5,0.0831051692367,0.0148961897939,0.0128644788638,0.0217528641224,0.00888838525862
5689,111,2,8,0.132008254528,0.0194566734135,0.0299149733037,0.045277196914,0.0153622236103
5690,5788,5,17,0.0713666975498,0.0172480214387,0.0421315617859,0.00625777244568,-0.0358737893403
5691,6460,2,8,0.0734627321362,0.0164924152195,0.00507205910981,0.00799501314759,0.00292295403779
5692,4960,2,3,0.237422242761,0.0788591727614,0.846428096294,0.250065296888,-0.596362829208
5693,4382,2,5,0.0658160597086,0.0177366342396,0.0917056277394,0.0611308701336,-0.0305747576058
5694,6148,5,7,0.0652196928859,0.0033558930736,0.0120868543163,0.0124044483528,0.00031759403646
5695,9108,1,5,0.0785434767604,0.00722142262384,0.0586731955409,0.0229555014521,-0.0357176959515
5696,2381,11,23,0.193419203162,0.0168620590121,0.000413018395193,0.00121863966342,0.000805621268228
5697,3287,1,4,0.0970031246543,0.0246505923569,0.0492809824646,0.0499820075929,0.000701025128365
5698,5,5,17,0.15766005218,0.042760387063,0.262540668249,0.0475968420506,-0.214943826199
5699,6627,2,5,0.0710054039955,0.0125414254144,0.00459181098267,0.00847152713686,0.00387971615419
5701,6844,9,29,0.0778752192855,0.0492858476937,0.0483018644154,0.0765713825822,0.0282695181668
5702,6627,1,2,0.09372702986,0.0289786551148,0.0173374619335,0.0117223933339,-0.00561506859958
5703,6072,8,10,0.0500966459513,0.0135631151497,0.0149892009795,0.0428038574755,0.027814656496
5704,1909,3,9,0.0506624467671,0.0202153846622,0.0931928008795,0.140885040164,0.0476922392845
5705,5367,17,51,0.10190974921,0.0313123725355,0.0587726123631,0.100335083902,0.0415624715388
5706,771,7,16,0.250349134207,0.148891478777,0.933547616005,0.354355335236,-0.579192280769
5707,5826,3,4,0.0953015312552,0.031843919307,0.0716119557619,0.0359125770628,-0.0356993786991
5708,3885,11,26,0.0498750694096,0.012081685476,0.104932129383,0.0572235845029,-0.0477085448802
5709,3652,9,28,0.0608738511801,0.0183651875705,0.00244745984674,0.00288709695451,0.000439637107775
5710,2550,2,6,0.0991287529469,0.0576822645962,0.16604757309,0.0426748730242,-0.123372703791
5711,5473,7,19,0.0809748545289,0.0258362535387,0.0154085867107,0.0129197314382,-0.00248885527253
5712,4911,4,8,0.0512208752334,0.0238285474479,0.0257090460509,0.0276957675815,0.00198672153056
5713,6907,2,12,0.102090872824,0.0272892862558,0.0400594174862,0.0638386085629,0.0237791910768
5714,967,2,8,0.13389134407,0.0290516763926,0.00555091211572,0.00419166171923,-0.00135925039649
5715,1670,4,15,0.11680611968,0.00721377693117,0.18897792697,0.0797331035137,-0.109244823456
5716,5306,3,7,0.121037550271,0.0162153765559,0.178159639239,0.211279377341,0.033119738102
5717,6906,2,8,0.116993546486,0.0275510512292,0.215310484171,0.0485091805458,-0.166801303625
5718,7482,5,5,0.0870690569282,0.0412733741105,0.182331293821,0.0716752484441,-0.110656045377
5719,5306,1,8,0.245531722903,0.0251085311174,0.119650773704,0.0147897871211,-0.104860983789
5720,7482,1,4,0.329839110374,0.0223535373807,0.96821475029,0.243358567357,-0.724856197834
5721,1374,4,10,0.0750993713737,0.0165677145123,0.237949118018,0.168305948377,-0.0696431696415
5722,7119,2,10,0.0574486292899,0.0217154547572,0.00802110973746,0.0127750337124,0.00475392397493
5723,1137,2,5,0.0784427002072,0.0189661905169,0.00318594765849,0.00205094460398,-0.00113500305451
5724,2631,2,5,0.131842657924,0.0339560694993,0.0510870404541,0.0194936450571,-0.0315933972597
5725,803,2,9,0.185605600476,0.0341728180647,0.551710546017,0.0841552913189,-0.467555254698
5726,9003,2,2,0.274000138044,0.0228915195912,0.630604624748,0.0364623889327,-0.594142258167
5728,9260,2,14,0.105038918555,0.0186266005039,0.0119044845924,0.00756743969396,-0.00433704489842
5729,5710,5,3,0.095992565155,0.0281691793352,0.243977040052,0.130914911628,-0.113062128425
5730,3126,1,9,0.0632700696588,0.0240450631827,0.0493107996881,0.0407592616975,-0.00855153799057
5731,790,5,13,0.0861410275102,0.0157764963806,0.398154348135,0.284608691931,-0.113545656204
5732,5260,4,6,0.135769844055,0.0457943305373,0.122544422746,0.00647594919428,-0.116068474948
5734,5082,15,24,0.087083183229,0.0592312961817,0.00173365161754,0.00843422859907,0.00670057721436
5735,9242,6,9,0.080038100481,0.01668760553,0.00804535578936,0.00744872959331,-0.000596626196057
5736,8933,1,11,0.11685539037,0.0216384697706,0.0176016278565,0.00965422019362,-0.00794740766287
5737,4155,2,4,0.0661606416106,0.0120318429545,0.0179802011698,0.0134852761403,-0.00449492502958
5739,5352,3,5,0.0760858878493,0.0221995823085,0.146256506443,0.0866723284125,-0.0595841780305
5740,3901,2,6,0.170309945941,0.0295137632638,0.012836555019,0.0726352259517,0.0597986727953
5741,5199,3,5,0.0863546952605,0.0161350555718,0.136584252119,0.0875621661544,-0.0490220859647
5742,5220,2,8,0.118501983583,0.0471337251365,0.849884390831,0.439409017563,-0.410475373268
5743,5326,4,7,0.124840028584,0.0533346757293,0.156790554523,0.016333354637,-0.140457198024
5744,4902,1,6,0.114160746336,0.0767257511616,0.459626495838,0.25565251708,-0.203973978758
5745,3343,24,83,0.0999876633286,0.00537577318028,0.022991610691,0.0198301728815,-0.00316143780947
5746,3207,5,9,0.0920960307121,0.0216453764588,0.0644027814269,0.0302409678698,-0.0341618135571
5747,6239,5,18,0.103629469872,0.0148869175464,0.0752973034978,0.0179769080132,-0.0573203936219
5748,5099,6,10,0.188508272171,0.112835995853,0.00281567778438,0.0179987419397,0.0151830641553
5749,6255,1,4,0.151189744473,0.0939992815256,0.653807461262,0.29013890028,-0.363668560982
5750,5333,1,5,0.102177061141,0.0210532359779,0.637731552124,0.318012148142,-0.319719403982
5751,7690,3,7,0.0886180400848,0.0402175597847,0.01424262207,0.00805078074336,-0.00619184132665
5752,3747,2,10,0.0582741089165,0.02329720743,0.00374951190315,0.00894651655108,0.00519700441509
5753,2008,6,17,0.0896732583642,0.0214328579605,0.0141421128064,0.00500369118527,-0.00913842208683
5754,6083,1,9,0.0539222322404,0.011212926358,0.0447983518243,0.0185273643583,-0.026270987466
5755,4902,4,18,0.0506585501134,0.00602442026138,0.0943904221058,0.142104104161,0.0477136820555
5758,1673,8,32,0.0666120499372,0.0155350510031,0.223721176386,0.108972691,-0.114748485386
5759,7146,1,11,0.0794703438878,0.0203162748367,0.135690286756,0.105442076921,-0.0302482098341
5760,8601,9,31,0.0816675648093,0.00901997089386,0.0127040101215,0.00947780162096,-0.00322620850056
5761,4933,10,34,0.0791687443852,0.0186280012131,0.0164394509047,0.0523170717061,0.035877622664
5762,5396,3,4,0.0750190019608,0.0233251545578,0.0195979792625,0.0106869572774,-0.00891102198511
5763,112,1,7,0.045713160187,0.00128191988915,0.0410544164479,0.045820042491,0.00476562604308
5766,4960,2,10,0.139090314507,0.029573155567,0.0176438577473,0.0130786141381,-0.00456524360925
5767,6437,1,5,0.057009536773,0.0154668577015,0.0320464335382,0.0280925482512,-0.00395388528705
5768,6646,7,22,0.0897562503815,0.0355550199747,0.137421101332,0.0603355057538,-0.0770855993032
5769,5254,5,4,0.0544759333134,0.00590593973175,0.00477223051712,0.0124726220965,0.00770039157942
5770,8898,2,6,0.0938050225377,0.0177527870983,0.0247218180448,0.0261154379696,0.00139361992478
5771,8321,8,13,0.0821524336934,0.0244510360062,0.0359935127199,0.0842454507947,0.0482519380748
5772,6133,2,6,0.103587992489,0.0279877651483,0.0106963850558,0.0171305909753,0.0064342059195
5773,6930,6,12,0.0815289989114,0.0323521643877,0.0193159393966,0.00840789917856,-0.0109080402181
5774,6934,3,7,0.0875848159194,0.0120234219357,0.0544983558357,0.0129557428882,-0.0415426120162
5776,6881,1,7,0.161088213325,0.0703462958336,0.114561788738,0.0235921833664,-0.090969607234
5777,5091,3,10,0.0762911811471,0.0221275910735,0.0806372389197,0.0802195444703,-0.000417694449425
5778,7775,6,5,0.0990965589881,0.0364589802921,0.00636096345261,0.0186601225287,0.0122991595417
5779,6705,5,12,0.0888368859887,0.019079759717,0.0394484326243,0.0288924947381,-0.0105559378862
5780,4710,2,7,0.0961510166526,0.0301852952689,0.00965108815581,0.0141742266715,0.00452313851565
5781,5826,5,3,0.0738533064723,0.0189523249865,0.0749794468284,0.0471456758678,-0.0278337709606
5782,6957,2,7,0.0507560186088,0.0105175897479,0.0232757981867,0.0193320214748,-0.00394377671182
5783,6856,8,9,0.0651828274131,0.014349071309,0.0185756534338,0.022480180487,0.00390452705324
5784,8234,1,8,0.106907181442,0.0626959875226,0.0447944737971,0.0293807331473,-0.0154137406498
5785,2052,2,6,0.0672607198358,0.0122668892145,0.0219518132508,0.0472967587411,0.0253449454904
5786,3425,2,8,0.0802556872368,0.0148722250015,0.0351273827255,0.0660924613476,0.0309650786221
5787,6635,1,10,0.0799979269505,0.0164192076772,0.152162089944,0.0585259087384,-0.0936361849308
5789,3747,2,7,0.0560532659292,0.0205754563212,0.0875344201922,0.0497845821083,-0.037749838084
5790,4902,2,5,0.0871184766293,0.0195171777159,0.0601278729737,0.0488865412772,-0.0112413316965
5791,5389,7,9,0.181636050344,0.0309153161943,0.0556137226522,0.0196852516383,-0.0359284728765
5792,4902,2,5,0.0495383441448,0.0154432747513,0.109427787364,0.0965784415603,-0.0128493458033
5793,77,4,6,0.123032391071,0.0246657747775,0.00270706438459,0.00542690744624,0.00271984306164
5794,820,2,8,0.0683694779873,0.0188707001507,0.00475525995716,0.0109501210973,0.0061948611401
5795,3705,4,11,0.0639883130789,0.0194795522839,0.0147017491981,0.0290363486856,0.0143345994875
5796,1665,1,7,0.103866972029,0.0348637774587,0.00557664595544,0.00694057717919,0.00136393122375
5798,4902,4,5,0.0881967544556,0.0178760737181,0.0747034028172,0.0530961453915,-0.0216072574258
5799,4847,4,6,0.0928393080831,0.0236427336931,0.00600755726919,0.01840348728,0.0123959295452
5800,3467,1,6,0.104611493647,0.0162220653147,0.0231987703592,0.00583761557937,-0.0173611547798
5801,1357,3,6,0.136618986726,0.0170177575201,0.226848199964,0.0540416426957,-0.172806560993
5802,5614,4,5,0.0681569352746,0.0168548915535,0.00530561571941,0.00773457670584,0.00242896098644
5804,5540,3,5,0.097094245255,0.0165340788662,0.160225316882,0.0219877120107,-0.138237610459
5805,788,2,6,0.193942800164,0.0851607099175,0.00553450873122,0.0278165694326,0.0222820602357
5806,2037,6,7,0.0728108510375,0.0395158678293,0.0616659596562,0.083574898541,0.0219089388847
5807,4960,5,2,0.0617440529168,0.0164744481444,0.142662718892,0.113461740315,-0.0292009785771
5808,2039,1,2,0.135767236352,0.0368583127856,0.083347633481,0.0392487756908,-0.0440988577902
5809,1670,1,7,0.118766091764,0.0686224848032,0.137799695134,0.0778150185943,-0.0599846765399
5811,2039,1,4,0.127837181091,0.0391837842762,0.450185149908,0.121941149235,-0.328244000673
5813,755,1,5,0.129053473473,0.0194983202964,0.443168908358,0.105864875019,-0.337304025888
5814,4403,2,7,0.084743373096,0.0201588980854,0.0161373261362,0.0217647161335,0.00562738999724
5816,6327,1,6,0.0473130047321,0.0173140000552,0.107367016375,0.0590402372181,-0.0483267791569
5817,855,1,9,0.101904593408,0.0242369715124,0.0278276596218,0.036725256592,0.0088975969702
5818,5212,1,6,0.0684417635202,0.015793915838,0.0114470366389,0.0367152430117,0.0252682063729
5819,4902,1,7,0.0902459621429,0.0214364435524,0.00499982293695,0.0214478671551,0.0164480432868
5820,5993,2,4,0.101751625538,0.028142767027,0.0917611345649,0.0390289761126,-0.0527321584523
5821,4902,1,2,0.0908636674285,0.0203402116895,0.105224624276,0.025388283655,-0.0798363387585
5822,4224,2,1,0.0475618839264,0.0176629964262,0.00454911915585,0.00446784542874,-8.1273727119e-05
5823,5716,2,7,0.109953843057,0.0176674630493,0.0578301697969,0.022294530645,-0.0355356410146
5824,3903,4,11,0.086287163198,0.0313768573105,0.0614288970828,0.0670808628201,0.00565196573734
5825,6275,2,3,0.0942591652274,0.0229858141392,0.00249147112481,0.00439568283036,0.00190421170555
5827,5091,1,4,0.0703450068831,0.0142763070762,0.146680086851,0.0723728463054,-0.0743072405457
5828,2506,3,11,0.181721925735,0.0464635938406,0.0210749190301,0.03069431521,0.00961939617991
5829,4534,2,7,0.11995781213,0.0175931397825,0.0790982097387,0.0459102652967,-0.033187944442
5830,8453,1,9,0.0348631553352,0.00927418097854,0.0637023001909,0.0533012114465,-0.0104010887444
5831,983,4,4,0.0931486189365,0.0188181642443,0.259207546711,0.0978500843048,-0.161357462406
5832,6356,1,5,0.0870540514588,0.0249157752842,0.107751637697,0.0267200898379,-0.0810315459967
5833,4896,1,5,0.0626022145152,0.0234750900418,0.0247907042503,0.0121026001871,-0.0126881040633
5834,6999,4,7,0.0641423389316,0.0178354158998,0.00916623137891,0.0110494112596,0.00188317988068
5835,5208,1,5,0.0703874528408,0.0314731448889,0.00646436214447,0.00660620070994,0.000141838565469
5837,9057,2,8,0.071511939168,0.0233773309737,0.0157036334276,0.0191266871989,0.00342305377126
5838,9221,3,3,0.183614313602,0.0710223987699,0.131048172712,0.0548045039177,-0.0762436687946
5839,7460,2,4,0.100701875985,0.054718811065,0.00684344535694,0.0118473647162,0.0050039193593
5841,439,1,4,0.160020574927,0.00931511260569,0.0047854934819,0.0380591861904,0.0332736931741
5842,6264,3,7,0.152222424746,0.0536264963448,0.0129734762013,0.0278409421444,0.0148674659431
5845,6959,4,3,0.121470928192,0.0283816102892,0.0113322502002,0.0199460461736,0.00861379597336
5846,3026,2,6,0.0807042643428,0.0187540389597,0.0214211735874,0.0191010404378,-0.00232013314962
5847,5902,1,4,0.0586601905525,0.00571793457493,0.0140290381387,0.0250786785036,0.0110496403649
5848,1685,3,19,0.147354364395,0.0449154041708,0.168512418866,0.0366736538708,-0.131838768721
5849,2030,20,61,0.2265496701,0.114774674177,0.824598133564,0.246923804283,-0.577674329281
5851,9144,17,58,0.184665694833,0.0449552834034,0.0140146659687,0.00906400289387,-0.00495066307485
5852,6007,4,30,0.16244725883,0.0494381934404,0.33190664649,0.0725558176637,-0.259350836277
5853,3813,6,11,0.193844124675,0.0649177655578,0.172719746828,0.0714591369033,-0.101260609925
5854,943,3,4,0.0567985288799,0.0217316392809,0.00700451200828,0.00563691509888,-0.0013675969094
5855,6028,2,5,0.0908458009362,0.0144649781287,0.0116390306503,0.0110437050462,-0.000595325604081
5856,7325,2,10,0.108609378338,0.00621128315106,0.132376372814,0.0281208530068,-0.104255519807
5857,6943,1,7,0.215949699283,0.0389237329364,0.791828036308,0.217469140887,-0.57435888052
5858,2506,5,13,0.109529972076,0.0203788653016,0.0440817177296,0.173021793365,0.128940075636
5859,5433,4,13,0.121185280383,0.0274469610304,0.350075960159,0.109706036747,-0.240369915962
5860,6120,2,4,0.104979604483,0.0135727422312,0.0123267611489,0.0132723683491,0.000945607200265
5861,8032,1,7,0.235270082951,0.108358621597,0.0116231739521,0.0167379211634,0.00511474721134
5862,7882,4,4,0.134300872684,0.037510111928,0.0509228482842,0.0521107949317,0.00118794664741
5863,2615,3,4,0.142966300249,0.0354999564588,0.15042129159,0.0336216874421,-0.116799607873
5864,784,3,4,0.138388991356,0.0568654946983,0.00950200483203,0.00309979985468,-0.00640220474452
5865,1674,3,4,0.0775562524796,0.0200333427638,0.016191996634,0.0711915418506,0.0549995452166
5866,8397,3,10,0.156161412597,0.0377027839422,0.1210873276,0.0370109938085,-0.0840763300657
5867,5338,2,4,0.105177290738,0.030805632472,0.126551523805,0.113902665675,-0.01264885813
5868,7965,5,19,0.150551259518,0.0820218846202,0.53087002039,0.2022652179,-0.32860481739
5869,3630,5,6,0.135530486703,0.0267362557352,0.00639792764559,0.0303512122482,0.0239532850683
5870,8357,4,7,0.18794234097,0.0279664266855,0.463414520025,0.0658102929592,-0.397604227066
5872,4369,11,24,0.0923484563828,0.0289182029665,0.0422810800374,0.0248049944639,-0.0174760855734
5873,4016,3,6,0.143139198422,0.0321892015636,0.174983620644,0.0500341467559,-0.124949470162
5874,2763,2,5,0.145726069808,0.00914000160992,0.00864380970597,0.00905027240515,0.000406462699175
5875,7110,1,7,0.0957883372903,0.0206110496074,0.00498725613579,0.00614142185077,0.00115416571498
5876,4804,4,4,0.0957777202129,0.0163418706506,0.0556367821991,0.0221193935722,-0.0335173904896
5877,5210,1,5,0.106548644602,0.0200432185084,0.117364481091,0.0647325441241,-0.0526319369674
5878,2263,3,8,0.0604393593967,0.0168244950473,0.0260946899652,0.0263341460377,0.00023945607245
5879,867,2,9,0.213100984693,0.0166729912162,0.648131132126,0.141596570611,-0.506534576416
5880,368,2,6,0.0808522775769,0.0157969519496,0.0174516681582,0.0241363197565,0.00668465159833
5881,434,1,6,0.0963073968887,0.0106073496863,0.225272521377,0.0607558600605,-0.164516657591
5882,1471,2,4,0.0712051168084,0.0246087983251,0.0173567980528,0.0210599843413,0.00370318628848
5883,595,4,17,0.0432383716106,0.0125455828384,0.0937644764781,0.13940435648,0.0456398800015
5884,3011,3,7,0.165803179145,0.0553440637887,0.124027483165,0.0732535496354,-0.0507739335299
5885,371,3,12,0.124422520399,0.0330337546766,0.455913960934,0.201369807124,-0.254544138908
5886,2911,3,9,0.109720118344,0.0568843670189,0.348002374172,0.194820269942,-0.15318210423
5887,387,6,16,0.101354323328,0.0527485087514,0.00255092582665,0.0334209948778,0.0308700688183
5889,939,4,8,0.104601748288,0.0314426608384,0.237846001983,0.103423833847,-0.134422168136
5890,331,2,5,0.134617224336,0.0712873488665,0.832644701004,0.398836821318,-0.433807879686
5891,2865,2,10,0.137038573623,0.054131321609,0.0368185192347,0.0163878109306,-0.020430708304
5892,2201,1,5,0.083902977407,0.0544872656465,0.0109742125496,0.0475385971367,0.0365643836558
5893,603,10,15,0.216623321176,0.118594512343,0.0354848355055,0.0228504538536,-0.0126343816519
5894,460,4,6,0.108635999262,0.0494463331997,0.100205458701,0.113717138767,0.0135116800666
5895,939,4,3,0.0984942391515,0.0217706728727,0.0460639446974,0.0594660528004,0.013402108103
5896,476,4,5,0.0809114053845,0.0098055973649,0.0856628641486,0.0376928150654,-0.0479700490832
5897,5302,3,5,0.0897623375058,0.0405041836202,0.122259952128,0.0654427334666,-0.0568172186613
5899,8284,2,4,0.0926431640983,0.0356573425233,0.0213073324412,0.0412038825452,0.019896550104
5900,1822,8,8,0.0605848170817,0.0149853974581,0.0271716173738,0.0169575847685,-0.0102140326053
5902,6512,2,10,0.104997970164,0.012184465304,0.0333918370306,0.0217297133058,-0.0116621237248
5903,1408,5,7,0.0992181897163,0.021960021928,0.0326043106616,0.041181538254,0.00857722759247
5904,4679,1,6,0.109966553748,0.0486044995487,0.0112244030461,0.0366149395704,0.025390535593
5905,9244,4,7,0.114556901157,0.0151925440878,0.00445887865499,0.00599756697193,0.00153868831694
5906,6780,4,6,0.142196342349,0.030288906768,0.00331160379574,0.00097922491841,-0.00233237887733
5907,4153,2,5,0.107568837702,0.0395169891417,0.0531982406974,0.0172538552433,-0.0359443873167
5908,7435,3,5,0.0908717513084,0.03373555094,0.0542870946229,0.09373909235,0.0394519977272
5909,7734,3,5,0.0871346965432,0.00494662532583,0.0244989115745,0.00451896945015,-0.01997994259
5910,7961,3,6,0.0747181177139,0.0114347497001,0.0782858207822,0.0478419624269,-0.0304438583553
5911,7440,4,5,0.0441803447902,0.00702315475792,0.00557578681037,0.00721432454884,0.00163853773847
5912,1109,5,8,0.149621069431,0.0643790587783,0.00309144728817,0.0112142162398,0.00812276918441
5913,5,4,6,0.0938480123878,0.0206774771214,0.292505890131,0.0834008157253,-0.209105074406
5914,5367,4,8,0.0903639569879,0.0237187556922,0.0848234593868,0.0508873611689,-0.033936098218
5915,7056,13,39,0.0741644874215,0.0269643999636,0.0240691117942,0.0673152580857,0.0432461462915
5916,3968,1,9,0.0802147611976,0.0160961356014,0.0199547410011,0.0123281255364,-0.00762661546469
5917,5831,8,25,0.0618789792061,0.0201176814735,0.0060560721904,0.0128725254908,0.00681645330042
5918,8392,2,8,0.0479228794575,0.0198840983212,0.0122447842732,0.00350031186827,-0.00874447263777
5919,5433,2,20,0.0683017298579,0.0181224960834,0.125247225165,0.210352256894,0.0851050317287
5920,9098,8,17,0.0788989141583,0.00724501674995,0.0588902048767,0.0460215844214,-0.0128686204553
5921,8551,4,28,0.0754548087716,0.0212067961693,0.0260727666318,0.0346389561892,0.00856618955731
5922,7236,9,21,0.0657646283507,0.0329587869346,0.0500194467604,0.0192073658109,-0.0308120809495
5923,7277,3,15,0.076876282692,0.0346965007484,0.0376284793019,0.0609117262065,0.0232832469046
5924,8014,12,42,0.18907828629,0.0247046165168,0.00240642437711,0.00296455272473,0.00055812834762
5925,4078,5,10,0.127787128091,0.0490111149848,0.0454037152231,0.058317810297,0.0129140950739
5926,375,3,12,0.0874838531017,0.00686893006787,0.005386329256,0.00623915949836,0.000852830242366
5927,6486,3,10,0.131958499551,0.0231812298298,0.0182788018137,0.0133763952181,-0.00490240659565
5928,3359,5,7,0.136501446366,0.0207134559751,0.0458593517542,0.0229807589203,-0.0228785928339
5929,5729,2,5,0.0922308042645,0.0154216466472,0.0260637365282,0.0151537833735,-0.0109099531546
5930,5162,2,9,0.145481571555,0.021581042558,0.0157631933689,0.0377587489784,0.0219955556095
5931,38,1,5,0.107289038599,0.0174277555197,0.0441797114909,0.0499340295792,0.00575431808829
5932,1674,3,11,0.0843694135547,0.0272764340043,0.00452280184254,0.00202381308191,-0.00249898876064
5933,576,5,9,0.100039847195,0.0219829957932,0.01113894023,0.0246014725417,0.0134625323117
5934,3305,1,5,0.0664421394467,0.0170740876347,0.0285469666123,0.0351904071867,0.00664344057441
5935,7754,2,10,0.0944510698318,0.0133068887517,0.0327993221581,0.021606689319,-0.0111926328391
5936,2596,5,5,0.124451376498,0.0298248250037,0.0353369787335,0.223783373833,0.18844640255
5937,3502,2,4,0.249598458409,0.036081276834,0.0171599462628,0.0360995084047,0.0189395621419
5938,6117,2,12,0.121786035597,0.0210646465421,0.0891993716359,0.0106622995809,-0.0785370692611
5939,6578,2,5,0.0857661738992,0.0267390329391,0.0816450119019,0.0399604402483,-0.0416845716536
5940,4658,1,8,0.118857063353,0.0343683771789,0.175245970488,0.0896758437157,-0.0855701267719
5941,1609,1,6,0.0968882665038,0.0101265488192,0.116203963757,0.024492258206,-0.0917117074132
5942,7598,3,7,0.368295907974,0.061658076942,0.920915961266,0.156232282519,-0.764683663845
5943,1894,2,5,0.152115151286,0.0277475118637,0.00261552422307,0.0118001000956,0.00918457563967
5944,7833,1,6,0.0659465715289,0.0204791817814,0.00857570301741,0.0231474470347,0.0145717440173
5945,8927,3,7,0.083139128983,0.020099144429,0.0569987185299,0.0457379110157,-0.0112608075142
5946,752,4,4,0.168550983071,0.0163438078016,0.57285118103,0.130105212331,-0.442745983601
5947,592,2,3,0.0779195204377,0.0036407483276,0.00432362873107,0.020825304091,0.0165016762912
5948,423,1,4,0.0951899364591,0.0636747851968,0.0295212976635,0.039346832782,0.00982553511858
5949,3478,3,3,0.120194040239,0.0464599020779,0.0180781297386,0.0683788657188,0.0503007359803
5950,2651,7,10,0.0871064290404,0.0176264178008,0.00988565012813,0.00708947889507,-0.00279617123306
5951,1345,1,8,0.0576200000942,0.00991478469223,0.0522371977568,0.0985710248351,0.0463338270783
5952,877,4,10,0.151143223047,0.0422775633633,0.454726785421,0.142805755138,-0.311921030283
5953,8005,4,4,0.111674308777,0.0346339978278,0.28119328618,0.126349031925,-0.154844254255
5954,2932,1,4,0.149806559086,0.0528920777142,0.911870360374,0.461898833513,-0.449971526861
5955,6589,3,4,0.103101797402,0.0457635968924,0.0544167943299,0.0476184226573,-0.00679837167263
5956,6589,1,4,0.0797268748283,0.00811953935772,0.0621728114784,0.0651480779052,0.0029752664268
5957,6589,3,7,0.0980443581939,0.0118886632845,0.00898229517043,0.0236114617437,0.0146291665733
5958,9128,1,7,0.0709080472589,0.012891355902,0.0221884548664,0.00656466186047,-0.0156237930059
5959,6553,4,2,0.0663650929928,0.000908891146537,0.0585524626076,0.0284866783768,-0.0300657842308
5960,4840,3,9,0.0821433290839,0.0210957713425,0.0981880202889,0.122155092657,0.0239670723677
5961,1696,15,20,0.0962986573577,0.0195917859674,0.0265535246581,0.0726733133197,0.046119786799
5962,182,4,3,0.0445632524788,0.00943697802722,0.261392146349,0.167145803571,-0.0942463427782
5963,2810,3,8,0.10608164221,0.0502721518278,0.0239872355014,0.0194948557764,-0.00449237972498
5964,1561,1,5,0.0597029924393,0.00785120669752,0.0316020958126,0.0350209660828,0.00341887027025
5966,3005,2,7,0.0908497571945,0.00636172574013,0.0296538770199,0.0578659921885,0.0282121151686
5967,4128,3,12,0.170895412564,0.0696030035615,0.315731018782,0.080125965178,-0.235605061054
5968,7664,1,6,0.069376796484,0.00749552994967,0.0527535192668,0.0441908799112,-0.00856263935566
5969,970,4,7,0.154389843345,0.0500496849418,0.00432035885751,0.00551380589604,0.00119344703853
5970,6515,2,4,0.0891100391746,0.0422921441495,0.0369613878429,0.0330569408834,-0.0039044469595
5971,998,2,3,0.0946674644947,0.0321002118289,0.2524074018,0.0559359043837,-0.196471497416
5972,576,1,3,0.0852869525552,0.0477745495737,0.20993372798,0.165615916252,-0.0443178117275
5973,557,3,4,0.0693908557296,0.0158346388489,0.0745019093156,0.0481419526041,-0.0263599567115
5974,3752,8,10,0.0828064382076,0.0191925615072,0.0754368901253,0.0754883885384,5.14984130859e-05
5975,9052,1,6,0.0478448569775,0.00689982436597,0.0535409525037,0.0581771843135,0.00463623180985
5976,7151,4,14,0.093803524971,0.0106014218181,0.0171689614654,0.022929251194,0.00576028972864
5980,5462,1,6,0.102007426322,0.0405490323901,0.0017620192375,0.00502509716898,0.00326307793148
5982,1374,2,10,0.0766759216785,0.0228602327406,0.438692361116,0.227666035295,-0.211026325822
5983,2589,2,6,0.0846025943756,0.0201234668493,0.00299871177413,0.00865585356951,0.00565714202821
5984,5947,2,5,0.0787911191583,0.0531795695424,0.12326040864,0.121922470629,-0.00133793801069
5985,5947,6,24,0.0920060873032,0.0118158608675,0.0298628769815,0.0316156856716,0.00175280869007
5986,4975,3,10,0.0748803839087,0.0215131510049,0.0340852811933,0.0273696128279,-0.00671566836536
5987,3861,3,2,0.0898426547647,0.0130950640887,0.0445035286248,0.0425652712584,-0.00193825736642
5988,5377,2,7,0.157684743404,0.00899249035865,0.0299569033086,0.0466326661408,0.0166757628322
5989,7371,1,4,0.0819882676005,0.0374076552689,0.0444015525281,0.0125808594748,-0.031820692122
5990,7441,4,6,0.076257519424,0.00648083724082,0.076739192009,0.0357830040157,-0.0409561879933
5991,3808,20,49,0.113376230001,0.0386343486607,0.000232846243307,0.000325423199683,9.25769563764e-05
5992,5778,1,6,0.0758194327354,0.0285084322095,0.0552346296608,0.0172715950757,-0.0379630327225
5994,4400,1,5,0.105356283486,0.040296241641,0.0288820825517,0.0201433598995,-0.0087387226522
5995,6434,2,7,0.0910332873464,0.0156725812703,0.182121053338,0.134438499808,-0.0476825535297
5996,5095,19,55,0.0567679665983,0.00746686616912,0.154364705086,0.105464614928,-0.048900090158
5997,1673,4,18,0.0773563683033,0.0318525619805,0.068803653121,0.0553443990648,-0.0134592540562
5998,8509,7,27,0.078999325633,0.0302378386259,0.0877769812942,0.0302488058805,-0.0575281754136
5999,7028,1,7,0.067720554769,0.0109268063679,0.0646142289042,0.109313867986,0.044699639082
6000,748,2,5,0.0872621238232,0.0151666067541,0.0865955278277,0.0535491667688,-0.033046361059
6001,5281,6,12,0.0555017776787,0.0291067194194,0.00289928843267,0.00333601911552,0.00043673068285
6002,4993,2,4,0.0614952109754,0.0253657437861,0.0378234386444,0.054284978658,0.0164615400136
6003,6071,2,11,0.0554183833301,0.0282750874758,0.0266227666289,0.0275734718889,0.000950705260038
6004,8334,2,5,0.129088714719,0.0441102012992,0.0807096287608,0.0567732863128,-0.023936342448
6005,4026,6,16,0.0877087935805,0.0257924813777,0.0231037568301,0.0721313804388,0.0490276217461
6006,2506,2,2,0.0836185216904,0.0197045393288,0.00370158324949,0.00595891242847,0.00225732917897
6007,1933,9,18,0.0671908929944,0.00486044539139,0.0977937653661,0.0351707153022,-0.0626230537891
6008,2462,2,11,0.120140619576,0.0487793013453,0.0209576394409,0.0224257912487,0.00146815180779
6009,8633,3,7,0.0701621696353,0.0337626300752,0.0197137650102,0.0165493320674,-0.00316443294287
6010,1669,1,6,0.0765971317887,0.0194393973798,0.0134962750599,0.0169360544533,0.00343977939337
6011,6913,4,7,0.0442259721458,0.0163197573274,0.0414946749806,0.032150555402,-0.0093441195786
6012,1947,5,7,0.0812642499804,0.0165268387645,0.0218060743064,0.023423762992,0.00161768868566
6013,4911,1,7,0.0688554570079,0.00427975691855,0.0159559361637,0.0469997413456,0.031043805182
6014,931,4,11,0.106716006994,0.0282349959016,0.00327139114961,0.00573397846892,0.00246258731931
6015,3329,1,5,0.08709192276,0.0349250175059,0.147934034467,0.100791364908,-0.0471426695585
6016,2615,2,9,0.134160265326,0.0200755558908,0.0209536626935,0.0817512869835,0.06079762429
6017,6087,1,5,0.0656000673771,0.011700656265,0.0149138113484,0.00526314834133,-0.00965066254139
6018,4705,5,9,0.408923178911,0.0502584390342,0.864775240421,0.0554077886045,-0.809367477894
6019,1043,1,10,0.153252482414,0.0241301618516,0.0480879619718,0.0281510967761,-0.0199368651956
6020,6109,3,8,0.172662302852,0.0382091999054,0.505484879017,0.09687422961,-0.408610641956
6021,8578,3,2,0.0864296928048,0.00557912746444,0.0969682186842,0.0160632189363,-0.0809049978852
6022,131,3,6,0.121604032815,0.0400318615139,0.164783939719,0.134129941463,-0.0306539982557
6023,4712,1,8,0.0761664882302,0.0100699225441,0.105576843023,0.0532775036991,-0.0522993393242
6024,371,4,5,0.221742331982,0.0224675703794,0.432086348534,0.0295420195907,-0.40254431963
6025,8364,2,4,0.100785277784,0.0196474194527,0.22573594749,0.0618866086006,-0.163849338889
6026,4875,2,5,0.101957224309,0.0131160635501,0.0107698179781,0.0333593897521,0.022589571774
6027,3378,2,5,0.0667374357581,0.0113947093487,0.0145450700074,0.0204573627561,0.00591229274869
6028,5594,3,10,0.191207289696,0.0190905444324,0.0178863890469,0.0285123512149,0.010625962168
6029,4341,4,8,0.0982245504856,0.0134810693562,0.00578841753304,0.0307079125196,0.0249194949865
6030,7680,2,10,0.103901423514,0.0160610042512,0.0230855923146,0.0129932453856,-0.010092346929
6031,7670,1,6,0.0851849317551,0.0346717014909,0.0779550671577,0.0512132830918,-0.026741784066
6032,5586,2,4,0.0871440842748,0.0150360791013,0.0267308875918,0.0251671094447,-0.0015637781471
6034,1134,1,1,0.090755045414,0.0209293849766,0.01824426651,0.0624276809394,0.0441834144294
6035,6416,9,44,0.159631863236,0.0416666977108,0.181623890996,0.0482940226793,-0.133329868317
6036,1485,3,10,0.117106884718,0.00690432777628,0.00974145531654,0.00691664963961,-0.00282480567694
6037,5938,3,17,0.0851533934474,0.0152035290375,0.0517873652279,0.0138913290575,-0.0378960371017
6038,6210,2,4,0.0581604093313,0.0172543376684,0.0020550719928,0.00960136856884,0.00754629634321
6039,6938,2,9,0.123323522508,0.0184852164239,0.281085163355,0.0344779342413,-0.246607229114
6041,3989,7,5,0.065792478621,0.0191255509853,0.00412952061743,0.0109816910699,0.00685217045248
6042,960,1,6,0.0551229417324,0.0107181994244,0.00343324057758,0.00737840821967,0.00394516764209
6043,4642,1,8,0.0855895057321,0.0295012649149,0.263657867908,0.135865300894,-0.127792567015
6045,231,4,5,0.0816999599338,0.0117991389707,0.0142462868243,0.0151112498716,0.000864963047206
6046,304,3,4,0.0751244425774,0.00738645205274,0.0109478458762,0.0519438497722,0.040996003896
6047,4078,1,4,0.0817198380828,0.0360955670476,0.0112796220928,0.0174001678824,0.0061205457896
6048,461,5,3,0.0603932328522,0.0144554059952,0.0689131692052,0.0490447841585,-0.0198683850467
6049,7831,2,3,0.0672869309783,0.0149025181308,0.0143450656906,0.0188881438226,0.00454307813197
6050,5416,1,4,0.269014269114,0.175140246749,0.150539055467,0.0495464764535,-0.100992575288
6051,1918,2,7,0.0687467679381,0.00586203671992,0.0487778522074,0.0343797244132,-0.0143981277943
6052,3493,5,8,0.225565955043,0.0302889384329,0.015959944576,0.00688669970259,-0.00907324440777
6053,6443,5,7,0.0799330100417,0.0027436981909,0.0290691461414,0.0109569011256,-0.0181122459471
6054,1345,1,11,0.226429417729,0.0616337545216,0.065689958632,0.403048366308,0.337358415127
6055,4060,2,6,0.105680428445,0.0179437901825,0.0619662180543,0.0135098518804,-0.0484563671052
6057,2240,1,7,0.0706008896232,0.00498283002526,0.006036081817,0.0122884809971,0.00625239918008
6058,151,2,3,0.056466486305,0.015846632421,0.00656288443133,0.00425080535933,-0.002312079072
6059,1203,3,2,0.0623357892036,0.0112574500963,0.0059120808728,0.011768206954,0.0058561260812
6060,2900,4,6,0.0486412234604,0.0361826866865,0.00318704429083,0.00898626353592,0.00579921901226
6061,3240,4,8,0.0952698811889,0.00338786351494,0.0867311358452,0.0577817000449,-0.0289494358003
6062,4583,3,7,0.0821153968573,0.023738546297,0.0430969297886,0.0452863462269,0.00218941643834
6063,3424,1,3,0.0669064000249,0.0104560228065,0.0174851715565,0.0120236957446,-0.0054614758119
6064,6651,5,2,0.0484463684261,0.00809131748974,0.0232074055821,0.0380242727697,0.0148168671876
6065,5307,2,8,0.0573160052299,0.0179416947067,0.0783779472113,0.0151433134452,-0.0632346346974
6066,8395,5,22,0.060408283025,0.0242385175079,0.0119770411402,0.0254950802773,0.0135180391371
6067,5102,3,7,0.115410916507,0.0130217829719,0.0470404215157,0.0645496696234,0.0175092481077
6069,3533,6,14,0.127997770905,0.0049204332754,0.0401058904827,0.018467316404,-0.0216385740787
6070,2134,5,12,0.074647963047,0.0110396044329,0.0372282639146,0.0182341206819,-0.0189941432327
6071,5800,1,19,0.0620340518653,0.00261856126599,0.10480120033,0.0796755924821,-0.0251256078482
6072,2900,2,10,0.124044239521,0.0295704621822,0.414379477501,0.136749640107,-0.277629852295
6074,376,2,9,0.122466057539,0.0403367578983,0.0281099583954,0.0258857235312,-0.00222423486412
6077,4569,2,13,0.0733482167125,0.0229069441557,0.0225880928338,0.0077663413249,-0.0148217510432
6078,1461,2,3,0.092873133719,0.0150966113433,0.0048672654666,0.0149761512876,0.0101088862866
6079,1157,6,11,0.059488505125,0.0110054379329,0.0178701151162,0.00718035176396,-0.0106897633523
6080,1258,4,10,0.110239706933,0.0356165505946,0.069686897099,0.0592453032732,-0.0104415938258
6081,1461,1,1,0.087373174727,0.0183096062392,0.010067240335,0.0185164790601,0.00844923872501
6082,7840,2,10,0.0884044989944,0.0273826867342,0.0247226152569,0.04056577757,0.0158431623131
6083,913,3,9,0.0604294240475,0.0132291670889,0.0898636505008,0.0494678318501,-0.0403958186507
6084,3560,1,4,0.135750427842,0.016956243664,0.00137212499976,0.000761508010328,-0.000610616989434
6085,5781,1,4,0.0777709707618,0.0145176453516,0.0249975398183,0.00951154809445,-0.0154859917238
6086,3760,2,10,0.113297559321,0.0358914732933,0.181277036667,0.0853070989251,-0.0959699377418
6087,9022,1,4,0.0795666649938,0.0106498692185,0.0111878765747,0.0146932704374,0.00350539386272
6089,4115,3,10,0.117929570377,0.0543267689645,0.0371299758554,0.0178771372885,-0.0192528385669
6090,8127,7,12,0.0702109709382,0.0096283564344,0.0100137982517,0.00901843514293,-0.000995363108814
6091,124,8,16,0.10532515496,0.0327442102134,0.00737440492958,0.0197044983506,0.012330093421
6092,36,1,5,0.0791973769665,0.0221164543182,0.00532353296876,0.00908655580133,0.00376302283257
6093,5024,6,9,0.0849870070815,0.0136032765731,0.0380672588944,0.0850550830364,0.046987824142
6095,408,2,7,0.137678712606,0.019308200106,0.173332810402,0.0432541370392,-0.130078673363
6096,4078,3,8,0.103213906288,0.0368990339339,0.0158303044736,0.0331894792616,0.017359174788
6097,5142,4,12,0.0510170347989,0.0116762537509,0.093803294003,0.0689415633678,-0.0248617306352
6098,6501,7,10,0.110705710948,0.0104489177465,0.0116589637473,0.00506311375648,-0.00659584999084
6100,396,4,6,0.106423646212,0.00475917709991,0.00331155862659,0.00675737857819,0.00344581995159
6101,1380,1,7,0.0616218857467,0.00973718799651,0.0166513230652,0.0438882000744,0.0272368770093
6103,1218,1,6,0.0918608605862,0.0261546671391,0.0365026704967,0.0368285290897,0.000325858592987
6104,36,8,15,0.075439222157,0.0177987087518,0.378007173538,0.217606857419,-0.160400316119
6105,3021,2,2,0.0688017532229,0.00804252550006,0.0192873738706,0.016768341884,-0.00251903198659
6106,4494,1,6,0.105330854654,0.0110767036676,0.00627113459632,0.00880263280123,0.00253149820492
6107,611,1,5,0.0790462046862,0.0399278216064,0.0126512767747,0.0320757851005,0.0194245092571
6108,5983,21,73,0.0828242376447,0.0182926859707,0.432801097631,0.356907457113,-0.0758936405182
6109,4897,1,6,0.0855549201369,0.0120622627437,0.155216559768,0.0900982841849,-0.0651182755828
6110,3812,5,7,0.305685609579,0.0853510275483,0.934232473373,0.236441254616,-0.697791218758
6111,9098,5,16,0.163475945592,0.045610293746,0.0209267884493,0.043452385813,0.0225255973637
6112,5212,1,5,0.122787617147,0.0156548321247,0.30429777503,0.0584482364357,-0.245849534869
6113,7152,2,4,0.184713244438,0.0687013790011,0.0302677676082,0.0194808933884,-0.0107868742198
6114,5212,4,11,0.081794321537,0.0107355751097,0.0500740036368,0.0218835975975,-0.0281904060394
6115,1673,3,19,0.10172573477,0.0348093882203,0.377136021852,0.153047516942,-0.22408850491
6116,6424,3,5,0.0810548141599,0.0237505882978,0.0939989313483,0.0507528185844,-0.0432461127639
6117,4764,1,7,0.0852809548378,0.0186698120087,0.00329439644702,0.0153670459986,0.0120726497844
6118,1550,4,4,0.257610827684,0.0734712183475,0.000832367804833,0.0231311824173,0.0222988147289
6119,513,1,6,0.0714157670736,0.0363520719111,0.0803989320993,0.0409996397793,-0.03939929232
6120,5744,5,16,0.117116391659,0.030082795769,0.0930571183562,0.178943753242,0.0858866348863
6123,6526,8,23,0.101685605943,0.0266447290778,0.00102435599547,0.00334553327411,0.00232117716223
6124,3022,2,3,0.0708924457431,0.0222343541682,0.00121729751118,0.00270793796517,0.00149064045399
6126,1216,2,6,0.115121997893,0.0179383922368,0.196710988879,0.078115798533,-0.118595190346
6127,6054,6,11,0.0812489762902,0.0122172310948,0.128320887685,0.0248630400747,-0.103457845747
6128,6446,3,5,0.0948176756501,0.0350022651255,0.0512540712953,0.0487110577524,-0.00254301354289
6129,304,2,5,0.135766133666,0.053717058152,0.260003894567,0.077360317111,-0.182643577456
6131,2358,2,7,0.0783634185791,0.0117445895448,0.0172973442823,0.0306600630283,0.0133627187461
6132,4501,1,3,0.0986354872584,0.0393343530595,0.297542333603,0.0800355151296,-0.217506825924
6133,2746,2,4,0.122999735177,0.046538695693,0.012809490785,0.0121423872188,-0.000667103566229
6134,3660,7,16,0.238704398274,0.0356218963861,0.0021123487968,0.0219606813043,0.019848331809
6137,6286,4,9,0.0852562263608,0.0595914572477,0.0588533394039,0.0348290801048,-0.024024259299
6138,5915,4,8,0.173170849681,0.0364493839443,0.0425253622234,0.0439234524965,0.00139809027314
6139,3523,6,12,0.104475297034,0.00783594883978,0.252450823784,0.218737185001,-0.0337136387825
6140,5966,1,7,0.063653126359,0.0183351095766,0.00188270374201,0.00159925001208,-0.000283453729935
6141,4204,2,2,0.0798770710826,0.00668498687446,0.0124881807715,0.021994272247,0.00950609147549
6142,3988,5,11,0.0666951015592,0.0144164636731,0.128392860293,0.0329962521791,-0.0953966081142
6143,2810,2,5,0.1377107054,0.0721655637026,0.0160346366465,0.0139039186761,-0.00213071797043
6144,305,6,22,0.0766015648842,0.0325529240072,0.734030663967,0.441423743963,-0.292606920004
6145,415,5,6,0.0743081718683,0.0176047813147,0.167091727257,0.0677928626537,-0.099298864603
6146,719,2,4,0.151045322418,0.070397272706,0.120690889657,0.0763546451926,-0.0443362444639
6147,1897,5,7,0.103372149169,0.015309820883,0.0687232464552,0.027333624661,-0.0413896217942
6148,578,1,10,0.0790201500058,0.019193276763,0.0589533783495,0.0250834915787,-0.0338698849082
6149,2761,2,8,0.127537384629,0.0201267078519,0.0303596220911,0.038715813309,0.0083561912179
6150,9193,4,4,0.069900713861,0.0158604085445,0.00701963948086,0.00451955711469,-0.00250008236617
6151,2480,1,7,0.109546460211,0.0376344360411,0.0111406650394,0.0150013985112,0.00386073347181
6152,2507,1,5,0.0824638828635,0.0229035690427,0.194007217884,0.0818116888404,-0.112195529044
6154,1435,4,10,0.094522215426,0.022554224357,0.194226905704,0.0826504901052,-0.111576415598
6155,2809,1,5,0.0865377262235,0.0272636786103,0.0782096832991,0.140572831035,0.0623631477356
6156,4846,1,2,0.0971896573901,0.0297690015286,0.00560046406463,0.00201503722928,-0.00358542683534
6157,8259,2,2,0.0566893927753,0.0135376593098,0.0182166304439,0.00626081554219,-0.0119558144361
6158,2206,2,8,0.0738435834646,0.0166837535799,0.00122797617223,0.00161331985146,0.000385343679227
6159,3450,3,7,0.0696884691715,0.0219894777983,0.0283757857978,0.0314488746226,0.00307308882475
6160,2029,1,5,0.103640042245,0.014991463162,0.0166023802012,0.00668588606641,-0.00991649366915
6161,7095,3,1,0.0627063438296,0.0096873966977,0.00642968295142,0.00881045963615,0.00238077668473
6162,8388,4,3,0.0656311288476,0.0133920367807,0.136126622558,0.0190278235823,-0.117098800838
6163,4222,4,9,0.096231430769,0.0129941115156,0.206982925534,0.100562632084,-0.10642029345
6165,7637,2,9,0.0579569153488,0.0172707457095,0.0377012193203,0.0805575624108,0.0428563430905
6167,6304,5,6,0.111830472946,0.0139757515863,0.138982012868,0.121552050114,-0.0174299627542
6170,2295,7,31,0.169386506081,0.0434964038432,0.0868573412299,0.0273179989308,-0.0595393404365
6171,9221,4,7,0.173735439777,0.0677935034037,0.596272826195,0.169891312718,-0.426381528378
6173,4013,5,4,0.110643647611,0.0256466791034,0.0150646595284,0.0211813692003,0.00611670967191
6174,2469,3,5,0.0746018663049,0.0100059732795,0.00344234425575,0.00300501962192,-0.000437324633822
6175,4141,1,12,0.0548533201218,0.0102381128818,0.0619496293366,0.0451548211277,-0.0167948082089
6176,10,4,12,0.102572478354,0.0154758729041,0.00561055447906,0.00728698307648,0.00167642859742
6177,5691,2,9,0.0858731493354,0.0394236035645,0.0897880867124,0.0338186882436,-0.0559693984687
6178,567,6,9,0.196649610996,0.00886607822031,0.0346382074058,0.0763427242637,0.0417045168579
6179,7970,4,11,0.104486733675,0.00564525695518,0.00388282490894,0.00493714725599,0.00105432234704
6180,4595,5,9,0.0783725380898,0.0194681696594,0.00664824899286,0.0142642585561,0.00761600956321
6181,2247,2,11,0.0712865069509,0.0106881912798,0.104637548327,0.0377826392651,-0.0668549090624
6182,5220,3,4,0.0520320571959,0.00692522153258,0.0338843688369,0.0560681186616,0.0221837498248
6183,943,2,6,0.0835807025433,0.0570650026202,0.0848946943879,0.0929780974984,0.0080834031105
6184,495,2,3,0.0462676696479,0.00694286637008,0.0299897994846,0.0255713667721,-0.00441843271255
6185,1413,1,3,0.120804466307,0.0166662856936,0.00334491860121,0.0235351473093,0.0201902277768
6186,394,4,12,0.0935768261552,0.00975994858891,0.15089610219,0.0312377884984,-0.119658313692
6187,431,3,6,0.100798167288,0.0436650775373,0.0554590709507,0.0555118024349,5.27314841747e-05
6190,999,4,4,0.0954751893878,0.00196572067216,0.137063354254,0.0698081627488,-0.067255191505
6191,440,1,3,0.171236291528,0.0627733170986,0.0181439574808,0.054925929755,0.0367819741368
6193,3613,2,10,0.113862551749,0.0267257317901,0.0253015868366,0.0359993837774,0.0106977969408
6194,1423,2,6,0.114671505988,0.0396811850369,0.0336223207414,0.0182001963258,-0.0154221244156
6195,2528,1,5,0.115295611322,0.0411589369178,0.0275682248175,0.00984451454133,-0.0177237093449
6196,8281,2,4,0.190339013934,0.0571672357619,0.539444327354,0.17383889854,-0.365605413914
6197,7063,8,11,0.0595896840096,0.0108742080629,0.194283723831,0.0903258100152,-0.103957913816
6200,2992,5,16,0.0772461816669,0.0292718224227,0.0354932695627,0.02680872567,-0.00868454389274
6201,458,3,4,0.0613979585469,0.00780316628516,0.011868448928,0.0195340905339,0.00766564160585
6202,1280,2,7,0.0684385225177,0.0118982950225,0.0728876814246,0.0334191508591,-0.0394685305655
6203,1145,4,18,0.097720824182,0.0119018163532,0.0259337406605,0.0488496720791,0.0229159314185
6205,208,7,18,0.209160268307,0.0606378056109,0.0600351169705,0.129801481962,0.0697663649917
6206,843,7,7,0.0942924022675,0.0196877643466,0.137390181422,0.109370857477,-0.028019323945
6207,598,8,15,0.0266452804208,0.0122735695913,0.825760304928,0.668936431408,-0.15682387352
6209,8038,8,14,0.0502643696964,0.0127168614417,0.0196289978921,0.0150859681889,-0.0045430297032
6210,592,5,9,0.0902499333024,0.0255623478442,0.0342431515455,0.0310826990753,-0.00316045247018
6211,437,2,5,0.115001864731,0.0109569160268,0.0407033339143,0.0656578987837,0.0249545648694
6212,125,1,4,0.147955670953,0.0246821753681,0.0433106198907,0.0292744580656,-0.0140361618251
6213,1322,1,5,0.0721864923835,0.0230454690754,0.0339434556663,0.0244495775551,-0.00949387811124
6214,588,1,8,0.0671456381679,0.0163885932416,0.0572740137577,0.0475512929261,-0.00972272083163
6215,139,2,5,0.0673274695873,0.0127212917432,0.00216520926915,0.0111278919503,0.00896268244833
6216,1692,3,3,0.152349948883,0.0369828976691,0.369888305664,0.0465847551823,-0.323303550482
6217,3039,6,21,0.082982711494,0.0286486763507,0.0897115245461,0.118842892349,0.0291313678026
6218,849,1,6,0.132933422923,0.0463168770075,0.0223137494177,0.0282261688262,0.00591241940856
6219,288,2,11,0.0910657644272,0.0365487076342,0.0557016842067,0.0351226367056,-0.0205790475011
6220,4668,2,7,0.131626546383,0.0258970372379,0.0032649054192,0.0114197628573,0.00815485790372
6221,334,3,4,0.0702041983604,0.0136277647689,0.020484874025,0.0320634916425,0.0115786176175
6222,3123,1,5,0.138389393687,0.00268068746664,0.121595188975,0.0104722492397,-0.11112293601
6223,134,4,12,0.0442852079868,0.00569588318467,0.422796010971,0.392193108797,-0.030602902174
6224,3362,3,4,0.0863629207015,0.0110800666735,0.0120998993516,0.0180136952549,0.00591379590333
6225,391,5,10,0.0641722306609,0.0255497284234,0.0153895169497,0.0302401036024,0.0148505866528
6226,582,1,3,0.091575525701,0.0434775799513,0.0481427386403,0.0562755577266,0.00813281908631
6227,3011,1,3,0.0622705109417,0.0315447337925,0.00510813808069,0.0143016055226,0.00919346697628
6228,180,1,9,0.106554597616,0.0458252280951,0.400214761496,0.129387706518,-0.270827054977
6229,3014,1,8,0.11898715049,0.0156445968896,0.0990527570248,0.0237772241235,-0.0752755329013
6230,1005,4,1,0.0775687769055,0.0195346120745,0.0654146969318,0.0488630235195,-0.0165516734123
6231,853,1,9,0.0917796567082,0.00945523008704,0.0737324878573,0.0668722465634,-0.00686024129391
6232,845,2,2,0.0926419496536,0.0456266961992,0.021309139207,0.0234706774354,0.00216153822839
6233,4433,2,4,0.0813942030072,0.0295823737979,0.000554877100512,0.00187255011406,0.00131767301355
6234,862,4,16,0.0641759037971,0.00861950032413,0.022318514064,0.0355093888938,0.0131908748299
6235,593,2,6,0.0793272033334,0.0154062090442,0.0070196823217,0.0193199198693,0.0123002380133
6236,1031,2,5,0.0729053094983,0.0194760616869,0.0376571528614,0.0293240342289,-0.00833311863244
6237,2919,1,2,0.103587716818,0.0135849853978,0.32067835331,0.184627816081,-0.136050537229
6238,888,4,5,0.0600224137306,0.00660649174824,0.0163578931242,0.0106983976439,-0.00565949548036
6239,1213,4,9,0.102055191994,0.0254023224115,0.0111253168434,0.0234641376883,0.0123388208449
6240,351,1,8,0.0730943083763,0.0242403056473,0.0173421911895,0.0117172561586,-0.00562493503094
6241,4058,1,7,0.131502404809,0.0118060829118,0.142667815089,0.0234452188015,-0.119222596288
6242,4372,2,5,0.0859082564712,0.0206359643489,0.0393054410815,0.0197358373553,-0.0195696037263
6243,782,2,9,0.10629311949,0.0220923032612,0.220831111073,0.0364921540022,-0.184338957071
6244,4195,2,6,0.14649695158,0.0454343296587,0.0193936340511,0.0215010289103,0.00210739485919
6245,3150,3,4,0.0785994678736,0.0109829157591,0.0319623760879,0.027577361092,-0.00438501499593
6247,5507,2,8,0.100041687489,0.0187658295035,0.144766107202,0.0520222783089,-0.0927438288927
6248,1178,6,15,0.161746844649,0.0342810600996,0.301908284426,0.0408373363316,-0.261070936918
6250,4448,2,3,0.0858639553189,0.0231121648103,0.0661943033338,0.0410010032356,-0.0251933000982
6251,437,1,5,0.073323905468,0.0103729916736,0.377665907145,0.216916635633,-0.160749271512
6253,1569,2,4,0.0604180656374,0.0112078273669,0.00837985239923,0.00472672563046,-0.00365312676877
6254,1810,3,3,0.101639933884,0.0151331806555,0.0130620645359,0.0219655036926,0.00890343915671
6255,7174,4,8,0.110593020916,0.0203384719789,0.0423810631037,0.0392887592316,-0.00309230387211
6257,1780,2,4,0.117336936295,0.03315667063,0.00189433386549,0.00985217187554,0.0079578384757
6258,8929,2,7,0.143284037709,0.00996874365956,0.00321956141852,0.00511801056564,0.00189844914712
6260,7265,4,14,0.179086461663,0.0539350509644,0.00414555706084,0.0209164842963,0.0167709272355
6261,645,2,7,0.0531540326774,0.00481573771685,0.173309087753,0.0512912683189,-0.122017815709
6262,2742,6,11,0.0384524129331,0.01240924187,0.0488045923412,0.0384288169444,-0.0103757753968
6263,2949,2,10,0.0678605958819,0.0147051028907,0.00607722066343,0.0061768447049,9.96240414679e-05
6264,2979,2,2,0.0874800384045,0.00474172877148,0.0220118202269,0.00708625977859,-0.0149255599827
6266,8003,2,7,0.0814452394843,0.0202964041382,0.0204980000854,0.0187958683819,-0.0017021317035
6267,993,6,3,0.139876097441,0.0264888368547,0.609652042389,0.216213569045,-0.393438458443
6268,450,2,10,0.146411761642,0.0289682075381,0.0242456533015,0.0838997960091,0.0596541427076
6269,1467,5,21,0.0931213274598,0.0150623647496,0.230574637651,0.120162986219,-0.110411651433
6270,8036,3,5,0.196694180369,0.0599636472762,0.740456283092,0.21104902029,-0.529407262802
6271,6335,4,5,0.297054022551,0.0731074288487,0.79196614027,0.1107192114,-0.681246936321
6272,7087,2,3,0.11709779501,0.0489091575146,0.290225178003,0.11265143007,-0.177573740482
6273,6205,9,23,0.0712370797992,0.0353775620461,0.159129053354,0.130108907819,-0.0290201455355
6274,299,1,4,0.0828117057681,0.0173719022423,0.0269101187587,0.052328620106,0.0254185013473
6275,8117,2,4,0.0791803821921,0.00894867815077,0.00230464967899,0.00582451513037,0.00351986545138
6276,6983,2,4,0.0678485929966,0.0120283979923,0.060342296958,0.0415422916412,-0.0188000053167
6277,6272,4,4,0.0865009725094,0.0304551888257,0.0708654895425,0.0522208847106,-0.0186446048319
6278,4587,1,3,0.0960019007325,0.0339704118669,0.0154175860807,0.0285824760795,0.0131648899987
6279,3408,2,10,0.105824239552,0.0492305755615,0.211938455701,0.0971371307969,-0.114801324904
6280,1087,4,4,0.0613808743656,0.0199261847883,0.025170776993,0.0713106319308,0.0461398549378
6281,195,3,5,0.101608358324,0.0266498159617,0.0389717742801,0.0808928236365,0.0419210493565
6282,1555,3,14,0.108322180808,0.0268036089838,0.227199047804,0.0306490883231,-0.19654995203
6283,1293,2,3,0.0714849606156,0.0280494894832,0.0560789443552,0.0245987866074,-0.0314801558852
6284,1948,3,13,0.0574777163565,0.0155916903168,0.0434015020728,0.0113147050142,-0.0320867970586
6285,7526,12,21,0.125868648291,0.0331756807864,0.00239898217842,0.0205670092255,0.0181680265814
6286,2117,5,26,0.0959843695164,0.0316775105894,0.0876046642661,0.0738052353263,-0.0137994289398
6287,4600,5,8,0.155065223575,0.0176262725145,0.033115785569,0.045912515372,0.0127967298031
6288,8153,2,5,0.0832846537232,0.00121112877969,0.0788004845381,0.0675133541226,-0.0112871304154
6289,3401,1,4,0.0827260240912,0.0512260273099,0.0386381596327,0.0221377518028,-0.0165004078299
6290,1196,6,6,0.148499235511,0.0610419027507,0.00406701909378,0.00696628214791,0.00289926305413
6291,2817,3,4,0.0901261344552,0.0412370860577,0.0840834602714,0.050785318017,-0.0332981422544
6293,3062,4,5,0.162491440773,0.0132551025599,0.314912974834,0.0492041148245,-0.265708863735
6294,7585,1,3,0.0621278882027,0.0176129583269,0.00350533658639,0.00318472483195,-0.000320611754432
6296,8281,6,18,0.147621110082,0.134223654866,0.982230484486,0.621176660061,-0.361053824425
6297,4001,2,3,0.152907267213,0.0146770831198,0.0105561055243,0.0164032634348,0.00584715791047
6298,369,2,6,0.0791070312262,0.00579681387171,0.0178292598575,0.0196614414454,0.00183218158782
6299,1322,14,33,0.127704232931,0.0420693643391,0.0116495098919,0.0179099719971,0.00626046210527
6300,5321,4,19,0.0591845400631,0.00903188809752,0.00282644550316,0.00941652804613,0.00659008231014
6301,5285,2,6,0.0630388781428,0.0124069433659,0.00758672878146,0.016979649663,0.00939292088151
6304,2775,2,6,0.10794840008,0.0152317881584,0.0242022853345,0.0320241712034,0.00782188586891
6305,7274,2,7,0.0611462928355,0.00551317585632,0.0628874972463,0.0285815447569,-0.0343059524894
6306,4147,3,6,0.0794991105795,0.019997164607,0.0302577205002,0.0201040189713,-0.0101537015289
6307,1572,1,4,0.062980376184,0.0166518911719,0.0348903685808,0.0409616604447,0.00607129186392
6308,4829,4,10,0.101407788694,0.027169438079,0.00779902935028,0.0140458866954,0.0062468573451
6309,648,4,2,0.181154266,0.00715414341539,0.470894575119,0.135924622416,-0.334969937801
6310,8060,1,3,0.0642563030124,0.0109046660364,0.0906444862485,0.0944492146373,0.00380472838879
6311,3467,1,9,0.0495930202305,0.0120345326141,0.00374761293642,0.000958145887125,-0.0027894671075
6312,3433,4,5,0.101852215827,0.0242682676762,0.019008461386,0.031317923218,0.012309461832
6314,324,2,12,0.0930761173368,0.00937182828784,0.0389788262546,0.00638520019129,-0.032593626529
6315,5487,1,6,0.109899528325,0.053751654923,0.0340465791523,0.0304214730859,-0.00362510606647
6316,1690,4,7,0.0782520994544,0.0197562016547,0.00218514935113,0.00961682666093,0.00743167754263
6317,2911,13,40,0.104243554175,0.0470372103155,0.0145265925676,0.0653901919723,0.0508636012673
6318,1704,2,16,0.140582442284,0.0341379195452,0.391827791929,0.0601419620216,-0.331685841084
6319,705,3,5,0.124334074557,0.00894060824066,0.26563346386,0.0754057094455,-0.190227746964
6321,997,6,20,0.0373346619308,0.00553747965023,0.984721958637,0.847521483898,-0.137200474739
6322,1480,11,23,0.152985081077,0.0557993687689,0.44795447588,0.0852282866836,-0.362726181746
6323,2902,3,8,0.122943043709,0.0140393134207,0.057289712131,0.0374505333602,-0.0198391787708
6324,523,1,7,0.206087946892,0.0686160326004,0.0056720059365,0.0263392757624,0.0206672698259
6325,412,1,6,0.151983842254,0.0904267653823,0.0355239026248,0.0796117186546,0.0440878160298
6326,467,1,4,0.112528681755,0.00760843092576,0.0423180013895,0.0249610841274,-0.0173569172621
6327,5133,5,6,0.161940738559,0.0345223024487,0.197956070304,0.0431667901576,-0.154789283872
6328,8475,4,23,0.161371484399,0.00896209385246,0.00523062935099,0.0142518617213,0.00902123190463
6329,2237,3,9,0.0981533303857,0.0306227747351,0.00851805042475,0.0260988175869,0.0175807662308
6330,7770,2,5,0.164036139846,0.0248073190451,0.0166473705322,0.0142837492749,-0.00236362125725
6331,5870,1,7,0.104774355888,0.0237500686198,0.0147489113733,0.0210033580661,0.00625444669276
6332,9118,7,22,0.0609295256436,0.0242827273905,0.0102353002876,0.00289869611152,-0.00733660440892
6333,823,1,7,0.146681413054,0.033493205905,0.38552069664,0.0625707954168,-0.322949886322
6334,3232,2,4,0.157076969743,0.105044186115,0.666047155857,0.265652507544,-0.400394648314
6335,912,2,10,0.0847845897079,0.0326538719237,0.129886448383,0.164947852492,0.035061404109
6336,840,2,8,0.168385386467,0.0667176768184,0.572368741035,0.211680844426,-0.36068791151
6337,3352,5,22,0.135696411133,0.00970343779773,0.0115002542734,0.0107281170785,-0.000772137194872
6338,1295,5,15,0.134884819388,0.039207238704,0.0171564258635,0.0146848289296,-0.0024715969339
6339,7154,1,11,0.0796680897474,0.0056057726033,0.000134422822157,0.000223889554036,8.94667318789e-05
6340,4623,1,6,0.0890472903848,0.0439117215574,0.000439287890913,0.00177063711453,0.00133134925272
6341,3346,1,8,0.109902270138,0.0269322767854,0.00150404672604,0.00220886059105,0.000704813865013
6342,8287,1,8,0.0999285876751,0.0355801582336,0.00767682213336,0.0116008063778,0.00392398424447
6343,5080,5,8,0.0770793780684,0.011402410455,0.0108552528545,0.0132975848392,0.00244233198464
6344,1659,3,5,0.098268724978,0.0316114239395,0.00777595723048,0.0165411923081,0.00876523554325
6345,4139,8,21,0.0525237284601,0.0142441429198,0.0681502819061,0.0617103017867,-0.00643998011947
6346,1933,15,59,0.0896061435342,0.0413144342601,0.0277928747237,0.110971957445,0.0831790864468
6347,2037,1,9,0.0680703148246,0.0393029041588,0.380625516176,0.252509504557,-0.12811601162
6349,5220,4,12,0.133899271488,0.0352549999952,0.0582468360662,0.209798529744,0.151551693678
6350,4021,3,10,0.110532283783,0.0194475054741,0.0486515425146,0.0508732609451,0.00222171843052
6351,3120,7,38,0.0892931446433,0.0135306827724,0.00589753175154,0.00708582950756,0.00118829775602
6352,8644,4,16,0.0995881184936,0.049253243953,0.0641335472465,0.0382202267647,-0.0259133204818
6353,5370,11,33,0.0994502902031,0.0497063621879,0.00568821001798,0.002203021897,-0.00348518812098
6355,1892,4,12,0.179768756032,0.0848063230515,0.0291674416512,0.04259641096,0.0134289693087
6356,5344,5,8,0.0700110346079,0.0216283202171,0.0607213526964,0.0339308716357,-0.0267904810607
6358,1897,4,16,0.0984855890274,0.0340266898274,0.184511378407,0.045533940196,-0.138977438211
6359,5895,8,14,0.121105335653,0.0455746799707,0.00265426468104,0.00187552010175,-0.000778744579293
6360,4860,4,16,0.270915597677,0.0495260320604,0.726837813854,0.129895433784,-0.59694236517
6361,3647,13,28,0.161007717252,0.107486851513,0.0916826277971,0.0545856021345,-0.0370970256627
6365,841,4,15,0.152366906404,0.186105728149,0.9676887393,0.63463139534,-0.33305734396
6366,1670,3,17,0.132646679878,0.044271171093,0.0561648756266,0.142007827759,0.0858429521322
6367,6759,5,14,0.0828208997846,0.019044265151,0.116705298424,0.0862769559026,-0.0304283425212
6368,8461,2,12,0.102851957083,0.0251726917922,0.16995587945,0.0458272397518,-0.124128639698
6369,2191,5,21,0.209358438849,0.0473789311945,0.332460850477,0.0216998364776,-0.310761004686
6370,6162,2,6,0.123209618032,0.0688191726804,0.0499456450343,0.0646169856191,0.0146713405848
6371,6302,5,7,0.0679218247533,0.0101739624515,0.00610891357064,0.0101519012824,0.00404298771173
6372,8591,5,12,0.0507727377117,0.0198625475168,0.0382812507451,0.0167025625706,-0.0215786881745
6373,2470,2,6,0.20073120296,0.0922572389245,0.0535228811204,0.0168739464134,-0.0366489365697
6374,7759,3,4,0.108789302409,0.091395534575,0.0238103847951,0.00617127818987,-0.0176391061395
6375,4958,2,9,0.139557212591,0.0151806464419,0.255124598742,0.0696199014783,-0.185504704714
6376,4651,3,7,0.27562519908,0.0962874442339,0.913928508759,0.292451947927,-0.621476531029
6377,1809,1,8,0.141999647021,0.0384462624788,0.150245383382,0.0415949784219,-0.108650401235
6378,7542,2,3,0.0722000077367,0.00576681317762,0.0185533706099,0.0106486044824,-0.00790476612747
6379,692,1,7,0.094757437706,0.0193750336766,0.0180388912559,0.0124711329117,-0.00556775834411
6380,1662,16,31,0.0785332918167,0.00767840119079,0.0214404165745,0.00999211799353,-0.0114482985809
6381,6769,1,6,0.0794198065996,0.0184281952679,0.0186707321554,0.00790680665523,-0.0107639255002
6382,7048,15,49,0.158596470952,0.0779711157084,0.234189897776,0.110751591623,-0.123438306153
6383,490,1,6,0.143265172839,0.0683788508177,0.0474687851965,0.0572333037853,0.00976451858878
6384,1885,2,5,0.0708343163133,0.00705210352316,0.00392941292375,0.0110922334716,0.00716282054782
6385,5120,1,9,0.0455377884209,0.0048430012539,0.0863818302751,0.0566192008555,-0.0297626294196
6386,6955,1,4,0.0729122832417,0.0235351473093,0.0225655958056,0.0181543715298,-0.00441122427583
6387,997,4,13,0.0750209316611,0.031398050487,0.999565422535,0.799191892147,-0.200373530388
6388,33,3,3,0.100327558815,0.0208289343864,0.00132099480834,0.0229151472449,0.0215941518545
6389,1480,5,19,0.208563745022,0.0479302443564,0.526416420937,0.0777088925242,-0.448707520962
6390,251,4,6,0.0711042508483,0.017653753981,0.00479365838692,0.00550159579143,0.000707937404513
6391,5785,11,20,0.0838133022189,0.0664808601141,0.0012198361801,0.00359355588444,0.00237371958792
6392,512,6,17,0.101035177708,0.00421948963776,0.0617829114199,0.0415337048471,-0.0202492065728
6393,1480,4,18,0.382987469435,0.0673959702253,0.921572983265,0.135694354773,-0.785878658295
6394,994,2,10,0.220871523023,0.14112187922,0.998932182789,0.522803843021,-0.476128339767
6395,5671,3,13,0.0672765374184,0.0610844530165,0.990927219391,0.798011004925,-0.192916214466
6396,612,4,16,0.0151962265372,0.00429470511153,0.99998497963,0.956737041473,-0.0432479381561
6397,1690,2,9,0.129141688347,0.0228767059743,0.263203769922,0.0423852913082,-0.220818474889
6398,3496,2,11,0.308912485838,0.0620102770627,0.722871899605,0.0918944999576,-0.630977392197
6399,2515,1,4,0.103330530226,0.0420004352927,0.209804162383,0.0816222801805,-0.128181874752
6400,8171,2,16,0.10104060173,0.00393096730113,0.0076776468195,0.0137830711901,0.00610542437062
6401,5254,2,12,0.119518466294,0.0486321784556,0.0304228924215,0.0370021387935,0.00657924637198
6403,878,4,18,0.132591471076,0.042862739414,0.781305193901,0.35378959775,-0.427515596151
6404,9060,8,7,0.120683401823,0.0130559606478,0.0161907691509,0.0433359034359,0.0271451342851
6405,9247,1,5,0.1253349334,0.0255648065358,0.00777321960777,0.00100790627766,-0.00676531344652
6406,7955,2,7,0.172131612897,0.0402051210403,0.0783956646919,0.0923979878426,0.0140023231506
6407,292,5,11,0.112327374518,0.0134808616713,0.00998826045543,0.012495403178,0.00250714272261
6408,9124,1,5,0.13775254786,0.0653473511338,0.0187298804522,0.00410944223404,-0.0146204382181
6409,434,2,19,0.0997157767415,0.0164250638336,0.172708019614,0.0870972573757,-0.0856107622385
6410,3133,5,13,0.156296625733,0.0486485809088,0.99593013525,0.601428091526,-0.394502043724
6411,5497,1,5,0.161870017648,0.00664316583425,0.0103122517467,0.0268487390131,0.0165364872664
6414,1430,2,4,0.0850376784801,0.0464223325253,0.0107329618186,0.00583148514852,-0.00490147667006
6415,7092,1,6,0.115049123764,0.0436183847487,0.0288475044072,0.0246746242046,-0.00417288020253
6416,924,1,5,0.0879859700799,0.0116816367954,0.0834422931075,0.04490929842,-0.0385329946876
6417,4247,2,7,0.17208956182,0.0617067851126,0.94443821907,0.464807271957,-0.479630947113
6418,3482,1,4,0.0609893463552,0.00177881098352,0.0120971752331,0.0250856820494,0.0129885068163
6420,2597,1,8,0.135950788856,0.0258420649916,0.00312503590249,0.010886002332,0.00776096619666
6421,6208,6,20,0.136530533433,0.081063054502,0.562216460705,0.250897020102,-0.311319440603
6422,5091,7,7,0.0914331898093,0.0369604043663,0.105140715837,0.0730729848146,-0.0320677310228
6423,3333,4,7,0.114652842283,0.00670595560223,0.135809108615,0.183957219124,0.0481481105089
6424,5384,9,23,0.14958293736,0.0416508466005,0.390220582485,0.0802157595754,-0.31000483036
6425,9132,1,11,0.0818919539452,0.018729031086,0.06488750875,0.00789703335613,-0.0569904744625
6428,3677,1,7,0.0881240740418,0.0121166501194,0.00437798677012,0.00700241187587,0.00262442510575
6429,2752,1,5,0.113838374615,0.0471267700195,0.00229013944045,0.00426701037213,0.00197687093168
6430,7382,1,5,0.157554462552,0.0654809772968,0.0624633021653,0.114536434412,0.0520731322467
6431,9157,3,2,0.0884898230433,0.0328262485564,0.0305726397783,0.00969023443758,-0.0208824053407
6433,1242,1,8,0.320561617613,0.0390028506517,0.934194087982,0.206982836127,-0.727211236954
6434,2522,3,7,0.0911333933473,0.0700337514281,0.76599252224,0.471055179834,-0.294937342405
6435,475,1,2,0.169247999787,0.0313243567944,0.434568226337,0.0662958920002,-0.368272334337
6436,293,4,6,0.063189573586,0.0175340678543,0.111988596618,0.129533603787,0.0175450071692
6437,2201,3,20,0.0588305778801,0.00451487442479,0.24916523695,0.151611760259,-0.0975534766912
6438,7092,2,11,0.0691561996937,0.0150784170255,0.0181010570377,0.0085483668372,-0.00955269020051
6439,6582,3,6,0.104573376477,0.0621550269425,0.0682100132108,0.0509961210191,-0.0172138921916
6440,205,4,6,0.154686525464,0.0262300670147,0.0567818172276,0.0225608795881,-0.0342209376395
6441,961,2,6,0.0586026012897,0.00489980587736,0.270853370428,0.223726868629,-0.0471265017986
6442,435,4,20,0.0989663228393,0.0157341714948,0.0405755452812,0.166596770287,0.12602122128
6443,378,1,5,0.101407796144,0.0291454847902,0.168569073081,0.132832497358,-0.0357365757227
6444,8036,1,5,0.0944354310632,0.0183512177318,0.165197446942,0.0505103580654,-0.114687085152
6445,4535,1,4,0.0724559426308,0.00926458556205,0.142068967223,0.0827786847949,-0.0592902824283
6446,782,2,4,0.0904247537255,0.0192355178297,0.000327524758177,0.034352812916,0.0340252891183
6447,5618,4,12,0.0518807508051,0.0115417186171,0.0567022264004,0.0375200621784,-0.019182164222
6448,7447,2,7,0.105412431061,0.0412488728762,0.150957927108,0.0556033141911,-0.095354616642
6449,2653,2,2,0.0905911996961,0.00623081950471,0.0106180245057,0.0198044087738,0.00918638426811
6450,2078,4,15,0.178328469396,0.00952324457467,0.0277533642948,0.0582210235298,0.030467659235
6451,5897,3,4,0.256757944822,0.0204144120216,0.914510667324,0.266149938107,-0.648360729218
6452,6052,2,7,0.0967355370522,0.0187050588429,0.0049018394202,0.00555598177016,0.000654142349958
6453,8416,3,15,0.0674798414111,0.0190027989447,0.659335136414,0.548416554928,-0.110918581486
6454,4960,1,5,0.19102089107,0.0618679448962,0.0105205709115,0.00151704100426,-0.00900353025645
6455,4706,2,6,0.0869023427367,0.0264277216047,0.0643236115575,0.0116533851251,-0.0526702255011
6456,1708,1,7,0.118058674037,0.067092731595,0.0415408052504,0.0334179960191,-0.00812280923128
6457,9192,4,7,0.0877846181393,0.0236189682037,0.0207220651209,0.0193030759692,-0.00141898915172
6458,7736,2,5,0.0928833410144,0.0448653139174,0.013323392719,0.0112972902134,-0.00202610250562
6459,3163,8,16,0.0854733511806,0.00189921353012,0.035037804395,0.00585305318236,-0.0291847512126
6460,78,1,6,0.39844763279,0.0503669865429,0.958906412125,0.164772793651,-0.794133603573
6461,1118,1,10,0.0999225005507,0.0185919944197,0.00393600668758,0.0141916163266,0.010255609639
6462,1586,4,13,0.110784269869,0.012683276087,0.0037516427692,0.00809528958052,0.00434364657849
6463,2492,1,4,0.087218016386,0.0312663577497,0.00877268519253,0.0192327853292,0.0104601001367
6464,7795,2,3,0.0928895249963,0.0213256310672,0.0103213898838,0.00503596430644,-0.00528542557731
6465,3283,2,14,0.128954708576,0.0102182403207,0.0460895672441,0.0382476858795,-0.00784188136458
6466,4960,4,7,0.115041919053,0.0292016863823,0.235836148262,0.151722341776,-0.0841138064861
6469,4960,3,7,0.210533216596,0.0203084796667,0.107510894537,0.0270697865635,-0.0804411098361
6470,7458,3,9,0.316687494516,0.0179766919464,0.922950327396,0.198214158416,-0.724736154079
6471,6022,2,7,0.0931352302432,0.0203564148396,0.0765288472176,0.0847009718418,0.00817212462425
6472,1697,3,6,0.121408991516,0.0193700101227,0.303369104862,0.145560964942,-0.15780813992
6473,471,4,7,0.0698029324412,0.0310648493469,0.0111535107717,0.0153247788548,0.00417126808316
6474,3753,3,16,0.133250176907,0.0495168752968,0.00286376173608,0.0056298840791,0.00276612234302
6475,6256,7,12,0.128386124969,0.0268118418753,0.101657681167,0.0311850309372,-0.0704726502299
6476,843,1,4,0.0941550210118,0.049082711339,0.0945855006576,0.0387290678918,-0.0558564327657
6477,3001,2,3,0.199214354157,0.0360137410462,0.564753651619,0.0622931234539,-0.502460539341
6478,5717,1,6,0.0809360668063,0.0258673969656,0.0515893399715,0.0184728968889,-0.0331164449453
6479,1180,1,5,0.354134321213,0.17859941721,0.881268143654,0.177509173751,-0.703758955002
6480,255,3,19,0.105171501637,0.0465581119061,0.244141176343,0.142729505897,-0.101411670446
6481,8205,2,4,0.0927472189069,0.0339866094291,0.408628165722,0.151924192905,-0.256703972816
6482,4922,1,10,0.0650233477354,0.0206562187523,0.0480498373508,0.0120708504692,-0.035978987813
6483,8312,3,3,0.0949412360787,0.0119354557246,0.0119328936562,0.0255174133927,0.0135845197365
6484,8412,1,5,0.079205930233,0.0198504123837,0.106141224504,0.0689930394292,-0.0371481850743
6485,2856,2,10,0.0652414485812,0.0129451202229,0.00560429412872,0.00700070569292,0.0013964115642
6486,1168,4,13,0.103802777827,0.0316319055855,0.132041841745,0.0392813272774,-0.0927605181932
6487,4486,13,41,0.105387717485,0.0175080224872,0.0993917882442,0.0381298363209,-0.0612619519234
6488,1092,3,3,0.067322358489,0.0153352580965,0.0429176017642,0.0290642175823,-0.0138533841819
6489,4373,4,33,0.0515994243324,0.0178614407778,0.0488773398101,0.0318346135318,-0.0170427262783
6490,9081,1,5,0.214165106416,0.00495889503509,0.42836368084,0.0268353093415,-0.401528358459
6491,4816,2,4,0.0862332582474,0.0304599665105,0.0331458412111,0.00755300885066,-0.0255928318948
6492,9280,5,14,0.0576563440263,0.00187136465684,0.00982115790248,0.0268509853631,0.0170298274606
6493,6394,1,13,0.159277722239,0.0281250234693,0.0296775698662,0.0296201109886,-5.74588775635e-05
6495,9204,3,11,0.0496799238026,0.0159993413836,0.00313699780963,0.00464327586815,0.00150627805851
6497,4022,3,4,0.15125708282,0.0521847568452,0.0989649891853,0.0481403656304,-0.0508246235549
6498,7369,2,8,0.0930570736527,0.019427260384,0.00565666286275,0.0143860578537,0.00872939452529
6500,5709,3,6,0.0860493555665,0.043682590127,0.00188481609803,0.0018346918514,-5.01242466271e-05
6501,1033,2,18,0.119437478483,0.0507834777236,0.169762089849,0.0431363098323,-0.126625776291
6502,5785,1,4,0.0968872010708,0.0133414873853,0.0147897824645,0.0164565499872,0.00166676752269
6503,384,2,5,0.0458464026451,0.0129241580144,0.0456119291484,0.022576443851,-0.0230354852974
6505,8641,1,13,0.108774699271,0.0480444692075,0.395117253065,0.191893473268,-0.203223779798
6506,8298,8,21,0.0967207551003,0.0384371876717,0.00943392701447,0.0204620826989,0.0110281556845
6507,3282,4,8,0.146979287267,0.0188547261059,0.273599207401,0.0268139410764,-0.246785268188
6508,9226,3,30,0.0392412729561,0.0119527168572,0.0803848952055,0.0506248511374,-0.0297600440681
6509,4787,1,7,0.091234497726,0.036961324513,0.0405011959374,0.0179331153631,-0.0225680805743
6510,7028,7,20,0.122376263142,0.0276525299996,0.0148629611358,0.0289841052145,0.0141211440787
6511,7497,4,4,0.224747255445,0.0312159471214,0.610729932785,0.0737968683243,-0.536933064461
6512,6380,1,11,0.0592205040157,0.00426700804383,0.0501165986061,0.0224426593632,-0.027673939243
6513,6434,4,9,0.117495298386,0.0570945776999,0.830231130123,0.451283603907,-0.378947526217
6514,5302,2,8,0.15659378469,0.0497003681958,0.133235365152,0.101163625717,-0.0320717394352
6516,7531,2,5,0.218620300293,0.0303464438766,0.0222169272602,0.0478790402412,0.0256621129811
6519,8288,4,6,0.0422082096338,0.00403133919463,0.00853921752423,0.00917710643262,0.000637888908386
6520,8710,2,7,0.089842133224,0.0396132282913,0.146750792861,0.0877390727401,-0.0590117201209
6521,6973,3,9,0.0721513107419,0.0128980185837,0.0850343033671,0.0521620810032,-0.0328722223639
6522,4382,1,6,0.0952889323235,0.0214901398867,0.00536731118336,0.0115218712017,0.00615456001833
6523,3337,2,6,0.0521572381258,0.00795420631766,0.0716867148876,0.0190120544285,-0.0526746585965
6524,2041,5,10,0.101366639137,0.0207178164274,0.0236115437001,0.0302536264062,0.00664208270609
6525,440,2,18,0.0685350224376,0.0195027627051,0.211582303047,0.106344483793,-0.105237819254
6526,405,5,11,0.108873873949,0.0347976945341,0.0433106198907,0.0265592485666,-0.0167513713241
6527,3592,2,3,0.10014116019,0.0158949997276,0.0121476994827,0.00769158964977,-0.00445610983297
6528,1091,1,5,0.0682183802128,0.014296467416,0.11319732666,0.033735204488,-0.0794621258974
6529,6141,1,9,0.0820303633809,0.0130577618256,0.312277138233,0.0699535757303,-0.242323562503
6530,3127,4,5,0.110052347183,0.0728887841105,0.0675652548671,0.0144283892587,-0.0531368665397
6531,8201,5,3,0.0616458319128,0.0281140357256,0.0115257026628,0.00317075359635,-0.00835494883358
6532,1113,3,5,0.0788004398346,0.0150344381109,0.00922697037458,0.0132445124909,0.00401754211634
6533,1719,3,7,0.12631444633,0.035590402782,0.00851440150291,0.0146146966144,0.00610029511154
6534,4692,4,14,0.0684527084231,0.00893875956535,0.0542076937854,0.0558527223766,0.00164502859116
6535,8249,4,13,0.0742286369205,0.0241439081728,0.0413953028619,0.0383181013167,-0.00307720154524
6536,5257,3,4,0.154251337051,0.0534165389836,0.0105627384037,0.0170059129596,0.0064431745559
6537,6436,7,13,0.0919370725751,0.0228486191481,0.0258953627199,0.0205959118903,-0.00529945082963
6538,8718,4,11,0.0530424714088,0.0135379256681,0.000736521789804,0.00197305879556,0.00123653700575
6539,24,2,6,0.114898264408,0.057214088738,0.096526697278,0.0307772364467,-0.0657494589686
6540,4821,1,13,0.0910142660141,0.00729363737628,0.098860129714,0.227413997054,0.12855386734
6541,780,3,5,0.0517215840518,0.0180133413523,0.0122527182102,0.014166819863,0.0019141016528
6542,8771,5,8,0.195503354073,0.0734799131751,0.00398652348667,0.00199798191898,-0.0019885415677
6543,3476,2,13,0.0986419543624,0.0410391762853,0.0271612834185,0.0151958018541,-0.0119654815644
6544,3747,4,5,0.0775004252791,0.0184428952634,0.0123753780499,0.0221670027822,0.00979162473232
6545,7742,3,7,0.0610696859658,0.0170987844467,0.0118596376851,0.0181585494429,0.00629891175777
6546,7772,2,17,0.0786567032337,0.021739250049,0.0064847948961,0.0063113309443,-0.000173463951796
6547,6759,3,7,0.246049210429,0.00869274325669,0.57183688879,0.0344884581864,-0.53734844923
6550,3710,2,7,0.0898323878646,0.0149421179667,0.0194498226047,0.0607729963958,0.0413231737912
6551,794,4,10,0.132869303226,0.0110455080867,0.00521669629961,0.00964224059135,0.00442554429173
6552,2163,3,10,0.0934413895011,0.0277949813753,0.0228310823441,0.0272271633148,0.00439608097076
6553,7588,6,23,0.126500412822,0.0229913853109,0.00221863132901,0.00931976269931,0.00710113160312
6554,1459,3,3,0.12538947165,0.0256886593997,0.25029361248,0.0427321530879,-0.207561463118
6555,9262,4,12,0.0916591882706,0.0251230858266,0.0526372604072,0.0148942060769,-0.0377430543303
6556,3638,3,3,0.0671999678016,0.0176084581763,0.105228170753,0.0420212782919,-0.0632068961859
6558,3581,8,16,0.0771906375885,0.0100435754284,0.268450945616,0.166891738772,-0.101559206843
6559,9231,2,5,0.156437203288,0.0111857643351,0.339832633734,0.029966108501,-0.309866517782
6560,1430,3,7,0.179323673248,0.0966870263219,0.0923782363534,0.0221783667803,-0.0701998695731
6561,2625,2,5,0.0943227037787,0.00341810495593,0.0604195781052,0.00628081196919,-0.054138764739
6562,8692,2,5,0.0571730025113,0.00210261461325,0.139340236783,0.0561891235411,-0.0831511169672
6563,6422,4,15,0.121349178255,0.0105036338791,0.0153264990076,0.0281725693494,0.0128460703418
6564,8397,3,20,0.152016356587,0.0158968754113,0.287059396505,0.0981301963329,-0.188929200172
6565,8467,1,8,0.0896671190858,0.022657694295,0.0125993685797,0.00454956153408,-0.00804980657995
6566,6064,11,11,0.174827262759,0.0427048131824,0.0177812147886,0.00866806227714,-0.00911315251142
6567,6422,2,8,0.111638061702,0.0225326810032,0.0240429714322,0.0125959217548,-0.0114470496774
6568,6305,5,12,0.159222140908,0.0381415523589,0.0233980510384,0.0265180710703,0.00312002003193
6571,6422,3,6,0.163489088416,0.055635496974,0.00799317285419,0.0168142486364,0.00882107578218
6572,4072,2,4,0.0680160224438,0.00884654559195,0.00917962566018,0.0136637510732,0.004484125413
6573,4866,4,4,0.0763093903661,0.0133387651294,0.0647778883576,0.0578081719577,-0.00696971639991
6575,3495,3,8,0.1093474105,0.0870946720243,0.791747152805,0.462789297104,-0.328957855701
6576,4145,5,5,0.0754070952535,0.0136974127963,0.0045883632265,0.0167200639844,0.0121317002922
6577,4939,5,6,0.0792339071631,0.0160686708987,0.00132671406027,0.00723523972556,0.00590852554888
6578,8326,1,3,0.0810175687075,0.0188047587872,0.0114098936319,0.0219528581947,0.0105429645628
6579,4812,1,5,0.105106286705,0.0247230622917,0.0208840686828,0.0584344156086,0.0375503450632
6580,1720,13,39,0.134393438697,0.0174115542322,0.013355708681,0.078960955143,0.0656052455306
6582,5011,2,4,0.139634087682,0.0638880506158,0.0151105038822,0.0262837018818,0.0111731979996
6583,2026,4,8,0.0935018733144,0.0110352588817,0.0353901609778,0.0153094008565,-0.0200807601213
6584,5011,2,9,0.0684637799859,0.00746801961213,0.0414477139711,0.0701083466411,0.0286606326699
6585,1352,2,7,0.0787699371576,0.00924125965685,0.00209068134427,0.00825901702046,0.00616833567619
6586,1413,4,12,0.0698098242283,0.0177578218281,0.430267244577,0.271082282066,-0.159184962511
6587,1451,2,10,0.114343345165,0.016481526196,0.0752068907022,0.0650859922171,-0.0101208984852
6588,5022,3,13,0.105934619904,0.0139876417816,0.402979105711,0.261603206396,-0.141375899315
6589,5758,4,5,0.0712483897805,0.0120405284688,0.094748929143,0.0480857379735,-0.0466631911695
6590,6883,11,18,0.0646357014775,0.00922496989369,0.115648239851,0.0791283398867,-0.0365198999643
6591,771,4,14,0.0818919315934,0.029986731708,0.00321582471952,0.00268133101054,-0.000534493708983
6592,1869,4,8,0.0757651403546,0.0333175435662,0.00452698208392,0.00561628490686,0.00108930282295
6593,3681,1,6,0.0863007083535,0.014857579954,0.00911715999246,0.00612720521167,-0.00298995478079
6594,8300,5,21,0.0932168737054,0.0227752756327,0.0122095802799,0.0235317144543,0.0113221341744
6595,8639,6,9,0.101486228406,0.046202685684,0.00880208238959,0.010536425747,0.00173434335738
6596,1127,2,7,0.0500060208142,0.0135417263955,0.00877715088427,0.0281828641891,0.0194057133049
6597,1111,12,26,0.104079820216,0.0234046149999,0.0568210184574,0.0202134978026,-0.0366075187922
6598,3704,3,12,0.0919866338372,0.058858986944,0.0281607117504,0.0488477684557,0.0206870567054
6599,6490,3,4,0.046477291733,0.00681996205822,0.0755378380418,0.0453306920826,-0.0302071459591
6600,2532,3,5,0.0545346587896,0.00561728654429,0.0132103068754,0.0163287371397,0.00311843026429
6601,3112,1,5,0.0769226551056,0.00112377642654,0.0124318217859,0.0126346452162,0.0002028234303
6602,5896,3,7,0.0959536656737,0.0530304275453,0.13871756196,0.138278275728,-0.000439286231995
6603,771,7,11,0.249613761902,0.0704511776567,0.555308163166,0.137815579772,-0.417492568493
6604,4202,2,7,0.170218423009,0.0322842523456,0.0815583392978,0.0203956477344,-0.0611626915634
6605,2140,1,4,0.101923070848,0.0161830075085,0.0091667547822,0.0299161281437,0.0207493733615
6606,8088,2,6,0.0574719496071,0.0225156806409,0.134580716491,0.1062893942,-0.0282913222909
6607,5170,1,7,0.125479951501,0.0402537845075,0.00309270108119,0.00551058677956,0.00241788569838
6608,6196,1,7,0.15701790154,0.0363620743155,0.158524557948,0.0460720770061,-0.112452477217
6609,4144,5,16,0.100419379771,0.040227111429,0.00771793304011,0.00207335501909,-0.00564457802102
6610,7937,1,7,0.0814405009151,0.00837761722505,0.0751314908266,0.0297100264579,-0.0454214662313
6612,5077,3,7,0.080454185605,0.033986505121,0.067142829299,0.03600942716,-0.0311334021389
6613,4598,2,11,0.150469079614,0.0279225334525,0.0146096814424,0.0121083883569,-0.00250129308552
6614,6180,1,9,0.0756179466844,0.0123851178214,0.00889838393778,0.00468463404104,-0.00421374989673
6615,3910,2,7,0.147119045258,0.035519707948,0.000563438807148,0.00338331027888,0.00281987152994
6616,1345,1,4,0.0969802960753,0.0167298968881,0.0806865096092,0.15910410881,0.0784175992012
6617,7356,3,13,0.106419615448,0.0336279608309,0.00904004275799,0.00842464435846,-0.000615398399532
6619,7466,5,7,0.0822895243764,0.0386499501765,0.0179558414966,0.0210578311235,0.00310198962688
6620,6615,4,6,0.0897224918008,0.0370794460177,0.0147170675918,0.0107213808224,-0.00399568676949
6621,4462,6,12,0.132091119885,0.0117861088365,0.00258719897829,0.0110999373719,0.00851273816079
6622,5190,2,3,0.246060326695,0.0457077100873,0.805567324162,0.165232822299,-0.640334486961
6623,4836,3,4,0.0696444883943,0.0166080258787,0.00680815707892,0.014478511177,0.00767035409808
6625,3857,5,18,0.0595120191574,0.0152504025027,0.0131554743275,0.0150514123961,0.00189593806863
6626,8770,1,7,0.0542347729206,0.00549905234948,0.0141662536189,0.0126473158598,-0.0015189377591
6627,6337,2,3,0.113898538053,0.0175518002361,0.0238713268191,0.0186684541404,-0.00520287267864
6628,5169,4,3,0.0511852987111,0.0157456062734,0.00781587790698,0.00779132312164,-2.4554785341e-05
6629,1179,1,3,0.0707891285419,0.00930678565055,0.176482185721,0.157598331571,-0.0188838541508
6630,134,1,2,0.0526346974075,0.0112843569368,0.23272228241,0.221889212728,-0.0108330696821
6631,255,1,5,0.15740890801,0.0546691380441,0.0185573901981,0.0143478093669,-0.00420958083123
6632,3993,1,5,0.108054719865,0.0207434240729,0.00200982601382,0.00506701879203,0.00305719277821
6633,1002,3,3,0.0917983874679,0.0287488866597,0.0246903859079,0.0413000620902,0.0166096761823
6635,7987,2,5,0.0971320495009,0.0270027462393,0.0222641080618,0.026016632095,0.00375252403319
6636,6013,4,10,0.0728764012456,0.0242730658501,0.0228728652,0.0123941255733,-0.0104787396267
6637,1970,4,13,0.0659494400024,0.00992612075061,0.0126842167228,0.00978996790946,-0.00289424881339
6638,567,2,7,0.0718451067805,0.0722601264715,0.596902430058,0.399272531271,-0.197629898787
6639,4752,4,10,0.134143769741,0.0470217950642,0.01342441421,0.0112218363211,-0.00220257788897
6640,4706,5,14,0.159396871924,0.0915009230375,0.000613491050899,0.0159645471722,0.0153510561213
6641,6905,4,11,0.142019554973,0.00317001109943,0.0171883255243,0.0192558895797,0.00206756405532
6642,9222,1,10,0.224543735385,0.0356149412692,0.581499576569,0.117622755468,-0.46387681365
6644,4928,5,4,0.0594234503806,0.00311163347214,0.0275646075606,0.0186355244368,-0.0089290831238
6645,2220,1,2,0.0803570374846,0.00112336198799,0.0165357831866,0.00946982670575,-0.0070659564808
6646,3809,2,3,0.0665558278561,0.0426219962537,0.0156174059957,0.0141742443666,-0.00144316162914
6647,6938,2,5,0.112587116659,0.0656468644738,0.534248948097,0.198019981384,-0.336228966713
6648,4723,3,9,0.0722542628646,0.0237163119018,0.285264164209,0.164108887315,-0.121155276895
6649,3726,1,8,0.0807240083814,0.0210866965353,0.0140237640589,0.0136418743059,-0.000381889753044
6651,1900,1,7,0.0672545135021,0.023520026356,0.0515011623502,0.0391854196787,-0.0123157426715
6652,5865,3,18,0.0615471787751,0.0241221860051,0.124204352498,0.109528236091,-0.0146761164069
6653,1016,1,6,0.086035259068,0.0239680465311,0.00138224521652,0.00193929264788,0.000557047431357
6654,9285,4,6,0.264748603106,0.124678440392,7.17762377462e-05,0.00613013841212,0.00605836231261
6656,6086,3,11,0.092692553997,0.0237834360451,0.0152293853462,0.0139575591311,-0.00127182621509
6657,2351,1,8,0.0742593333125,0.0194568764418,0.0671828091145,0.0416197627783,-0.0255630463362
6658,4595,3,5,0.129473090172,0.0607087984681,0.180205523968,0.122155942023,-0.0580495819449
6659,1685,1,8,0.105195857584,0.0204559080303,0.00854628812522,0.0041675362736,-0.00437875185162
6660,7540,4,7,0.207638323307,0.0565457679331,0.884762108326,0.303682118654,-0.581079959869
6661,4937,3,10,0.104601979256,0.0142485713586,0.0210230778903,0.0350511372089,0.0140280593187
6662,9272,3,14,0.141634762287,0.0123890843242,0.00203251396306,0.0091626252979,0.00713011156768
6663,4862,3,5,0.0627782642841,0.0130194053054,0.00979947764426,0.018716679886,0.00891720224172
6664,9272,2,9,0.10538200289,0.0458611287177,0.0192511714995,0.00859333854169,-0.0106578329578
6665,3667,2,4,0.102261245251,0.0134240230545,0.0416237041354,0.0402599014342,-0.00136380270123
6666,381,2,8,0.0877542495728,0.0253153014928,0.058743018657,0.104485593736,0.0457425750792
6667,4511,3,17,0.138328447938,0.0521602258086,0.0417770296335,0.0752111747861,0.0334341451526
6668,4312,1,3,0.0729530602694,0.0217499472201,0.187761038542,0.10222389549,-0.0855371430516
6669,2141,5,9,0.070199675858,0.0411321893334,0.0185495726764,0.0329572856426,0.0144077129662
6670,3530,1,7,0.0529850237072,0.0138806095347,0.0210806559771,0.0252360850573,0.00415542908013
6671,1641,1,6,0.061303075403,0.0110940625891,0.00964842643589,0.00769085483626,-0.00195757159963
6673,1846,9,22,0.106436394155,0.0452945232391,0.122498035431,0.0681187584996,-0.0543792769313
6674,3027,4,9,0.252221822739,0.0604829154909,0.180245906115,0.0663186535239,-0.113927252591
6675,1119,4,18,0.0918717756867,0.0401154011488,0.259043902159,0.0721986964345,-0.186845213175
6676,7680,4,4,0.169577598572,0.0426333509386,0.0112418821082,0.0124562876299,0.00121440552175
6677,6768,4,4,0.392366737127,0.0298678390682,0.923472881317,0.127153292298,-0.79631960392
6678,7832,4,11,0.0983477011323,0.010060345754,0.0986644029617,0.0139588480815,-0.0847055539489
6679,1051,4,5,0.319110184908,0.0670363903046,0.953644514084,0.254416137934,-0.699228405952
6681,1385,2,5,0.110947795212,0.0186941288412,0.0200627017766,0.015487909317,-0.00457479245961
6683,343,2,8,0.0817378237844,0.00934583041817,0.0199126359075,0.0376175902784,0.0177049543709
6684,5059,4,4,0.141882583499,0.0956973582506,0.00796193163842,0.00508313020691,-0.00287880143151
6685,5697,1,4,0.115174435079,0.0208897665143,0.000842187437229,0.00186684820801,0.00102466077078
6686,692,2,3,0.0766772404313,0.0252049788833,0.0113843623549,0.0420321524143,0.0306477900594
6687,131,3,2,0.142227873206,0.0857549235225,0.0102335428819,0.0447092615068,0.0344757176936
6688,2929,4,5,0.0961240530014,0.0248858276755,0.0467514321208,0.0226123500615,-0.0241390820593
6690,2197,3,8,0.0792780891061,0.00305091845803,0.0695154815912,0.0701397135854,0.000624231994152
6691,3465,1,13,0.0832868739963,0.0135794300586,0.0974204316735,0.0219236984849,-0.0754967331886
6692,2537,4,5,0.0546545796096,0.0170832015574,0.0504491962492,0.0619566477835,0.0115074515343
6693,1814,1,6,0.0795548483729,0.0343506745994,0.0539446733892,0.0234926398844,-0.0304520335048
6694,1940,2,1,0.0887273028493,0.0241099689156,0.0224763713777,0.00684146955609,-0.0156349018216
6695,4927,4,5,0.0707582756877,0.00966607872397,0.00132219842635,0.0036608458031,0.00233864737675
6696,5708,1,3,0.103647351265,0.0209089741111,0.0124147497118,0.0138426497579,0.00142790004611
6697,2095,3,3,0.0685785934329,0.022229840979,0.0099875535816,0.0116282952949,0.00164074171335
6698,7565,2,8,0.0747554972768,0.0219771917909,0.0270477775484,0.0353272892535,0.00827951170504
6699,153,3,5,0.0654253959656,0.00247709895484,0.238850027323,0.112364374101,-0.126485645771
6700,6514,12,34,0.0937547311187,0.0137552712113,0.0178071931005,0.0381324850023,0.0203252919018
6701,3511,3,16,0.0900065079331,0.0320125743747,0.00200899876654,0.00579508254305,0.0037860837765
6702,3287,2,8,0.139378011227,0.020032087341,0.0158517006785,0.0353764146566,0.0195247139782
6703,408,4,2,0.0821039974689,0.0256182383746,0.104493126273,0.0414191670716,-0.0630739629269
6704,203,2,5,0.0932524204254,0.00873874500394,0.0384356714785,0.0211533065885,-0.01728236489
6705,3040,7,9,0.0882652997971,0.0103839617223,0.0136129679158,0.0127153256908,-0.000897642225027
6706,389,1,6,0.0721029937267,0.0184902399778,0.0161561165005,0.024819528684,0.00866341218352
6707,5707,2,7,0.0924872756004,0.0297728180885,0.0701056271791,0.0233677346259,-0.0467378944159
6708,589,3,5,0.0671254396439,0.0155225312337,0.0157994106412,0.0310036987066,0.0152042880654
6709,513,3,7,0.107659138739,0.0357066765428,0.0445893183351,0.0791966617107,0.0346073433757
6710,181,4,6,0.0512333624065,0.0138846933842,0.262378811836,0.318805456161,0.0564266443253
6712,356,3,16,0.0841047763824,0.0377249680459,0.51383125782,0.346822947264,-0.167008310556
6713,546,2,6,0.129605010152,0.0297452323139,0.193013578653,0.0528758503497,-0.140137732029
6715,6070,2,7,0.0860100612044,0.0142818028107,0.0339964143932,0.0493030101061,0.0153065957129
6716,124,2,6,0.121615849435,0.0246868152171,0.0819066390395,0.0626007989049,-0.0193058401346
6717,5688,2,3,0.0774097070098,0.0245579015464,0.0117032304406,0.0240841731429,0.0123809427023
6718,1435,1,10,0.0806609988213,0.00830879900604,0.00139020720962,0.00196838798001,0.00057818077039
6719,6534,1,5,0.183738872409,0.0107973590493,0.0373753830791,0.0161059107631,-0.0212694723159
6720,3948,6,9,0.106329619884,0.0177968777716,0.0243809316307,0.0281323697418,0.00375143811107
6721,6309,1,4,0.0815425217152,0.00635179970413,0.0600347295403,0.0973600521684,0.037325322628
6722,4080,2,6,0.0689062029123,0.0280550345778,0.00241915136576,0.00553419580683,0.00311504444107
6723,8966,4,4,0.170209512115,0.0240931604058,0.00849557295442,0.00997261237353,0.00147703941911
6724,2647,2,6,0.0870663896203,0.0114862304181,0.206622436643,0.0895384028554,-0.117084033787
6725,1111,3,4,0.0824532359838,0.0376004353166,0.0144012374803,0.00754551263526,-0.00685572484508
6726,4823,9,28,0.102158226073,0.0173235572875,0.00541403610259,0.028753593564,0.0233395583928
6727,2027,1,8,0.101299889386,0.00839765928686,0.0317859277129,0.0246449504048,-0.00714097730815
6728,292,13,27,0.0646237358451,0.0208715349436,0.00537483068183,0.00389416073449,-0.00148066994734
6729,3322,6,13,0.0819633677602,0.00405355682597,0.066604219377,0.0371653176844,-0.0294389016926
6730,5492,12,46,0.0718825384974,0.00896040443331,0.040848299861,0.0475953109562,0.00674701109529
6731,9282,3,9,0.106524549425,0.0106383860111,0.173902407289,0.0391065664589,-0.134795844555
6732,3694,4,7,0.0555594861507,0.0174655765295,0.0194677766412,0.00616599759087,-0.0133017785847
6733,3762,3,5,0.0925696715713,0.00648992042989,0.0146338418126,0.029100632295,0.0144667904824
6734,2160,2,7,0.117967404425,0.0454551316798,0.0338895469904,0.0293610747904,-0.00452847220004
6735,4391,2,6,0.139638662338,0.0604614913464,0.0430176667869,0.118050925434,0.075033262372
6736,5293,2,4,0.0778318867087,0.00493215443566,0.00361097347923,0.00788297876716,0.00427200552076
6738,8249,1,8,0.0323738902807,0.0158552471548,0.0256906505674,0.0422881245613,0.0165974739939
6739,1624,10,20,0.0980555191636,0.0126046836376,0.0224542003125,0.0176017507911,-0.00485244952142
6742,9082,2,14,0.0625673383474,0.0221993830055,0.0503696538508,0.0397644042969,-0.0106052495539
6743,6841,5,12,0.110186755657,0.0634203106165,0.123390823603,0.0819502919912,-0.0414405316114
6745,4791,3,1,0.107644855976,0.0851073414087,0.0100805191323,0.0126747759059,0.00259425677359
6746,5571,4,4,0.0519057959318,0.00726433750242,0.0113516040146,0.0100273611024,-0.00132424291223
6747,2171,1,12,0.130076378584,0.0334678068757,0.0313154943287,0.0183608792722,-0.0129546150565
6748,2197,4,18,0.0568898133934,0.00936846155673,0.156574860215,0.125843062997,-0.0307317972183
6749,3613,2,9,0.0800418928266,0.0115489382297,0.071683049202,0.022838793695,-0.048844255507
6750,1471,3,9,0.115962803364,0.0299810320139,0.124015472829,0.0419158898294,-0.0820995867252
6751,918,8,9,0.133300960064,0.0325560048223,0.0356934182346,0.0297050178051,-0.00598840042949
6752,3112,2,12,0.119148574769,0.0106487544253,0.0117826256901,0.045023303479,0.0332406759262
6754,5452,2,9,0.245899155736,0.214755773544,0.0132046835497,0.006539107766,-0.0066655757837
6755,2513,3,9,0.101449303329,0.0425782576203,0.276030629873,0.111828863621,-0.164201766253
6757,8221,2,1,0.0866297706962,0.0574917681515,0.0795777291059,0.0215403866023,-0.058037340641
6759,1927,3,5,0.0514258258045,0.00282662617974,0.0168569274247,0.0310556981713,0.0141987707466
6760,4991,5,2,0.067382119596,0.0321634709835,0.00668212352321,0.00610275566578,-0.000579367857426
6761,7053,1,6,0.0313179194927,0.00584723288193,0.0293871536851,0.0394727811217,0.0100856274366
6762,1004,3,4,0.087333701551,0.00970931537449,0.0298765413463,0.0618865229189,0.0320099815726
6763,114,4,8,0.070116199553,0.0229581147432,0.0342779532075,0.0231559928507,-0.0111219603568
6764,8000,1,3,0.0771199390292,0.0250034611672,0.0128314737231,0.00975120253861,-0.00308027118444
6765,3395,2,10,0.115408219397,0.0328541249037,0.0701755210757,0.0237148310989,-0.0464606881142
6766,1176,3,5,0.0539524294436,0.00918281171471,0.0469548851252,0.0329503677785,-0.0140045173466
6767,1113,8,29,0.0716355443001,0.0103417225182,0.0357743278146,0.0289610717446,-0.00681325607002
6768,4167,2,10,0.0759918913245,0.00749142840505,0.0111972633749,0.0131965950131,0.00199933163822
6769,1907,4,7,0.0595430843532,0.0283962003887,0.0660769045353,0.115771859884,0.049694955349
6770,5408,1,7,0.0734928324819,0.0271754879504,0.0539697669446,0.0343264304101,-0.0196433365345
6771,6724,1,4,0.05954163149,0.00869603734463,0.0264716371894,0.0202598888427,-0.00621174834669
6772,7280,12,16,0.0960828885436,0.0231043472886,0.0203952491283,0.0278520733118,0.00745682418346
6773,7800,1,6,0.0673666372895,0.00822419021279,0.00988746155053,0.0165776629001,0.00669020134956
6774,3798,2,10,0.0941032469273,0.00947279576212,0.00877007655799,0.0201506111771,0.0113805346191
6776,6868,2,4,0.0784661322832,0.0196201447397,0.030873881653,0.0239487048239,-0.0069251768291
6777,7149,3,15,0.125457167625,0.0482050813735,0.0340324826539,0.0933609083295,0.0593284256756
6778,2377,1,4,0.0754890218377,0.0123691288754,0.0610290616751,0.044236201793,-0.0167928598821
6779,751,3,3,0.0647358372808,0.0301346685737,0.0152521245182,0.0317340604961,0.0164819359779
6780,3834,6,25,0.112107641995,0.0389407537878,0.365702867508,0.130403384566,-0.235299482942
6781,8419,1,14,0.1383048594,0.0236070379615,0.00393909960985,0.00602754950523,0.00208844989538
6782,5852,4,4,0.034120965749,0.0078538088128,0.0310847386718,0.0167087316513,-0.0143760070205
6783,5481,1,10,0.0862304195762,0.0178206972778,0.00881039258093,0.024808941409,0.0159985497594
6784,5469,4,4,0.0822461545467,0.0236652549356,0.0387858487666,0.0442459248006,0.00546007603407
6785,3680,2,5,0.0561225228012,0.0242065619677,0.0588308610022,0.0646737217903,0.00584286078811
6786,115,2,4,0.081949852407,0.0187683962286,0.10020583868,0.0432562232018,-0.0569496154785
6787,4590,2,5,0.102895379066,0.017199492082,0.0262963138521,0.0525755472481,0.0262792333961
6788,4138,3,4,0.0506783723831,0.00551473814994,0.0108918063343,0.0121897943318,0.00129798799753
6789,7145,6,7,0.0780493170023,0.00750074675307,0.0652069225907,0.0145904831588,-0.0506164394319
6790,5322,5,17,0.0765762552619,0.00287991203368,0.00951823405921,0.0288872066885,0.0193689726293
6791,2546,4,9,0.0870950222015,0.00873197428882,0.0378158725798,0.0190162006766,-0.0187996719033
6792,659,1,4,0.1687053442,0.0477869808674,0.733584344387,0.249153509736,-0.484430849552
6793,687,3,4,0.199972331524,0.0563236437738,0.461028903723,0.104329131544,-0.356699764729
6795,1631,2,11,0.0996604636312,0.0310009475797,0.368051290512,0.139657407999,-0.228393882513
6796,3004,1,5,0.297084122896,0.115017384291,0.950363636017,0.323207646608,-0.627156019211
6797,1068,2,6,0.0579923279583,0.0209675915539,0.0564472153783,0.0482165329158,-0.00823068246245
6798,1357,5,1,0.0729659870267,0.0102166905999,0.00365215726197,0.018704617396,0.015052460134
6799,4832,1,7,0.0821630880237,0.025340737775,0.00323913013563,0.00758308731019,0.00434395717457
6800,7493,2,5,0.110171854496,0.0325418710709,0.122892700136,0.0614109225571,-0.0614817775786
6801,4757,3,11,0.0463968068361,0.00797897577286,0.0677676051855,0.0506658442318,-0.0171017609537
6802,8635,5,5,0.0758908763528,0.0196621920913,0.017234582454,0.0430131591856,0.0257785767317
6803,2332,3,5,0.155097350478,0.0073842452839,0.0112967053428,0.00839498173445,-0.00290172360837
6804,5365,1,8,0.137040838599,0.0881855338812,0.0117584336549,0.0163015201688,0.00454308651388
6805,4888,4,4,0.0645236372948,0.0115708922967,0.0384318493307,0.0211824029684,-0.0172494463623
6806,5577,2,14,0.110391259193,0.0214455854148,0.0202682577074,0.0151412254199,-0.00512703228742
6807,3855,4,15,0.116258025169,0.00792811159045,0.0272928718477,0.0377568416297,0.010463969782
6808,8633,1,9,0.121842525899,0.0422083027661,0.0295416712761,0.0355989821255,0.00605731084943
6809,5476,3,15,0.123017467558,0.0637922510505,0.0069695613347,0.00610511749983,-0.000864443834871
6810,4592,5,4,0.131499424577,0.086342766881,0.00666368752718,0.015934754163,0.00927106663585
6811,4059,5,5,0.116981811821,0.0479213260114,0.00582450907677,0.012882466428,0.00705795735121
6812,4014,4,7,0.173019990325,0.0172581691295,0.00289845652878,0.0331896878779,0.0302912313491
6813,8768,5,8,0.061241209507,0.0151598360389,0.00961285457015,0.0138223571703,0.00420950260013
6814,5495,4,2,0.0603940151632,0.0237915832549,0.00589798530564,0.0202762335539,0.0143782477826
6815,3623,2,10,0.108734168112,0.0403920300305,0.0187485758215,0.0153793590143,-0.00336921680719
6816,1954,1,4,0.127423629165,0.0726559013128,0.0394056327641,0.136570796371,0.0971651673317
6817,2105,1,7,0.069407992065,0.0209912471473,0.0181614644825,0.0262034982443,0.00804203376174
6818,6140,3,4,0.114193856716,0.0122091667727,0.00840954482555,0.0125979743898,0.00418842956424
6820,1071,2,7,0.0940759256482,0.0203447677195,0.0182760562748,0.0254446100444,0.00716855376959
6821,1739,2,9,0.0978810563684,0.01179001946,0.0102385217324,0.0265255253762,0.0162870027125
6822,2354,1,10,0.0780610963702,0.00780119700357,0.0255965460092,0.0267989858985,0.00120243988931
6823,1122,3,8,0.0751034244895,0.0191811285913,0.0155273908749,0.0220438260585,0.00651643518358
6824,7261,2,5,0.124106235802,0.0127882855013,0.01025401894,0.0234382152557,0.0131841963157
6825,7481,4,3,0.0779274106026,0.00704800803214,0.00425004726276,0.0109619619325,0.00671191466972
6826,7697,1,6,0.0807828977704,0.0208468791097,0.0686021000147,0.0404295548797,-0.028172545135
6827,899,1,5,0.0670671984553,0.00915562920272,0.0186705328524,0.0176084022969,-0.00106213055551
6828,1631,5,6,0.0840080976486,0.02981354855,0.235433220863,0.277799934149,0.0423667132854
6829,6841,2,2,0.0902540162206,0.0225423499942,0.0235404279083,0.0545599013567,0.0310194734484
6831,1879,1,5,0.0696010887623,0.0122706284747,0.120410114527,0.0591973252594,-0.0612127892673
6832,5913,2,4,0.0806505009532,0.00922860298306,0.00341258104891,0.00202857260592,-0.00138400844298
6833,1260,4,11,0.135344281793,0.0334801897407,0.177976518869,0.0344202518463,-0.143556267023
6834,1345,1,7,0.0607165209949,0.0149615136907,0.00238565634936,0.00739456340671,0.00500890705734
6835,4063,2,10,0.126857757568,0.0365338623524,0.00906450860202,0.0191424414515,0.0100779328495
6836,1890,4,4,0.0890746712685,0.0305738300085,0.158133178949,0.0686540007591,-0.0894791781902
6837,2215,1,4,0.101153768599,0.0242476128042,0.0139403091744,0.0632329955697,0.0492926873267
6838,5927,2,11,0.0927049294114,0.00950655620545,0.0288771614432,0.0290685240179,0.000191362574697
6839,5927,2,3,0.0709663555026,0.00914672482759,0.0366443917155,0.0109743671492,-0.0256700254977
6840,2388,5,8,0.0725907161832,0.0290962103754,0.00348489102907,0.00470794318244,0.00122305215336
6841,4291,1,6,0.17881244421,0.117336973548,0.723423540592,0.346075922251,-0.377347618341
6842,1522,2,1,0.0866723284125,0.021894145757,0.0309307295829,0.0221615433693,-0.00876918621361
6844,4262,1,4,0.0894934535027,0.0424145683646,0.0342503152788,0.0342618525028,1.15372240543e-05
6845,5047,3,8,0.164338096976,0.0219123009592,0.402036488056,0.0509914271533,-0.351045072079
6847,5035,4,7,0.0348868966103,0.00695410836488,0.0386192984879,0.0440107472241,0.00539144873619
6848,5160,3,13,0.137979850173,0.04537691921,0.124193660915,0.127037063241,0.00284340232611
6849,9041,2,6,0.198932170868,0.0605934038758,0.0710812583566,0.0261061135679,-0.0449751466513
6850,2239,3,4,0.0993039011955,0.0417404174805,0.928455650806,0.613658249378,-0.314797401428
6851,9262,1,5,0.111694276333,0.0185916442424,0.0614713951945,0.0219356045127,-0.0395357906818
6852,6748,6,5,0.0809244737029,0.00554421311244,0.00369513616897,0.00586296757683,0.00216783140786
6853,1519,2,6,0.10164771229,0.081532433629,0.0329600460827,0.0222580134869,-0.0107020325959
6854,5164,1,7,0.068465590477,0.0160797517747,0.0274105593562,0.0248136669397,-0.00259689241648
6855,304,3,5,0.212703034282,0.0259820576757,0.437939047813,0.0182581301779,-0.419680923223
6856,7186,4,8,0.0754706040025,0.01075938344,0.0086083766073,0.010149480775,0.0015411041677
6857,2015,4,4,0.103917688131,0.025589749217,0.00534920627251,0.0258769001812,0.0205276943743
6858,3022,2,7,0.213387012482,0.0631894022226,0.934667468071,0.363467484713,-0.571200013161
6859,2492,4,7,0.116497516632,0.0251812189817,0.0462020076811,0.0469817109406,0.000779703259468
6861,2568,4,12,0.084298722446,0.0129471886903,0.0115729346871,0.00794256199151,-0.00363037269562
6862,5525,3,6,0.0730695277452,0.0251720082015,0.082012526691,0.0568187236786,-0.0251938030124
6863,1715,5,5,0.0953191146255,0.0426396876574,0.0107227889821,0.0106830196455,-3.97693365812e-05
6864,6666,1,6,0.0862007513642,0.00914249848574,0.00809638481587,0.013469081372,0.00537269655615
6865,504,2,7,0.0915513858199,0.0216136649251,0.020702527836,0.0204370934516,-0.000265434384346
6866,585,2,9,0.0523000918329,0.0232300069183,0.329982578754,0.3095882833,-0.020394295454
6867,611,3,5,0.0658751875162,0.007028457243,0.0518285483122,0.0285511072725,-0.0232774410397
6868,516,2,2,0.0649083480239,0.0196352209896,0.0122726801783,0.0249900836498,0.0127174034715
6869,304,1,9,0.0863550007343,0.0125741129741,0.0345962159336,0.0241330265999,-0.0104631893337
6871,319,2,6,0.0722223818302,0.00757248047739,0.0292408075184,0.0514173656702,0.0221765581518
6872,7989,1,8,0.0991300418973,0.00482081156224,0.0166873950511,0.0107074854895,-0.00597990956157
6873,4678,2,6,0.120339274406,0.0250565297902,0.009661574848,0.0298172626644,0.0201556868851
6874,442,3,9,0.0929235219955,0.0138277634978,0.297959566116,0.098101824522,-0.199857741594
6875,450,4,10,0.0929378867149,0.0267699528486,0.104232825339,0.0661840364337,-0.0380487889051
6876,567,1,5,0.0723788440228,0.00784830003977,0.0982024893165,0.0245142057538,-0.0736882835627
6877,853,4,12,0.221758082509,0.0953226312995,0.0244759265333,0.0483957342803,0.023919807747
6878,301,2,1,0.0925984755158,0.0221406649798,0.0147302765399,0.0556246973574,0.0408944189548
6879,4403,3,3,0.306767433882,0.0786867961287,0.000840689579491,0.00751412147656,0.00667343195528
6880,6624,2,8,0.0654523000121,0.0278756916523,0.0466509312391,0.0332121439278,-0.0134387873113
6881,4999,4,4,0.0764861628413,0.0179505888373,0.0456344373524,0.0236883219332,-0.0219461154193
6882,4382,1,8,0.148978292942,0.0522376783192,0.00588731188327,0.00867982860655,0.00279251672328
6883,6391,6,11,0.158740028739,0.0321562886238,0.00658425921574,0.033083897084,0.0264996383339
6884,1875,2,9,0.136779218912,0.0280234459788,0.0015862849541,0.00263707339764,0.00105078844354
6885,2141,2,7,0.119899533689,0.0226248279214,0.0027488223277,0.00734609877691,0.0045972764492
6886,4999,1,9,0.104432493448,0.00968095287681,0.0429787002504,0.0367736108601,-0.00620508939028
6887,82,3,5,0.111307911575,0.0131297959015,0.00498562213033,0.0198348332196,0.0148492110893
6888,5510,4,3,0.0762900337577,0.0206611212343,0.0273848623037,0.0172940511256,-0.0100908111781
6889,1416,4,6,0.0526581853628,0.00605272129178,0.0431665293872,0.012696608901,-0.0304699204862
6890,1043,1,5,0.103255964816,0.0235419142991,0.00438066245988,0.0216790512204,0.0172983892262
6891,8983,1,5,0.0515800453722,0.00994585175067,0.041362721473,0.0274384785444,-0.0139242429286
6892,9026,2,15,0.118819981813,0.0169214662164,0.102087855339,0.0270940810442,-0.0749937742949
6893,6472,3,8,0.0810942575336,0.0253013912588,0.00579888187349,0.00876093562692,0.00296205375344
6894,6431,3,5,0.183281540871,0.0675023421645,0.409108459949,0.109344244003,-0.299764215946
6895,7319,1,4,0.167298316956,0.0473420023918,0.0251671876758,0.0144034484401,-0.0107637392357
6896,9318,11,42,0.0375018455088,0.00878298096359,0.0123633164912,0.00805162731558,-0.00431168917567
6897,4679,2,7,0.150009170175,0.017890850082,0.00809833221138,0.0569328777492,0.0488345474005
6898,1115,2,6,0.0912550762296,0.038467887789,0.0320208631456,0.0225471425802,-0.00947372056544
6899,5295,4,13,0.0743924975395,0.0181339774281,0.0339032262564,0.0324462130666,-0.00145701318979
6900,2449,1,18,0.133382499218,0.0203625671566,0.00530162500218,0.0043472754769,-0.000954349525273
6901,2791,2,6,0.0915241464972,0.0183650162071,0.0237735453993,0.0352104343474,0.0114368889481
6902,1246,4,5,0.208535626531,0.100987181067,0.426044881344,0.099029481411,-0.327015399933
6903,5695,3,11,0.215485826135,0.0347440727055,0.690489172935,0.143190920353,-0.547298252583
6904,1243,2,3,0.0591200701892,0.0223658401519,0.0176281239837,0.0136713152751,-0.00395680870861
6906,1449,1,2,0.0667152628303,0.00896687246859,0.00746238511056,0.0254550520331,0.0179926678538
6907,3789,3,5,0.0730224177241,0.0123051516712,0.103767283261,0.0647964403033,-0.0389708429575
6908,490,4,9,0.0890270546079,0.0123804369941,0.000594600162003,0.00678377365693,0.00618917355314
6909,415,7,28,0.0826290249825,0.0167448930442,0.0176783259958,0.0161905065179,-0.00148781947792
6910,26,9,22,0.0875934734941,0.00623223930597,0.0595850721002,0.0484975278378,-0.0110875442624
6911,459,1,3,0.109345383942,0.0511370375752,0.0245820302516,0.101316034794,0.0767340064049
6913,3967,2,8,0.0658051297069,0.00564637035131,0.00546499760821,0.0116345873103,0.00616958970204
6915,390,1,7,0.181264281273,0.0309581235051,0.482254743576,0.077662833035,-0.404591917992
6916,293,3,12,0.0814459174871,0.00748726259917,0.0788097977638,0.146018028259,0.0672082304955
6917,500,2,1,0.0699357911944,0.0161799155176,0.000951218127739,0.00322237913497,0.00227116094902
6918,500,2,3,0.0890212655067,0.0294929631054,0.0727868154645,0.062108810991,-0.0106780044734
6919,5338,3,6,0.0663347914815,0.0165312476456,0.00241525634192,0.00310757756233,0.000692321220413
6920,5664,2,5,0.0810176432133,0.0309248715639,0.0143160689622,0.014117310755,-0.000198758207262
6921,1002,2,11,0.114442326128,0.00275639793836,0.0567355118692,0.0520841926336,-0.00465131923556
6922,1667,4,11,0.0681304261088,0.0235266480595,0.00880767032504,0.00512821041048,-0.00367945991457
6923,153,1,9,0.0906770601869,0.0180496443063,0.290001064539,0.123123206198,-0.166877865791
6924,271,1,2,0.133076533675,0.0200358536094,0.643907606602,0.234373196959,-0.409534394741
6925,1716,3,8,0.124837435782,0.0992622077465,0.676963925362,0.314984351397,-0.361979573965
6927,444,1,6,0.0953843221068,0.0255574658513,0.0086985193193,0.0423064827919,0.0336079634726
6928,8077,2,16,0.0717985630035,0.0156409218907,0.0669696256518,0.0363230966032,-0.0306465290487
6929,4572,3,1,0.0804724320769,0.0203702840954,0.0214700438082,0.0105271525681,-0.0109428912401
6930,5035,2,4,0.0609510578215,0.00705916527659,0.0253316443413,0.0359361805022,0.0106045361608
6931,5699,3,11,0.101884938776,0.0221629478037,0.13374941051,0.0284975413233,-0.105251871049
6932,867,3,4,0.094515658915,0.00749180139974,0.133838027716,0.0600867979228,-0.0737512260675
6933,1098,1,4,0.101862810552,0.016985328868,0.0359158441424,0.0175822097808,-0.0183336343616
6935,410,3,8,0.0533167086542,0.0114396559075,0.0720065161586,0.0502906255424,-0.0217158906162
6936,3001,1,4,0.181801065803,0.0809593573213,0.00806697271764,0.00923854392022,0.00117157120258
6938,5604,2,5,0.134016677737,0.0229645948857,0.00759626040235,0.00683622760698,-0.00076003279537
6940,8020,2,1,0.157002046704,0.0222511868924,0.36595082283,0.0301764402539,-0.33577439189
6941,1035,3,6,0.0735041871667,0.0302074309438,0.0180189888924,0.039431232959,0.0214122440666
6942,999,5,9,0.0628916993737,0.0241312813014,0.0310387965292,0.0238291323185,-0.00720966421068
6943,1728,3,26,0.201190769672,0.0682481974363,0.00829635374248,0.0148593261838,0.00656297244132
6945,363,1,3,0.0714478269219,0.0153865199536,0.0081526292488,0.00650219479576,-0.00165043445304
6946,248,3,8,0.136510923505,0.0704530924559,0.0877899453044,0.119679413736,0.0318894684315
6947,352,2,6,0.0816197916865,0.0223156008869,0.128880992532,0.0686290636659,-0.0602519288659
6948,332,2,6,0.106623210013,0.0490003228188,0.269284576178,0.107231587172,-0.162052989006
6949,1579,3,8,0.0549656152725,0.00955058820546,0.170604482293,0.0802330896258,-0.0903713926673
6952,501,1,6,0.0793199166656,0.0174734126776,0.0235140752047,0.0261014457792,0.00258737057447
6953,3979,4,26,0.083889849484,0.0306414645165,0.0352013930678,0.0219914410263,-0.0132099520415
6954,69,4,7,0.0845384523273,0.0174473021179,0.0181826986372,0.0164094362408,-0.00177326239645
6955,8761,4,10,0.129758000374,0.014363960363,0.205050975084,0.0120036900043,-0.19304728508
6956,1020,1,4,0.082698918879,0.0290607959032,0.0177067033947,0.00740449689329,-0.0103022065014
6958,731,2,2,0.166475772858,0.0219133216888,0.374931246042,0.0699634030461,-0.304967850447
6959,718,1,2,0.0911718010902,0.0229660943151,0.0390884391963,0.0495185144246,0.0104300752282
6960,6033,1,7,0.0619604848325,0.0055862381123,0.141081079841,0.049735236913,-0.091345846653
6961,7100,4,25,0.0640943795443,0.00643255235627,0.110212430358,0.122479975224,0.0122675448656
6962,5608,4,2,0.0794578120112,0.0203112419695,0.00549234077334,0.00721209822223,0.00171975744888
6963,9068,7,17,0.100963316858,0.0203155186027,0.00275322585367,0.00112785783131,-0.00162536802236
6964,6445,3,2,0.0712106302381,0.00101925968193,0.0121510336176,0.00880520418286,-0.00334582943469
6965,8186,4,2,0.0825473591685,0.0280543379486,0.0172745510936,0.0183217898011,0.00104723870754
6966,7262,3,4,0.123276911676,0.0340472795069,0.00390668865293,0.0172192063183,0.0133125176653
6968,6295,1,5,0.138209089637,0.0561937279999,0.00727571500465,0.00489920657128,-0.00237650843337
6969,6292,2,9,0.151278182864,0.0203866101801,0.397891461849,0.0576173700392,-0.340274095535
6970,6429,3,3,0.089574098587,0.0315828621387,0.0810649171472,0.0273805633187,-0.0536843538284
6971,576,1,3,0.102881409228,0.0209908802062,0.0044455579482,0.00284037156962,-0.00160518637858
6972,3399,3,4,0.106580264866,0.010936582461,0.0119491834193,0.0130830472335,0.00113386381418
6973,6533,2,9,0.117772974074,0.00610671937466,0.00634994916618,0.0346676670015,0.0283177178353
6974,293,3,13,0.14839412272,0.0328174233437,0.0468447729945,0.10389071703,0.0570459440351
6975,198,1,4,0.0607648529112,0.00522506050766,0.0166713967919,0.0183147154748,0.00164331868291
6976,8582,1,3,0.0505744032562,0.0136945741251,0.00420695031062,0.00571694783866,0.00150999752805
6977,6493,1,4,0.0620475150645,0.0206800047308,0.0481265597045,0.0453490279615,-0.00277753174305
6978,600,6,5,0.0809803754091,0.0172862485051,0.00168683414813,0.00380338728428,0.00211655301973
6979,7134,4,11,0.0965503230691,0.031690120697,0.00648927595466,0.00354752014391,-0.00294175581075
6981,3297,1,6,0.0988854989409,0.0179273560643,0.00704204570502,0.0114824473858,0.00444040168077
6982,2820,1,4,0.115297354758,0.0561370737851,0.83933275938,0.456521660089,-0.382811099291
6983,913,1,3,0.0642410889268,0.00717205321416,0.00335367280059,0.00524468766525,0.00189101486467
6984,666,3,7,0.166700795293,0.033547911793,0.469257473946,0.102158270776,-0.367099195719
6985,704,3,1,0.0792900919914,0.0220062006265,0.0202491376549,0.0596775524318,0.0394284129143
6987,7847,4,3,0.0712161958218,0.00951913651079,0.00717395171523,0.00506816757843,-0.0021057841368
6988,5266,2,5,0.191226065159,0.0228347349912,0.0580955781043,0.15792042017,0.0998248457909
6989,6656,5,5,0.155601873994,0.0740015357733,0.00165932823438,0.0050311605446,0.00337183242664
6990,4969,2,7,0.101611591876,0.0190865192562,0.0110368626192,0.015661245212,0.00462438259274
6991,4272,1,7,0.0869264900684,0.0124235777184,0.0703887343407,0.0703086480498,-8.00862908363e-05
6992,1263,1,11,0.112403929234,0.0229166485369,0.0693246424198,0.0968867465854,0.0275621041656
6993,8729,1,3,0.0697236359119,0.0259319245815,0.0168405473232,0.0195499863476,0.00270943902433
6994,744,1,3,0.108496122062,0.0380732305348,0.0658456385136,0.0318139977753,-0.0340316407382
6995,5788,1,6,0.0915670022368,0.0232502091676,0.0253529064357,0.0454284399748,0.0200755335391
6996,9123,3,4,0.046912625432,0.00437203608453,0.0172312725335,0.0183744952083,0.00114322267473
6998,2080,3,9,0.106163918972,0.0207963138819,0.0199228189886,0.0252275783569,0.0053047593683
6999,1174,4,3,0.0934976115823,0.0133817410097,0.0567693784833,0.0461258478463,-0.010643530637
7000,743,2,7,0.140936419368,0.0502240732312,0.00044359191088,0.00307321245782,0.00262962048873
7001,8585,1,2,0.16390889883,0.0140384174883,0.0538448020816,0.0258049760014,-0.0280398260802
7002,8578,2,7,0.0670928284526,0.0131577486172,0.0113340988755,0.0122867105529,0.000952611677349
7003,4177,5,6,0.0879224017262,0.0117652490735,0.00298974337056,0.00322606787086,0.000236324500293
7004,1145,9,10,0.126233935356,0.0167347118258,0.077717654407,0.0385681279004,-0.0391495265067
7005,8009,1,9,0.091351121664,0.0288831908256,0.180055469275,0.0927111506462,-0.0873443186283
7007,6584,2,5,0.104661218822,0.0387930497527,0.042096875608,0.0221649315208,-0.0199319440871
7008,7670,1,2,0.0656529441476,0.0247991140932,0.00211510341614,0.00451666070148,0.00240155728534
7009,638,1,5,0.0801550447941,0.00536905601621,0.0985604301095,0.041368752718,-0.0571916773915
7010,8587,1,4,0.0723111927509,0.00495377462357,0.0211219657212,0.0280478354543,0.0069258697331
7011,3403,1,5,0.11537784338,0.0159585047513,0.0213239658624,0.022621339187,0.00129737332463
7012,4282,3,4,0.127825856209,0.0324102118611,0.0594057925045,0.01095443964,-0.0484513528645
7013,2464,5,3,0.0685608014464,0.0137409949675,0.000794651918113,0.000949915789533,0.00015526387142
7014,301,3,5,0.0846746638417,0.0327496640384,0.00647833617404,0.00606190785766,-0.000416428316385
7015,2970,1,7,0.0894515514374,0.0094000082463,0.007947598584,0.011287539266,0.00333994068205
7016,577,2,6,0.0468967147171,0.00258270511404,0.0908092036843,0.0748554095626,-0.0159537941217
7017,3065,1,8,0.0555580444634,0.00467118341476,0.0344903208315,0.0194481294602,-0.0150421913713
7018,5541,2,4,0.0583860315382,0.00741129601374,0.0469192452729,0.0337262265384,-0.0131930187345
7019,4093,3,13,0.104525975883,0.0238277204335,0.00297366711311,0.0052405432798,0.00226687616669
7022,8097,5,10,0.143337771297,0.0156824141741,0.0228669531643,0.0117045743391,-0.0111623788252
7023,6466,4,5,0.172218307853,0.0299302004278,0.0394320562482,0.0288494285196,-0.0105826277286
7024,1200,2,8,0.144618421793,0.00384981394745,0.242784366012,0.0753955617547,-0.167388796806
7025,5026,3,10,0.0706759169698,0.0207770708948,0.0352336168289,0.0284169614315,-0.00681665539742
7026,7933,3,7,0.103083699942,0.0290816985071,0.0179409701377,0.010570269078,-0.0073707010597
7027,3257,3,5,0.088412605226,0.00711360760033,0.00390159385279,0.00665241992101,0.00275082606822
7028,4961,1,11,0.158618450165,0.0678909495473,0.353680104017,0.14401333034,-0.209666773677
7029,1873,2,1,0.105993412435,0.0280628334731,0.00571341207251,0.00497854547575,-0.000734866596758
7030,6864,2,10,0.114839166403,0.0536517240107,0.0139333782718,0.00487134791911,-0.00906203035265
7031,3198,2,10,0.113920725882,0.0312669090927,0.0675955861807,0.0244712978601,-0.0431242883205
7032,4325,1,5,0.298155099154,0.0915943905711,0.972378253937,0.310191661119,-0.66218662262
7034,5234,2,6,0.0934981107712,0.00414309138432,0.236957445741,0.0753162130713,-0.16164124012
7036,450,3,3,0.109892643988,0.039367582649,0.407946079969,0.0992666855454,-0.308679401875
7037,205,3,1,0.0717001780868,0.0280067175627,0.0989038571715,0.0652629956603,-0.0336408615112
7038,5668,2,9,0.103888891637,0.0579015612602,0.0145144760609,0.0164352152497,0.00192073918879
7039,434,1,6,0.224822893739,0.0377799719572,0.578494369984,0.0891036987305,-0.489390671253
7040,300,3,5,0.0735177919269,0.0115208607167,0.00755586428568,0.00733395433053,-0.000221909955144
7041,1249,3,4,0.115847416222,0.0173209775239,0.0123226800933,0.0269156843424,0.014593004249
7042,208,1,5,0.0810059532523,0.0242973305285,0.147354483604,0.0381796695292,-0.109174817801
7043,2779,1,9,0.0986392274499,0.0121336067095,0.0126554816961,0.028495317325,0.0158398356289
7044,2718,3,7,0.0867611989379,0.0185409169644,0.034428615123,0.0305538382381,-0.00387477688491
7045,3225,3,4,0.077106885612,0.0263136569411,0.0160118993372,0.0223924610764,0.00638056173921
7046,5480,1,3,0.0802991762757,0.0178537871689,0.114262454212,0.0566336326301,-0.0576288215816
7047,1730,2,8,0.0991121158004,0.0370549485087,0.022222219035,0.0201134365052,-0.00210878252983
7048,2574,12,35,0.074927598238,0.0285059250891,0.277196854353,0.114894531667,-0.162302315235
7049,3944,4,7,0.0903261899948,0.029605826363,0.47099930048,0.218459740281,-0.2525395751
7051,4485,13,43,0.0971319898963,0.057036228478,0.0166200157255,0.0183458849788,0.00172586925328
7052,8719,3,6,0.0624943859875,0.00803963001817,0.0297359805554,0.0202165897936,-0.00951939076185
7053,4010,1,3,0.0783337578177,0.0087329344824,0.0218383856118,0.0516692809761,0.0298308953643
7054,313,1,5,0.0708346813917,0.00918974447995,0.0457012504339,0.0453241765499,-0.00037707388401
7055,1754,3,5,0.128274574876,0.0528744496405,0.0203911624849,0.0147395581007,-0.00565160438418
7056,144,2,5,0.37797871232,0.0569330751896,0.974320828915,0.201202988625,-0.77311784029
7057,7240,2,10,0.0919972881675,0.0227849446237,0.168808698654,0.0735645592213,-0.0952441394329
7058,8162,3,9,0.0921227633953,0.0119478954002,0.0265703443438,0.0464072078466,0.0198368635029
7059,3452,3,3,0.0438159219921,0.00421253126115,0.268007874489,0.179188296199,-0.08881957829
7060,5835,2,11,0.118397563696,0.0148364398628,0.0162541233003,0.0108263446018,-0.0054277786985
7061,7331,2,3,0.0990513563156,0.037464376539,0.00637790746987,0.00453798985109,-0.00183991761878
7062,7847,2,6,0.114078700542,0.0025886031799,0.0737482383847,0.0640755146742,-0.00967272371054
7064,5263,2,3,0.163541659713,0.032674651593,0.638740003109,0.208297476172,-0.430442512035
7065,2229,1,10,0.125665441155,0.0647715777159,0.00559122255072,0.00947554223239,0.00388431968167
7066,2229,3,5,0.072970725596,0.0166394002736,0.0161096341908,0.00629055127501,-0.00981908291578
7067,3890,2,4,0.0775821581483,0.0203242376447,0.00513392966241,0.0147904185578,0.00965648889542
7068,1130,7,20,0.0869084820151,0.0089885275811,0.0225866362453,0.0269085615873,0.00432192534208
7069,967,2,11,0.0939041897655,0.0196992568672,0.0737608522177,0.0365689471364,-0.0371919050813
7071,3324,4,17,0.0649246796966,0.0272824428976,0.159747079015,0.0646351799369,-0.0951118990779
7072,3386,2,9,0.0727181956172,0.0182019006461,0.0100836111233,0.00820120051503,-0.00188241060823
7073,8022,3,7,0.089805342257,0.0189635269344,0.113886252046,0.135780364275,0.0218941122293
7074,1468,1,9,0.184643626213,0.0737635791302,0.00570249604061,0.0452324859798,0.0395299904048
7075,2262,7,30,0.0941880345345,0.0237019043416,0.00481683481485,0.0157275591046,0.0109107242897
7077,303,2,6,0.137986138463,0.000920599559322,0.0113515770063,0.0510388165712,0.0396872386336
7078,439,1,5,0.0841373801231,0.0491209849715,0.049674898386,0.0625895559788,0.0129146575928
7079,612,3,7,0.30549493432,0.0668270587921,0.862777888775,0.157242298126,-0.705535590649
7080,8657,1,9,0.0922623351216,0.00464138155803,0.136290088296,0.0779803618789,-0.0583097264171
7081,5155,3,6,0.0859683454037,0.0270052365959,0.0379164852202,0.0434410683811,0.00552458316088
7082,1525,1,2,0.0778937414289,0.0260984897614,0.0245403721929,0.0777569115162,0.0532165393233
7084,5379,4,5,0.159326121211,0.0636173635721,0.0195846315473,0.0296315550804,0.0100469235331
7085,1392,4,5,0.0627873539925,0.0155368344858,0.0207237210125,0.0197605174035,-0.00096320360899
7086,4857,5,19,0.0983308851719,0.0429796054959,0.164072945714,0.0350288189948,-0.129044130445
7087,4707,3,7,0.083192832768,0.0319692417979,0.0266930069774,0.0300895180553,0.00339651107788
7088,5400,3,2,0.100976251066,0.0264900662005,0.00717723602429,0.00531588355079,-0.0018613524735
7089,8525,1,10,0.092350423336,0.0334725528955,0.296348661184,0.0717810317874,-0.224567621946
7090,1212,6,6,0.0788400545716,0.0357528887689,0.00705672241747,0.017376281321,0.0103195589036
7091,915,3,13,0.0825620815158,0.0241360571235,0.104162484407,0.0644035413861,-0.0397589430213
7092,1156,1,6,0.120241582394,0.0383393093944,0.526224732399,0.182269141078,-0.34395557642
7094,2833,8,20,0.055925771594,0.0170327462256,0.0195126496255,0.0241990182549,0.00468636862934
7095,7630,3,18,0.113584198058,0.0427010841668,0.0711905509233,0.138813465834,0.0676229149103
7097,6566,3,2,0.114519976079,0.0141842076555,0.00936586037278,0.0235757231712,0.0142098627985
7098,284,4,10,0.0752557739615,0.0229884795845,0.384376436472,0.20672005415,-0.177656382322
7099,108,3,3,0.0592367686331,0.0272217225283,0.0421314612031,0.0230984911323,-0.0190329700708
7100,1330,4,6,0.0826448500156,0.027605811134,0.0221573542804,0.035837572068,0.0136802177876
7101,4126,2,5,0.169476225972,0.00483893696219,0.0195175111294,0.00846377108246,-0.0110537400469
7103,5333,5,3,0.0462648905814,0.00419516814873,0.0419818162918,0.0367087312043,-0.00527308508754
7104,5333,1,7,0.0579189956188,0.0110422298312,0.0312826149166,0.0608046688139,0.0295220538974
7105,6207,2,8,0.182080149651,0.0228524301201,0.017847372219,0.0239221099764,0.00607473775744
7106,286,1,1,0.0802184045315,0.0136776985601,0.0396861732006,0.123727746308,0.0840415731072
7107,1078,1,4,0.0732480213046,0.00830689352006,0.0176168549806,0.0231582596898,0.00554140470922
7108,293,1,8,0.079847112298,0.0106117390096,0.171532571316,0.137996673584,-0.0335358977318
7109,1560,2,6,0.100013829768,0.0279252845794,0.112385436893,0.116585172713,0.00419973582029
7110,577,3,9,0.103951156139,0.0703446045518,0.47480532527,0.255334854126,-0.219470471144
7111,292,5,5,0.0738614276052,0.0232681985945,0.100637212396,0.0823406651616,-0.0182965472341
7112,326,2,8,0.104791760445,0.0307429581881,0.413795858622,0.12456022948,-0.289235621691
7113,207,4,5,0.0559230260551,0.00579293631017,0.196350067854,0.205698132515,0.00934806466103
7114,5164,6,17,0.117244839668,0.0243810620159,0.000235500454437,0.00183860061225,0.00160310021602
7115,1197,3,3,0.0947135090828,0.00856685545295,0.00569970393553,0.00498916953802,-0.000710534397513
7116,5641,2,6,0.0793126523495,0.0332925356925,0.0474430881441,0.0395321473479,-0.00791094079614
7117,8020,5,13,0.0927387475967,0.0202315896749,0.0528178736567,0.016076233238,-0.0367416404188
7118,5225,2,9,0.0551128797233,0.0147821605206,0.0219630878419,0.0120581313968,-0.0099049564451
7119,7242,4,7,0.0700466409326,0.0062116580084,0.021780859679,0.0147743327543,-0.00700652692467
7121,3430,1,13,0.0820327475667,0.0213682223111,0.00193809671327,0.00299380463548,0.00105570792221
7122,6900,5,11,0.103517912328,0.0177959352732,0.177892431617,0.0262916628271,-0.151600763202
7123,1957,3,12,0.099588252604,0.00676795700565,0.224961563945,0.0221728999168,-0.202788665891
7124,5,1,5,0.085051484406,0.0190948601812,0.0466367229819,0.130316659808,0.0836799368262
7125,1601,1,19,0.0588503591716,0.0176723711193,0.0172264389694,0.0255571994931,0.00833076052368
7126,5157,1,5,0.0866056457162,0.019957749173,0.0656224563718,0.0307331085205,-0.0348893478513
7128,561,2,6,0.0738447830081,0.0271709039807,0.0228922497481,0.0229802429676,8.79932194948e-05
7129,490,4,10,0.125489711761,0.0599112212658,0.0313765220344,0.0181844159961,-0.0131921060383
7131,704,1,3,0.080263055861,0.0466118268669,0.0707458406687,0.0766334533691,0.00588761270046
7132,700,2,9,0.0596341080964,0.0149696655571,0.282979667187,0.150855019689,-0.132124647498
7133,3261,2,5,0.089708738029,0.0100038554519,0.1076413095,0.032258566469,-0.0753827393055
7134,471,1,5,0.154596105218,0.0977048650384,0.120735213161,0.0573626868427,-0.0633725225925
7135,3261,2,4,0.105734907091,0.0152309620753,0.189859122038,0.0566790215671,-0.133180096745
7136,6362,4,3,0.171406194568,0.0968402773142,0.0174117982388,0.00736683560535,-0.0100449621677
7137,6891,4,7,0.0681511834264,0.0152630452067,0.00884911324829,0.00865909550339,-0.000190017744899
7138,3533,1,7,0.0749908536673,0.03484698385,0.00614370731637,0.0104284537956,0.00428474647924
7139,1439,2,11,0.216173410416,0.0461855903268,0.000200480950298,0.00121609983034,0.00101561890915
7140,6071,4,15,0.0826798304915,0.031265091151,0.208652839065,0.110951267183,-0.0977015718818
7141,259,1,2,0.190689861774,0.0721739903092,0.0167241692543,0.0155330328271,-0.00119113642722
7142,567,2,4,0.0832177624106,0.0242568496615,0.0945752635598,0.192423716187,0.0978484526277
7143,7144,3,12,0.0973388031125,0.012039446272,0.0411378704011,0.0288601387292,-0.0122777316719
7145,798,5,13,0.0632624328136,0.0172006692737,0.00816559046507,0.0112012028694,0.00303561240435
7146,8017,2,6,0.132501378655,0.0155374938622,0.0455823466182,0.0103160440922,-0.035266302526
7147,7784,3,8,0.157725334167,0.0867952033877,0.14788800478,0.0673401355743,-0.0805478692055
7148,5263,7,12,0.093340754509,0.00850543007255,0.0202815718949,0.0336762145162,0.0133946426213
7149,2783,1,5,0.0824680328369,0.0274687446654,0.0278753023595,0.014042285271,-0.0138330170885
7150,4975,5,5,0.100063972175,0.0143336812034,0.323484897614,0.0924773588777,-0.231007546186
7152,7404,2,2,0.0791772902012,0.027655493468,0.0714565515518,0.0486961714923,-0.0227603800595
7153,5333,5,9,0.127381786704,0.0469120815396,0.126091912389,0.0423437841237,-0.0837481319904
7155,613,6,10,0.435535669327,0.101335860789,0.993130505085,0.181447640061,-0.811682879925
7156,4317,3,2,0.0408892631531,0.0142474239692,0.0182807296515,0.012311540544,-0.00596918910742
7157,2906,1,3,0.0922771990299,0.00790870562196,0.0344214625657,0.0208159741014,-0.0136054884642
7158,3009,3,8,0.20556139946,0.150527536869,0.942240417004,0.461321681738,-0.480918735266
7159,1474,2,8,0.100806206465,0.00974782276899,0.00649514328688,0.00945010408759,0.00295496080071
7160,5584,4,16,0.0776006132364,0.0141201112419,0.0133109074086,0.016863765195,0.00355285778642
7161,4461,6,4,0.058711245656,0.0242814328521,0.0145379733294,0.0360209979117,0.0214830245823
7162,771,3,2,0.0774370655417,0.0404773727059,0.216730862856,0.0954167917371,-0.121314071119
7164,3089,2,3,0.0956310331821,0.0423593893647,0.606983780861,0.241501525044,-0.365482270718
7165,761,4,23,0.112209834158,0.0549572110176,0.305857717991,0.234807491302,-0.0710502266884
7166,4952,2,10,0.0529705472291,0.00691085029393,0.0180936343968,0.0139293884858,-0.00416424591094
7167,6653,8,14,0.0995542705059,0.0438346303999,0.0623732246459,0.0216601788998,-0.0407130457461
7168,3226,2,8,0.0918714180589,0.0158695504069,0.0145001141354,0.0590948946774,0.0445947796106
7169,4519,3,10,0.128277406096,0.0417396575212,0.0150308366865,0.0253833215684,0.0103524848819
7170,1293,1,7,0.0681632682681,0.0252269078046,0.0569609850645,0.0659243762493,0.00896339118481
7171,1113,2,9,0.0600389428437,0.0141358664259,0.00595681648701,0.00761529477313,0.00165847828612
7172,1214,2,10,0.104534424841,0.0267521180212,0.0135832130909,0.0206358302385,0.00705261714756
7173,6108,1,3,0.0742153301835,0.00756857497618,0.00664570461959,0.00993067864329,0.0032849740237
7174,3002,6,4,0.102646805346,0.0492455661297,0.417804986238,0.130323603749,-0.287481367588
7175,9001,1,6,0.103666067123,0.0142460884526,0.170488476753,0.0173721071333,-0.153116375208
7176,2675,4,2,0.057979285717,0.0252315606922,0.0226660817862,0.0192736145109,-0.00339246727526
7177,204,1,3,0.109846062958,0.0549379326403,0.230365768075,0.0550656430423,-0.175300121307
7178,1629,2,2,0.0609272606671,0.00283891404979,0.0103722847998,0.016790010035,0.00641772523522
7180,7720,3,4,0.0621537156403,0.0124107627198,0.0254855006933,0.0340665839612,0.00858108326793
7181,4921,2,5,0.0874555110931,0.0362808518112,0.008076377213,0.0117001729086,0.0036237956956
7183,5664,1,5,0.0660020112991,0.036165162921,0.0267086029053,0.0173848737031,-0.00932372920215
7184,8929,6,5,0.0533853769302,0.00201340857893,0.0283790044487,0.0346132554114,0.00623425096273
7186,4106,1,7,0.0565814971924,0.0182386450469,0.118901200593,0.155205965042,0.0363047644496
7187,52,5,6,0.041772890836,0.00650939811021,0.125928208232,0.202105715871,0.0761775076389
7190,563,1,4,0.080587849021,0.0297378655523,0.0177546646446,0.0433962680399,0.0256416033953
7191,439,1,5,0.0692353397608,0.0141538903117,0.216425985098,0.12456882,-0.0918571650982
7192,2925,2,5,0.0998514667153,0.0459167137742,0.0804946497083,0.0351869128644,-0.0453077368438
7193,3562,1,11,0.120876438916,0.043565955013,0.0737601295114,0.0496040992439,-0.0241560302675
7194,3109,2,9,0.0728219598532,0.0241373013705,0.0919434055686,0.0520635060966,-0.039879899472
7195,4491,4,3,0.041623391211,0.00282180355862,0.0168487206101,0.0284841898829,0.0116354692727
7196,326,3,10,0.0951687395573,0.0408568046987,0.160255402327,0.105809904635,-0.0544454976916
7197,9128,4,16,0.136057749391,0.0640351325274,0.000553448335268,0.00614721374586,0.00559376552701
7198,2026,4,9,0.117726832628,0.0271169766784,0.0275268182158,0.143599763513,0.116072945297
7199,4772,4,13,0.132382169366,0.058855317533,0.00510951457545,0.0137321492657,0.00862263515592
7200,4448,2,6,0.0933912992477,0.0277861841023,0.0289022419602,0.0313824489713,0.0024802070111
7202,3912,1,5,0.056386500597,0.00781232118607,0.0156618934125,0.0146610960364,-0.00100079737604
7203,2616,1,6,0.0902160182595,0.0119496872649,0.123942323029,0.0230611581355,-0.100881166756
7204,6571,6,11,0.0787461027503,0.0125910621136,0.034781627357,0.0207171197981,-0.0140645075589
7205,234,1,9,0.101156532764,0.0259917695075,0.0791894644499,0.0273498445749,-0.051839619875
7206,2904,3,7,0.10257204622,0.00889502372593,0.01358940918,0.046364236623,0.0327748283744
7207,131,7,14,0.0666336491704,0.0340558178723,0.16456182301,0.0559193305671,-0.108642488718
7208,436,6,9,0.140587985516,0.00471375603229,0.383715748787,0.0735376998782,-0.310178041458
7209,1002,1,8,0.140902221203,0.0605181790888,0.0116867162287,0.0511129461229,0.0394262298942
7210,5655,9,10,0.118096224964,0.042259067297,0.165192380548,0.0411998443305,-0.123992532492
7211,1422,1,5,0.0740860104561,0.026618257165,0.0126726496965,0.0152030112222,0.00253036152571
7212,6837,1,9,0.105835407972,0.0239402763546,0.0239193551242,0.0188529901206,-0.00506636500359
7213,8646,3,4,0.111141592264,0.0754251778126,0.00141768041067,0.0016780635342,0.000260383123532
7214,9095,4,17,0.0718119069934,0.0241502914578,0.000942854443565,0.0031394995749,0.00219664513133
7215,1044,1,7,0.109051793814,0.0456071384251,0.00484237447381,0.0127226272598,0.00788025278598
7216,3755,5,7,0.096719764173,0.034767024219,0.0328283719718,0.0219073668122,-0.0109210051596
7218,6698,1,7,0.078158326447,0.0266861785203,0.00896259769797,0.0126179354265,0.00365533772856
7219,497,2,4,0.0708098262548,0.0186432935297,0.316262096167,0.142733484507,-0.17352861166
7220,471,2,3,0.0977663993835,0.0339660383761,0.0260189976543,0.0383706763387,0.0123516786844
7221,589,4,4,0.0824083015323,0.0087068201974,0.112095676363,0.0458751618862,-0.0662205144763
7223,789,3,7,0.0669219568372,0.0166461300105,0.0179906170815,0.0193109940737,0.00132037699223
7224,5700,1,3,0.087635718286,0.0556494928896,0.0102124400437,0.0134979160503,0.00328547600657
7225,9171,3,8,0.127118766308,0.0180979277939,0.0129430005327,0.0382140986621,0.0252710990608
7226,7874,1,9,0.0794811248779,0.0294413343072,0.0592514313757,0.0813549235463,0.0221034921706
7227,6664,4,5,0.0715464875102,0.0174241606146,0.0379083417356,0.0219518970698,-0.0159564446658
7228,3503,2,3,0.0620007812977,0.00511934095994,0.220715582371,0.227450609207,0.0067350268364
7229,8571,1,12,0.108760870993,0.0419217571616,0.613477230072,0.236079260707,-0.377397954464
7230,5932,2,5,0.155070796609,0.0394573286176,0.0171371102333,0.0375236980617,0.0203865878284
7231,5322,3,8,0.0667751505971,0.0118768867105,0.094372227788,0.0477622747421,-0.0466099530458
7232,912,2,8,0.121496252716,0.00225665071048,0.144092470407,0.0448865704238,-0.0992058962584
7233,2888,5,3,0.158401444554,0.0447493642569,0.00225558015518,0.0159912463278,0.0137356659397
7234,3248,3,9,0.0848809704185,0.0399033948779,0.333194971085,0.127285718918,-0.205909252167
7235,134,3,8,0.0908948779106,0.0258373972028,0.0739240571856,0.135123386979,0.0611993297935
7236,211,4,3,0.0827300474048,0.0185483377427,0.0502741634846,0.0352946482599,-0.0149795152247
7237,1017,3,5,0.103587187827,0.0151047529653,0.288970947266,0.0621961653233,-0.226774781942
7238,2449,1,2,0.129438444972,0.0598658435047,0.00113407254685,0.00174993753899,0.000615864992142
7239,1678,4,15,0.100086212158,0.0181834846735,0.020309150219,0.0905471518636,0.0702380016446
7241,534,1,6,0.0578948110342,0.0450497306883,0.0822105407715,0.0479128360748,-0.0342977046967
7242,460,3,3,0.11039096117,0.0529290176928,0.0639263242483,0.0358889512718,-0.0280373729765
7243,3354,5,8,0.153690084815,0.0152066983283,0.0326581895351,0.0339821130037,0.00132392346859
7244,1319,1,7,0.170697882771,0.052947498858,0.0129320919514,0.0330631099641,0.0201310180128
7245,1317,1,13,0.105184860528,0.0629055351019,0.0127461012453,0.014979888685,0.00223378743976
7246,1400,2,11,0.0572003722191,0.0173903536052,0.119950726628,0.0483581610024,-0.0715925693512
7247,6076,3,5,0.101922251284,0.0193792860955,0.00714087393135,0.00993653852493,0.00279566459358
7248,5923,2,8,0.107672788203,0.0194539930671,0.0121923070401,0.012934342958,0.000742035917938
7249,1169,3,3,0.124803371727,0.00961754098535,0.00378073425964,0.0213069170713,0.0175261832774
7250,349,1,4,0.10482738167,0.00924093276262,0.0691694095731,0.0405401103199,-0.0286292992532
7251,3366,1,5,0.0964017435908,0.0129498494789,0.00674931239337,0.0116394506767,0.00489013828337
7252,2976,3,3,0.195806965232,0.031301278621,0.0356854908168,0.00549529353157,-0.0301901977509
7253,1294,2,4,0.130831196904,0.0476998649538,0.00159176124725,0.00563004193828,0.00403828080744
7254,434,3,6,0.0935713648796,0.00748968776315,0.238386079669,0.0522420592606,-0.186144024134
7255,7852,4,4,0.120090670884,0.0473412051797,0.0238749776036,0.02208080329,-0.00179417431355
7256,1467,4,3,0.111262142658,0.0211734380573,0.00549307558686,0.00648811971769,0.000995044130832
7257,7504,2,4,0.0781087353826,0.00830268859863,0.0277570616454,0.0308588147163,0.00310175307095
7258,6884,3,4,0.108009159565,0.0247894991189,0.0485631749034,0.0422348715365,-0.0063283033669
7259,2469,1,11,0.0926809981465,0.0398092903197,0.0211070608348,0.0269961804152,0.00588911958039
7260,5610,1,4,0.114458583295,0.0106492796913,0.174687251449,0.0862950012088,-0.0883922502398
7261,617,2,8,0.0959430932999,0.0112721873447,0.028427425772,0.0505455844104,0.0221181586385
7262,6596,1,2,0.0688526928425,0.00712368125096,0.0464628040791,0.047472845763,0.00101004168391
7264,267,5,4,0.0696235671639,0.00223414949141,0.368660897017,0.150687590241,-0.217973306775
7265,4412,3,4,0.0881910547614,0.0119889033958,0.0145480576903,0.0425507836044,0.0280027259141
7266,849,1,4,0.0802098810673,0.0235516242683,0.0138785280287,0.0132810771465,-0.000597450882196
7267,211,1,3,0.0569436103106,0.0144976489246,0.103552684188,0.0550132803619,-0.048539403826
7269,1650,2,8,0.0454483032227,0.0127498852089,0.0155614735559,0.0125839067623,-0.00297756679356
7270,3225,1,14,0.145161911845,0.0440765954554,0.00414594821632,0.0114123336971,0.00726638548076
7271,261,2,7,0.106690943241,0.0547990873456,0.0394485481083,0.0479050278664,0.00845647975802
7272,1477,1,4,0.0866660177708,0.0319028049707,0.0159765221179,0.0240466445684,0.00807012245059
7273,437,2,6,0.160859182477,0.0213947594166,0.114995382726,0.112380839884,-0.00261454284191
7274,4319,3,2,0.152373328805,0.122490204871,0.810714423656,0.431467890739,-0.379246532917
7275,4476,3,3,0.0680674538016,0.00667630881071,0.0189829263836,0.0375873707235,0.0186044443399
7276,6066,2,7,0.0486346632242,0.0119782472029,0.160153612494,0.117637060583,-0.0425165519118
7277,8580,3,4,0.110994361341,0.0130336498842,0.00594195723534,0.00887295231223,0.00293099507689
7278,1483,4,11,0.0817733183503,0.0187679994851,0.0301186181605,0.0557955950499,0.0256769768894
7279,5769,4,5,0.0765438303351,0.00637941481546,0.0273938197643,0.0514044165611,0.0240105967969
7280,1273,8,15,0.139449968934,0.00606570951641,0.0244056917727,0.0704146549106,0.0460089631379
7281,7075,2,9,0.0738829597831,0.0136812897399,0.200784742832,0.162556618452,-0.0382281243801
7282,1263,2,7,0.14110685885,0.0357304662466,0.850480556488,0.385389566422,-0.465090990067
7284,1275,2,6,0.263309627771,0.00618295464665,0.408772110939,0.0500954799354,-0.358676642179
7285,3373,4,7,0.103064715862,0.0278060697019,0.062565267086,0.0781634822488,0.0155982151628
7286,412,2,3,0.156024470925,0.0393368862569,0.162305548787,0.0683375969529,-0.0939679518342
7287,5333,1,12,0.118365675211,0.0488558709621,0.159822627902,0.128791376948,-0.0310312509537
7288,2567,2,5,0.056046564132,0.0222872830927,0.00325949466787,0.00787215214223,0.00461265724152
7289,8392,2,13,0.119498796761,0.0356882177293,0.00529534276575,0.0175158642232,0.0122205214575
7290,8994,1,8,0.161443516612,0.109016686678,0.00273986556567,0.00186256319284,-0.000877302372828
7291,1668,3,4,0.0910306349397,0.0171949416399,0.0351900756359,0.0348186306655,-0.000371444970369
7292,4757,3,4,0.059328418225,0.0116035845131,0.00971659086645,0.0307906270027,0.0210740361363
7295,170,4,6,0.0812611654401,0.0276246387511,0.226729780436,0.116038829088,-0.110690951347
7296,237,2,4,0.111783541739,0.0363808311522,0.320057600737,0.0736742690206,-0.246383339167
7297,405,4,13,0.093825571239,0.0291519872844,0.0103763313964,0.0106454351917,0.00026910379529
7299,5625,4,2,0.097008921206,0.00548985693604,0.0249437969178,0.00850210897624,-0.0164416879416
7301,602,3,6,0.0977748259902,0.0262379124761,0.467563331127,0.235425695777,-0.23213763535
7302,861,1,5,0.120483897626,0.050555948168,0.0386017486453,0.0429262630641,0.00432451441884
7303,572,1,3,0.0755759850144,0.0116635849699,0.011233728379,0.0318868160248,0.0206530876458
7304,914,1,5,0.0535670220852,0.00548650557175,0.0109894229099,0.0153835164383,0.00439409352839
7305,3385,1,4,0.0980858430266,0.00774389179423,0.0588250719011,0.0263321567327,-0.0324929133058
7306,8889,4,10,0.152375712991,0.0559042543173,0.00597937125713,0.00237006437965,-0.00360930687748
7307,3987,1,10,0.10803258419,0.027282781899,0.00105432909913,0.00303542171605,0.00198109261692
7308,3282,3,6,0.0798747166991,0.00643960665911,0.183551684022,0.0440104193985,-0.139541268349
7309,3947,2,12,0.0912034884095,0.031790368259,0.0042771906592,0.017716890201,0.0134397000074
7310,5845,1,4,0.0736203864217,0.0106332851574,0.00758114503697,0.00937815755606,0.00179701251909
7312,8257,4,3,0.110046602786,0.0318721719086,0.258544504642,0.225017860532,-0.0335266441107
7313,1184,3,5,0.0818987488747,0.00936969183385,0.0228124242276,0.0157316010445,-0.00708082318306
7314,5033,2,3,0.145339116454,0.00871905963868,0.0112196383998,0.0274615976959,0.0162419602275
7315,2849,2,3,0.0795576199889,0.0227500107139,0.0104498183355,0.0236908402294,0.0132410218939
7316,4350,3,11,0.170255184174,0.0265683159232,0.461206406355,0.144878610969,-0.316327810287
7318,3186,4,7,0.0777725204825,0.0239420570433,0.0121901482344,0.0149271162227,0.00273696798831
7319,2525,8,18,0.0819875076413,0.0215199571103,0.0450125187635,0.0446257553995,-0.000386763364077
7321,8164,5,7,0.136644646525,0.0790740326047,0.0026891452726,0.00368571188301,0.000996566610411
7322,1192,2,11,0.0729446038604,0.0111758308485,0.0244390927255,0.0148924775422,-0.00954661518335
7323,2046,2,2,0.087233401835,0.00399168301374,0.0186790451407,0.0535988993943,0.0349198542535
7324,8169,1,9,0.0889744535089,0.0225373506546,0.0156032731757,0.0159617438912,0.000358470715582
7327,1555,3,3,0.0682916417718,0.0329361446202,0.134347170591,0.295025140047,0.160677969456
7328,5119,2,10,0.124476544559,0.0996183604002,0.00449532689527,0.00999396014959,0.00549863325432
7329,5663,2,4,0.090674303472,0.0344673171639,0.189719423652,0.0823414847255,-0.107377938926
7330,1674,3,5,0.201273798943,0.0199915990233,0.631691217422,0.104948364198,-0.526742875576
7331,8692,1,7,0.0781005844474,0.0412865206599,0.0814988538623,0.0168494768441,-0.0646493732929
7332,771,2,5,0.0745717287064,0.0392520725727,0.113042593002,0.191287085414,0.0782444924116
7333,955,4,6,0.0926803573966,0.0388378724456,0.00954418070614,0.00506402086467,-0.00448015984148
7334,2748,2,4,0.113505341113,0.0119265569374,0.00909041799605,0.020426210016,0.01133579202
7336,1673,3,6,0.10220927,0.0209310315549,0.103697404265,0.0594362616539,-0.0442611426115
7337,2616,3,11,0.105492971838,0.0181838925928,0.225274652243,0.0738295540214,-0.151445090771
7338,1127,1,7,0.147632703185,0.0409940928221,0.0134412245825,0.0305615011603,0.0171202756464
7339,6206,1,4,0.111278533936,0.0439784154296,0.701399385929,0.339308232069,-0.36209115386
7341,7747,2,6,0.113274551928,0.0115203354508,0.0267018787563,0.0228897873312,-0.00381209142506
7343,3747,1,7,0.136254444718,0.0579032897949,0.0246354714036,0.0160455275327,-0.0085899438709
7344,5365,2,8,0.0656361207366,0.00745635060593,0.0107571035624,0.0142330676317,0.00347596406937
7345,7135,3,2,0.04081023857,0.020085144788,0.024349315092,0.0214738529176,-0.00287546217442
7346,129,3,6,0.0775200724602,0.0125117981806,0.0386321768165,0.0434936396778,0.0048614628613
7347,3395,1,3,0.0741729512811,0.0225304067135,0.00578228896484,0.0200651232153,0.0142828337848
7348,6254,2,3,0.148884519935,0.0218844879419,0.0563591085374,0.06293553859,0.00657643005252
7349,1379,4,13,0.126333802938,0.0456990711391,0.193474665284,0.100599311292,-0.092875353992
7350,5187,1,3,0.107662796974,0.0259385947138,0.0141059057787,0.00807756092399,-0.00602834485471
7351,304,3,4,0.221399739385,0.0272031985223,0.627754807472,0.0812807157636,-0.546474099159
7353,193,8,8,0.0539746470749,0.0109002664685,0.0556706301868,0.0407308004797,-0.0149398297071
7354,2923,3,3,0.0612843967974,0.0365109220147,0.218706652522,0.175117984414,-0.043588668108
7355,383,2,5,0.0597238056362,0.00658446364105,0.016400642693,0.0203451532871,0.00394451059401
7356,585,2,14,0.105871342123,0.0375052578747,0.283975183964,0.213141009212,-0.0708341747522
7357,5333,1,12,0.0584839880466,0.0257588289678,0.0943848863244,0.180266141891,0.0858812555671
7358,1016,3,5,0.0384826436639,0.0119635667652,0.0687518566847,0.0466224849224,-0.0221293717623
7359,4320,1,6,0.0886668562889,0.00178025022615,0.0522186271846,0.0319046787918,-0.0203139483929
7360,1182,3,3,0.0726582929492,0.0267384499311,0.00770303234458,0.00947576761246,0.00177273526788
7361,844,2,6,0.0999996289611,0.0454344861209,0.321958959103,0.123342424631,-0.198616534472
7362,350,3,7,0.0852116346359,0.00480765663087,0.0535516478121,0.101037919521,0.0474862717092
7364,6468,2,1,0.311256974936,0.0917664319277,0.85619777441,0.147774457932,-0.708423316479
7365,386,4,7,0.112805038691,0.0375322028995,0.0439603962004,0.0271790828556,-0.0167813133448
7366,7546,3,11,0.108343653381,0.020124996081,0.00146090390626,0.00658406550065,0.0051231617108
7367,1822,2,8,0.0870344042778,0.0214511435479,0.103608176112,0.0661916211247,-0.0374165549874
7368,7277,1,8,0.0764017403126,0.0124122351408,0.0128688542172,0.0292522218078,0.0163833685219
7369,171,1,8,0.103660546243,0.0436672009528,0.0204725600779,0.029695848003,0.00922328792512
7371,8384,4,12,0.145282670856,0.0406703948975,0.747936189175,0.276032716036,-0.471903473139
7372,1846,3,7,0.0832475498319,0.00258166808635,0.10925976187,0.0619537979364,-0.0473059639335
7373,6550,3,15,0.109510235488,0.0325068347156,0.002660385333,0.00669009005651,0.00402970472351
7375,1354,7,7,0.17473089695,0.0770039856434,0.00537581276149,0.0177871007472,0.0124112879857
7376,1676,4,21,0.113797180355,0.0283540822566,0.280060976744,0.070962138474,-0.20909884572
7377,579,6,3,0.0603657066822,0.00637348135933,0.0288654640317,0.0273983776569,-0.00146708637476
7378,249,1,6,0.0866194739938,0.0102043999359,0.130385145545,0.0789680406451,-0.0514171048999
7380,2449,2,10,0.141502305865,0.0435743555427,0.0315125770867,0.119660973549,0.0881484001875
7381,2763,2,9,0.0599288344383,0.0147242248058,0.0222293958068,0.0279288794845,0.00569948367774
7383,4391,1,5,0.135153830051,0.0766240060329,0.117834828794,0.162111803889,0.0442769750953
7384,944,1,4,0.11651995033,0.0527610182762,0.448518097401,0.197661757469,-0.250856339931
7385,3225,5,6,0.0991273522377,0.0174852944911,0.037714984268,0.0142753496766,-0.0234396345913
7386,3130,4,8,0.0885955169797,0.0267149116844,0.00557979755104,0.013935293071,0.00835549551994
7387,9285,6,9,0.114757299423,0.0314501523972,0.0122336568311,0.00395185360685,-0.00828180275857
7388,6613,3,6,0.0707678049803,0.0141073260456,0.0133893648162,0.0110214287415,-0.00236793607473
7389,1942,3,5,0.268973529339,0.0604363940656,0.676649451256,0.0741400495172,-0.602509379387
7390,1994,1,8,0.103337444365,0.00601978087798,0.00227174465545,0.00933948438615,0.00706773996353
7391,5052,1,6,0.130732014775,0.0736610144377,0.201072379947,0.0422151423991,-0.158857241273
7392,771,1,6,0.324339359999,0.104720965028,0.988738298416,0.308378845453,-0.680359482765
7393,579,5,7,0.097567550838,0.0159452520311,0.00121580436826,0.00709489174187,0.00587908737361
7394,579,1,4,0.0715431794524,0.0212249588221,0.0140713853762,0.020220015198,0.00614862982184
7395,3000,2,8,0.0738409534097,0.024411002174,0.0105680273846,0.0097101572901,-0.000857870094478
7396,5435,2,8,0.0918330922723,0.0242786854506,0.043273575604,0.0290041472763,-0.0142694283277
7397,4697,2,3,0.0935909748077,0.0198517497629,0.00592129770666,0.00432202825323,-0.00159926945344
7398,6602,2,10,0.156864061952,0.0181606002152,0.0131386807188,0.0190240442753,0.00588536355644
7399,1331,2,4,0.10459009558,0.0343005619943,0.0580928772688,0.110158033669,0.0520651564002
7401,4459,1,3,0.0842412635684,0.0041856947355,0.00783789716661,0.0169350299984,0.00909713283181
7403,4676,3,10,0.0755445733666,0.0477899722755,0.00360830058344,0.00727319857106,0.00366489798762
7404,2758,2,2,0.0986026898026,0.0283903386444,0.00558589026332,0.00823937170208,0.00265348143876
7405,943,1,3,0.118881523609,0.0317603237927,0.199772104621,0.0260003954172,-0.173771709204
7406,1972,3,8,0.128137603402,0.0538171231747,0.00420540571213,0.0042526894249,4.72837127745e-05
7407,3914,3,2,0.130273893476,0.0197542812675,0.0763608068228,0.062185253948,-0.0141755528748
7408,439,1,6,0.111205913126,0.00581902265549,0.00759038189426,0.0159919317812,0.00840155035257
7409,5333,2,5,0.053401555866,0.00898342300206,0.0534584410489,0.107527397573,0.0540689565241
7410,4975,1,5,0.059422403574,0.00379717047326,0.0058708190918,0.0177404247224,0.0118696056306
7411,1085,2,4,0.122588194907,0.019375346601,0.0300319325179,0.0532724000514,0.0232404675335
7412,216,2,13,0.14178943634,0.00935332663357,0.00812864396721,0.0163020137697,0.00817336980253
7414,474,5,10,0.0779073610902,0.0341876484454,0.111813277006,0.0624483115971,-0.049364965409
7415,404,3,6,0.0738558098674,0.060715701431,0.069049552083,0.0571751706302,-0.0118743814528
7416,4097,2,11,0.0769334957004,0.00277147674933,0.000181902607437,0.00183666299563,0.0016547604464
7417,7826,1,4,0.0496585406363,0.0121882585809,0.00361769995652,0.00842435192317,0.00480665173382
7418,6592,1,4,0.179045021534,0.0672120675445,0.175557017326,0.0186403859407,-0.156916633248
7420,302,3,8,0.0987949743867,0.0209838692099,0.0312467943877,0.0373088754714,0.00606208108366
7421,598,2,5,0.115376077592,0.0175117719918,0.078308172524,0.17255616188,0.0942479893565
7422,4261,2,2,0.109246790409,0.0192750338465,0.0128093706444,0.0175146926194,0.00470532197505
7423,5870,5,14,0.169637918472,0.105496063828,0.00954474881291,0.0204915236682,0.0109467748553
7425,6037,2,3,0.213720440865,0.0630579143763,0.0314865149558,0.00515955267474,-0.0263269618154
7426,3346,3,4,0.0582495294511,0.012768744491,0.0018820266705,0.00363557902165,0.00175355235115
7427,1387,2,7,0.119054488838,0.0341174378991,0.0151651455089,0.0166421253234,0.00147697981447
7428,4625,4,4,0.0708207041025,0.00323810055852,0.227000027895,0.0666428953409,-0.160357132554
7429,1813,3,6,0.0542517118156,0.0170472972095,0.00948627106845,0.00873744953424,-0.000748821534216
7430,3117,1,5,0.128269895911,0.0341236181557,0.102357827127,0.0577092170715,-0.0446486100554
7431,8111,1,6,0.0638144388795,0.014729892835,0.201145797968,0.102327100933,-0.0988186970353
7432,6025,3,5,0.113591015339,0.0351579077542,0.0535877421498,0.0176748838276,-0.0359128564596
7433,7628,2,6,0.0980898737907,0.00836454518139,0.0752846226096,0.0306488331407,-0.0446357876062
7434,4021,5,14,0.0589485354722,0.00117542210501,0.0127638271078,0.00877468008548,-0.00398914702237
7435,4036,3,5,0.055693756789,0.0115148872137,0.0475518144667,0.0305805951357,-0.016971219331
7436,2761,2,6,0.0831011757255,0.0119533305988,0.573425412178,0.313077479601,-0.260347932577
7437,6149,5,7,0.0777265504003,0.0128376027569,0.0437528453767,0.0449720211327,0.00121917575598
7439,5480,2,5,0.0904476940632,0.0245630294085,0.00292437034659,0.00721139134839,0.00428702123463
7440,921,1,4,0.122885145247,0.0609506852925,0.0474665239453,0.0597965531051,0.0123300291598
7441,6934,2,11,0.0925452485681,0.0196331460029,0.00170255068224,0.011778280139,0.0100757293403
7442,1806,2,2,0.105866730213,0.029759708792,0.0251266155392,0.0358701534569,0.0107435379177
7443,9007,1,3,0.080937422812,0.00891377124935,0.0317119024694,0.0499828644097,0.0182709619403
7444,2633,2,3,0.102950848639,0.0152494478971,0.00220464519225,0.00620890175924,0.00400425679982
7445,4986,2,5,0.0843309164047,0.0235452372581,0.0211984999478,0.0307253990322,0.00952689908445
7446,8749,1,5,0.0974484905601,0.035252597183,0.0999569445848,0.0536383092403,-0.0463186353445
7447,7164,1,10,0.15948292613,0.0244205836207,0.00486373342574,0.00397477904335,-0.00088895438239
7448,6276,1,2,0.0975320711732,0.0251800362021,0.0103293163702,0.00831703562289,-0.00201228074729
7449,9186,1,8,0.06825953722,0.0157018788159,0.028637047857,0.0238719750196,-0.00476507283747
7450,5631,2,5,0.126868411899,0.0264184251428,0.0174397714436,0.0100195044652,-0.00742026697844
7451,3261,2,8,0.165526494384,0.0325715653598,0.737991929054,0.236056938767,-0.501935005188
7452,268,3,6,0.0807497426867,0.0182167198509,0.00828433781862,0.00374123617075,-0.00454310141504
7453,378,2,12,0.151531159878,0.068619787693,7.2197530244e-05,0.000507389893755,0.000435192370787
7454,582,1,12,0.0676204711199,0.00575290760025,0.0130303371698,0.0302652623504,0.0172349251807
7455,5642,5,6,0.0987674295902,0.018172852695,0.0389080010355,0.025695534423,-0.0132124666125
7456,1408,2,4,0.1020738855,0.0163806639612,0.0187215916812,0.014342173934,-0.00437941774726
7457,421,4,9,0.113262206316,0.0464223921299,0.265655845404,0.0663001462817,-0.199355691671
7458,9269,2,8,0.0967158004642,0.0408414267004,0.00891045108438,0.0102512128651,0.00134076178074
7459,378,3,10,0.0811501219869,0.0190018191934,0.285290539265,0.313091188669,0.0278006494045
7461,378,1,7,0.0718258991838,0.0107867009938,0.193567171693,0.145144566894,-0.0484226047993
7462,378,2,5,0.112517111003,0.0493828170002,0.00637419661507,0.0429688096046,0.0365946143866
7463,378,1,4,0.0617026127875,0.0399911031127,0.529556214809,0.462984055281,-0.0665721595287
7464,9290,2,4,0.100238889456,0.0303596220911,0.0122806951404,0.0145389176905,0.00225822255015
7465,8435,2,4,0.111457280815,0.0348217189312,0.358003884554,0.13010533154,-0.227898553014
7466,4463,10,10,0.0784315243363,0.0180592648685,0.998766899109,0.784333467484,-0.214433431625
7467,547,5,16,0.1428784132,0.0180020090193,0.00805655494332,0.0288421213627,0.0207855664194
7469,5671,5,7,0.410883754492,0.0784366130829,0.859169661999,0.0598544664681,-0.799315214157
7470,2930,1,4,0.10860195756,0.0194552857429,0.425880223513,0.135635793209,-0.290244430304
7471,997,1,6,0.173198580742,0.0498755276203,0.996981441975,0.573609411716,-0.423372030258
7472,3004,2,9,0.200582906604,0.0791713744402,0.998038232327,0.530431985855,-0.467606246471
7473,378,1,9,0.223279193044,0.0156345330179,0.171555772424,0.200876995921,0.0293212234974
7474,994,1,10,0.0192415136844,0.0078529343009,0.999955415726,0.945332825184,-0.0546225905418
7475,4531,1,8,0.174576282501,0.0645723640919,0.923387408257,0.463295012712,-0.460092395544
7477,4220,6,6,0.140374526381,0.032414264977,0.124654464424,0.0726841315627,-0.0519703328609
7478,1110,3,16,0.0637867376208,0.0168850068003,0.00950048025697,0.0216883197427,0.0121878394857
7479,3565,7,11,0.066537104547,0.0352414026856,0.0959267839789,0.0989457964897,0.00301901251078
7480,6108,1,6,0.0753789171576,0.0200248099864,0.0180181544274,0.019509319216,0.0014911647886
7481,6990,2,9,0.0782466158271,0.043419495225,0.12905856967,0.0350845940411,-0.0939739793539
7482,551,2,14,0.0974305570126,0.0307726170868,0.00460845744237,0.00378986797296,-0.000818589469418
7483,441,2,2,0.0564433373511,0.0176061894745,0.0564686767757,0.0358044020832,-0.0206642746925
7484,6405,1,3,0.0704967603087,0.0172183103859,0.00631314935163,0.00864005740732,0.00232690805569
7485,3339,3,7,0.0683422908187,0.0201980601996,0.160567641258,0.105035372078,-0.0555322691798
7486,2508,6,9,0.127060964704,0.028598504141,0.00845230743289,0.0228229034692,0.0143705960363
7487,4020,6,9,0.0830576941371,0.0379120893776,0.014667969197,0.0330932401121,0.018425270915
7488,3521,1,4,0.0816026031971,0.0351507849991,0.019506432116,0.013841252774,-0.00566517934203
7490,7821,2,6,0.0841634273529,0.0159225743264,0.00465229339898,0.00849431101233,0.00384201761335
7491,4079,3,8,0.0659811124206,0.0100130913779,0.0452781692147,0.0243177767843,-0.0209603924304
7492,598,1,3,0.0737337842584,0.00990982912481,0.105166554451,0.0428172685206,-0.0623492859304
7493,5930,2,3,0.0587475113571,0.0194772873074,0.01004592143,0.0221241563559,0.0120782349259
7494,8417,2,6,0.163232982159,0.0114572271705,0.0988514125347,0.0588927529752,-0.0399586595595
7495,7308,2,3,0.0773683860898,0.0120206717402,0.0134751396254,0.0191034916788,0.00562835205346
7496,9066,4,7,0.0683525800705,0.00741159450263,0.0127779655159,0.0132269402966,0.000448974780738
7497,281,1,11,0.0977603793144,0.0143780875951,0.0691536664963,0.0707225725055,0.0015689060092
7499,6208,4,16,0.117177478969,0.032520186156,0.13865879178,0.0748413279653,-0.0638174638152
7500,5282,2,10,0.103206776083,0.0244415514171,0.502715110779,0.21463342011,-0.28808170557
7501,6066,4,6,0.0838831961155,0.0137629546225,0.131410419941,0.0438568256795,-0.0875535905361
7502,1113,3,13,0.224832773209,0.0629213228822,0.0208929628134,0.150613978505,0.129721015692
7504,7324,6,20,0.097447283566,0.037491414696,0.154730722308,0.0931354835629,-0.0615952387452
7505,5789,7,14,0.0862106084824,0.00687401276082,0.153852745891,0.15301091969,-0.000841826200485
7506,7469,3,15,0.22215731442,0.0399639084935,0.0527794882655,0.115595400333,0.0628159120679
7507,3112,3,9,0.0527056455612,0.0152877075598,0.161303177476,0.102261804044,-0.0590413734317
7508,9033,2,7,0.132025629282,0.0828610062599,0.00282671954483,0.00670253904536,0.00387581950054
7509,3314,4,22,0.0870332494378,0.0338393822312,0.0648489817977,0.0253500733525,-0.0394989103079
7510,2028,1,7,0.0700570940971,0.0161505900323,0.253206342459,0.0897858515382,-0.163420498371
7511,6458,2,14,0.116557203233,0.0238030273467,0.131377071142,0.0881165787578,-0.0432604923844
7512,1113,5,6,0.0749475806952,0.00836437754333,0.0859524533153,0.01947988756,-0.0664725676179
7514,1113,5,5,0.129510238767,0.047392219305,0.228203117847,0.072903059423,-0.155300050974
7515,6131,3,6,0.125574335456,0.0481742955744,0.0860344693065,0.0457445532084,-0.0402899160981
7516,1692,2,6,0.0849859938025,0.0241437740624,0.0625630840659,0.0931050553918,0.0305419713259
7517,1709,4,2,0.0743183419108,0.0134792374447,0.0348912961781,0.0370251946151,0.00213389843702
7518,6084,2,10,0.321054726839,0.0306700300425,0.0263061095029,0.0504808463156,0.0241747368127
7519,1578,3,5,0.0777391120791,0.0197280850261,0.0235751923174,0.0108270347118,-0.0127481576055
7520,6354,11,29,0.0855215787888,0.0215009059757,0.0235928185284,0.0527463704348,0.0291535519063
7521,1883,4,21,0.115006245673,0.0198802985251,0.00839380547404,0.00675650546327,-0.00163730001077
7522,5124,1,3,0.0903675556183,0.0162457022816,0.0228924825788,0.0183460321277,-0.00454645045102
7523,1113,5,13,0.0885415896773,0.00846679974347,0.224402531981,0.26800468564,0.0436021536589
7524,5480,1,9,0.0492409132421,0.0192929208279,0.00942772533745,0.0115234749392,0.00209574960172
7525,2200,7,14,0.0695112124085,0.015817867592,0.0363389030099,0.031605694443,-0.0047332085669
7526,5317,6,14,0.175898715854,0.0176096744835,0.3472828269,0.0385971814394,-0.308685660362
7528,1653,4,12,0.117492139339,0.02619359456,0.0110684949905,0.010228253901,-0.000840241089463
7529,1890,1,7,0.0691523849964,0.0105477422476,0.00980732031167,0.0381048433483,0.0282975230366
7531,1822,2,6,0.0810507461429,0.0294881928712,0.00313922879286,0.00493997661397,0.00180074782111
7532,3881,2,5,0.0663798823953,0.00938449054956,0.00365042174235,0.0039956397377,0.000345217995346
7533,2355,5,6,0.107992351055,0.0447173640132,0.164002344012,0.0698385611176,-0.0941637828946
7534,7054,6,8,0.135769709945,0.0423973426223,0.811801195145,0.366941690445,-0.4448595047
7535,326,6,8,0.0680178999901,0.0160438176244,0.0529818087816,0.027769414708,-0.0252123940736
7536,857,3,8,0.099309541285,0.0273248925805,0.204040646553,0.0460882931948,-0.157952353358
7537,1270,2,5,0.127199485898,0.0595472939312,0.00514807458967,0.009341632016,0.00419355742633
7538,7637,1,10,0.192830085754,0.0832206681371,0.00234161457047,0.019028512761,0.0166868977249
7540,8254,1,7,0.0966990813613,0.0480343401432,0.144545674324,0.0476687550545,-0.0968769192696
7541,7781,3,3,0.196907922626,0.0930178165436,0.0191583614796,0.0130596868694,-0.00609867461026
7542,4160,9,13,0.0835926830769,0.0515995509923,0.380149722099,0.203728154302,-0.176421567798
7543,1674,5,7,0.0692987665534,0.0239559002221,0.288997769356,0.0968248546124,-0.192172914743
7544,4940,3,4,0.111673533916,0.0225908625871,0.00477628596127,0.00439821230248,-0.000378073658794
7545,5358,1,8,0.113413013518,0.0604557842016,0.955402851105,0.597920358181,-0.357482492924
7546,3324,2,9,0.142159804702,0.112914763391,0.167963653803,0.0803499743342,-0.0876136794686
7547,6643,5,18,0.107991486788,0.0229333266616,0.00554718216881,0.00700881378725,0.00146163161844
7548,2193,1,3,0.0899898409843,0.0350077860057,0.22150400281,0.131905317307,-0.089598685503
7549,3366,3,7,0.19191044569,0.0732634216547,0.00338887376711,0.0250993128866,0.0217104386538
7550,6235,3,4,0.0907251760364,0.00757825886831,0.0210516098887,0.0136138582602,-0.00743775162846
7551,8314,2,3,0.0789105072618,0.0125920614228,0.00760559784248,0.0062553267926,-0.00135027104989
7552,7624,2,10,0.120128028095,0.0101172560826,0.0646754205227,0.0536282397807,-0.011047180742
7553,5433,2,9,0.0519537217915,0.0173139795661,0.116453804076,0.122996754944,0.00654295086861
7554,1355,2,2,0.178492546082,0.0270586144179,0.00961651839316,0.021646073088,0.0120295546949
7555,1669,4,6,0.18242315948,0.0934953615069,0.225626781583,0.0275716092438,-0.198055177927
7557,1535,1,7,0.0857329070568,0.0136576304212,0.0331275612116,0.0688908621669,0.0357633009553
7558,2185,2,9,0.119680225849,0.0254661105573,0.315238952637,0.0941028818488,-0.221136063337
7560,8429,2,8,0.0802337825298,0.0181746855378,0.000800941023044,0.00306300376542,0.00226206285879
7561,1372,2,3,0.0916135981679,0.0459951832891,0.0726393312216,0.0357656031847,-0.0368737280369
7562,1665,2,5,0.235571578145,0.0696952790022,0.509954273701,0.0499294549227,-0.460024833679
7563,1372,1,9,0.109756469727,0.0322184562683,0.0473054051399,0.0695459768176,0.0222405716777
7564,5045,3,10,0.0952085629106,0.0179414562881,0.006476723589,0.0177613925189,0.0112846689299
7565,8285,3,8,0.0794883593917,0.0279543176293,0.204958930612,0.131383016706,-0.0735759139061
7566,4316,1,1,0.0678163692355,0.0189326703548,0.00648953020573,0.0103092025965,0.00381967239082
7567,5350,7,9,0.181035384536,0.0925997048616,0.0926443561912,0.0458131022751,-0.046831253916
7568,4932,2,3,0.0714655444026,0.00405332725495,0.021915173158,0.0472189225256,0.0253037493676
7569,4036,2,5,0.131887212396,0.0177120305598,0.130802467465,0.0329234488308,-0.0978790223598
7570,6406,3,17,0.105163060129,0.0211206562817,0.000739802257158,0.00474122120067,0.00400141905993
7571,1341,1,7,0.176761075854,0.0767471790314,0.0819088593125,0.0580389909446,-0.0238698683679
7572,4899,2,8,0.153099641204,0.0578008592129,0.483530372381,0.114895425737,-0.368634939194
7573,4646,8,17,0.110603652894,0.0240593310446,0.000274361605989,0.00879500713199,0.00852064508945
7574,1990,5,13,0.140177771449,0.0178217962384,0.00058718083892,0.00249469815753,0.00190751731861
7575,8871,3,18,0.0783256217837,0.0341772958636,0.00285756704397,0.00158459704835,-0.00127296999563
7576,2027,9,21,0.0654276609421,0.0040682349354,0.138324201107,0.103517077863,-0.0348071232438
7577,9033,6,17,0.11419544369,0.057439442724,0.0109588708729,0.0190778914839,0.00811902061105
7578,7145,3,16,0.0909760519862,0.0166407562792,0.131754666567,0.0686956420541,-0.0630590245128
7579,5224,7,22,0.0896618962288,0.0286027044058,0.0113324057311,0.00989696569741,-0.00143544003367
7580,6438,2,6,0.147474318743,0.0493261106312,0.176459938288,0.112141616642,-0.0643183216453
7581,2037,3,6,0.10041975975,0.0385453924537,0.0411289595068,0.0576115511358,0.016482591629
7582,5095,3,9,0.0873706713319,0.0364628173411,0.0349093563855,0.085520632565,0.0506112761796
7583,8392,3,4,0.0592742450535,0.012929472141,0.018574109301,0.0135683873668,-0.00500572193414
7584,3337,4,11,0.156516894698,0.0695175677538,0.703476727009,0.245171919465,-0.458304822445
7585,7097,2,8,0.0795053169131,0.0229551829398,0.0194380749017,0.0178587120026,-0.00157936289907
7586,5405,10,19,0.0787121281028,0.0240684840828,0.0208898279816,0.0181035231799,-0.0027863048017
7587,8624,3,6,0.0575519390404,0.0133516229689,0.0456312224269,0.0413336716592,-0.00429755076766
7588,3774,3,6,0.0682342574,0.00980478990823,0.00573511887342,0.00466225668788,-0.00107286218554
7589,6434,3,2,0.0865752622485,0.0364322960377,0.0102030672133,0.0247061084956,0.0145030412823
7590,6434,1,5,0.130781307817,0.0600506253541,0.00217026588507,0.00705169001594,0.00488142389804
7591,8633,1,6,0.0690027400851,0.028494162485,0.151589512825,0.059670984745,-0.09191852808
7592,3337,6,5,0.0373808406293,0.0143950879574,0.646086454391,0.604184687138,-0.0419017672539
7595,5391,2,7,0.117874860764,0.0309802126139,0.317348122597,0.0691145136952,-0.248233616352
7596,2761,1,7,0.11011377722,0.015202563256,0.0888316556811,0.063907712698,-0.0249239429832
7597,3496,2,8,0.0788405463099,0.0323013812304,0.106914922595,0.0888499543071,-0.0180649682879
7598,6434,3,4,0.0807166770101,0.0224886294454,0.531976461411,0.293122053146,-0.238854408264
7599,7975,1,5,0.0805354043841,0.0323966406286,0.0186831690371,0.014431308955,-0.00425186008215
7601,5796,1,10,0.100948356092,0.0107609843835,0.00224866857752,0.0203459840268,0.0180973149836
7602,6349,9,18,0.0837156996131,0.0245613418519,0.0426927246153,0.0543087124825,0.0116159878671
7603,7866,2,6,0.100377380848,0.0273747947067,0.193628162146,0.0772058814764,-0.116422280669
7604,3710,1,7,0.106412887573,0.00384957203642,0.00219695991836,0.0231968667358,0.0209999065846
7605,1931,2,4,0.0498028509319,0.011828799732,0.0964282602072,0.0826707333326,-0.0137575268745
7606,6090,1,5,0.0760063156486,0.0108173089102,0.00786673557013,0.00705449655652,-0.000812239013612
7607,6915,2,8,0.068766079843,0.0151447616518,0.0348913110793,0.0444486252964,0.00955731421709
7609,3885,3,5,0.104998171329,0.0358531810343,0.0603569895029,0.0476569533348,-0.0127000361681
7610,5260,1,4,0.101255334914,0.0511048361659,0.0154254417866,0.00562692806125,-0.0097985137254
7611,4156,2,6,0.0782053396106,0.0121353529394,0.0499257668853,0.0326472632587,-0.0172785036266
7612,7004,4,2,0.0828480198979,0.0144896320999,0.0797557607293,0.0331875272095,-0.0465682335198
7613,8256,2,4,0.0720915719867,0.0282281320542,0.0141300978139,0.0192504096776,0.00512031186372
7614,3207,1,6,0.0530657581985,0.00596811808646,0.0753987953067,0.0418975763023,-0.0335012190044
7615,8256,3,4,0.0858887508512,0.0448569692671,0.00708820484579,0.0131964785978,0.00610827375203
7616,8256,1,6,0.0656492933631,0.0257403422147,0.0175914317369,0.0139736784622,-0.00361775327474
7617,680,2,5,0.0557704716921,0.0031189203728,0.081368111074,0.0720507502556,-0.00931736081839
7618,9025,2,7,0.101852834225,0.0142265278846,0.00287606753409,0.00144563463982,-0.00143043289427
7619,5022,4,11,0.108500391245,0.0238445810974,0.0193568021059,0.0187049172819,-0.000651884824038
7620,35,3,4,0.0666065141559,0.0202422309667,0.0235067680478,0.0166681129485,-0.00683865509927
7621,3027,3,11,0.118714503944,0.0118722403422,0.367731958628,0.0751393735409,-0.292592585087
7623,1556,2,5,0.115598268807,0.0509364530444,0.0556600429118,0.0201972164214,-0.0354628264904
7624,417,5,5,0.0967953577638,0.0140713835135,0.00739542581141,0.0306407157332,0.0232452899218
7625,3981,5,5,0.125626608729,0.0228338390589,0.321407794952,0.0527714304626,-0.268636375666
7626,4381,1,4,0.0607663355768,0.0148658910766,0.00979479867965,0.014789682813,0.00499488413334
7627,3167,1,3,0.0642648488283,0.00445305742323,0.0500243082643,0.164236739278,0.114212431014
7628,876,2,12,0.126793324947,0.0101088294759,0.252138108015,0.220543399453,-0.0315947085619
7629,1893,5,22,0.182468295097,0.0155723392963,0.0115132210776,0.00762466154993,-0.0038885595277
7630,9304,4,6,0.137071028352,0.0635003000498,0.00963651016355,0.0094631165266,-0.000173393636942
7631,784,2,7,0.120033167303,0.0147802783176,0.00420480873436,0.00203881203197,-0.00216599670239
7632,7734,4,13,0.0827911421657,0.0107725542039,0.115284480155,0.0278784614056,-0.0874060168862
7633,784,2,10,0.0797050818801,0.010319522582,0.0104809775949,0.0321153439581,0.0216343663633
7634,3860,2,8,0.0812875553966,0.0266064554453,0.0249493252486,0.0159501563758,-0.00899916887283
7635,784,1,10,0.065993629396,0.01463752985,0.10524122417,0.0781756043434,-0.0270656198263
7636,3307,3,2,0.143812060356,0.042261634022,0.432997107506,0.0817212089896,-0.351275891066
7637,3282,1,7,0.0700794309378,0.00997339002788,0.0012410156196,0.00100232951809,-0.000238686101511
7638,5287,3,6,0.0886874422431,0.0152977714315,0.0722974911332,0.0376569144428,-0.0346405766904
7639,8054,1,5,0.0865401849151,0.0280427485704,0.00880946125835,0.0130001651123,0.00419070385396
7640,5525,1,5,0.0909665226936,0.0167716238648,0.0340641252697,0.0289757903665,-0.00508833490312
7641,342,2,4,0.0958766117692,0.00696823978797,0.00171775440685,0.0116700874642,0.00995233282447
7642,6467,3,7,0.097494341433,0.0171326790005,0.425229758024,0.153185591102,-0.272044181824
7643,6848,7,21,0.215446457267,0.0224834829569,0.427975952625,0.0446572415531,-0.383318722248
7644,3581,4,16,0.0836016908288,0.0218398738652,0.422760874033,0.206074729562,-0.216686144471
7645,8907,1,3,0.0723448693752,0.00835866946727,0.013610352762,0.0250323247164,0.0114219719544
7646,2342,2,11,0.107292585075,0.0168988034129,0.00705758668482,0.0111486120149,0.00409102533013
7647,1869,3,4,0.0756331905723,0.0121931759641,0.0786718726158,0.0216792020947,-0.0569926723838
7648,6435,5,20,0.0872655287385,0.0149274487048,0.00643338821828,0.0140652582049,0.00763186998665
7649,5887,3,4,0.058156978339,0.00735711026937,0.0162465814501,0.0222683679312,0.00602178648114
7650,2387,4,10,0.117496162653,0.0266640353948,0.0144620994106,0.00818259641528,-0.00627950299531
7651,3305,3,3,0.121465735137,0.0209206845611,0.33198839426,0.123327814043,-0.208660572767
7652,3061,1,7,0.107666634023,0.0405110828578,0.0320363715291,0.00839188788086,-0.0236444845796
7653,5019,1,5,0.0464417636395,0.0180153958499,0.0311615690589,0.0434519760311,0.0122904069722
7654,439,3,3,0.0758313164115,0.00817355606705,0.113262601197,0.204221054912,0.0909584537148
7655,1001,2,3,0.0622504204512,0.0214791186154,0.11750920862,0.123576641083,0.00606743246317
7656,332,3,8,0.140782594681,0.0126302959397,0.4097032547,0.0780414417386,-0.331661820412
7657,8527,2,4,0.119845055044,0.0595196597278,0.00863780174404,0.00396345183253,-0.00467434991151
7658,943,2,3,0.0475044362247,0.00560629181564,0.0434565842152,0.028123555705,-0.0153330285102
7660,6399,1,4,0.0877199545503,0.0354610383511,0.00591845717281,0.00935056991875,0.00343211274594
7661,1869,3,3,0.0680417716503,0.0170592442155,0.0260281208903,0.0451753400266,0.0191472191364
7662,9018,1,4,0.0667144581676,0.0261806305498,0.0195276420563,0.0144875757396,-0.00504006631672
7663,4947,3,10,0.0835671648383,0.0129543608055,0.0100289164111,0.0102331964299,0.000204280018806
7664,9131,3,6,0.0647794529796,0.0165982805192,0.02420492284,0.036363452673,0.012158529833
7665,9131,4,9,0.0882261991501,0.0199901200831,0.011844326742,0.0107516134158,-0.00109271332622
7666,9094,6,11,0.110108725727,0.0459747798741,0.00213840301149,0.00172560696956,-0.000412796041928
7667,3528,3,6,0.129998594522,0.0147931259125,0.381982058287,0.124861747026,-0.25712031126
7668,131,1,9,0.116421975195,0.0219613369554,0.00196188455448,0.00793245714158,0.0059705725871
7669,2239,11,15,0.117431104183,0.00649228738621,0.0310964174569,0.0346784293652,0.00358201190829
7670,5899,3,7,0.0941016897559,0.00724848685786,0.0673068091273,0.0825145542622,0.0152077451348
7671,1400,2,4,0.140549108386,0.0379071310163,0.0363163463771,0.0394983328879,0.00318198651075
7672,2996,2,7,0.0527923107147,0.00682308478281,0.0502771288157,0.0912280902267,0.040950961411
7673,6689,3,9,0.123965404928,0.0798212587833,0.025960251689,0.026433268562,0.000473016873002
7674,805,7,25,0.183922946453,0.0237529501319,0.319688111544,0.0334652401507,-0.286222875118
7676,5009,2,5,0.0969120636582,0.00770277203992,0.0253154709935,0.034905642271,0.00959017127752
7677,5286,3,5,0.0810339450836,0.00506940949708,0.00869795680046,0.0143151814118,0.00561722461134
7678,2139,1,6,0.0970532223582,0.034291792661,0.201000496745,0.0798645168543,-0.121135979891
7679,1925,2,6,0.0915767326951,0.00985297188163,0.0880117490888,0.0465929396451,-0.0414188094437
7680,1728,1,8,0.105025060475,0.0315141417086,0.002427108353,0.0120009770617,0.00957386847585
7681,3351,4,5,0.113415755332,0.0267116334289,0.00284850876778,0.00583893805742,0.00299042928964
7682,808,10,22,0.142910525203,0.0417069792747,0.0148977767676,0.0361726917326,0.021274914965
7683,3130,2,19,0.0932309627533,0.0604457035661,0.857598721981,0.542659938335,-0.314938783646
7684,6697,4,6,0.0842096507549,0.013442568481,0.0444728694856,0.0741283074021,0.0296554379165
7685,9228,2,8,0.123682416975,0.00614980282262,0.201851472259,0.0559781976044,-0.145873278379
7686,8604,6,16,0.173911392689,0.0511170998216,0.0205352753401,0.00419067079201,-0.0163446050137
7687,2646,4,11,0.094770245254,0.0175353158265,0.0129995504394,0.0230354759842,0.0100359255448
7688,5515,4,4,0.115914292634,0.0522545166314,0.0144707048312,0.012567460537,-0.00190324429423
7689,2827,2,12,0.113574840128,0.0440319590271,0.451359152794,0.186988115311,-0.264371037483
7690,761,1,5,0.158250808716,0.0385003164411,0.00397191755474,0.0217159446329,0.0177440270782
7691,4941,1,7,0.0745881795883,0.04434928298,0.229372322559,0.120196700096,-0.109175622463
7692,7781,2,9,0.0826110169291,0.0243957545608,0.0226733386517,0.0197796355933,-0.00289370305836
7693,1562,1,4,0.093820951879,0.0194934234023,0.00346771278419,0.0049882712774,0.00152055849321
7694,7575,2,6,0.0727798342705,0.0343825444579,0.0351805761456,0.0206162333488,-0.0145643427968
7697,4319,1,5,0.070529602468,0.0316802226007,0.124711409211,0.182898923755,0.0581875145435
7698,6479,3,7,0.0602391958237,0.0289791952819,0.0488387532532,0.0294771194458,-0.0193616338074
7699,6824,13,57,0.0798254013062,0.0116179427132,0.0423530526459,0.0367682427168,-0.00558480992913
7700,5160,1,5,0.127603292465,0.0252414867282,0.40288874507,0.0810690447688,-0.32181969285
7701,6147,8,16,0.0906948447227,0.0223856586963,0.130003064871,0.0402266867459,-0.0897763818502
7702,1865,7,13,0.142765343189,0.0158979296684,0.0449761934578,0.0336753353477,-0.0113008581102
7703,4900,3,7,0.221279501915,0.098360709846,0.776485323906,0.194855585694,-0.581629753113
7704,6418,4,5,0.0702638700604,0.0158625505865,0.0776014104486,0.0411079004407,-0.0364935100079
7705,604,1,9,0.108193151653,0.0146258184686,0.0599819011986,0.0902328267694,0.0302509255707
7706,5091,4,6,0.0686812996864,0.0241169892251,0.0728347823024,0.0967454835773,0.0239107012749
7707,4823,4,6,0.0868098959327,0.0421030931175,0.341434806585,0.227972507477,-0.113462299109
7708,8179,5,2,0.116235472262,0.03330007568,0.00416024168953,0.00663331663236,0.00247307494283
7709,7763,3,6,0.109528273344,0.0160161480308,0.127914071083,0.0288011003286,-0.0991129726171
7710,9215,2,11,0.226718723774,0.0234007555991,0.812244772911,0.232478752732,-0.57976603508
7712,3145,4,6,0.0892373844981,0.0202410928905,0.0146877756342,0.0220549758524,0.00736720021814
7713,5310,1,9,0.078434638679,0.0075027635321,0.0203133355826,0.0240365806967,0.00372324511409
7715,3342,2,4,0.0690993964672,0.0244669914246,0.113397732377,0.0750065594912,-0.0383911728859
7717,7897,3,6,0.0701127871871,0.0138139827177,0.0278188157827,0.0243263840675,-0.00349243171513
7718,458,1,8,0.190798044205,0.0468295589089,0.465564996004,0.126627102494,-0.338937878609
7719,5722,2,5,0.141660630703,0.0327236689627,0.369309663773,0.0690234154463,-0.300286233425
7720,358,1,2,0.100271232426,0.0345307849348,0.0143465055153,0.0191610362381,0.0048145307228
7721,4520,2,4,0.1092203632,0.0846018269658,0.00964265596122,0.0149273127317,0.00528465677053
7722,253,1,9,0.104087673128,0.0160612650216,0.119378834963,0.0559617877007,-0.0634170472622
7723,5707,2,4,0.111254967749,0.022111158818,0.308177828789,0.0652926340699,-0.242885202169
7724,846,1,5,0.0703767314553,0.0152709605172,0.0453910939395,0.0520719625056,0.00668086856604
7725,5338,1,7,0.126289770007,0.0143158342689,0.017942385748,0.0200642421842,0.00212185643613
7726,3818,1,9,0.0683260858059,0.0157324708998,0.00338786491193,0.00650132494047,0.00311346002854
7727,6336,4,4,0.091303743422,0.0214805155993,0.0147976288572,0.0303599983454,0.0155623694882
7728,6261,3,8,0.0788557007909,0.0218038652092,0.0880586802959,0.133779659867,0.0457209795713
7729,3378,1,5,0.100096844137,0.0296275559813,0.0460540018976,0.0219383090734,-0.0241156928241
7730,5229,1,6,0.100889146328,0.0127995321527,0.172312110662,0.0359146818519,-0.13639742136
7731,3652,7,9,0.0544606931508,0.0120547618717,0.0282336119562,0.0144798085093,-0.0137538034469
7732,6261,2,4,0.0642299875617,0.0219646859914,0.00317698461004,0.0110433287919,0.00786634441465
7734,7827,2,7,0.0916973948479,0.0241506285965,0.0105150109157,0.00997946504503,-0.000535545870662
7735,6544,2,4,0.0666750892997,0.0166481714696,0.00512232538313,0.00410777935758,-0.00101454602554
7736,5223,9,26,0.0655319541693,0.0229322388768,0.0456379875541,0.0483581721783,0.0027201846242
7737,1943,4,12,0.0948938727379,0.033496376127,0.0141697591171,0.0264310594648,0.0122613003477
7739,6408,1,6,0.0981647968292,0.0233308821917,0.0172560494393,0.0106418998912,-0.00661414954811
7740,9267,1,9,0.114612005651,0.0235179066658,0.153081998229,0.0451904796064,-0.107891514897
7742,5272,1,9,0.0763347446918,0.00462197745219,0.0295601133257,0.062855668366,0.0332955569029
7744,2085,5,5,0.0563943646848,0.0085869980976,0.00517690833658,0.0109142111614,0.00573730282485
7746,4621,5,6,0.0901166424155,0.0147839318961,0.0551457181573,0.0230413451791,-0.0321043729782
7747,8341,1,7,0.122629381716,0.0231074094772,0.294554233551,0.0668751969934,-0.227679044008
7748,1907,3,3,0.0636688098311,0.0131797967479,0.0863148346543,0.039709046483,-0.0466057881713
7750,6097,5,4,0.107490263879,0.0185104645789,0.0192362461239,0.0243782103062,0.00514196418226
7751,3658,4,10,0.123833090067,0.0296680778265,0.00241589709185,0.00972353480756,0.00730763748288
7752,3827,2,11,0.106673128903,0.0154728936031,0.32450056076,0.0632232427597,-0.261277318001
7753,2047,1,6,0.103255309165,0.0472816862166,0.0428613759577,0.0463760904968,0.00351471453905
7754,2936,2,11,0.118256159127,0.0339113324881,0.00301883881912,0.0102219134569,0.0072030746378
7755,2687,1,5,0.0947730839252,0.0130078289658,0.0277455113828,0.037489708513,0.0097441971302
7756,8747,1,3,0.0792718157172,0.02983876504,0.0211920607835,0.0137610705569,-0.00743099022657
7757,7443,1,3,0.060660045594,0.0118447327986,0.006958108861,0.0110422773287,0.00408416846767
7758,9130,2,6,0.200596407056,0.0817350074649,0.00363974808715,0.00606126151979,0.00242151343264
7759,2464,1,6,0.0865621641278,0.0273702275008,0.0150312008336,0.0153390914202,0.000307890586555
7760,2439,3,8,0.108555316925,0.00950224511325,0.20564879477,0.119677864015,-0.0859709307551
7761,1678,3,5,0.125794872642,0.0293887276202,0.00590157741681,0.0299483016133,0.0240467246622
7762,4900,3,6,0.110415317118,0.0384718589485,0.216886267066,0.0552947074175,-0.161591559649
7763,8465,3,8,0.160665020347,0.0550792329013,0.00287620583549,0.00736886402592,0.00449265819043
7765,6390,2,7,0.188678264618,0.0321440920234,0.00125091546215,0.00888105109334,0.00763013586402
7766,7988,1,8,0.106409937143,0.0638506859541,0.054876472801,0.0413753502071,-0.0135011225939
7767,2052,1,6,0.105282902718,0.0499861650169,0.0502512082458,0.0534000881016,0.00314887985587
7769,4642,2,5,0.10560208559,0.0227546971291,0.0819549709558,0.0153017332777,-0.0666532367468
7770,4786,7,27,0.0557281672955,0.00372636364773,0.0889753326774,0.0330861993134,-0.055889133364
7772,8146,1,18,0.0926469936967,0.0172745939344,0.0102396653965,0.00589866004884,-0.00434100534767
7773,1409,4,5,0.11945950985,0.0728274136782,0.0660205408931,0.127350404859,0.0613298639655
7774,4612,2,5,0.0885137841105,0.0164010617882,0.0287762954831,0.0217273980379,-0.0070488974452
7775,4909,3,5,0.162311539054,0.0246524997056,0.861371159554,0.389569669962,-0.471801489592
7776,3744,2,6,0.0578065700829,0.00266618677415,0.100440524518,0.0698788315058,-0.0305616930127
7777,3714,2,4,0.0959484353662,0.0165596026927,0.0190545320511,0.0453614257276,0.0263068936765
7778,3789,3,6,0.0514748692513,0.0143093839288,0.126416832209,0.160927310586,0.0345104783773
7779,3703,1,3,0.0717210918665,0.00933735631406,0.0157156400383,0.0183373466134,0.00262170657516
7780,1662,2,7,0.0750608891249,0.00989689771086,0.0549041628838,0.071116425097,0.0162122622132
7781,1390,2,7,0.150136336684,0.0493447817862,0.177858516574,0.0172814559191,-0.160577058792
7782,3827,2,4,0.0707874074578,0.0283878277987,0.0396033190191,0.0551620721817,0.0155587531626
7783,1569,1,6,0.178779006004,0.0452217385173,0.0203457511961,0.0542401075363,0.0338943563402
7785,6325,2,5,0.108771048486,0.0387082956731,0.0209450703114,0.0483807325363,0.0274356622249
7786,7926,2,5,0.111421227455,0.0268115475774,0.0428216829896,0.0286445971578,-0.0141770858318
7787,7319,5,6,0.113480888307,0.0388353168964,0.0257976707071,0.0432719141245,0.0174742434174
7788,5926,1,4,0.0526703260839,0.0114745181054,0.00664544058964,0.0127506060526,0.00610516546294
7789,7319,3,3,0.172676160932,0.0512650236487,0.00176162633579,0.0236891377717,0.0219275113195
7790,3154,2,8,0.182281374931,0.0443200990558,0.00824858527631,0.0118788825348,0.0036302972585
7791,7519,1,3,0.0849132165313,0.00486044539139,0.00873985234648,0.00542910955846,-0.00331074278802
7793,5365,2,9,0.0910224989057,0.0372279919684,0.0197935458273,0.0141682401299,-0.00562530569732
7794,3496,1,5,0.0827313289046,0.0669866278768,0.532534778118,0.351790755987,-0.180744022131
7795,2494,4,4,0.1065678671,0.0633232071996,0.00244906218722,0.00795482005924,0.00550575787202
7796,6461,1,6,0.0975304841995,0.0511263795197,0.0214295703918,0.0152164027095,-0.00621316768229
7797,1981,4,8,0.124707661569,0.0609569959342,0.0106603000313,0.00526629574597,-0.00539400428534
7799,9256,2,5,0.0731852725148,0.0169034469873,0.00516017898917,0.00606104684994,0.000900867860764
7800,5836,3,7,0.0812336280942,0.012260206975,0.00700147589669,0.0199596974999,0.0129582211375
7801,2357,2,4,0.0989408269525,0.0560153275728,0.0093421721831,0.00943083595484,8.86637717485e-05
7802,4078,1,6,0.0544233471155,0.0193865969777,0.118209816515,0.110041081905,-0.00816873461008
7803,2063,5,7,0.0898371115327,0.0218085404485,0.0198094751686,0.0400583967566,0.0202489215881
7804,1460,4,5,0.0496529005468,0.00637607462704,0.0423170402646,0.0268696453422,-0.0154473949224
7806,5900,5,7,0.0966435298324,0.0307265650481,0.0950730666518,0.0217482242733,-0.0733248442411
7807,6399,2,4,0.0435399152339,0.0119998473674,0.0194253940135,0.0352927707136,0.0158673767
7809,1890,2,5,0.113202385604,0.025096418336,0.187695607543,0.120042026043,-0.0676535815001
7810,6089,2,3,0.113774739206,0.0286804996431,0.00937536731362,0.0190037023276,0.00962833501399
7811,7106,3,5,0.0570417009294,0.00203085248359,0.0503159537911,0.0363170690835,-0.0139988847077
7812,771,6,13,0.0509132891893,0.00529877794906,0.263458848,0.258330821991,-0.00512802600861
7813,5419,1,3,0.0595020912588,0.00931416265666,0.0824702680111,0.0319138653576,-0.0505564026535
7814,7874,6,6,0.0967902615666,0.00709262909368,0.322127610445,0.107753418386,-0.214374184608
7815,6083,1,7,0.103966593742,0.0645414292812,0.00613159872591,0.00538973137736,-0.000741867348552
7816,1634,2,9,0.26925650239,0.146461769938,0.923192501068,0.302924394608,-0.620268106461
7817,876,2,6,0.0881219506264,0.0283976271749,0.158686488867,0.126201376319,-0.0324851125479
7818,5633,7,23,0.105280719697,0.0558742769063,0.0108225923032,0.0198218524456,0.00899926014245
7819,2665,3,4,0.110980153084,0.0201513562351,0.0946922898293,0.0257583092898,-0.0689339786768
7820,3176,2,6,0.0842937231064,0.0210680179298,0.137036174536,0.0911252275109,-0.0459109470248
7821,6634,3,6,0.0677256137133,0.0182843711227,0.456490725279,0.234694555402,-0.221796169877
7822,798,2,9,0.0943536087871,0.0234357919544,0.129867658019,0.157128214836,0.0272605568171
7823,1634,3,8,0.0568549819291,0.00292543275282,0.0265468917787,0.0588439889252,0.0322970971465
7824,2753,7,16,0.147059500217,0.0166754480451,0.00251011154614,0.00284383562393,0.000333724077791
7826,778,1,9,0.105289280415,0.0367068611085,0.0586352236569,0.0307296458632,-0.0279055777937
7827,1698,5,6,0.238081291318,0.027737909928,0.00290143932216,0.12859660387,0.125695168972
7828,3752,1,7,0.0446114130318,0.000343915628036,0.00296882260591,0.00273037352599,-0.000238449079916
7829,8349,2,5,0.0457656793296,0.00580229377374,0.00521418079734,0.00808163080364,0.00286745000631
7831,1118,2,6,0.0729903578758,0.00625539664179,0.0250346027315,0.0552078150213,0.0301732122898
7832,5744,6,13,0.052750185132,0.00774022284895,0.0311352256685,0.0293600652367,-0.00177516043186
7833,1524,1,7,0.117327749729,0.0345504395664,0.024062782526,0.0584268532693,0.0343640707433
7834,1698,1,3,0.22395272553,0.0150156412274,0.425747007132,0.0286822672933,-0.397064745426
7835,164,6,9,0.198292538524,0.0562395490706,0.165973156691,0.0460536964238,-0.119919463992
7838,8840,6,9,0.126942113042,0.045880638063,0.327041745186,0.119334876537,-0.207706868649
7839,1122,3,5,0.101638846099,0.0223290473223,0.0408186502755,0.0109302243218,-0.0298884250224
7840,4334,2,5,0.113823026419,0.0276305954903,0.0170586630702,0.0072609744966,-0.0097976885736
7841,6843,1,6,0.0930821076035,0.0449069365859,0.0246607810259,0.0183391626924,-0.00632161833346
7842,180,5,5,0.124021530151,0.0487433820963,0.0593642890453,0.0426645129919,-0.0166997760534
7843,5648,3,12,0.126690134406,0.0322265923023,0.0308015998453,0.00802328530699,-0.022778313607
7844,1699,1,9,0.107891142368,0.00407395372167,0.0284327976406,0.106602996588,0.0781701952219
7845,1686,7,8,0.108016870916,0.0204453654587,0.176509067416,0.0707767978311,-0.105732269585
7846,5282,3,6,0.0628565773368,0.0174132939428,0.127870619297,0.180406138301,0.0525355190039
7847,1699,1,8,0.15230204165,0.020702842623,0.135598599911,0.0334029905498,-0.102195605636
7849,1699,3,10,0.117395937443,0.0182378981262,0.0212812833488,0.00786521378905,-0.0134160695598
7850,3227,4,6,0.0595155619085,0.00626439740881,0.0654628649354,0.0204290542752,-0.0450338125229
7851,661,4,6,0.0973756983876,0.0215428806841,0.078214712441,0.0457044877112,-0.0325102247298
7853,1413,1,5,0.167578861117,0.0588940382004,0.469370692968,0.147167772055,-0.322202920914
7857,5136,2,7,0.0481387265027,0.00171991658863,0.181411772966,0.137478008866,-0.0439337641001
7858,5942,1,4,0.222238108516,0.0517044514418,0.508072555065,0.0529772229493,-0.45509532094
7860,604,7,13,0.0500781722367,0.00176593696233,0.137860491872,0.152580425143,0.0147199332714
7861,1190,5,10,0.0908795669675,0.0110433585942,0.0113416360691,0.0206174459308,0.00927580986172
7862,3025,1,4,0.296672552824,0.0662701874971,0.794768452644,0.114717818797,-0.680050611496
7863,3496,1,7,0.129440024495,0.0606183744967,0.0174307171255,0.0462617874146,0.028831070289
7864,777,5,5,0.245284333825,0.072638630867,0.894863963127,0.274681359529,-0.6201826334
7865,2871,1,6,0.096436239779,0.0248599350452,0.000515408872161,0.000602855812758,8.74469405971e-05
7866,1771,1,8,0.136105880141,0.0353613272309,0.00520840287209,0.0110219223425,0.00581351947039
7867,253,1,6,0.14918269217,0.0233568940312,0.0141638368368,0.0148306014016,0.000666764564812
7868,7066,3,16,0.0939138457179,0.00443713413551,0.074489235878,0.0460897088051,-0.0283995270729
7869,1031,3,8,0.130536928773,0.0258209723979,0.142605483532,0.0298376064748,-0.112767875195
7870,8604,3,7,0.0708054304123,0.0174092147499,0.0506603270769,0.0303861033171,-0.0202742237598
7871,2393,4,6,0.149309337139,0.0125944828615,0.295565277338,0.0601614117622,-0.235403865576
7872,5985,2,3,0.200970634818,0.0784634873271,0.529726624489,0.10820761323,-0.421519011259
7873,3425,5,15,0.0928418636322,0.002850250341,0.0163886882365,0.0221007373184,0.00571204908192
7874,2206,2,4,0.0815581679344,0.0119081139565,0.0149811124429,0.0319860689342,0.01700495556
7875,6211,2,6,0.115504302084,0.0384256914258,0.0896186381578,0.0294398386031,-0.0601788014174
7876,1138,3,9,0.118314050138,0.0129496334121,0.0390032976866,0.017607845366,-0.0213954523206
7877,7493,1,8,0.0792295411229,0.00904996693134,0.0301716029644,0.0367273502052,0.00655574724078
7878,6364,5,18,0.0644445344806,0.00675073359162,0.00902799516916,0.00402653263882,-0.00500146253034
7879,5102,5,16,0.068333722651,0.025832394138,0.427444696426,0.254940271378,-0.172504425049
7880,6431,5,13,0.0778973028064,0.0200118999928,0.0708476305008,0.0633128881454,-0.00753474235535
7881,8199,2,4,0.0622538477182,0.0105525748804,0.0528074987233,0.0688859522343,0.016078453511
7882,6154,2,5,0.0796114131808,0.024601124227,0.0223537590355,0.0195176228881,-0.00283613614738
7884,1215,7,6,0.108280681074,0.0184893216938,0.0137364529073,0.0316224507987,0.0178859978914
7885,512,1,6,0.156944692135,0.0375765450299,0.115719988942,0.0896636545658,-0.0260563343763
7886,1326,1,5,0.0554590187967,0.00713615538552,0.00373143330216,0.0097378725186,0.00600643921643
7887,994,5,9,0.0514017939568,0.0406323112547,0.999949812889,0.863293349743,-0.136656463146
7888,4463,4,5,0.029420832172,0.00300290086307,0.993254601955,0.893407821655,-0.0998467803001
7889,6396,7,7,0.0896906331182,0.0202532354742,0.0292841754854,0.0285445973277,-0.000739578157663
7890,1196,2,6,0.0712418556213,0.0244212038815,0.0414125807583,0.0389610528946,-0.00245152786374
7891,6564,2,2,0.136498868465,0.0592715926468,0.0796990394592,0.0306165013462,-0.0490825399756
7892,3008,2,8,0.104418687522,0.0435623005033,0.0477434359491,0.0248175803572,-0.0229258555919
7893,5625,5,7,0.113381028175,0.0418655015528,0.0474680364132,0.06905990839,0.0215918719769
7894,994,3,2,0.158871158957,0.0422018952668,0.981993317604,0.557277202606,-0.424716114998
7895,4403,1,5,0.0922024250031,0.0208949372172,0.0212299190462,0.0477448441088,0.0265149250627
7896,3004,2,8,0.119169496,0.0477334149182,0.500076115131,0.164417281747,-0.335658848286
7897,5671,2,8,0.123968601227,0.0460269041359,0.999472796917,0.686173260212,-0.313299536705
7898,3008,2,3,0.271737009287,0.13567070663,0.964073419571,0.363205999136,-0.600867390633
7899,3009,5,6,0.321505069733,0.11576230824,0.989654302597,0.319270342588,-0.670383930206
7900,995,3,8,0.172868207097,0.0863329619169,0.703915417194,0.381901651621,-0.322013765574
7901,3523,5,7,0.0369451157749,0.00548001937568,0.999742567539,0.895389735699,-0.104352831841
7902,3004,1,12,0.0457903109491,0.0236167851835,0.999950528145,0.875016510487,-0.124934017658
7903,3388,3,6,0.137087926269,0.0636175945401,0.158319830894,0.0416167713702,-0.11670306325
7904,997,2,8,0.0703084245324,0.0469605736434,0.999946713448,0.816566705704,-0.183380007744
7905,3002,4,12,0.0737435817719,0.038303244859,0.997398018837,0.792789041996,-0.204608976841
7906,3523,1,8,0.0344796441495,0.0305586382747,0.999738395214,0.904647648335,-0.0950907468796
7907,612,1,5,0.303974866867,0.0906543210149,0.996238589287,0.353613138199,-0.642625451088
7908,1091,1,8,0.0724887475371,0.0268758349121,0.115372985601,0.0514150001109,-0.0639579892159
7909,9280,2,6,0.0796848461032,0.00752720888704,0.0118388682604,0.0134680690244,0.001629200764
7910,3412,3,6,0.097139775753,0.0124857928604,0.00711585814133,0.00310349580832,-0.00401236210018
7911,8944,3,7,0.139216676354,0.0141607485712,0.0213996320963,0.00874767825007,-0.0126519538462
7912,37,1,6,0.0637596622109,0.00983194261789,0.011874766089,0.0220733713359,0.0101986052468
7915,3062,3,8,0.12175449729,0.0595176033676,0.765908777714,0.354395151138,-0.411513626575
7916,6567,2,8,0.0959862545133,0.031909070909,0.00463222712278,0.0168356318027,0.0122034046799
7917,383,4,11,0.0703699141741,0.0245871134102,0.16767296195,0.0438050217927,-0.123867943883
7918,859,2,7,0.0976955369115,0.0360875502229,0.216343387961,0.0554804988205,-0.160862892866
7920,1102,3,3,0.101738095284,0.0392684973776,0.0424619987607,0.0545512139797,0.012089215219
7921,331,2,5,0.0678169429302,0.021190430969,0.122395060956,0.0919546410441,-0.0304404199123
7922,250,2,2,0.0844769477844,0.042627196759,0.026227619499,0.0201358068734,-0.00609181262553
7923,3954,1,6,0.172516047955,0.0896569639444,0.0019040099578,0.00465858029202,0.00275457045063
7924,1080,5,9,0.096628755331,0.0447707436979,0.0693724676967,0.0455979406834,-0.0237745270133
7925,995,1,5,0.364764690399,0.0627816542983,0.941853404045,0.166185721755,-0.775667667389
7926,1857,3,5,0.0614896975458,0.00691238325089,0.0435389690101,0.0230155494064,-0.0205234196037
7927,1623,7,29,0.0657096430659,0.0140063222498,0.407645344734,0.239543870091,-0.168101474643
7928,6459,1,4,0.0991993919015,0.03407407552,0.0045707304962,0.00712107168511,0.00255034118891
7929,7146,2,9,0.075226046145,0.0236159414053,0.180648818612,0.0816830992699,-0.0989657193422
7930,2279,1,6,0.12494713068,0.0220647584647,0.00680686347187,0.0227332953364,0.0159264318645
7931,2031,6,9,0.0706996619701,0.00936424825341,0.00825633015484,0.00476355524734,-0.0034927749075
7932,5621,1,3,0.0831953510642,0.0195209123194,0.00235834112391,0.00362057308666,0.00126223196276
7933,6509,5,2,0.297396570444,0.0907681211829,0.888391494751,0.19877551496,-0.68961596489
7934,9017,2,4,0.14370919764,0.0801511183381,0.10476680845,0.0636166259646,-0.0411501824856
7935,3200,4,10,0.111578322947,0.0287052821368,0.012355283834,0.0682315155864,0.0558762326837
7936,5585,1,6,0.094998896122,0.0250959545374,0.0117958327755,0.0345098972321,0.0227140635252
7938,1196,3,6,0.12505248189,0.041930064559,0.29751548171,0.0642038881779,-0.233311593533
7939,561,4,6,0.11035027355,0.0300985649228,0.0285421870649,0.0848119854927,0.0562697984278
7940,141,4,10,0.0879312977195,0.019702129066,0.148297697306,0.0496778786182,-0.0986198186874
7941,8980,11,40,0.101287931204,0.0364202596247,0.0589257441461,0.0183518640697,-0.0405738800764
7942,3095,4,7,0.0552854202688,0.0144609129056,0.0141202462837,0.0176569987088,0.00353675242513
7943,7841,3,13,0.0989047288895,0.0251197312027,0.00592900346965,0.0116919828579,0.00576297938824
7944,1386,1,3,0.142729714513,0.0653770565987,0.105303257704,0.0233616363257,-0.0819416195154
7945,7633,3,12,0.122298896313,0.0414756685495,0.00606044521555,0.00978934019804,0.00372889498249
7946,1348,2,9,0.138883665204,0.00705741671845,0.0200829394162,0.0611445195973,0.0410615801811
7947,8195,4,6,0.060796007514,0.013920173049,0.0108594130725,0.0101397605613,-0.000719652511179
7948,8169,2,3,0.0908858552575,0.0110825877637,0.0046685570851,0.00408732099459,-0.000581236090511
7949,7469,5,9,0.0833237543702,0.0144372666255,0.011025399901,0.0146213164553,0.00359591655433
7950,8150,1,8,0.105166651309,0.018798455596,0.00243033701554,0.0109985396266,0.00856820307672
7951,4401,4,11,0.0685404166579,0.0134899606928,0.0465267077088,0.0632860586047,0.0167593508959
7952,9288,1,4,0.104175209999,0.0233894493431,0.00136171886697,0.00114297901746,-0.000218739849515
7953,6111,3,5,0.0903848335147,0.012182822451,0.111735403538,0.0471146069467,-0.0646207928658
7954,5235,1,7,0.0481040179729,0.009626083076,0.0199485551566,0.0138416523114,-0.0061069028452
7956,853,2,1,0.0900385677814,0.00747767882422,0.0108968121931,0.0193542167544,0.00845740456134
7958,5588,4,11,0.125939100981,0.0343457125127,0.000999382231385,0.0196949243546,0.0186955425888
7959,8985,7,22,0.0717038288713,0.00863482989371,0.0884039998055,0.0530343651772,-0.0353696346283
7960,5276,1,6,0.0687320157886,0.0190944094211,0.0477095469832,0.0735280886292,0.025818541646
7961,6001,1,6,0.0484972149134,0.00584210408852,0.0984781235456,0.0574163645506,-0.0410617589951
7962,5392,1,6,0.0795424059033,0.00816968176514,0.094955816865,0.143319651484,0.0483638346195
7963,6817,1,7,0.200979754329,0.0499598383904,0.146746620536,0.0174638908356,-0.129282727838
7964,1678,7,14,0.187085434794,0.0653129518032,0.00662504415959,0.00630159303546,-0.000323451124132
7965,4190,4,5,0.102284967899,0.0364238508046,0.0730527043343,0.0590139590204,-0.0140387453139
7966,2133,5,7,0.0552087910473,0.00752929644659,0.0694346651435,0.0365399904549,-0.0328946746886
7967,7679,3,6,0.06288100034,0.0189039334655,0.0203009285033,0.022009305656,0.00170837715268
7968,4016,4,13,0.0830317810178,0.031825311482,0.367021381855,0.163914099336,-0.203107282519
7969,3536,7,20,0.0717042535543,0.0231662392616,0.00552657758817,0.00518358964473,-0.000342987943441
7970,1259,1,8,0.0861196890473,0.00335492170416,0.0455723255873,0.0222099721432,-0.0233623534441
7971,4656,9,13,0.0829183086753,0.0144021790475,0.0189167112112,0.00609860708937,-0.0128181036562
7972,8103,1,8,0.126104429364,0.0308910571039,0.0250708330423,0.0115650929511,-0.0135057400912
7973,1670,4,17,0.101278103888,0.021421905607,0.0370080992579,0.0142771126702,-0.022730987519
7974,3476,4,4,0.183555707335,0.0535150617361,0.0112026808783,0.00946628674865,-0.00173639412969
7975,1821,4,9,0.113583624363,0.00848031789064,0.126145914197,0.0226407442242,-0.103505171835
7976,1856,4,3,0.10278314352,0.00590765476227,0.269746780396,0.0393464826047,-0.230400294065
7980,3167,3,3,0.237618133426,0.0371815823019,0.19159989059,0.0578411109746,-0.13375878334
7982,4927,2,6,0.0940167531371,0.0196651164442,0.0140430899337,0.00688586337492,-0.00715722655877
7983,2702,3,4,0.0548745878041,0.010672647506,0.00620683562011,0.00821668002754,0.00200984440744
7984,7568,2,8,0.0947265997529,0.0175347849727,0.0481903664768,0.0350138470531,-0.0131765194237
7986,2585,3,4,0.109456457198,0.0383545272052,0.0239287167788,0.0187600459903,-0.00516867078841
7987,3779,2,6,0.139883890748,0.0256060119718,0.00130187231116,0.005020363722,0.00371849141084
7988,5690,3,4,0.267674475908,0.0458294786513,0.758228778839,0.127094864845,-0.631133913994
7989,249,2,10,0.0792709365487,0.0105357710272,0.160473778844,0.147540092468,-0.0129336863756
7990,5566,3,6,0.0798716917634,0.0121020758525,0.0444526039064,0.0473184995353,0.00286589562893
7991,565,3,6,0.216520115733,0.0458532869816,0.487539231777,0.0435313098133,-0.44400793314
7992,2873,2,3,0.0678470954299,0.0136244324967,0.0266242362559,0.0418598465621,0.0152356103063
7993,6153,3,5,0.0911005660892,0.0254118181765,0.0217438023537,0.0112576475367,-0.010486154817
7994,4825,2,6,0.18508464098,0.0215711575001,0.0051202760078,0.0384820513427,0.0333617739379
7995,9190,4,12,0.0650573372841,0.0149505138397,0.0167587064207,0.0187357906252,0.00197708420455
7996,6326,2,3,0.0754589065909,0.0170085188001,0.128089815378,0.0266714412719,-0.101418375969
7997,5974,3,6,0.126819446683,0.0515187345445,0.180218815804,0.235562548041,0.0553437322378
7998,329,3,7,0.0718229413033,0.0183406323195,0.396678507328,0.209356784821,-0.187321722507
7999,1125,5,10,0.110497355461,0.0296413190663,0.00716093694791,0.00369358807802,-0.00346734886989
8000,8795,1,8,0.0829253718257,0.0226220395416,0.247320964932,0.11257532984,-0.134745627642
8001,8764,3,4,0.0838317275047,0.0291050113738,0.0321602709591,0.0396507941186,0.0074905231595
8002,7522,2,2,0.0846070572734,0.0270228628069,0.20454749465,0.0632443875074,-0.141303107142
8003,3936,2,9,0.0661364793777,0.020974136889,0.145301043987,0.0754086300731,-0.0698924139142
8004,8546,3,9,0.0956287458539,0.0247770044953,0.134887397289,0.0882253646851,-0.0466620326042
8005,3954,1,3,0.0662700086832,0.018464686349,0.0897631719708,0.115149714053,0.0253865420818
8006,8008,4,3,0.102132357657,0.0238617416471,0.00185560132377,0.00625293515623,0.00439733359963
8007,391,3,3,0.0690343081951,0.0154961543158,0.145483598113,0.0561827532947,-0.0893008410931
8008,6683,3,2,0.0791054368019,0.00879488885403,0.1307939291,0.119438827038,-0.0113551020622
8009,6664,4,6,0.0965455472469,0.00921630859375,0.182863682508,0.0867050290108,-0.0961586534977
8010,3926,1,6,0.0563594698906,0.0180877484381,0.0841425657272,0.114111624658,0.0299690589309
8011,5775,1,4,0.0825796276331,0.0142722139135,0.0318585596979,0.0186266135424,-0.0132319461554
8012,438,1,7,0.0727104470134,0.00638200575486,0.107994496822,0.0286417007446,-0.0793527960777
8014,6504,1,14,0.143766075373,0.0730880647898,0.0329895839095,0.0382330343127,0.00524345040321
8015,5293,2,5,0.0856829211116,0.0313803814352,0.00849888753146,0.00991566479206,0.0014167772606
8016,3500,2,5,0.194123625755,0.0468202903867,0.0139295412228,0.0155120333657,0.00158249214292
8017,8302,1,3,0.0818525701761,0.0118017438799,0.0162409190089,0.00966642890126,-0.0065744901076
8018,5592,1,9,0.0695606842637,0.00763973314315,0.00531962048262,0.0065553933382,0.00123577285558
8019,3425,3,10,0.0713409930468,0.0177532974631,0.0229290090501,0.0276652723551,0.00473626330495
8020,5871,6,4,0.0879895612597,0.00677820062265,0.00567505788058,0.0235133264214,0.0178382694721
8022,1001,4,4,0.154143214226,0.0318013951182,0.199465215206,0.0692608132958,-0.130204409361
8023,3483,2,7,0.0732134431601,0.0354436673224,0.00404990324751,0.0133415684104,0.00929166562855
8024,1429,4,10,0.120367884636,0.0126358252019,0.0467861257493,0.0175256580114,-0.0292604677379
8025,3224,1,10,0.158713534474,0.0312707945704,0.415952861309,0.0511094816029,-0.36484336853
8026,533,1,2,0.15453928709,0.0493173487484,0.0300802793354,0.0229025483131,-0.00717773102224
8027,826,5,3,0.184546753764,0.0380174554884,0.0639725700021,0.0279654413462,-0.0360071286559
8028,1009,3,6,0.0658893063664,0.0292533710599,0.10725864023,0.0761138275266,-0.0311448127031
8029,3197,3,5,0.0818717256188,0.0324996933341,0.0549768805504,0.0619702786207,0.00699339807034
8030,3147,2,11,0.0562540851533,0.00878206640482,0.0147689227015,0.00764333084226,-0.00712559185922
8031,9133,3,5,0.0600688196719,0.017005501315,0.00878823455423,0.0104564279318,0.00166819337755
8032,7065,2,4,0.292510509491,0.0200269725174,0.0279259495437,0.0831795334816,0.0552535839379
8033,4169,4,6,0.107772089541,0.0361780337989,0.00505426246673,0.0146980322897,0.00964376982301
8034,6355,4,11,0.124787352979,0.0343979932368,0.0622696019709,0.0391283892095,-0.0231412127614
8035,5816,4,12,0.112379789352,0.0122016891837,0.220459908247,0.0690159723163,-0.15144392848
8037,984,2,5,0.0490164719522,0.0146536501125,0.010166214779,0.0182707905769,0.00810457579792
8038,5735,3,7,0.18611510098,0.0464784614742,0.00737748621032,0.0269723460078,0.0195948593318
8039,2778,2,5,0.185439884663,0.074381776154,0.448538720608,0.0780701562762,-0.370468556881
8040,7454,1,6,0.0593414008617,0.0318741835654,0.00359594658948,0.0102001680061,0.00660422164947
8041,7293,4,12,0.0925972834229,0.0156652107835,0.0018376277294,0.0086602512747,0.00682262331247
8042,8637,4,13,0.145420059562,0.0469054691494,0.068154104054,0.0265667941421,-0.0415873080492
8043,8605,3,8,0.118568278849,0.023638419807,0.00292922416702,0.00624755071476,0.00331832654774
8044,8636,4,8,0.10396245867,0.0227843504399,0.00422729924321,0.00841449666768,0.00418719742447
8045,4026,3,8,0.156956732273,0.0226737596095,0.0274460222572,0.0634254813194,0.0359794571996
8046,5275,5,3,0.176047161222,0.0510233305395,0.147916704416,0.0594970546663,-0.0884196460247
8048,5869,6,6,0.0673900768161,0.0235965922475,0.00370015017688,0.00329773686826,-0.00040241330862
8050,6095,3,3,0.101834326982,0.0312571376562,0.399817943573,0.114927567542,-0.284890383482
8051,1341,3,16,0.0988943949342,0.0226185284555,0.0448951795697,0.087285540998,0.0423903614283
8052,3717,4,5,0.191187039018,0.0356220006943,0.325250416994,0.0501962415874,-0.275054186583
8053,8756,2,5,0.160294979811,0.101149976254,0.00532048987225,0.00636342959478,0.00104293972254
8054,5257,1,4,0.0607416033745,0.0129548469558,0.0454849340022,0.0359616726637,-0.00952326133847
8055,4823,2,3,0.1060937047,0.0343348383904,0.220816016197,0.0576743967831,-0.163141623139
8056,6603,2,2,0.099058419466,0.0559084527194,0.00945739634335,0.00364189618267,-0.00581550039351
8058,5033,3,3,0.0787736549973,0.0293011274189,0.0308884568512,0.0493106134236,0.0184221565723
8060,8295,2,4,0.1241998896,0.0360133908689,0.0476105175912,0.0146624436602,-0.0329480729997
8061,5433,3,5,0.0611624903977,0.0113583514467,0.0597549267113,0.0417375266552,-0.0180174000561
8062,3790,7,4,0.0920212045312,0.0375375635922,0.135595485568,0.0479387305677,-0.0876567512751
8063,6711,2,10,0.115800119936,0.00953262858093,0.176858738065,0.0229440610856,-0.153914675117
8064,3790,2,10,0.083205729723,0.0338385775685,0.0137257827446,0.00982392858714,-0.00390185415745
8065,6767,2,5,0.0833846703172,0.017746752128,0.00210200319998,0.00257484824397,0.000472845043987
8066,6337,9,11,0.077574044466,0.0199446436018,0.14516441524,0.0788401141763,-0.066324301064
8067,1332,4,7,0.0760488733649,0.00165542040486,0.00538692763075,0.0126846460626,0.0072977184318
8068,595,2,7,0.0932073220611,0.0173606127501,0.0133093670011,0.0108893178403,-0.00242004916072
8069,1265,2,12,0.0981277227402,0.0203209724277,0.00350188370794,0.00205135182478,-0.00145053188317
8070,463,2,2,0.0784384384751,0.0344529673457,0.0159051381052,0.0162611436099,0.000356005504727
8071,1218,3,4,0.104167222977,0.0416309759021,0.325505435467,0.128291785717,-0.19721364975
8072,4956,1,6,0.119724087417,0.0561387091875,0.00539452116936,0.0162326022983,0.0108380811289
8073,2797,3,4,0.116194032133,0.00943768117577,0.0145216900855,0.0501836240292,0.0356619358063
8074,4340,3,4,0.104691110551,0.0315728783607,0.114651970565,0.0709389224648,-0.0437130481005
8075,6122,2,5,0.153853848577,0.0569415315986,0.572818100452,0.271755516529,-0.301062583923
8076,4396,2,4,0.093150742352,0.0198185294867,0.0139168864116,0.0148261515424,0.000909265130758
8077,325,6,12,0.0886610224843,0.02420261316,0.059118911624,0.0801642164588,0.0210453048348
8079,842,2,3,0.0773479118943,0.0367227494717,0.0944461897016,0.0311394352466,-0.0633067563176
8080,4421,2,4,0.0680822134018,0.0207493156195,0.00548404129222,0.00804920028895,0.00256515899673
8081,4494,1,3,0.0750450715423,0.00963831413537,0.0682652071118,0.0337368063629,-0.034528400749
8083,5561,3,7,0.0745088756084,0.020199270919,0.0841248780489,0.0503275692463,-0.0337973088026
8084,6169,4,4,0.0660794600844,0.0240872837603,0.112188860774,0.0722555443645,-0.0399333164096
8085,9187,5,12,0.0755144134164,0.0140088815242,0.0306051298976,0.0391318462789,0.00852671638131
8086,3768,1,4,0.0985594019294,0.0217978842556,0.00922775454819,0.0160346310586,0.00680687651038
8087,7764,1,7,0.0656735002995,0.0115558905527,0.0204633772373,0.0376405566931,0.0171771794558
8088,1895,5,4,0.0587889961898,0.0175509843975,0.0053927982226,0.0135421417654,0.00814934354275
8089,2139,3,6,0.0354985706508,0.000626447144896,0.0939429849386,0.0665462911129,-0.0273966938257
8090,2379,4,4,0.0596187114716,0.00242326664738,0.0465407930315,0.0334682129323,-0.0130725800991
8091,2598,5,5,0.226267933846,0.0146851399913,0.0019484157674,0.00772293889895,0.00577452313155
8092,1127,1,3,0.122636057436,0.0363242775202,0.0188422892243,0.0242227707058,0.00538048148155
8093,7343,1,4,0.0895176231861,0.0284642800689,0.0162118989974,0.0269295815378,0.0107176825404
8094,221,5,10,0.131455540657,0.0473197288811,0.572154998779,0.215373113751,-0.356781899929
8095,5338,4,8,0.145163014531,0.0506686642766,0.116162315011,0.0638848245144,-0.0522774904966
8096,4759,5,1,0.121433995664,0.029257748276,0.010468560271,0.0133644193411,0.00289585907012
8097,3643,3,7,0.0634998828173,0.0338731370866,0.0554535500705,0.0333112664521,-0.0221422836185
8098,4382,1,7,0.0590149015188,0.0123314149678,0.036881942302,0.0361637622118,-0.000718180090189
8099,5876,3,6,0.17939402163,0.0549248233438,0.0919975414872,0.0159652065486,-0.076032333076
8100,2136,7,5,0.0657882466912,0.0154026113451,0.0336377173662,0.0427206419408,0.00908292457461
8101,1353,5,11,0.119894064963,0.0646526366472,0.0404613241553,0.0252236276865,-0.0152376964688
8102,7568,1,3,0.0676404312253,0.016122194007,0.0217994842678,0.0143159888685,-0.00748349539936
8103,8403,10,26,0.0743936747313,0.0017928914167,0.0280895940959,0.0582487396896,0.0301591455936
8104,3138,1,4,0.0655660554767,0.0164795350283,0.0111045436934,0.00419661588967,-0.0069079278037
8105,7346,2,8,0.0597978718579,0.0256272535771,0.0185902304947,0.0190153662115,0.000425135716796
8106,3503,1,6,0.337684988976,0.122037775815,0.00476480461657,0.0320680402219,0.0273032356054
8107,1409,1,4,0.0755545943975,0.021537411958,0.279201388359,0.231369614601,-0.0478317737579
8108,4829,7,1,0.0798646882176,0.0102979755029,0.00444574840367,0.00876670051366,0.00432095210999
8109,6933,4,6,0.0976696833968,0.0748077630997,0.00369549752213,0.00318072247319,-0.000514775048941
8110,3532,3,9,0.087343133986,0.0102194938809,0.00572239793837,0.0194049905986,0.0136825926602
8111,1881,2,8,0.0662581846118,0.00641010841355,0.0361178964376,0.0347082950175,-0.00140960142016
8112,4019,5,4,0.0462823100388,0.0222848597914,0.0339638292789,0.0424099676311,0.00844613835216
8113,4056,3,13,0.116241067648,0.0208196993917,0.0129312574863,0.010665868409,-0.00226538907737
8114,816,2,5,0.0957268700004,0.0179919432849,0.13011328876,0.0364010632038,-0.0937122255564
8115,2513,10,8,0.100569300354,0.019467106089,0.00922583695501,0.0859106853604,0.0766848474741
8116,221,6,20,0.0522581525147,0.0191624686122,0.551844418049,0.606183350086,0.0543389320374
8117,1794,1,5,0.0760972425342,0.0235078465194,0.0108494982123,0.0142363831401,0.00338688492775
8118,1524,1,4,0.0864215120673,0.0121295182034,0.0887869819999,0.0307594966143,-0.0580274835229
8119,9199,2,16,0.0492949895561,0.00570527743548,0.0142598776147,0.0117624336854,-0.00249744392931
8121,3749,4,10,0.067440405488,0.01550103724,0.00684428820387,0.00728890905157,0.000444620847702
8122,8202,2,3,0.155393466353,0.0580121763051,0.00827764626592,0.0143210841343,0.00604343786836
8123,932,2,10,0.0984743610024,0.0140947941691,0.0742143914104,0.0872129872441,0.0129985958338
8124,1997,4,13,0.116995275021,0.0139223048463,0.0273588206619,0.00573280500248,-0.0216260161251
8125,1900,3,4,0.0913843587041,0.0343336462975,0.186219125986,0.0609463639557,-0.125272765756
8126,8660,4,4,0.0968539193273,0.0706002265215,0.0125774489716,0.014959204942,0.00238175597042
8127,567,1,7,0.163737028837,0.0877814367414,0.0637784823775,0.22022639215,0.156447917223
8129,5739,1,6,0.128648355603,0.0149112651125,0.144418209791,0.0717273056507,-0.0726909041405
8130,934,1,8,0.0732564181089,0.00367087265477,0.159214824438,0.140466615558,-0.0187482088804
8131,1735,2,5,0.0928632691503,0.0170638561249,0.0839304998517,0.157972082496,0.074041582644
8132,1930,3,5,0.159187480807,0.0791029036045,0.0145423179492,0.0204655341804,0.00592321623117
8133,2080,2,4,0.0944260060787,0.013662266545,0.0100993150845,0.0223195385188,0.0122202234343
8134,3834,1,8,0.128380149603,0.00669859116897,0.0363871082664,0.0797571837902,0.0433700755239
8135,944,1,9,0.0745536163449,0.0395871438086,0.579700410366,0.400480747223,-0.179219663143
8136,4173,1,6,0.0666482821107,0.0195866636932,0.0238968003541,0.0168060194701,-0.00709078088403
8137,9,2,6,0.0804418027401,0.0286073777825,0.105767928064,0.0529187582433,-0.0528491698205
8138,6549,4,3,0.0784770920873,0.025458574295,0.00535870762542,0.00780994957313,0.00245124194771
8139,8759,1,9,0.0792821496725,0.0116665987298,0.00763920834288,0.00703652622178,-0.000602682121098
8140,6436,1,8,0.0493242889643,0.00989700388163,0.0112463673577,0.00827192142606,-0.00297444593161
8141,1593,1,8,0.0932254493237,0.0283879097551,0.0264582298696,0.0240108910948,-0.0024473387748
8142,3712,2,3,0.0637846291065,0.018224041909,0.00568698253483,0.012177657336,0.00649067480117
8143,2123,4,5,0.141297608614,0.0438578464091,0.0164672546089,0.0145195825025,-0.00194767210633
8145,3725,1,10,0.0596765726805,0.0139514990151,0.185826674104,0.095097489655,-0.0907291844487
8146,5000,3,6,0.0627413615584,0.012777429074,0.0195704419166,0.00816034991294,-0.0114100920036
8147,4190,1,5,0.0786702036858,0.0171748772264,0.0284143313766,0.117629878223,0.0892155468464
8149,4019,3,5,0.11613624543,0.0535169579089,0.00419431366026,0.00573288276792,0.00153856910765
8151,8660,1,8,0.0698363184929,0.0185903776437,0.0853860676289,0.098489753902,0.0131036862731
8152,1955,2,7,0.0683873817325,0.00699724908918,0.0100238798186,0.0098672080785,-0.000156671740115
8153,5926,2,8,0.165702179074,0.0428101047873,0.0103571414948,0.0234321150929,0.0130749735981
8155,3256,2,7,0.0668744891882,0.00788316968828,0.113340757787,0.165337592363,0.0519968345761
8156,4434,1,2,0.137428253889,0.0653446689248,0.00756440684199,0.00747570767999,-8.86991620064e-05
8158,2312,3,7,0.10464155674,0.0170552041382,0.037575930357,0.0323832072318,-0.00519272312522
8159,6662,4,7,0.0528951436281,0.0218866243958,0.0207315701991,0.0388815142214,0.0181499440223
8160,108,2,11,0.0800966247916,0.026808489114,0.00498399045318,0.0167199522257,0.0117359617725
8161,1509,1,5,0.0821951255202,0.04963086918,0.0490312092006,0.0412313044071,-0.0077999047935
8162,359,4,7,0.107698179781,0.0415278300643,0.0174796935171,0.0205478724092,0.00306817889214
8163,4211,1,4,0.0453500039876,0.00890815351158,0.0222143325955,0.040067601949,0.0178532693535
8164,4166,2,12,0.0809311643243,0.00543234311044,0.000994431204163,0.00179809890687,0.000803667702712
8165,880,2,6,0.132369861007,0.0518434457481,0.061295311898,0.0580392517149,-0.00325606018305
8166,983,5,3,0.0702290609479,0.0196704901755,0.0115205924958,0.0176054220647,0.00608482956886
8167,8487,2,7,0.0855800136924,0.0349066071212,0.213303372264,0.0651659816504,-0.148137390614
8168,2185,13,33,0.119554698467,0.0189794059843,0.136446997523,0.0692781805992,-0.0671688169241
8169,3654,2,6,0.0852126702666,0.0277044326067,0.036620080471,0.0212709549814,-0.0153491254896
8170,4177,3,3,0.086327649653,0.0201781783253,0.00833144504577,0.00598876923323,-0.00234267581254
8171,876,1,9,0.14620514214,0.0135084334761,0.149350404739,0.0804305672646,-0.0689198374748
8172,1872,2,7,0.0759235993028,0.00226478674449,0.0411831997335,0.0319296605885,-0.00925353914499
8173,3549,3,4,0.126703932881,0.0412211716175,0.0346589200199,0.0887531638145,0.0540942437947
8174,7633,3,6,0.127250313759,0.0316498912871,0.273193240166,0.101716972888,-0.171476274729
8175,4122,2,6,0.0831477344036,0.012764996849,0.00554014183581,0.0243212301284,0.0187810882926
8176,7276,1,5,0.0961557030678,0.0361453741789,0.551888883114,0.232017278671,-0.319871604443
8178,1599,1,5,0.077779866755,0.0225865021348,0.0254642795771,0.015673328191,-0.00979095138609
8179,1897,3,5,0.139894708991,0.0697761327028,0.00519171915948,0.0235210787505,0.018329359591
8180,6684,4,2,0.0579118542373,0.0179878026247,0.00364742637612,0.00415294617414,0.000505519798025
8181,9315,4,15,0.1077613011,0.0386923886836,0.0111323762685,0.0209702905267,0.00983791425824
8182,216,6,27,0.0863235369325,0.011720915325,0.27709004283,0.165658935905,-0.111431106925
8183,6319,2,7,0.106093548238,0.0199194718152,0.00473155919462,0.0159593392164,0.0112277800217
8184,5991,2,6,0.0758407637477,0.0258765500039,0.0108245937154,0.0119619145989,0.00113732088357
8186,8739,2,4,0.0522157102823,0.0128544587642,0.00114035059232,0.00109476980288,-4.55807894468e-05
8188,195,2,3,0.2641043365,0.120631352067,0.000422697135946,0.00100572349038,0.00058302632533
8189,5086,2,11,0.108634233475,0.0459843911231,0.0379146896303,0.07824716717,0.0403324775398
8191,6517,2,5,0.0595149546862,0.0159157365561,0.016800172627,0.00604977086186,-0.0107504017651
8192,8576,1,4,0.0771900415421,0.00647929217666,0.00267837569118,0.00479361182079,0.00211523612961
8193,6720,4,6,0.116215132177,0.0444697774947,0.00563354883343,0.00627524917945,0.000641700346023
8194,3260,1,3,0.119619429111,0.0415358804166,0.00209411676042,0.0106346560642,0.00854053907096
8195,1674,1,4,0.0822179317474,0.0186547040939,0.105336211622,0.0516429357231,-0.0536932758987
8196,1993,2,6,0.0953053832054,0.0319462195039,0.0155783426017,0.0151044875383,-0.000473855063319
8197,3842,1,6,0.127459183335,0.0342494808137,0.030340557918,0.0169727224857,-0.0133678354323
8199,6598,2,7,0.141748532653,0.0376555509865,0.0225723404437,0.0312903784215,0.00871803797781
8200,5772,1,5,0.0621748976409,0.0223140157759,0.0186550039798,0.015766909346,-0.00288809463382
8201,8361,3,11,0.161963269114,0.0372336469591,0.0067966543138,0.00659931218252,-0.000197342131287
8202,3132,1,8,0.0685449242592,0.0133354831487,0.0619557648897,0.0466862656176,-0.0152694992721
8203,866,2,8,0.0501183122396,0.0123075731099,0.0214481372386,0.0153472786769,-0.00610085856169
8204,3025,1,2,0.078194886446,0.00809673964977,0.0341704338789,0.0623060278594,0.0281355939806
8205,3132,1,3,0.126341119409,0.034242272377,0.545565485954,0.181112006307,-0.364453494549
8206,441,1,3,0.0712677165866,0.0191940777004,0.0541301257908,0.0388315878808,-0.01529853791
8207,526,1,6,0.0531252324581,0.0181786809117,0.036100525409,0.0324410870671,-0.00365943834186
8208,3744,1,6,0.110474675894,0.00814687926322,0.0104821920395,0.0104331867769,-4.90052625537e-05
8209,1912,4,4,0.120010487735,0.0140890115872,0.0277211461216,0.0442457683384,0.0165246222168
8210,8727,2,5,0.0687430799007,0.00903668161482,0.00509483646601,0.00814733747393,0.00305250100791
8211,304,1,2,0.103307001293,0.0337583571672,0.0872691422701,0.0961740911007,0.0089049488306
8212,1281,2,3,0.0869552269578,0.0137849962339,0.175281897187,0.0559148155153,-0.119367077947
8213,8315,2,5,0.060559656471,0.0218952614814,0.0567493140697,0.0279499497265,-0.0287993643433
8214,3720,1,8,0.0647465959191,0.0136507758871,0.0327555015683,0.0377659760416,0.00501047447324
8215,6326,6,10,0.0837500095367,0.0162992291152,0.00414518546313,0.00626253522933,0.00211734976619
8216,3127,1,3,0.0756662711501,0.0389273390174,0.0254071559757,0.0547655820847,0.029358426109
8217,4954,3,18,0.0785389021039,0.0192997921258,0.00814985204488,0.0213312134147,0.0131813613698
8218,1946,2,10,0.0823316052556,0.013678480871,0.0466610863805,0.11855237931,0.0718912929296
8219,4872,3,6,0.06078613922,0.0150758065283,0.0560723543167,0.0425586737692,-0.0135136805475
8220,3863,9,14,0.102930672467,0.0164671950042,0.0472254939377,0.0294635538012,-0.0177619401366
8221,294,1,2,0.0524415969849,0.0139597412199,0.0293622389436,0.0306646227837,0.00130238384008
8222,5086,1,5,0.0922713875771,0.0384463481605,0.0143523346633,0.0633856058121,0.0490332692862
8223,5934,3,4,0.100706100464,0.0173946991563,0.0174941178411,0.0434553436935,0.0259612258524
8224,6722,3,20,0.0890935882926,0.0245226919651,0.249377429485,0.10303196311,-0.146345466375
8225,5753,4,27,0.111035704613,0.0420774444938,0.0938580781221,0.0294680092484,-0.0643900707364
8226,3130,3,7,0.086994946003,0.0104470010847,0.0106264771894,0.0165490973741,0.00592262018472
8228,3790,2,5,0.0881346985698,0.0140369413421,0.0873199030757,0.048845410347,-0.0384744927287
8229,2056,2,12,0.0689497962594,0.0203481893986,0.00379911484197,0.00355972815305,-0.000239386688918
8230,8204,3,2,0.0770855769515,0.0235299430788,0.0117614716291,0.0228317677975,0.0110702961683
8231,7818,1,12,0.136941939592,0.0438155904412,0.0952395275235,0.0794889330864,-0.0157505944371
8232,7849,5,4,0.178497985005,0.0481880567968,0.259813845158,0.0837155580521,-0.176098287106
8233,1375,3,4,0.0550022982061,0.0306468140334,0.128011897206,0.075603865087,-0.0524080321193
8234,1753,2,7,0.105215810239,0.0115162525326,0.0138476807624,0.0170883219689,0.0032406412065
8235,730,1,6,0.181330874562,0.06723883003,0.884371042252,0.382388800383,-0.501982212067
8236,718,1,3,0.152872756124,0.108780249953,0.100887157023,0.043029665947,-0.057857491076
8239,4969,2,5,0.0603353269398,0.0166544560343,0.0111455880105,0.0125941373408,0.00144854933023
8241,6116,2,2,0.0592629872262,0.0145812323317,0.0102306120098,0.0185859296471,0.00835531763732
8242,4837,1,7,0.0917919278145,0.0199416447431,0.0132164144889,0.014431159012,0.00121474452317
8243,4977,3,10,0.156673252583,0.0295662581921,0.139756083488,0.456137031317,0.316380947828
8245,4806,2,6,0.0544931925833,0.0126666426659,0.118701338768,0.171218827367,0.0525174885988
8246,4709,1,7,0.104339241982,0.0333327688277,0.161999672651,0.0794838443398,-0.0825158283114
8247,3421,2,2,0.0602307617664,0.0134481796995,0.00584034528583,0.0125637762249,0.00672343093902
8248,1345,5,3,0.092817902565,0.0243609044701,0.0848050862551,0.140630140901,0.0558250546455
8249,2132,3,3,0.0943007841706,0.0154651571065,0.236337214708,0.0501017384231,-0.18623547256
8250,6431,2,8,0.0578994341195,0.00825218390673,0.232556298375,0.104355841875,-0.1282004565
8252,8190,2,6,0.0608281455934,0.0115046920255,0.00777144357562,0.0203963518143,0.0126249082386
8253,3834,3,8,0.0990064516664,0.0328783541918,0.491327494383,0.229325786233,-0.262001693249
8254,6260,6,5,0.0732781887054,0.013202582486,0.00891860201955,0.0202046427876,0.011286040768
8255,6139,4,6,0.0852546319366,0.0263081882149,0.0616893768311,0.0204715374857,-0.041217841208
8258,8937,2,7,0.136132225394,0.0598173178732,0.00177895277739,0.00559634296224,0.00381739018485
8259,5986,4,7,0.101456694305,0.0186784025282,0.12666618824,0.0485785007477,-0.0780876874924
8260,2374,1,4,0.129555150867,0.0334634669125,0.0086810477078,0.0157956089824,0.00711456127465
8261,4123,1,6,0.118001550436,0.0105149336159,0.00176157651003,0.0050045424141,0.00324296578765
8262,5161,3,2,0.146446809173,0.0832040458918,0.0126437274739,0.00718021765351,-0.0054635098204
8263,2488,2,4,0.109397292137,0.0328721627593,0.0099137397483,0.00957322586328,-0.000340513885021
8264,567,4,4,0.0544250607491,0.0209674425423,0.0120076788589,0.025854608044,0.0138469291851
8265,1341,4,5,0.308100819588,0.053872436285,0.788907945156,0.099500477314,-0.689407467842
8267,1345,2,5,0.058141425252,0.0119464825839,0.881796419621,0.619477331638,-0.262319087982
8268,6017,2,6,0.107299335301,0.0219590254128,0.0102313067764,0.0202584564686,0.0100271496922
8269,3496,1,4,0.111738175154,0.0530877709389,0.0799403861165,0.0430302880704,-0.0369100980461
8270,7503,1,5,0.0979105830193,0.0192401893437,0.0131581164896,0.0783353745937,0.0651772618294
8271,871,1,2,0.0874464809895,0.0273504331708,0.0333240702748,0.0595910251141,0.0262669548392
8272,8172,5,5,0.105956703424,0.0311401057988,0.0858618766069,0.112004719675,0.0261428430676
8273,3496,1,10,0.132106527686,0.0289693642408,0.28635430336,0.151572331786,-0.134781971574
8274,7528,2,8,0.0831425115466,0.00967772956938,0.0448770150542,0.0317020267248,-0.0131749883294
8275,5876,1,6,0.0483843870461,0.0046224812977,0.0472870022058,0.0445359200239,-0.00275108218193
8276,5075,2,6,0.0925550237298,0.0252237338573,0.00654992740601,0.00371989724226,-0.00283003016375
8277,5243,1,8,0.0700925216079,0.00481220707297,0.101896129549,0.040524918586,-0.0613712109625
8278,3834,1,4,0.0744754746556,0.00324478070252,0.432920068502,0.259312868118,-0.173607200384
8280,2183,1,5,0.094917088747,0.0246539153159,0.0146784000099,0.01650547795,0.00182707794011
8281,5238,3,4,0.0866359248757,0.0062777264975,0.118154004216,0.0307405441999,-0.0874134600163
8282,3495,2,8,0.129114881158,0.0450011864305,0.536778748035,0.192975953221,-0.343802809715
8283,4381,3,8,0.200216695666,0.0841861590743,0.0134431263432,0.0193338897079,0.00589076336473
8284,4846,3,6,0.0856066644192,0.0528335087001,0.295429557562,0.233202263713,-0.062227293849
8285,2148,2,9,0.109697431326,0.0204398985952,0.0310523174703,0.118102997541,0.0870506763458
8286,567,2,2,0.0983264818788,0.0258584581316,0.0196860805154,0.025870628655,0.00618454813957
8289,6017,2,5,0.0835614427924,0.00950660556555,0.00461545586586,0.00167421798687,-0.00294123776257
8290,5911,1,6,0.162835493684,0.00512604461983,0.0550465509295,0.0296118725091,-0.0254346784204
8291,3495,4,14,0.204387128353,0.170065790415,0.536097168922,0.246546447277,-0.289550721645
8292,5879,4,6,0.078490190208,0.0584481023252,0.126191288233,0.108326174319,-0.017865113914
8293,8512,2,5,0.108680844307,0.0365535765886,0.00496615376323,0.00675645843148,0.00179030466825
8294,5993,4,20,0.095725543797,0.0260370578617,0.477391779423,0.506706416607,0.0293146371841
8295,3815,3,3,0.0790221914649,0.0153416329995,0.0118830967695,0.0124237770215,0.000540680252016
8296,4709,1,6,0.0940149202943,0.0276066549122,0.103130929172,0.0919315516949,-0.0111993774772
8297,5993,3,8,0.0835567936301,0.0207953173667,0.444077640772,0.317351907492,-0.12672573328
8298,8433,1,21,0.0700819715858,0.00344091630541,0.1047180444,0.10089673847,-0.00382130593061
8299,948,4,11,0.0656919553876,0.0372525118291,0.0916516408324,0.0684484541416,-0.0232031866908
8300,8389,4,5,0.0499171800911,0.00628456519917,0.00715912738815,0.00673174485564,-0.000427382532507
8301,4870,2,4,0.0854620710015,0.0129716945812,0.013591395691,0.00728929648176,-0.00630209920928
8302,6466,3,3,0.0914549231529,0.00483595300466,0.121045917273,0.0368457809091,-0.0842001363635
8303,9281,2,8,0.10047968477,0.028482530266,0.0257089436054,0.0101238302886,-0.0155851133168
8304,6184,4,8,0.0971774086356,0.018469363451,0.00656991964206,0.0044316300191,-0.00213828962296
8305,3834,2,2,0.100394964218,0.0371152982116,0.0705388337374,0.154186427593,0.0836475938559
8306,1400,1,8,0.0735819339752,0.0132281119004,0.0265518762171,0.0233628172427,-0.00318905897439
8308,6959,4,6,0.0901471674442,0.0252456758171,0.0217916276306,0.0815392881632,0.0597476586699
8309,4222,3,5,0.108693949878,0.0113918073475,0.324162483215,0.0642660930753,-0.259896397591
8310,3481,6,4,0.098527751863,0.0373121313751,0.0156007446349,0.0660370290279,0.0504362843931
8312,944,4,7,0.049655418843,0.0359543338418,0.52340066433,0.604595124722,0.081194460392
8314,944,1,5,0.096064299345,0.0575022287667,0.0410392992198,0.067989833653,0.0269505344331
8315,2611,2,9,0.0975102260709,0.0247540641576,0.113666072488,0.0655158162117,-0.0481502562761
8316,3834,1,7,0.0773562192917,0.0340576730669,0.167811766267,0.204221725464,0.036409959197
8319,613,2,6,0.22537137568,0.20133343339,0.99369096756,0.533020198345,-0.460670769215
8321,134,2,1,0.0437823794782,0.0123270144686,0.0417441241443,0.0454155690968,0.00367144495249
8322,3459,6,7,0.0938829854131,0.0405602045357,0.0178091898561,0.02984736301,0.012038173154
8324,612,2,7,0.0617875047028,0.0275538414717,0.998353481293,0.825203239918,-0.173150241375
8325,612,2,7,0.014549058862,0.00980038475245,0.999926805496,0.958316385746,-0.0416104197502
8328,994,1,9,0.17307382822,0.0610639452934,0.99319344759,0.560149013996,-0.433044433594
8329,7430,3,7,0.0909930169582,0.00637328065932,0.00376048800536,0.00636960705742,0.00260911905207
8330,6312,2,6,0.11663210392,0.0169876310974,0.0220037959516,0.0337994731963,0.0117956772447
8331,4063,3,8,0.114331640303,0.0341596268117,0.00176913908217,0.00261090137064,0.000841762288474
8332,8088,4,4,0.102435342968,0.0184581652284,0.13710641861,0.0776376724243,-0.0594687461853
8333,605,3,5,0.0595535635948,0.0216432511806,0.00708502577618,0.0128086768091,0.00572365103289
8335,9183,3,4,0.0552248060703,0.0233993567526,0.00719416281208,0.0172823518515,0.0100881885737
8336,5563,3,9,0.0854117870331,0.00955131929368,0.0176826622337,0.0283208787441,0.0106382165104
8337,4977,3,11,0.103948034346,0.0282165165991,0.0563666783273,0.0547697991133,-0.00159687921405
8338,4228,4,3,0.12212266773,0.0258249212056,0.0128055224195,0.00763317942619,-0.00517234299332
8339,2039,2,4,0.0917264595628,0.0197992064059,0.0348742939532,0.0874010398984,0.0525267459452
8340,8195,7,9,0.0731582343578,0.0342570580542,0.00122468348127,0.00299291755073,0.00176823406946
8341,518,2,7,0.0882248878479,0.030549697578,0.00561010744423,0.0115169882774,0.00590688083321
8342,131,2,9,0.0700481012464,0.0205307323486,0.27270257473,0.258343786001,-0.0143587887287
8343,8067,5,4,0.183925151825,0.0310727693141,0.776747047901,0.22120821476,-0.555538833141
8345,8305,3,5,0.139564409852,0.0702638328075,0.0101046711206,0.0133360279724,0.00323135685176
8348,8854,4,5,0.179086282849,0.0392597466707,0.177767470479,0.190038368106,0.0122708976269
8349,490,4,6,0.107712440193,0.0195832755417,0.0255619287491,0.043319657445,0.0177577286959
8351,217,4,14,0.0818667635322,0.0113840587437,0.30485829711,0.216422021389,-0.0884362757206
8353,2911,3,6,0.0667819976807,0.0165874194354,0.0334860049188,0.0245357062668,-0.00895029865205
8354,905,1,6,0.173064365983,0.0419389680028,0.0346248671412,0.00871264655143,-0.0259122215211
8355,2078,5,12,0.0683113262057,0.0134730702266,0.0372705049813,0.0412067435682,0.0039362385869
8356,4407,1,6,0.129590108991,0.0455531477928,0.0358473621309,0.0301267579198,-0.00572060421109
8357,2616,3,3,0.15035019815,0.0109513467178,0.197314724326,0.0261924769729,-0.171122252941
8358,869,2,9,0.137153342366,0.0551933161914,0.148130714893,0.145997300744,-0.00213341414928
8361,204,3,4,0.0676130279899,0.0104135842994,0.0748561322689,0.0211923178285,-0.0536638125777
8362,6177,1,4,0.0972699150443,0.0293647460639,0.18617887795,0.10561195761,-0.0805669203401
8363,2038,1,6,0.0578029341996,0.0237961541861,0.0495627634227,0.0563647858799,0.00680202245712
8364,4309,2,3,0.0707276389003,0.0329028964043,0.00647810986266,0.00714364135638,0.000665531493723
8365,4964,2,6,0.112116254866,0.046042136848,0.00830679852515,0.00459153670818,-0.00371526181698
8366,1319,2,6,0.0977836623788,0.0233159698546,0.150443732738,0.0445484705269,-0.105895265937
8367,863,2,2,0.0776952505112,0.0293096192181,0.00763981649652,0.015518960543,0.00787914358079
8368,7802,1,9,0.0664667785168,0.00516076525673,0.0121008725837,0.00985692441463,-0.00224394816905
8369,1074,1,7,0.047031853348,0.00896201562136,0.0336276143789,0.0243678092957,-0.00925980508327
8370,6484,1,12,0.106003396213,0.0353555716574,0.0839139148593,0.0151274129748,-0.0687865018845
8371,1198,3,7,0.101817496121,0.0169110074639,0.0113345393911,0.0235756766051,0.012241137214
8372,4685,1,8,0.240865528584,0.0556750707328,0.00862258858979,0.0129300886765,0.00430750008672
8373,331,3,6,0.164065375924,0.0535655915737,0.910687565804,0.416660815477,-0.494026750326
8374,1069,2,7,0.0773940756917,0.0211103465408,0.0300984513015,0.0172699391842,-0.0128285121173
8375,33,4,13,0.053725477308,0.0238403771073,0.0792352855206,0.0999612435699,0.0207259580493
8376,4507,3,9,0.121556393802,0.0330903865397,0.18583150208,0.0254908222705,-0.160340681672
8377,179,3,6,0.0876991450787,0.025849821046,0.114058241248,0.0295683760196,-0.0844898670912
8378,57,1,4,0.190134420991,0.0276042912155,0.607169926167,0.125692412257,-0.481477499008
8379,7538,2,8,0.0880123451352,0.00847268197685,0.0742175281048,0.0326451398432,-0.0415723882616
8380,6873,2,8,0.062427405268,0.00642779096961,0.149700388312,0.0521187819541,-0.0975816100836
8381,1346,4,8,0.0572712011635,0.0155222313479,0.0130511373281,0.00974260643125,-0.0033085308969
8382,5550,5,18,0.079042263329,0.0181468892843,0.0674142241478,0.0537371784449,-0.0136770457029
8383,2292,5,1,0.08114477247,0.0139449974522,0.0130791887641,0.00985114928335,-0.00322803948075
8384,9054,2,7,0.060789745301,0.0145173566416,0.0041164085269,0.00754210865125,0.00342570012435
8385,1289,7,20,0.102368034422,0.0267194770277,0.04551916942,0.0588591061532,0.0133399367332
8386,1158,2,5,0.0659517124295,0.0160442814231,0.024679703638,0.0492020137608,0.0245223101228
8387,368,1,3,0.0753564164042,0.00698222592473,0.0506933629513,0.0296679586172,-0.0210254043341
8390,6689,5,38,0.0626766309142,0.0158425774425,0.0878863111138,0.123688839376,0.0358025282621
8391,3564,2,2,0.0809782072902,0.0238509178162,0.0155096473172,0.0199677273631,0.00445808004588
8392,2695,1,3,0.0649873390794,0.0133641380817,0.0533024519682,0.0453330986202,-0.00796935334802
8393,5282,1,8,0.0549966990948,0.0203432906419,0.0546298511326,0.0836429297924,0.0290130786598
8394,2939,2,6,0.0712298676372,0.0184202473611,0.102527923882,0.0791484117508,-0.0233795121312
8397,748,1,7,0.0499899499118,0.00630813930184,0.0680837705731,0.093159288168,0.0250755175948
8398,476,1,3,0.0824989154935,0.027063338086,0.0117512093857,0.0275175273418,0.0157663188875
8399,3011,1,1,0.0746493563056,0.010425449349,0.00719402031973,0.00489115715027,-0.00230286316946
8401,4157,1,13,0.040375187993,0.00660382164642,0.0103530362248,0.0147792091593,0.00442617293447
8403,5164,4,2,0.131565988064,0.0280082207173,0.118741936982,0.0443915128708,-0.0743504241109
8404,436,2,6,0.180927619338,0.0270650833845,0.500719070435,0.116268843412,-0.384450227022
8405,7073,13,29,0.0861016213894,0.00578599935398,0.00141627190169,0.00574858859181,0.00433231657371
8406,7044,1,15,0.0825639292598,0.0153505997732,0.0773089081049,0.0452171601355,-0.0320917479694
8407,5303,1,8,0.148397728801,0.0378825068474,0.02413289994,0.0194608718157,-0.00467202812433
8408,1589,2,6,0.114282093942,0.0674397051334,0.105163298547,0.215023815632,0.109860517085
8409,1810,2,5,0.0685568377376,0.0282303765416,0.0652228221297,0.0260343980044,-0.0391884222627
8410,3541,2,8,0.0791049897671,0.0189354754984,0.00552914990112,0.0122198089957,0.0066906590946
8411,1669,3,14,0.112082742155,0.0416492260993,0.0389111936092,0.0705725774169,0.0316613838077
8412,7870,2,17,0.0489823408425,0.0134951462969,0.013309144415,0.0193387847394,0.00602964032441
8414,8128,7,14,0.0468836463988,0.00779362721369,0.0967636406422,0.0848280489445,-0.0119355916977
8415,8170,3,13,0.133142784238,0.0500723086298,0.0147019233555,0.0462347976863,0.0315328761935
8416,3132,2,4,0.115756034851,0.0171891450882,0.4505417943,0.130411982536,-0.320129811764
8417,7868,5,10,0.07654543221,0.0521135292947,0.0101838624105,0.0112410066649,0.00105714425445
8418,1516,1,4,0.168734028935,0.0546458996832,0.0151433898136,0.0313707105815,0.0162273198366
8419,7372,5,8,0.0646234825253,0.0210532695055,0.0588494278491,0.0387669913471,-0.020082436502
8421,3440,1,7,0.0967614650726,0.0205817259848,0.00854733772576,0.0175390709192,0.0089917331934
8422,6368,2,7,0.054369494319,0.00909124221653,0.025484226644,0.0235521495342,-0.00193207710981
8423,8767,1,6,0.0758573636413,0.0381701998413,0.0106864543632,0.014639637433,0.00395318306983
8424,3696,5,9,0.0787788704038,0.0173466596752,0.0688123777509,0.0749731063843,0.0061607286334
8426,6382,6,17,0.0451647229493,0.0169408284128,0.00194635754451,0.00287567148916,0.000929313944653
8427,4909,1,6,0.09667339921,0.0408936105669,0.0284372530878,0.0601154454052,0.0316781923175
8429,1569,3,3,0.0751382634044,0.00740713207051,0.0123524796218,0.05589639768,0.0435439199209
8430,6115,2,8,0.129397049546,0.0363336838782,0.146111249924,0.11031806469,-0.0357931852341
8431,3539,3,5,0.0932165756822,0.0467217229307,0.164949938655,0.0506967864931,-0.114253148437
8432,5260,2,3,0.0888079702854,0.0068619097583,0.00412176735699,0.029165437445,0.0250436700881
8433,1397,1,5,0.0976638421416,0.0236928276718,0.0291909612715,0.0300380792469,0.000847117975354
8435,2074,3,7,0.204765513539,0.0300432499498,0.0091567710042,0.0328225456178,0.0236657746136
8436,9292,3,12,0.12291392684,0.0230524912477,0.00051853293553,0.00215089786798,0.00163236493245
8437,3485,4,3,0.106829285622,0.0299529377371,0.0102085163817,0.0190246924758,0.00881617609411
8438,8416,3,7,0.0734955742955,0.012558363378,0.00807178393006,0.0109424935654,0.00287070963532
8439,1909,4,6,0.106641680002,0.0206525102258,0.0643797144294,0.079221509397,0.0148417949677
8440,7548,3,3,0.135502770543,0.063910163939,0.0883987396955,0.0239887237549,-0.0644100159407
8441,2355,2,5,0.0800796672702,0.018917882815,0.0845582336187,0.0210483595729,-0.0635098740458
8442,2378,1,6,0.124274067581,0.105410784483,0.347021818161,0.198065921664,-0.148955896497
8443,2515,4,7,0.143243551254,0.0153197636828,0.0223833061755,0.055786550045,0.0334032438695
8444,4900,2,3,0.10199201107,0.0300600472838,0.181546345353,0.0658433809876,-0.115702964365
8445,1389,3,9,0.110417604446,0.0463820584118,0.0083236489445,0.0195279940963,0.0112043451518
8446,6113,4,5,0.293215274811,0.0924266129732,0.846151471138,0.177409753203,-0.668741703033
8447,7319,1,5,0.108309805393,0.0405939295888,0.0525910332799,0.0426872372627,-0.00990379601717
8448,1820,2,5,0.113736361265,0.0220067501068,0.0175516512245,0.055318210274,0.0377665609121
8449,6236,5,7,0.185932561755,0.0668264180422,0.00198268680833,0.00306084775366,0.00107816094533
8450,871,3,7,0.0666778162122,0.0182581339031,0.581139326096,0.327047348022,-0.254091978073
8452,817,2,6,0.113118611276,0.00801102351397,0.066173568368,0.0272909644991,-0.0388826057315
8453,1900,3,4,0.0701540932059,0.0439712144434,0.0302572529763,0.0177009999752,-0.0125562530011
8454,6108,1,8,0.158785268664,0.0513336136937,0.0232589822263,0.0484346263111,0.0251756440848
8457,4977,6,6,0.103353559971,0.0169040393084,0.269051671028,0.181099697948,-0.0879519730806
8458,871,1,10,0.103336386383,0.0255379807204,0.21711973846,0.238035738468,0.0209160000086
8459,871,1,4,0.0972190126777,0.02225786075,0.0919991955161,0.142192080617,0.0501928851008
8460,871,1,1,0.083525955677,0.0269765816629,0.409878402948,0.272524446249,-0.137353956699
8461,2513,4,6,0.130747660995,0.0392549782991,0.76010710001,0.321049332619,-0.439057767391
8462,3496,3,5,0.141476109624,0.0218098443002,0.0804792419076,0.122810088098,0.0423308461905
8463,871,3,5,0.191790148616,0.0828799456358,0.712482511997,0.212892755866,-0.49958974123
8464,2774,4,5,0.143266320229,0.0290047060698,0.016575621441,0.0109662311152,-0.00560939032584
8465,3238,2,5,0.110580824316,0.0213611498475,0.00317985424772,0.0108772357926,0.00769738154486
8466,1223,1,3,0.108567349613,0.0205635260791,0.0455084219575,0.0760230496526,0.0305146276951
8467,8287,1,3,0.103750802577,0.0295290648937,0.0162780862302,0.0234419945627,0.00716390833259
8468,465,1,8,0.198330834508,0.0624830424786,0.210582911968,0.0839448645711,-0.126638054848
8469,3051,1,12,0.0606885068119,0.013435925357,0.0180969219655,0.00996764469892,-0.00812927726656
8470,1520,2,9,0.0909069851041,0.0176454409957,0.0759611129761,0.0456390567124,-0.0303220562637
8471,454,3,7,0.0663175657392,0.0128101874143,0.0110676866025,0.0428242273629,0.031756542623
8472,6024,3,6,0.0804552808404,0.0348131917417,0.00159331096802,0.0111239021644,0.00953059084713
8473,8758,3,7,0.0797216519713,0.0271635148674,0.193225964904,0.0673310980201,-0.125894874334
8474,3291,1,7,0.0590085946023,0.00502998754382,0.145266383886,0.135467335582,-0.00979904830456
8476,3344,3,21,0.0741799846292,0.0108878277242,0.00843788310885,0.0173772256821,0.00893934257329
8478,293,2,4,0.108038663864,0.0428388305008,0.00756785599515,0.00676516676322,-0.000802689231932
8479,454,2,5,0.0778746679425,0.0333351269364,0.0125985918567,0.0331434309483,0.0205448381603
8480,7971,4,7,0.116909168661,0.0473158583045,0.136490672827,0.0615123361349,-0.0749783366919
8481,3242,2,8,0.102285802364,0.014197267592,0.104017965496,0.0375594496727,-0.0664585158229
8484,3700,2,2,0.0759217962623,0.0204846728593,0.041879966855,0.0520591549575,0.0101791881025
8485,6898,3,8,0.0528110302985,0.0189030095935,0.0124346595258,0.0100293187425,-0.0024053407833
8486,4144,9,31,0.091236256063,0.0259393490851,0.00182455405593,0.0029967261944,0.00117217213847
8487,9257,4,12,0.0927243903279,0.0134267983958,0.035599142313,0.0192470792681,-0.0163520630449
8488,1933,5,6,0.148327946663,0.0235419720411,0.363338798285,0.0462812073529,-0.317057579756
8489,1884,1,8,0.102014988661,0.0256141219288,0.0466100126505,0.0552751161158,0.00866510346532
8490,789,1,5,0.0914341285825,0.029275091365,0.106073267758,0.0912080109119,-0.014865256846
8491,6818,5,9,0.102390296757,0.0131066516042,0.0858873724937,0.011136890389,-0.074750483036
8493,4593,4,7,0.0518412031233,0.00822014082223,0.0624682120979,0.0379046685994,-0.0245635434985
8494,7523,3,7,0.140074059367,0.0611397884786,0.00257145869546,0.0053267031908,0.00275524449535
8495,773,1,7,0.0586246848106,0.0118976579979,0.00972491875291,0.00591544061899,-0.00380947813392
8496,7468,1,7,0.108879826963,0.0279788449407,0.0319940783083,0.0919731929898,0.0599791146815
8497,3183,1,4,0.0667540505528,0.0071905660443,0.0259949713945,0.012361693196,-0.0136332781985
8498,5616,3,7,0.110178016126,0.0456382930279,0.00276046805084,0.0218392331153,0.0190787650645
8499,1508,1,8,0.145906016231,0.097686342895,0.047386713326,0.0195626541972,-0.0278240591288
8500,8084,2,10,0.132932975888,0.0199002232403,0.019383719191,0.0157419294119,-0.00364178977907
8501,3467,1,4,0.0550717562437,0.00692254817113,0.00398393301293,0.015601423569,0.0116174910218
8502,3467,1,5,0.0813920274377,0.017079828307,0.00874364282936,0.0504053533077,0.041661709547
8504,3268,2,2,0.0901702344418,0.0255747325718,0.00329262390733,0.00371300498955,0.000420381082222
8505,1894,4,5,0.111464738846,0.0041200988926,0.0302141290158,0.0367271341383,0.00651300512254
8506,2561,2,2,0.103052414954,0.0398871265352,0.0134494518861,0.0109281195328,-0.00252133235335
8507,287,4,3,0.103961646557,0.0377486534417,0.0256260950118,0.0328723676503,0.00724627263844
8508,1360,7,16,0.0960605144501,0.0165366698056,0.00137826742139,0.00242489832453,0.00104663090315
8509,1524,5,2,0.173374697566,0.0543899610639,0.0295941159129,0.0117670064792,-0.0178271085024
8511,7424,1,7,0.0569998137653,0.0128029603511,0.0695649757981,0.0918107256293,0.0222457498312
8513,5045,3,8,0.0805061385036,0.0339824967086,0.229075536132,0.363766103983,0.134690567851
8514,7967,5,17,0.0621942766011,0.0145996315405,0.0370496474206,0.0350888334215,-0.00196081399918
8515,3437,4,8,0.0601867586374,0.00266430876218,0.00474645616487,0.0110232802108,0.00627682404593
8516,5863,4,8,0.0625154003501,0.017702549696,0.338310599327,0.274319082499,-0.0639915168285
8517,8530,2,6,0.071474917233,0.0344675146043,0.0110571105033,0.00754626234993,-0.00351084815338
8518,6466,1,3,0.0816106572747,0.0510601513088,0.0780093297362,0.0480728633702,-0.0299364663661
8519,5879,2,8,0.212822794914,0.0694567188621,0.752973794937,0.211513280869,-0.541460514069
8520,9139,1,6,0.0540736429393,0.0114589240402,0.00497200759128,0.00302888429724,-0.00194312329404
8521,5863,4,14,0.0696255341172,0.031799249351,0.337514311075,0.187943443656,-0.149570867419
8522,205,2,6,0.0658172145486,0.00681888638064,0.0489628575742,0.0639196559787,0.0149567984045
8523,2901,2,3,0.117719478905,0.0389427617192,0.0546109005809,0.00962338969111,-0.0449875108898
8524,1305,1,6,0.103925175965,0.0243473667651,0.070720680058,0.0270592514426,-0.0436614304781
8525,2987,1,4,0.31086024642,0.0442686267197,0.752694964409,0.0739552304149,-0.678739726543
8527,5469,3,13,0.0703165978193,0.00962978322059,0.0336908400059,0.0529408343136,0.0192499943078
8528,8693,2,4,0.0729760453105,0.0202082134783,0.002967458684,0.00667824363336,0.00371078494936
8530,6822,7,18,0.0532914511859,0.0122816953808,0.00937879830599,0.0165727380663,0.00719393976033
8531,7989,2,4,0.081233151257,0.00172646983992,0.0182458423078,0.0372851900756,0.0190393477678
8533,3819,3,5,0.0776385143399,0.00537438737229,0.0214095152915,0.0111565962434,-0.0102529190481
8534,5221,1,7,0.126746669412,0.0367463827133,0.00843151751906,0.0107672894374,0.0023357719183
8535,9019,2,7,0.0803471431136,0.0287880823016,0.0390314385295,0.0488781072199,0.00984666869044
8536,4711,1,5,0.0816695466638,0.0316611453891,0.073522515595,0.0576563030481,-0.0158662125468
8537,7217,6,15,0.0849540457129,0.0231660176069,0.0763435140252,0.0858618244529,0.00951831042767
8539,664,1,1,0.0568720586598,0.0178955923766,0.167742297053,0.117334462702,-0.0504078343511
8540,690,2,1,0.0655998960137,0.00779934599996,0.0445629656315,0.0208537336439,-0.0237092319876
8541,694,1,3,0.0860548317432,0.0312904082239,0.389782309532,0.1483117342,-0.241470575333
8543,9054,1,6,0.060098875314,0.00839233398438,0.0395236797631,0.0389049164951,-0.000618763267994
8544,524,3,5,0.101147979498,0.0550527386367,0.222929343581,0.0940240621567,-0.128905281425
8545,222,2,6,0.0910885855556,0.0218458753079,0.597298383713,0.278227925301,-0.319070458412
8548,1834,1,7,0.0965970754623,0.0102759981528,0.0795520618558,0.0248475726694,-0.0547044873238
8549,6286,2,12,0.117447949946,0.0527083463967,0.0417219139636,0.0314483642578,-0.0102735497057
8550,8897,2,7,0.0984761416912,0.00937431305647,0.0847504362464,0.0494539178908,-0.0352965183556
8551,4049,1,4,0.0635453686118,0.0197680182755,0.0269406531006,0.0548148341477,0.0278741810471
8552,1589,2,7,0.0473008044064,0.00916786585003,0.0592892169952,0.0601223371923,0.000833120197058
8553,7552,4,6,0.0725673511624,0.0145697705448,0.0072779096663,0.00684991618618,-0.000427993480116
8554,4078,1,1,0.123928330839,0.0124314846471,0.00939741171896,0.0106691764668,0.0012717647478
8555,4472,2,6,0.0636525526643,0.00422731786966,0.108305044472,0.0404823310673,-0.0678227096796
8556,439,4,11,0.161196246743,0.069705195725,0.201259091496,0.069481253624,-0.131777837873
8557,5968,1,4,0.0844040289521,0.0402859412134,0.295363217592,0.282685399055,-0.0126778185368
8558,6259,2,6,0.102045856416,0.0272866059095,0.177343815565,0.167624816298,-0.00971899926662
8559,2758,4,3,0.0664728656411,0.0274625830352,0.103437632322,0.151642680168,0.0482050478458
8560,5849,1,10,0.123775504529,0.0209193043411,0.00726189371198,0.00573456706479,-0.00152732664719
8561,2936,1,5,0.131939992309,0.033831320703,0.07788233459,0.0173510462046,-0.0605312883854
8563,106,4,3,0.0641186162829,0.031144792214,0.221318557858,0.109773032367,-0.111545525491
8564,5641,2,4,0.0653614550829,0.0129898097366,0.0144844045863,0.0126860095188,-0.00179839506745
8565,4507,2,3,0.0802495181561,0.0096596935764,0.123339228332,0.0521217025816,-0.0712175220251
8566,6396,3,9,0.185915693641,0.0753012821078,0.114856623113,0.0478605926037,-0.0669960305095
8567,8820,1,13,0.0862163826823,0.00693847192451,0.0457277819514,0.0248618125916,-0.0208659693599
8568,7871,3,5,0.254700571299,0.0137898940593,0.690591692924,0.137461021543,-0.553130686283
8570,5348,2,3,0.0867930650711,0.0124168675393,0.0352976843715,0.0158022120595,-0.019495472312
8571,23,1,5,0.109077833593,0.0350195020437,0.00222211936489,0.00714524975047,0.00492313038558
8572,1873,6,8,0.0730866789818,0.0237344969064,0.0357350967824,0.0311930030584,-0.00454209372401
8573,2261,4,1,0.0734227895737,0.00989616848528,0.0139612248167,0.0140476142988,8.63894820213e-05
8575,6214,1,6,0.0773135051131,0.0072745224461,0.0355395376682,0.0706531554461,0.0351136177778
8576,140,2,6,0.0711341425776,0.0506176091731,0.148351594806,0.0915946438909,-0.0567569509149
8577,3242,2,3,0.0969114899635,0.0215614400804,0.0271709095687,0.0534383915365,0.0262674819678
8578,8781,2,8,0.0455197878182,0.00445535732433,0.00551217235625,0.0115233808756,0.00601120851934
8579,6601,1,6,0.124052323401,0.0593730732799,0.027833038941,0.0146353216842,-0.0131977172568
8580,5262,1,5,0.0725832879543,0.0154273984954,0.0256733130664,0.0170465838164,-0.00862672924995
8581,943,1,6,0.11334040761,0.0494308769703,0.00761716347188,0.00849039852619,0.000873235054314
8582,9269,3,6,0.068325959146,0.0315973088145,0.0135658252984,0.0135804004967,1.45751982927e-05
8584,7129,2,3,0.0916757285595,0.0105482274666,0.0330158658326,0.00834016595036,-0.0246757008135
8586,6595,1,5,0.0781048461795,0.0133071513847,0.00107275240589,0.000942438549828,-0.000130313856062
8587,3232,4,4,0.345152854919,0.147021010518,0.910116970539,0.193727016449,-0.71638995409
8588,4396,2,1,0.0696856454015,0.0164697114378,0.0217332560569,0.0126522751525,-0.0090809809044
8589,2066,1,8,0.132157444954,0.0261176265776,0.0053538470529,0.00870608724654,0.00335224019364
8590,116,2,10,0.0745114684105,0.0151193272322,0.14966583252,0.0929504260421,-0.0567154064775
8591,567,1,3,0.216738238931,0.0217411126941,0.0258281975985,0.135384365916,0.109556168318
8592,2753,2,11,0.0918609499931,0.0132228480652,0.261651754379,0.100482605398,-0.161169141531
8593,2690,2,6,0.0790335461497,0.00736950570717,0.184352502227,0.0744298174977,-0.109922684729
8594,2312,2,5,0.0862982496619,0.031890399754,0.496189713478,0.198399350047,-0.29779034853
8595,2036,1,8,0.0510090701282,0.00807482656091,0.0636806413531,0.0628965571523,-0.000784084200859
8596,6240,2,7,0.113010048866,0.0246932841837,0.00483380910009,0.0272379498929,0.0224041417241
8597,1686,6,9,0.0933092534542,0.022877683863,0.00723186647519,0.00661525363103,-0.000616612844169
8598,6040,4,7,0.0634406805038,0.0273773558438,0.048988673836,0.0202620700002,-0.0287266038358
8599,5406,3,3,0.0803158953786,0.032877035439,0.00840372778475,0.0133588546887,0.00495512690395
8600,4820,3,7,0.0918829068542,0.0290109179914,0.00861532054842,0.0106935203075,0.00207819975913
8601,7994,5,13,0.0725689306855,0.0373961366713,0.0296167377383,0.0563312359154,0.0267144981772
8603,2313,3,15,0.166102990508,0.0220279842615,0.013907616958,0.0169683117419,0.00306069478393
8604,6941,2,19,0.127864137292,0.0452977903187,0.0324285142124,0.0198564808816,-0.0125720333308
8605,3238,2,2,0.0896257981658,0.000959728087764,0.0268557034433,0.0199026893824,-0.00695301406085
8606,336,1,5,0.0527421236038,0.0160956364125,0.01493877545,0.0198277849704,0.00488900952041
8607,5036,1,4,0.0623591654003,0.0157596115023,0.0510660484433,0.0223184544593,-0.028747593984
8608,7976,1,5,0.0780678912997,0.020906155929,0.0430099107325,0.0454952120781,0.00248530134559
8609,5352,1,11,0.157853022218,0.0900597050786,0.0257271900773,0.0305785592645,0.00485136918724
8610,771,1,7,0.0744917467237,0.00308733247221,0.00736281834543,0.0311636123806,0.0238007940352
8611,9281,2,12,0.142555236816,0.0455275438726,0.02839689143,0.0201038513333,-0.00829304009676
8612,7890,2,6,0.0909144580364,0.0380674079061,0.00553302839398,0.00437988713384,-0.00115314126015
8614,3743,1,6,0.105331756175,0.0588336735964,0.00676007568836,0.0113619109616,0.00460183527321
8616,6567,3,9,0.128223776817,0.0478935055435,0.00427431194112,0.00692458078265,0.00265026884153
8617,2563,4,12,0.0891789719462,0.0146510442719,0.0208590626717,0.0277957990766,0.0069367364049
8618,667,2,3,0.102798193693,0.0549432523549,0.191797927022,0.145361527801,-0.0464363992214
8619,4011,2,7,0.0699731037021,0.003662109375,0.00485478388146,0.0262450948358,0.02139031142
8620,2739,1,4,0.113023005426,0.0341367051005,0.0143951978534,0.0715779587626,0.0571827590466
8621,356,8,18,0.0945023074746,0.0530024543405,0.0306430589408,0.153821602464,0.12317854166
8622,6498,4,7,0.0423767827451,0.00882901251316,0.0137469461188,0.0104636475444,-0.00328329857439
8623,4921,4,11,0.0779748335481,0.0486025586724,0.0634475499392,0.0566996522248,-0.00674789771438
8624,5556,3,7,0.101097084582,0.0223365947604,0.0256544817239,0.0145537285134,-0.0111007532105
8625,3079,4,7,0.0459284223616,0.00854419916868,0.111142762005,0.0904465988278,-0.0206961631775
8626,1933,3,5,0.107674062252,0.0178487654775,0.0714126974344,0.0276452153921,-0.0437674820423
8627,1200,1,7,0.0677809491754,0.0193823743612,0.0934505015612,0.0780956819654,-0.0153548195958
8628,2643,1,7,0.038553468883,0.00547871273011,0.0570203997195,0.0606041587889,0.00358375906944
8629,5,1,11,0.0983705148101,0.0357330590487,0.0275062359869,0.0273020025343,-0.000204233452678
8631,458,3,19,0.144706577063,0.040921330452,0.197516307235,0.0806768611073,-0.116839446127
8632,8115,6,18,0.0792273804545,0.02065006271,0.013179441914,0.0169852264225,0.00380578450859
8633,3240,3,5,0.101668126881,0.0322564579546,0.112427525222,0.0108467815444,-0.101580746472
8636,377,4,3,0.0678480565548,0.0159713234752,0.115611553192,0.243193909526,0.127582356334
8638,286,1,5,0.197953701019,0.162415742874,0.0627302527428,0.0227377023548,-0.0399925485253
8639,999,2,7,0.197691202164,0.0534200966358,0.0602332912385,0.120081447065,0.0598481558263
8640,585,2,2,0.0885684266686,0.0184768997133,0.121351726353,0.0304079949856,-0.0909437313676
8641,1533,2,12,0.0979584679008,0.0141990063712,0.217281550169,0.0321615189314,-0.185120031238
8642,5009,3,8,0.085258282721,0.0153893493116,0.0523505024612,0.0617710351944,0.0094205327332
8643,8515,4,4,0.148498952389,0.0298783760518,0.185704544187,0.171864688396,-0.0138398557901
8644,6977,2,8,0.153836801648,0.0208331588656,0.0050031519495,0.0137454019859,0.00874225050211
8645,1693,3,7,0.179180815816,0.0805444195867,0.00157164793927,0.0123647106811,0.0107930628583
8646,748,2,6,0.0893682613969,0.0128649966791,0.0927458554506,0.0425863265991,-0.0501595288515
8647,8465,2,4,0.133819162846,0.030421724543,0.00168306392152,0.00302980374545,0.00134673982393
8648,5431,6,13,0.112139843404,0.0227842684835,0.109921395779,0.0480814687908,-0.0618399269879
8649,6014,2,8,0.0945399776101,0.0451016575098,0.00641697458923,0.0127762332559,0.00635925866663
8650,2264,3,10,0.0832006260753,0.012654514052,0.00689915986732,0.00324546825141,-0.00365369161591
8651,5983,1,5,0.0532662160695,0.00599629664794,0.00782710779458,0.0205434933305,0.0127163855359
8652,6405,2,7,0.102051138878,0.016513761133,0.00298985093832,0.00760714011267,0.00461728917435
8653,1685,2,6,0.0749162212014,0.0117275686935,0.0240881852806,0.0798876881599,0.0557995028794
8654,5113,4,15,0.0456983633339,0.0124703608453,0.124252393842,0.0820733979344,-0.0421789959073
8655,7756,2,10,0.168565943837,0.0331442244351,0.0693040192127,0.0694814249873,0.000177405774593
8656,3883,1,7,0.115910358727,0.0323779992759,0.0742813125253,0.0300561580807,-0.0442251563072
8657,5983,1,4,0.072825782001,0.0249938219786,0.0272075403482,0.0174343232065,-0.00977321714163
8658,2064,2,17,0.106782495975,0.0143577018753,0.0896824896336,0.0236234720796,-0.0660590156913
8659,1623,1,4,0.147624656558,0.0874520689249,0.075784906745,0.0439326055348,-0.0318523012102
8660,2775,5,9,0.117130734026,0.0229174215347,0.0537446700037,0.0468833856285,-0.00686128437519
8661,6408,2,5,0.0617232955992,0.00914965104312,0.0184335466474,0.00624927645549,-0.0121842697263
8662,5423,1,6,0.0618907511234,0.0197564605623,0.0296615157276,0.0378904156387,0.00822889991105
8663,6825,8,15,0.0764044895768,0.00936621241271,0.0411196947098,0.0354793034494,-0.00564039126039
8664,1569,6,4,0.119085669518,0.0484822876751,0.0100198285654,0.108291052282,0.0982712209225
8667,2851,3,6,0.0832043513656,0.0163206420839,0.0385257937014,0.0378204770386,-0.000705316662788
8668,1589,4,4,0.0802823677659,0.00578177254647,0.26900807023,0.184425994754,-0.0845820754766
8669,4977,2,6,0.33821490407,0.0646386221051,0.932007610798,0.19007307291,-0.741934537888
8670,1908,1,9,0.0723870396614,0.0152207631618,0.0218854080886,0.0313527062535,0.00946729816496
8671,6635,3,6,0.169538915157,0.135527417064,0.826928138733,0.370889186859,-0.456038951874
8672,6139,2,11,0.128098770976,0.0227616541088,0.039093233645,0.0259158555418,-0.0131773781031
8673,8481,2,7,0.146763116121,0.0284596327692,0.0250329282135,0.0305843744427,0.00555144622922
8674,4061,1,6,0.0851207375526,0.015299141407,0.427947074175,0.200381651521,-0.227565422654
8675,8154,2,5,0.111376263201,0.054246082902,0.04620135203,0.0144308386371,-0.0317705124617
8676,3496,1,9,0.0815693363547,0.0212162025273,0.0894771814346,0.0862082913518,-0.00326889008284
8677,605,3,5,0.0732978433371,0.030268182978,0.0642717704177,0.0593467764556,-0.00492499396205
8678,1213,5,4,0.107030123472,0.0323211550713,0.00646342150867,0.0170063190162,0.0105428975075
8680,6315,1,8,0.0533969588578,0.0163133721799,0.00768503453583,0.013956095092,0.00627106055617
8681,5254,4,7,0.0683145001531,0.00894727278501,0.092415086925,0.0206568669528,-0.0717582181096
8683,7309,2,4,0.132471621037,0.0360213965178,0.0502525605261,0.026373134926,-0.0238794256002
8684,5107,3,6,0.120771862566,0.104487597942,0.00568060670048,0.00727200880647,0.00159140210599
8685,3791,2,7,0.0945040211082,0.0165411196649,0.0486755035818,0.0243889093399,-0.0242865942419
8686,5238,2,8,0.0695800110698,0.00757386395708,0.291189879179,0.173845946789,-0.11734393239
8687,7077,3,10,0.0506938509643,0.00480547687039,0.0149343283847,0.0366893224418,0.0217549949884
8688,2052,4,7,0.105999208987,0.0267833434045,0.0566467493773,0.112530462444,0.0558837130666
8689,1684,1,5,0.114250123501,0.0403482541442,0.0104830963537,0.026001309976,0.0155182136223
8691,902,8,10,0.0786662623286,0.0194743871689,0.0202812682837,0.0359903685749,0.0157091002911
8692,4915,2,10,0.101770974696,0.0216641500592,0.0130872158334,0.0131564410403,6.92252069712e-05
8694,9209,3,12,0.165026322007,0.0848168879747,0.239952012897,0.0659821629524,-0.173969849944
8695,5760,1,8,0.112889625132,0.02721985057,0.096224732697,0.0417889654636,-0.0544357672334
8696,2215,2,4,0.0675491467118,0.0151776866987,0.00513614993542,0.010398731567,0.00526258163154
8697,3162,2,6,0.0635564103723,0.0147158820182,0.0768628716469,0.0967823043466,0.0199194326997
8698,4344,1,3,0.0609388202429,0.0143403718248,0.0127736283466,0.0253294110298,0.0125557826832
8699,284,3,7,0.0873192921281,0.0206221621484,0.0248058922589,0.0154950395226,-0.00931085273623
8700,1097,1,5,0.204882085323,0.0553247220814,0.0332675203681,0.064772836864,0.0315053164959
8701,7086,2,7,0.128915384412,0.00818223971874,0.00301459641196,0.0105343414471,0.00751974526793
8702,6408,2,7,0.11223847419,0.0431172214448,0.0330753140152,0.0496766678989,0.0166013538837
8705,209,2,4,0.0555116720498,0.0134799117222,0.0443471707404,0.111055575311,0.0667084008455
8706,248,2,3,0.096914999187,0.0311991460621,0.0156439244747,0.0150106260553,-0.000633298419416
8707,1114,1,4,0.0812944099307,0.0278607867658,0.00637495331466,0.0122800460085,0.00590509269387
8708,9252,3,12,0.126843452454,0.0292706694454,0.00443529291078,0.0092943161726,0.00485902326182
8709,6458,1,5,0.103738076985,0.0375174619257,0.0282636247575,0.0296627376229,0.00139911286533
8710,1597,2,8,0.0911258161068,0.0393783785403,0.0159263722599,0.0183328613639,0.00240648910403
8711,1966,4,5,0.0657944977283,0.0137236667797,0.0535469129682,0.0492423884571,-0.0043045245111
8713,7861,4,13,0.0757448971272,0.0359802879393,0.0075238160789,0.00498417392373,-0.00253964215517
8714,932,4,4,0.0822094157338,0.0408118367195,0.0208633579314,0.0317392684519,0.0108759105206
8715,3307,4,5,0.123080678284,0.0463383160532,0.342316776514,0.122696407139,-0.219620376825
8716,2180,1,8,0.0635011792183,0.00660287868232,0.0250709764659,0.0247330125421,-0.000337963923812
8717,2267,3,3,0.0973760709167,0.0213318094611,0.0111518194899,0.0080256992951,-0.00312612019479
8718,6464,3,1,0.0687146708369,0.0122924484313,0.00733902025968,0.00859835278243,0.00125933252275
8721,617,3,6,0.120930887759,0.0328592695296,0.0309282597154,0.015211421065,-0.0157168395817
8722,4486,1,5,0.246388301253,0.0605071783066,0.858463704586,0.217166304588,-0.641297399998
8723,5898,2,4,0.108477257192,0.020894203335,0.0595483109355,0.0656037032604,0.00605539232492
8724,1450,2,5,0.213086605072,0.0791628360748,0.926053464413,0.363048225641,-0.563005208969
8725,4054,4,8,0.104939587414,0.0220637656748,0.00899175368249,0.0173872839659,0.00839553028345
8726,3226,3,3,0.0545518659055,0.0148800732568,0.00283943978138,0.00325471535325,0.000415275571868
8727,5940,2,5,0.123346515,0.0255515053868,0.0242743045092,0.0335131287575,0.00923882424831
8728,1223,6,13,0.131765112281,0.0257614273578,0.00398377235979,0.00895343720913,0.00496966484934
8729,5940,3,1,0.106158874929,0.0288906060159,0.0219164211303,0.00784163270146,-0.0140747884288
8730,5759,2,10,0.0834133848548,0.0104726664722,0.183101281524,0.0802223160863,-0.102878965437
8731,1450,4,1,0.234133258462,0.0593951754272,0.741487026215,0.152155131102,-0.589331865311
8732,4260,3,4,0.1924585253,0.0469944961369,0.0127673009411,0.0174342133105,0.00466691236943
8733,1931,1,4,0.0445743314922,0.00882670469582,0.0509397909045,0.0309565681964,-0.0199832227081
8734,6424,5,8,0.0537769310176,0.00422417744994,0.0044127474539,0.0102870389819,0.00587429152802
8735,7457,2,6,0.129059538245,0.0368665456772,0.002269113902,0.00315255508758,0.000883441185579
8736,944,1,8,0.199165895581,0.0497931651771,0.864722907543,0.310010701418,-0.554712176323
8737,5500,5,7,0.100295901299,0.029356688261,0.00335572008044,0.00557513674721,0.00221941666678
8738,3201,5,16,0.0821772739291,0.0478876270354,0.134933277965,0.090120613575,-0.0448126643896
8739,9199,1,5,0.0970645174384,0.0165916867554,0.0440269485116,0.0211703013629,-0.0228566471487
8740,4922,4,7,0.0583561249077,0.0021721678786,0.0595363266766,0.0513681918383,-0.00816813483834
8741,4922,1,7,0.0690089985728,0.0216276310384,0.176548108459,0.206543341279,0.0299952328205
8742,6219,1,5,0.246655896306,0.0902574360371,0.000810887606349,0.0054503120482,0.00463942438364
8743,4922,1,5,0.0968795716763,0.0559055954218,0.0531322583556,0.0241552740335,-0.0289769843221
8744,4922,1,7,0.15530782938,0.0181115083396,0.3685759902,0.0800376608968,-0.288538336754
8745,4026,2,8,0.0893785580993,0.0360471904278,0.275498092175,0.28036442399,0.00486633181572
8747,5099,9,19,0.08623701334,0.0239904951304,0.257125854492,0.114614635706,-0.142511218786
8749,336,3,6,0.0681435391307,0.0190910678357,0.0222085285932,0.0383665524423,0.0161580238491
8750,3988,3,6,0.0645151808858,0.0102009996772,0.169296115637,0.0608511082828,-0.108445003629
8751,8689,4,5,0.0728479921818,0.0313301384449,0.0470072925091,0.0691678076982,0.0221605151892
8754,8581,2,8,0.0981646478176,0.00721222767606,0.0698468536139,0.0372590310872,-0.0325878225267
8755,3321,2,4,0.0997416377068,0.0271227099001,0.00455408729613,0.0140139907598,0.00945990346372
8756,5093,3,3,0.0603084377944,0.0124395536259,0.0335398055613,0.0658004954457,0.0322606898844
8757,7798,3,3,0.0890561714768,0.0362142361701,0.0448023825884,0.020721161738,-0.0240812208503
8758,8089,7,7,0.0881356671453,0.0506209135056,0.0375698395073,0.0182746741921,-0.0192951653153
8760,5267,2,4,0.147407189012,0.0264923516661,0.148675784469,0.020225442946,-0.128450334072
8761,2498,1,4,0.15010792017,0.0437198579311,0.0570170618594,0.0592193305492,0.00220226868987
8762,6939,1,5,0.104428328574,0.0198659356683,0.00565604539588,0.0181077327579,0.0124516878277
8764,5237,2,6,0.070195607841,0.011213414371,0.00151977792848,0.00582467438653,0.00430489657447
8765,2996,2,6,0.107952035964,0.0387819819152,0.00553197134286,0.00624081818387,0.000708846841007
8766,7520,1,9,0.193232938647,0.106345526874,0.00325450184755,0.00239443988539,-0.000860061962157
8767,1020,1,4,0.124078243971,0.0195948518813,0.0225051604211,0.018227616325,-0.00427754409611
8768,5048,1,5,0.0855745896697,0.0449426919222,0.0587794482708,0.0244687516242,-0.0343106985092
8769,1001,2,3,0.0893582478166,0.00529486592859,0.124983415008,0.0285197850317,-0.0964636281133
8770,424,2,2,0.127870127559,0.0663300231099,0.461920797825,0.138052150607,-0.323868632317
8771,1007,1,6,0.304477572441,0.0405490323901,0.662444770336,0.0333593301475,-0.629085421562
8773,8496,3,1,0.114182777703,0.0320989787579,0.00416648341343,0.0308814644814,0.0267149806023
8774,5120,8,11,0.182808443904,0.00577806634828,0.0071522789076,0.0323761068285,0.0252238288522
8775,5666,4,18,0.124771177769,0.0243918132037,0.10027782619,0.101147294044,0.0008694678545
8777,5305,1,11,0.122901894152,0.044335950166,0.2644764781,0.0785998106003,-0.1858766675
8778,3248,2,2,0.112467110157,0.00879134051502,0.0127331279218,0.0170656051487,0.00433247722685
8779,2616,5,4,0.110345043242,0.0350624546409,0.00411942834035,0.00986768770963,0.00574825936928
8780,3182,3,5,0.122931502759,0.0125652402639,0.0503662861884,0.0582282356918,0.00786194950342
8782,1672,2,5,0.0920014157891,0.0125653138384,0.238797098398,0.0920058861375,-0.146791219711
8784,414,4,5,0.106038480997,0.0476022660732,0.0324333049357,0.0174591243267,-0.014974180609
8785,2865,1,7,0.267421215773,0.0980653241277,0.88144916296,0.227683246136,-0.653765916824
8786,495,1,9,0.176691487432,0.0233942270279,0.597243964672,0.153585389256,-0.443658590317
8787,1716,2,5,0.0773222520947,0.0148111525923,0.244119361043,0.0977232828736,-0.146396070719
8789,9069,5,19,0.108928382397,0.0292854774743,0.174717724323,0.0190081521869,-0.155709564686
8790,476,5,12,0.0873765125871,0.0223050825298,0.0302429329604,0.0219256337732,-0.00831729918718
8791,7299,1,10,0.143001809716,0.0394291132689,0.0692201629281,0.0399458967149,-0.0292742662132
8792,1413,2,4,0.0914763137698,0.0165105462074,0.227369874716,0.209437921643,-0.0179319530725
8793,8060,1,4,0.0992529317737,0.0201390348375,0.0995450466871,0.0670862272382,-0.0324588194489
8794,2000,2,5,0.119944132864,0.0400684177876,0.0569839812815,0.107228554785,0.0502445735037
8795,4468,4,3,0.101182997227,0.0469378903508,0.00544863659889,0.00410807598382,-0.00134056061506
8796,4287,5,6,0.0835835114121,0.0109991002828,0.00134540430736,0.00145059393253,0.000105189625174
8797,5879,1,8,0.153481304646,0.0517729073763,0.522270798683,0.218369647861,-0.303901135921
8798,5901,3,4,0.072473436594,0.0203433819115,0.249526679516,0.156637236476,-0.0928894430399
8799,1360,1,3,0.0611364878714,0.00694004911929,0.00870659761131,0.017819263041,0.00911266542971
8802,304,1,6,0.11812672019,0.00783410668373,0.0261264517903,0.0123415635899,-0.0137848882005
8803,2469,2,4,0.100783288479,0.016389189288,0.197942376137,0.0309659987688,-0.166976377368
8804,3765,1,11,0.0738794058561,0.00879983790219,0.0762466192245,0.053573358804,-0.0226732604206
8805,385,1,7,0.156934902072,0.035530667752,0.488756686449,0.117244206369,-0.37151247263
8806,931,1,8,0.0759089961648,0.0345680043101,0.030667822808,0.0171812865883,-0.0134865362197
8807,8271,1,8,0.110805869102,0.0331613197923,0.0180934611708,0.00447975844145,-0.0136137027293
8808,6993,1,5,0.0927754342556,0.0209736153483,0.0422939993441,0.0204669404775,-0.0218270588666
8809,8310,6,11,0.0405927337706,0.0155834751204,0.0105991670862,0.0127877490595,0.00218858197331
8810,2954,2,4,0.0670327618718,0.0128118777648,0.0890636891127,0.032716024667,-0.0563476644456
8811,3747,1,4,0.0433258898556,0.0119992839172,0.015351254493,0.0360328257084,0.0206815712154
8812,3112,1,6,0.0939400866628,0.0186153482646,0.0232842806727,0.0284214187413,0.00513713806868
8813,5008,2,11,0.0997657477856,0.0363459102809,0.11875526607,0.0774560198188,-0.0412992462516
8814,5789,2,5,0.11513068527,0.0427400842309,0.253412425518,0.0963511690497,-0.157061249018
8815,17,3,7,0.0625986084342,0.0125807207078,0.0149312950671,0.0194290410727,0.00449774600565
8817,2248,1,8,0.135576352477,0.0533483400941,0.010038129054,0.0089788781479,-0.00105925090611
8818,6285,1,7,0.0926540195942,0.0282405689359,0.00573388161138,0.0104177305475,0.00468384893611
8819,2183,1,3,0.120289586484,0.0324558578432,0.349874943495,0.0737152844667,-0.276159644127
8820,4852,2,9,0.0683543160558,0.0171213261783,0.0270072165877,0.0596806108952,0.0326733961701
8821,6052,4,7,0.0534774102271,0.0240854173899,0.0185060258955,0.0236791875213,0.00517316162586
8822,2193,1,7,0.135298550129,0.0130448993295,0.0338583253324,0.0116547262296,-0.0222035981715
8823,5294,1,5,0.0747253075242,0.0300684571266,0.00859142560512,0.0112069100142,0.00261548440903
8824,7458,3,7,0.0930004790425,0.0269852019846,0.0036333790049,0.00192379148211,-0.00170958752278
8825,7775,3,6,0.0826948359609,0.0242227595299,0.162369444966,0.067097492516,-0.0952719524503
8826,4492,3,6,0.0685354247689,0.0137268221006,0.0471598058939,0.0179869104177,-0.0291728954762
8827,2466,2,7,0.0887293219566,0.0352044180036,0.0337881036103,0.103553749621,0.0697656422853
8828,9232,4,23,0.0682326629758,0.00607226975262,0.00545972213149,0.00761132920161,0.00215160707012
8829,359,1,12,0.0914922356606,0.0284025873989,0.527455091476,0.206506490707,-0.320948600769
8830,4976,4,6,0.0593139640987,0.00897711049765,0.0296607408673,0.00972732249647,-0.0199334174395
8831,6806,3,11,0.0894852876663,0.0173337422311,0.127130806446,0.0747772976756,-0.0523535087705
8833,164,3,4,0.0638753995299,0.0344657450914,0.0186761785299,0.0437966994941,0.0251205209643
8834,7137,1,7,0.178037762642,0.118118137121,0.00788127537817,0.00621478864923,-0.00166648672894
8835,5829,3,5,0.139138653874,0.0568090267479,0.0149782793596,0.0235021263361,0.00852384697646
8836,2756,1,7,0.104277074337,0.0470056794584,0.0191475804895,0.015132624656,-0.00401495583355
8837,3275,2,9,0.247327685356,0.14023321867,0.00640287622809,0.0109847709537,0.00458189472556
8838,2091,1,4,0.0590983815491,0.0103812031448,0.00437285471708,0.00361881335266,-0.000754041364416
8839,6362,1,8,0.0766432732344,0.0175945814699,0.18714864552,0.0984402298927,-0.0887084156275
8840,869,3,13,0.174781396985,0.0723890438676,0.082442715764,0.0127450376749,-0.0696976780891
8841,1993,1,5,0.100737482309,0.0318505987525,0.0956547185779,0.0240179300308,-0.071636788547
8842,4919,1,4,0.0670027434826,0.0142418546602,0.0410977192223,0.0341310985386,-0.00696662068367
8843,6012,1,9,0.101245068014,0.0502987466753,0.0519922301173,0.041841302067,-0.0101509280503
8844,2183,3,7,0.105825699866,0.011750575155,0.153222769499,0.299718260765,0.146495491266
8845,944,4,4,0.0548335462809,0.0141918882728,0.123362228274,0.126027420163,0.00266519188881
8846,2756,5,6,0.0929904580116,0.0405917987227,0.322512626648,0.252818912268,-0.0696937143803
8847,6012,3,4,0.0963052809238,0.0123669635504,0.199551478028,0.0672045275569,-0.132346957922
8848,2756,3,3,0.0652853474021,0.00573523482308,0.0046960785985,0.00933082774282,0.00463474914432
8849,7554,1,7,0.0833432599902,0.00567614659667,0.0298114214092,0.0147321233526,-0.0150792980567
8850,5744,4,8,0.105246640742,0.0555509217083,0.0263923294842,0.0160212758929,-0.0103710535914
8852,5424,1,5,0.0732877403498,0.0228980891407,0.0490962006152,0.0652739480138,0.0161777473986
8853,6400,1,9,0.0920129790902,0.0185550134629,0.0382464379072,0.0103058451787,-0.0279405936599
8854,6207,5,8,0.0681119561195,0.006158051081,0.0518376007676,0.0228111986071,-0.0290264021605
8855,2756,3,5,0.070671223104,0.0311696697026,0.0277068894356,0.107912659645,0.0802057683468
8856,944,4,6,0.126231357455,0.0613879114389,0.254196107388,0.345052629709,0.0908565223217
8857,5995,2,5,0.088309250772,0.0413364954293,0.0637487620115,0.0467746257782,-0.0169741362333
8858,2756,3,5,0.0851751342416,0.0206811819226,0.0163850001991,0.0200967863202,0.00371178612113
8860,4848,2,9,0.201565787196,0.0721049159765,0.937287330627,0.399932265282,-0.537355065346
8861,4892,1,7,0.08785328269,0.0142563311383,0.0126208299771,0.0190575513989,0.00643672142178
8862,3114,1,4,0.0517031662166,0.0157215222716,0.0276192333549,0.0388707891107,0.0112515557557
8863,2099,2,3,0.0767102539539,0.00935962237418,0.0363804660738,0.103631816804,0.0672513544559
8864,2756,1,5,0.0838023200631,0.0263559706509,0.184682518244,0.355462431908,0.170779913664
8866,1631,1,5,0.0832237973809,0.0108677288517,0.108693435788,0.157727450132,0.0490340143442
8867,2082,3,6,0.109956234694,0.0286703668535,0.00232269894332,0.00350919808261,0.00118649913929
8870,8832,1,6,0.102325767279,0.0174143370241,0.0050525679253,0.00269876583479,-0.00235380209051
8872,8998,5,10,0.315911024809,0.00958154723048,0.666137337685,0.0345809049904,-0.631556451321
8873,7463,3,5,0.243175193667,0.198275759816,0.990859687328,0.497067809105,-0.493791878223
8874,6452,2,8,0.108629249036,0.0385399572551,0.215792685747,0.0672809481621,-0.148511737585
8876,1345,1,5,0.0733919367194,0.010606165044,0.117010757327,0.163245335221,0.0462345778942
8877,2651,1,5,0.151649296284,0.0760710835457,0.0202616378665,0.0148786120117,-0.00538302585483
8880,3028,4,5,0.121645592153,0.0513780079782,0.0142094483599,0.0260564554483,0.0118470070884
8881,4002,3,4,0.1037844643,0.0361496657133,0.337146401405,0.100949712098,-0.236196696758
8882,576,2,7,0.0883199945092,0.017577290535,0.0572580173612,0.0396921150386,-0.0175659023225
8884,9133,3,14,0.105517558753,0.0251251067966,0.033282738179,0.0074325366877,-0.0258502010256
8885,4956,1,6,0.0663136914372,0.00180144212209,0.0153107335791,0.00856047123671,-0.00675026234239
8886,8096,3,11,0.159885987639,0.0225395001471,0.00578628387302,0.024302477017,0.0185161940753
8887,4647,2,8,0.0771336257458,0.0238036233932,0.0089910402894,0.00460793310776,-0.00438310718164
8888,221,4,5,0.0892788171768,0.0267709605396,0.122338138521,0.0768112242222,-0.0455269142985
8890,5465,3,3,0.0698568448424,0.0364913754165,0.142155602574,0.183858200908,0.0417025983334
8891,4247,2,13,0.170012250543,0.10883320123,0.725951910019,0.297729671001,-0.428222239017
8892,4247,4,5,0.0856140255928,0.00713374093175,0.0307655129582,0.0849076882005,0.0541421771049
8893,4247,1,4,0.0814805105329,0.0186383835971,0.300118267536,0.147481322289,-0.152636945248
8894,7346,2,5,0.100835762918,0.0542383491993,0.00811234489083,0.0215092841536,0.0133969392627
8895,326,2,5,0.0768360197544,0.00808934587985,0.009123230353,0.0103220781311,0.00119884777814
8896,3920,1,8,0.198727622628,0.0648646056652,0.00473038246855,0.00948047079146,0.00475008832291
8897,6938,4,5,0.0759462192655,0.0314832478762,0.303574621677,0.250850528479,-0.0527240931988
8898,4391,2,4,0.0651571378112,0.0132837900892,0.0492027923465,0.0801860466599,0.0309832543135
8899,9026,5,7,0.129016473889,0.0625300630927,0.00816915463656,0.0123869711533,0.00421781651676
8900,6332,1,7,0.0707935020328,0.0266052037477,0.0334304757416,0.0367310345173,0.00330055877566
8901,8743,1,9,0.103857882321,0.0441181175411,0.00731950812042,0.00974074564874,0.00242123752832
8902,4429,1,9,0.127434462309,0.0360510908067,0.0137282665819,0.00633425312117,-0.00739401346073
8903,1879,1,4,0.146480888128,0.0131324203685,0.0049294042401,0.00490040099248,-2.90032476187e-05
8905,5465,1,6,0.0819482430816,0.0273066088557,0.170423537493,0.0693894103169,-0.101034127176
8907,6185,3,7,0.0729671344161,0.00338435685262,0.0775801315904,0.0982928052545,0.0207126736641
8908,5262,1,3,0.0852286815643,0.0271577388048,0.00438899733126,0.0238630976528,0.0194741003215
8909,4977,2,2,0.104926146567,0.0194605980068,0.00645230710506,0.00267858081497,-0.00377372629009
8910,3493,8,4,0.064189851284,0.016411151737,0.0114479484037,0.0085058119148,-0.00294213648885
8912,1131,1,3,0.0884610936046,0.0258150212467,0.0973286852241,0.100749313831,0.00342062860727
8913,5876,1,5,0.106715269387,0.0252296216786,0.138270303607,0.138822793961,0.000552490353584
8914,3496,3,5,0.196332469583,0.0431792549789,0.153799131513,0.488433212042,0.334634065628
8915,3130,3,5,0.0728852078319,0.0147107550874,0.00289255962707,0.0036909955088,0.000798435881734
8916,7827,7,2,0.106133677065,0.00724109541625,0.0142362955958,0.00912879221141,-0.00510750338435
8917,2136,1,5,0.113861471415,0.014404296875,0.0371803678572,0.0644401982427,0.0272598303854
8918,8320,2,13,0.0465003065765,0.0179218221456,0.0538935810328,0.0386739932001,-0.0152195878327
8919,108,6,11,0.179671525955,0.0721393972635,0.0938903838396,0.023443793878,-0.070446588099
8920,9247,3,9,0.108889997005,0.0104627683759,0.00446106866002,0.0105159468949,0.00605487823486
8921,3085,4,9,0.0478719361126,0.00982432626188,0.0123753501102,0.0163707453758,0.00399539526552
8923,3716,1,5,0.169655501842,0.0768116265535,0.0836038291454,0.0322567112744,-0.051347117871
8925,2102,3,6,0.0481949150562,0.0128842741251,0.0183626357466,0.00744955101982,-0.0109130851924
8926,1866,2,7,0.139476835728,0.0602928809822,0.00262876041234,0.0173830166459,0.0147542562336
8927,2102,1,7,0.117699153721,0.0193174574524,0.104287162423,0.0646498203278,-0.0396373420954
8928,941,1,7,0.0684879869223,0.0111109558493,0.00805678684264,0.00682557187974,-0.0012312149629
8929,2020,2,14,0.127120748162,0.0167877748609,0.0844504088163,0.0373024828732,-0.0471479259431
8930,5265,2,5,0.1151990816,0.0213544555008,0.0322814062238,0.0132945105433,-0.0189868956804
8931,5260,2,9,0.0812758952379,0.0508664399385,0.201787263155,0.0741528496146,-0.12763440609
8933,2136,5,3,0.100108318031,0.0379898734391,0.0694132894278,0.118156850338,0.0487435609102
8934,5236,1,7,0.190664231777,0.0472136810422,0.177702993155,0.0467280931771,-0.130974903703
8935,1631,2,7,0.0835554823279,0.0122827095911,0.00371521199122,0.0309207886457,0.0272055771202
8936,1092,2,3,0.0983760654926,0.0287950448692,0.0212165731937,0.0411653742194,0.0199488010257
8937,1435,2,7,0.142557159066,0.0134262079373,0.189285233617,0.0221623424441,-0.167122885585
8938,782,2,8,0.133288487792,0.0266995839775,0.031839825213,0.00820210855454,-0.0236377157271
8939,925,2,4,0.0653188675642,0.0305252820253,0.0616466961801,0.0800405219197,0.0183938257396
8940,334,4,6,0.260643154383,0.0270865466446,0.753360569477,0.127539768815,-0.625820815563
8941,577,3,4,0.068595930934,0.031742695719,0.124716460705,0.106922321022,-0.0177941396832
8943,1643,4,21,0.0712994709611,0.0225275550038,0.0157623104751,0.0194435659796,0.00368125550449
8944,1367,4,4,0.12563714385,0.0183064267039,0.0236870162189,0.0323480516672,0.00866103544831
8945,7691,1,4,0.0626362934709,0.0129857407883,0.0229381341487,0.0282428022474,0.00530466809869
8946,1102,2,5,0.0621834546328,0.00509929005057,0.0397157222033,0.0538125671446,0.0140968449414
8947,847,2,4,0.134776175022,0.0294965934008,0.151173889637,0.0360221043229,-0.115151785314
8948,380,1,1,0.0909587368369,0.00738418195397,0.02841697447,0.0252640098333,-0.00315296463668
8949,7559,1,4,0.0486921705306,0.0172664038837,0.0234468691051,0.0443967096508,0.0209498405457
8950,7137,1,10,0.0716893821955,0.0154818445444,0.0230205729604,0.0120638785884,-0.010956694372
8951,6615,2,7,0.0925823226571,0.0070961737074,0.0210920199752,0.0162451192737,-0.00484690070152
8952,888,3,4,0.0803841426969,0.014007951133,0.005208669696,0.0171624869108,0.0119538176805
8954,1454,2,7,0.115200124681,0.0223180744797,0.0163044054061,0.0319547317922,0.0156503263861
8955,230,2,3,0.0914748981595,0.00712688360363,0.0119346752763,0.0198516473174,0.00791697204113
8956,619,2,1,0.0480508543551,0.0116550186649,0.0259722340852,0.0284778028727,0.00250556878746
8958,1131,3,4,0.129689708352,0.0283598136157,0.410365790129,0.153440818191,-0.256924986839
8959,7395,1,4,0.0934899449348,0.0124115413055,0.0415624342859,0.029368987307,-0.0121934469789
8962,2119,1,6,0.0995059385896,0.0211788695306,0.0552574321628,0.0260666999966,-0.0291907321662
8963,567,3,9,0.0247381683439,0.0148776853457,0.75633597374,0.65747076273,-0.09886521101
8964,266,3,7,0.205661639571,0.0952648743987,0.907041490078,0.367755889893,-0.539285600185
8966,2124,2,4,0.0977622047067,0.0340327769518,0.186728909612,0.0371067933738,-0.149622112513
8969,8339,2,4,0.0714687779546,0.0212763343006,0.00720864022151,0.017077093944,0.00986845418811
8970,3709,2,4,0.104699157178,0.0322855040431,0.0076935258694,0.00881768856198,0.00112416269258
8971,7290,5,3,0.0930179432034,0.0273400712758,0.0805307552218,0.0101297432557,-0.0704010128975
8972,3812,4,6,0.0894042029977,0.00565531151369,0.0410491302609,0.0836337581277,0.0425846278667
8973,8265,1,20,0.126808539033,0.0571245886385,0.792089879513,0.360758990049,-0.431330889463
8974,4039,4,4,0.112064570189,0.0141990389675,0.234641671181,0.0301880035549,-0.204453662038
8975,2379,1,6,0.0537322312593,0.008708759211,0.026585618034,0.0520858168602,0.0255001988262
8976,1564,3,4,0.0582200177014,0.0181028079242,0.00997390784323,0.00963625963777,-0.000337648205459
8978,8940,3,6,0.315456837416,0.0094555253163,0.747249424458,0.0569004006684,-0.690349042416
8979,4886,5,9,0.100084505975,0.0297806859016,0.0154551779851,0.0163030065596,0.000847828574479
8980,1375,2,4,0.122640885413,0.0570874847472,0.00832227338105,0.00491285510361,-0.00340941827744
8981,5615,2,8,0.0950067266822,0.0186527818441,0.00608939444646,0.0141916843131,0.00810229033232
8984,4519,3,3,0.12755395472,0.0258528739214,0.00796923227608,0.00519925262779,-0.00276997964829
8985,7264,4,3,0.0608112178743,0.0188485570252,0.177530840039,0.083714671433,-0.0938161686063
8986,7805,1,4,0.0557724349201,0.0170234683901,0.0242417734116,0.0165361333638,-0.00770564004779
8987,5301,5,4,0.0843096747994,0.00917638279498,0.0792746692896,0.0768531858921,-0.00242148339748
8988,266,3,2,0.125858917832,0.0155908092856,0.00614150427282,0.00582087272778,-0.000320631545037
8989,6108,2,8,0.136289104819,0.0325838588178,0.00267584808171,0.00373519374989,0.00105934566818
8991,5171,2,8,0.0818256065249,0.037659496069,0.197597265244,0.0995004549623,-0.0980968102813
8992,5201,2,4,0.125108242035,0.0255468767136,0.0306699164212,0.0291611161083,-0.00150880031288
8993,3746,1,7,0.0703746378422,0.0282931290567,0.0065470575355,0.00591937592253,-0.000627681612968
8994,2617,4,4,0.0614831037819,0.0304512344301,0.00227391952649,0.00467648403719,0.0024025645107
8995,2193,4,5,0.136258170009,0.0170951299369,0.0125162117183,0.007817722857,-0.00469848886132
8996,426,2,4,0.129208862782,0.0351120345294,0.0125777348876,0.0199688319117,0.00739109702408
8997,450,1,6,0.066781103611,0.0246714577079,0.0140937771648,0.0181270539761,0.00403327681124
8998,1764,3,9,0.0854053273797,0.019969586283,0.0199848841876,0.0159487631172,-0.00403612107038
8999,8154,3,8,0.0753464400768,0.0138059249148,0.0065985894762,0.00954748317599,0.0029488936998
9000,1925,2,5,0.0653420910239,0.00874553620815,0.0184778291732,0.0409054197371,0.0224275905639
9001,3476,2,7,0.0465670637786,0.00858748611063,0.0169205274433,0.0256176684052,0.00869714096189
9002,2139,1,6,0.0652824565768,0.0203693695366,0.129639685154,0.20252366364,0.0728839784861
9003,8491,1,6,0.0799556151032,0.0285498593003,0.196364417672,0.18199776113,-0.0143666565418
9005,5052,4,3,0.0956761538982,0.0176074262708,0.00294605572708,0.00597989698872,0.00303384126164
9006,574,3,6,0.0692343786359,0.0131584387273,0.262809425592,0.110729694366,-0.152079731226
9007,350,1,7,0.136964663863,0.0317160896957,0.38095086813,0.104797460139,-0.276153415442
9008,3285,1,4,0.103819780052,0.0227039307356,0.0380165539682,0.01961815916,-0.0183983948082
9009,1319,2,6,0.0612671971321,0.00507310545072,0.0989765152335,0.136071592569,0.0370950773358
9010,1091,3,3,0.0530555360019,0.0169212669134,0.00428872648627,0.0113200871274,0.00703136064112
9011,2134,1,7,0.088322609663,0.0161576233804,0.0640152096748,0.0482725910842,-0.0157426185906
9012,4096,4,3,0.0575866214931,0.0046825343743,0.0306298304349,0.057548571378,0.0269187409431
9013,5479,2,6,0.182307720184,0.0932335779071,0.0192852560431,0.00491992989555,-0.0143653266132
9014,3018,2,6,0.0890317186713,0.0271128024906,0.00838017463684,0.0113756125793,0.00299543794245
9015,2458,3,4,0.0918098464608,0.0286961961538,0.0264785848558,0.0182867813855,-0.00819180347025
9017,5876,2,3,0.0720167681575,0.00862854532897,0.00962248630822,0.0153594873846,0.00573700107634
9018,4066,4,16,0.0853343009949,0.00922166276723,0.00426302477717,0.00959017779678,0.00532715301961
9021,1589,1,11,0.152042895555,0.019830038771,0.254543304443,0.0517818517983,-0.20276145637
9022,4008,1,5,0.123803369701,0.0626972019672,0.00103471556213,0.0012484198669,0.00021370430477
9023,2031,6,28,0.0669463798404,0.0254949387163,0.514623045921,0.329169750214,-0.185453295708
9024,6050,3,8,0.116502650082,0.0251362044364,0.137943163514,0.0895141363144,-0.0484290271997
9026,6152,3,9,0.1012333408,0.0148240691051,0.027143727988,0.00979074183851,-0.0173529870808
9027,6429,3,6,0.0927300453186,0.0407686978579,0.0245189517736,0.0247114747763,0.000192523002625
9028,5432,3,11,0.0833818390965,0.0114295156673,0.156301230192,0.0578992553055,-0.0984019786119
9029,3337,2,13,0.0591742545366,0.0164847616106,0.425888091326,0.378730624914,-0.0471574664116
9030,3337,3,7,0.0606528632343,0.0109596885741,0.0486713908613,0.0491461418569,0.000474750995636
9031,772,3,5,0.108434937894,0.0343382023275,0.103437915444,0.0788666829467,-0.0245712324977
9032,8460,3,2,0.0644582137465,0.0207163337618,0.0356386005878,0.017725482583,-0.0179131180048
9033,5305,3,9,0.118802011013,0.0135748004541,0.000604443484917,0.00129562418442,0.000691180699505
9034,1071,2,9,0.125022009015,0.0587278604507,0.0120920827612,0.0107101351023,-0.00138194765896
9035,1914,3,7,0.101034127176,0.0376769863069,0.0160242561251,0.0428121350706,0.0267878789455
9037,9063,1,1,0.0528810806572,0.00913458690047,0.00886922422796,0.00805833097547,-0.000810893252492
9038,1127,2,3,0.0667303055525,0.0311420857906,0.939003884792,0.682424128056,-0.256579756737
9039,1281,1,5,0.0900270119309,0.0106975324452,0.108339115977,0.0308321472257,-0.0775069668889
9040,2903,1,3,0.0812457129359,0.004427310545,0.0742000341415,0.0458926521242,-0.0283073820174
9041,5389,3,7,0.0786012485623,0.00989125017077,0.00636749574915,0.00709987804294,0.000732382293791
9042,6424,1,7,0.115849711001,0.0201166402549,0.00963959749788,0.0115344719961,0.00189487449825
9043,217,1,6,0.0958850160241,0.0261418651789,0.00936940778047,0.0121990824118,0.00282967463136
9044,6254,1,8,0.144425705075,0.00718091009185,0.157708704472,0.0289429780096,-0.12876573205
9045,1058,3,4,0.125336170197,0.0302942581475,0.00032905858825,0.000350131304003,2.10727157537e-05
9046,1501,2,7,0.0726848617196,0.0216341763735,0.0108325462788,0.0139245167375,0.00309197045863
9047,8923,2,5,0.23070435226,0.0806475356221,0.478433668613,0.0869806483388,-0.391453027725
9048,356,1,4,0.151844039559,0.0306862108409,0.592593252659,0.171076178551,-0.421517074108
9049,1317,2,2,0.150397285819,0.0294595956802,0.0556660853326,0.0847933664918,0.0291272811592
9051,4179,2,5,0.254719495773,0.0566492378712,0.0129209142178,0.0278349574655,0.0149140432477
9052,2379,2,4,0.289578855038,0.0347206890583,0.00627785595134,0.0168720819056,0.0105942264199
9053,9002,2,3,0.449723988771,0.0695898234844,0.863167405128,0.0523209869862,-0.810846447945
9054,8282,4,7,0.134574711323,0.0307021103799,0.0103713003919,0.0455370657146,0.0351657643914
9055,2439,3,6,0.161820754409,0.0316646918654,0.427418202162,0.0850824192166,-0.342335790396
9056,6400,2,5,0.0718468502164,0.0267271697521,0.0125246010721,0.0166227817535,0.00409818068147
9057,9192,4,4,0.0928074195981,0.0132320355624,0.0728879496455,0.0317381285131,-0.0411498211324
9058,7915,4,25,0.173816785216,0.0223638247699,0.193737998605,0.0355012752116,-0.158236727118
9060,3924,2,8,0.0795928388834,0.020035399124,0.0615025348961,0.0859127938747,0.0244102589786
9062,195,6,9,0.159027382731,0.130898609757,0.00554293114692,0.00605160230771,0.000508671160787
9063,1097,1,8,0.0640840008855,0.00332788564265,0.0704419091344,0.061801597476,-0.00864031165838
9064,5981,1,1,0.0722167491913,0.0199293214828,0.178757965565,0.0711309090257,-0.107627056539
9065,3157,1,8,0.144021168351,0.0221255607903,0.983022868633,0.582764267921,-0.400258600712
9066,340,3,3,0.0813428983092,0.0273611582816,0.00582638708875,0.0397733561695,0.0339469686151
9067,1441,6,15,0.101392656565,0.0696956366301,0.165290772915,0.118631489575,-0.04665928334
9068,2339,2,9,0.0645610168576,0.0177215319127,0.00306848948821,0.00265020062216,-0.000418288866058
9069,1998,1,6,0.0759743601084,0.0286619532853,0.0718144476414,0.0400990881026,-0.0317153595388
9071,3522,3,9,0.0718248188496,0.0135314753279,0.021813178435,0.0465561635792,0.0247429851443
9072,7431,2,7,0.086054481566,0.018958048895,0.118216358125,0.0507437698543,-0.0674725919962
9074,3234,2,8,0.17320728302,0.0852957591414,0.283338963985,0.0855427607894,-0.197796195745
9075,5899,3,5,0.134836569428,0.0339658297598,0.0282455906272,0.146305546165,0.118059955537
9076,5864,1,1,0.0441665537655,0.0116823650897,0.035901773721,0.0273667406291,-0.0085350330919
9077,8473,3,6,0.0750185921788,0.0168471820652,0.043540969491,0.0393272899091,-0.00421367958188
9078,7330,1,7,0.116845451295,0.00547269592062,0.167362362146,0.0309976879507,-0.136364668608
9079,1275,1,16,0.214516356587,0.0575056448579,0.588317930698,0.129840254784,-0.458477675915
9080,248,2,7,0.0421137325466,0.00210814410821,0.199549540877,0.144551172853,-0.0549983680248
9082,2507,2,6,0.128713667393,0.0262973345816,0.00126155570615,0.00917747337371,0.00791591778398
9083,9172,1,6,0.146036401391,0.0492645017803,0.992799520493,0.614634513855,-0.378165006638
9084,1696,5,9,0.0981682538986,0.0213413033634,0.0072857295163,0.0120642604306,0.00477853091434
9085,8939,2,1,0.0917003154755,0.0357730463147,0.0118206385523,0.007047241088,-0.00477339746431
9088,6811,3,2,0.193340972066,0.034673448652,0.00759598053992,0.00944658089429,0.00185060035437
9089,2889,6,2,0.0798274725676,0.0194024611264,0.00341590563767,0.0043609123677,0.000945006730035
9090,6404,1,4,0.0764472410083,0.0239949207753,0.00775741506368,0.00697488849983,-0.000782526563853
9091,2745,1,7,0.0753036662936,0.0313718616962,0.126920685172,0.0388468019664,-0.0880738794804
9092,438,1,3,0.0739472359419,0.0375183001161,0.351851195097,0.191378340125,-0.160472854972
9094,7064,3,8,0.0604120604694,0.0185180231929,0.24719183147,0.135261535645,-0.111930295825
9095,3888,8,14,0.144732534885,0.0247476305813,0.00738284131512,0.0118183419108,0.00443550059572
9096,2774,3,5,0.117380164564,0.0334179997444,0.143706947565,0.0171024929732,-0.126604452729
9097,1716,1,7,0.091103322804,0.0152893364429,0.627122700214,0.283036440611,-0.344086259604
9098,2525,3,3,0.0897944793105,0.0281297266483,0.0585190989077,0.0341769978404,-0.0243421010673
9099,3440,2,5,0.0610671006143,0.00406385445967,0.0186343546957,0.0203937124461,0.00175935775042
9101,9220,4,13,0.125978663564,0.0191509909928,0.00795232877135,0.00845827721059,0.00050594843924
9102,6025,3,6,0.0924762859941,0.0230697151273,0.00766902510077,0.0073928902857,-0.000276134815067
9103,7875,2,6,0.142529591918,0.038895368576,0.00716487551108,0.00547264143825,-0.00169223407283
9104,1616,1,5,0.311516523361,0.128353118896,0.913616478443,0.225991532207,-0.687624931335
9105,2078,3,11,0.0865812599659,0.0235517919064,0.0289759021252,0.0202655401081,-0.00871036201715
9107,9134,4,6,0.137407809496,0.0233420580626,0.00363899813965,0.00943559780717,0.00579659966752
9108,2508,7,8,0.0707926526666,0.00417672935873,0.0179281048477,0.044507291168,0.0265791863203
9109,9185,1,7,0.0781546831131,0.00760821672156,0.154039233923,0.0390227548778,-0.11501647532
9111,1016,1,8,0.105393029749,0.0516557954252,0.0346852950752,0.0833499506116,0.0486646555364
9112,598,4,4,0.13185530901,0.0495013929904,0.12735722959,0.0739988908172,-0.0533583387733
9114,6982,2,2,0.0620248168707,0.0164469368756,0.0262318588793,0.0161798875779,-0.0100519713014
9116,2796,2,5,0.0965506434441,0.0361300669611,0.0104084890336,0.0202359352261,0.0098274461925
9118,2226,1,4,0.0905940309167,0.0118735339493,0.0297000519931,0.0585379563272,0.0288379043341
9119,4941,3,6,0.0942197740078,0.0265862755477,0.0657901763916,0.0809300541878,0.0151398777962
9120,4941,5,4,0.0716538950801,0.00331933912821,0.00324482168071,0.00707179913297,0.00382697745226
9121,8667,6,9,0.0809553563595,0.0229131020606,0.0165742076933,0.0166850481182,0.000110840424895
9122,7347,2,6,0.115762241185,0.00316103780642,0.234136417508,0.0710633993149,-0.163073018193
9123,8322,5,10,0.138320788741,0.0337275974452,0.0305818617344,0.0578587949276,0.0272769331932
9124,3282,2,8,0.0899531245232,0.0129114249721,0.00196376629174,0.0352772139013,0.0333134457469
9125,248,1,4,0.138802632689,0.0547322034836,0.0736981630325,0.0938446745276,0.0201465114951
9126,4510,1,5,0.0691457018256,0.015745325014,0.0145726222545,0.0187622774392,0.00418965518475
9128,7274,10,19,0.050437759608,0.0101092094555,0.0103533705696,0.00886005256325,-0.0014933180064
9129,6051,1,7,0.134774982929,0.0300426613539,0.0306102279574,0.0244908649474,-0.00611936300993
9131,8984,5,7,0.111993230879,0.0129060130566,0.00406620744616,0.0126565368846,0.00859032943845
9132,2155,1,5,0.0566969104111,0.00253433734179,0.0199562665075,0.0218331813812,0.00187691487372
9134,326,1,6,0.0982901528478,0.012869737111,0.0553402677178,0.0916807278991,0.0363404601812
9135,3983,7,15,0.0764025747776,0.0130539629608,0.00316601782106,0.00209859665483,-0.00106742116623
9136,5568,2,3,0.0897715315223,0.0146035458893,0.00402902718633,0.00450635375455,0.000477326568216
9137,400,3,4,0.0692723318934,0.03572544083,0.0799334868789,0.0552791245282,-0.0246543623507
9138,18,1,3,0.0752689912915,0.0373696051538,0.026068136096,0.0203958656639,-0.00567227043211
9139,448,2,3,0.0944799408317,0.0334550626576,0.0254967957735,0.0148063702509,-0.0106904255226
9140,5156,2,5,0.0891119614244,0.00406181951985,0.0788884311914,0.0287560690194,-0.0501323640347
9141,6493,1,6,0.0658185705543,0.0104650603607,0.0442046411335,0.0530471839011,0.00884254276752
9142,5792,2,5,0.105485983193,0.0460485592484,0.044700615108,0.0506846271455,0.00598401203752
9143,6342,2,4,0.0940323546529,0.0276970025152,0.0806244239211,0.0906769931316,0.0100525692105
9144,8982,2,7,0.139760673046,0.014604056254,0.0185753460974,0.0318464152515,0.0132710691541
9145,4391,3,6,0.0694317445159,0.0243774149567,0.0244787484407,0.0436703413725,0.0191915929317
9146,831,4,8,0.0885122939944,0.0172981638461,0.00357037363574,0.0107865007594,0.00721612712368
9147,4819,1,8,0.0630499720573,0.0254983529449,0.0551271103323,0.0366292484105,-0.0184978619218
9148,3388,1,5,0.104856468737,0.0115970009938,0.0111752878875,0.0164035577327,0.00522826984525
9149,8314,1,11,0.0998821631074,0.0685929581523,0.0270985793322,0.0148480422795,-0.0122505370528
9150,4992,4,10,0.102826200426,0.0358813293278,0.0580007024109,0.0177649091929,-0.0402357950807
9151,8322,2,7,0.0958498418331,0.0293381866068,0.0673682540655,0.0483288131654,-0.0190394409001
9152,5723,1,4,0.0687828063965,0.0116840880364,0.0225702915341,0.0278452206403,0.00527492910624
9153,9105,1,6,0.0991670712829,0.0302917975932,0.0335986427963,0.0211727097631,-0.0124259330332
9154,6668,1,5,0.08885461092,0.00762114999816,0.0150880105793,0.0220570582896,0.0069690477103
9155,8576,1,5,0.0643975436687,0.0124291060492,0.00870871916413,0.0177231878042,0.00901446864009
9156,2134,3,5,0.109271354973,0.00887321867049,0.445399224758,0.134450256824,-0.310948967934
9157,637,2,2,0.167760372162,0.0174206998199,0.032478928566,0.0150491222739,-0.0174298062921
9158,6112,2,5,0.0676673054695,0.00904368702322,0.0967972949147,0.033144492656,-0.0636527985334
9159,9322,7,13,0.0915588438511,0.0156365577132,0.0114769088104,0.0151696903631,0.00369278155267
9160,1984,1,5,0.0992974638939,0.0328127406538,0.00756067410111,0.00877559930086,0.00121492519975
9162,4294,1,7,0.0977732241154,0.00826925039291,0.00600777193904,0.0130559476092,0.00704817567021
9163,37,1,3,0.149397388101,0.0472158715129,0.514800131321,0.139260947704,-0.375539183617
9164,5905,1,4,0.140248537064,0.00308544631116,0.0174390990287,0.0688003376126,0.0513612404466
9165,517,1,4,0.0966723933816,0.0182088948786,0.207900062203,0.0926516726613,-0.115248389542
9166,8712,1,8,0.135020598769,0.0220072995871,0.121136002243,0.0246994942427,-0.0964365079999
9167,3116,3,2,0.165007472038,0.0341652408242,0.489460676908,0.0604372136295,-0.429023474455
9168,1134,2,6,0.0829849541187,0.0075386450626,0.0394283048809,0.0104393484071,-0.0289889574051
9169,5834,4,10,0.0605483353138,0.011056390591,0.132381528616,0.135628893971,0.00324736535549
9170,3116,1,4,0.386306673288,0.0625317022204,0.887216866016,0.0948530137539,-0.792363882065
9171,6595,2,5,0.0823038294911,0.00905734766275,0.0119350673631,0.0134652080014,0.00153014063835
9172,1802,1,6,0.0671584233642,0.00973345711827,0.298520714045,0.209893643856,-0.0886270701885
9173,3624,5,15,0.163659974933,0.0194025095552,0.230044007301,0.0357728041708,-0.194271206856
9174,8819,2,6,0.0648616179824,0.00734802195802,0.0347493328154,0.0453103668988,0.0105610340834
9175,8930,1,5,0.123078860343,0.025575933978,0.00911280326545,0.0190985426307,0.00998573936522
9176,8716,2,10,0.0569311343133,0.0167304035276,0.0622867271304,0.0295956339687,-0.0326910912991
9177,7161,2,7,0.089831136167,0.0201771967113,0.487761199474,0.188573524356,-0.299187660217
9178,8563,6,37,0.0442526936531,0.00461105862632,0.165471658111,0.111818827689,-0.0536528304219
9179,8553,4,8,0.0459543131292,0.00586997531354,0.0458794534206,0.038283277303,-0.00759617611766
9180,7073,5,15,0.0829410329461,0.0213317759335,0.133192285895,0.109084554017,-0.0241077318788
9181,9310,3,8,0.102947629988,0.0226115696132,0.00305106025189,0.00737027311698,0.00431921286508
9182,527,3,5,0.143037423491,0.0356965139508,0.0170509777963,0.0209230873734,0.00387210957706
9183,304,1,6,0.0618879795074,0.00459859520197,0.216032937169,0.12712161243,-0.0889113247395
9184,441,2,8,0.154030248523,0.0421560332179,0.0183344837278,0.0494131036103,0.0310786198825
9185,143,6,13,0.251788139343,0.0740929096937,0.833088159561,0.205706417561,-0.627381742001
9186,4050,2,3,0.145451024175,0.0328769087791,0.294804781675,0.040090970695,-0.25471380353
9188,6817,2,5,0.183889195323,0.0598594024777,0.527523934841,0.0957870781422,-0.431736856699
9190,4050,3,4,0.170791089535,0.0189551748335,0.282057881355,0.0416772961617,-0.240380585194
9191,4957,1,4,0.0962000265718,0.00482370844111,0.0813558697701,0.0125813847408,-0.068774484098
9192,7759,2,1,0.148696362972,0.057613261044,0.00371857895516,0.00479917833582,0.00108059938066
9193,1945,2,7,0.120136104524,0.0432825759053,0.0045532179065,0.00585486600175,0.00130164809525
9194,1673,1,5,0.2223418504,0.143992871046,0.878690958023,0.332880228758,-0.545810699463
9195,7070,1,5,0.0905747041106,0.0538092404604,0.0347661823034,0.0217922721058,-0.0129739101976
9197,8730,7,29,0.0798852145672,0.0117813469842,0.00450328551233,0.00316622829996,-0.00133705721237
9199,5596,1,9,0.127176910639,0.00369426608086,0.109452687204,0.0352101512253,-0.0742425322533
9200,11,4,7,0.0880455970764,0.020671306178,0.00876298733056,0.0136281847954,0.00486519746482
9201,8817,4,9,0.0793870016932,0.00944885052741,0.085595600307,0.0969455838203,0.0113499835134
9202,5892,2,6,0.118139944971,0.0151878232136,0.0164716411382,0.0342263877392,0.017754746601
9203,4274,1,8,0.0859779119492,0.010287434794,0.0214106570929,0.00816392991692,-0.013246727176
9204,2579,2,12,0.0751199349761,0.0131795844063,0.00300625362433,0.00613317405805,0.00312692043371
9205,7597,5,8,0.075970262289,0.0185812208802,0.0327466353774,0.0291279982775,-0.00361863709986
9208,4814,3,3,0.31178894639,0.0117995338514,0.778437972069,0.0758950039744,-0.702542960644
9209,110,1,9,0.095628105104,0.0324024111032,0.0825398415327,0.143364712596,0.0608248710632
9210,2193,3,5,0.104044258595,0.040666744113,0.00820764154196,0.0204386916012,0.0122310500592
9211,3183,6,11,0.123314797878,0.0496150031686,0.15998545289,0.0436732023954,-0.116312250495
9213,5168,1,2,0.27456125617,0.15835519135,0.972748219967,0.376393347979,-0.596354842186
9214,266,2,5,0.180626645684,0.012226851657,0.896983146667,0.361221462488,-0.535761713982
9216,5168,5,4,0.113609194756,0.0437416322529,0.320772022009,0.0822755694389,-0.23849645257
9218,8701,1,8,0.107509441674,0.0327742323279,0.126210302114,0.110927052796,-0.0152832493186
9219,8845,5,9,0.1857213974,0.02317439951,0.00132791278884,0.00290553830564,0.0015776255168
9220,5013,1,4,0.314826011658,0.0828226581216,0.966290891171,0.269221752882,-0.697069168091
9221,577,2,6,0.0732770189643,0.0121135758236,0.048223182559,0.0247956421226,-0.0234275404364
9222,3910,1,3,0.39452162385,0.100958496332,0.965045750141,0.178263783455,-0.786781966686
9225,1225,2,8,0.119852237403,0.0218870192766,0.0832502245903,0.0330204367638,-0.0502297878265
9227,1487,2,6,0.102778233588,0.0365428589284,0.0111128436401,0.0275698825717,0.0164570398629
9228,3123,2,3,0.269851833582,0.145558997989,0.896789371967,0.286386460066,-0.610402941704
9229,8945,1,5,0.0745819956064,0.0164523851126,0.0832042470574,0.0561753250659,-0.0270289219916
9230,266,3,3,0.36363914609,0.13632877171,0.944352507591,0.208423152566,-0.735929369926
9231,4878,3,6,0.137523770332,0.0465262494981,0.0119683621451,0.0197668280452,0.00779846590012
9232,6435,2,5,0.121370315552,0.0192439649254,0.0154428742826,0.0293506998569,0.0139078255743
9233,1437,1,4,0.125580087304,0.0317135937512,0.0327346399426,0.0904720053077,0.057737365365
9234,614,5,10,0.152358070016,0.0305678602308,0.361123412848,0.0180745664984,-0.343048840761
9235,3309,1,4,0.11999579519,0.0165678970516,0.231793045998,0.0205488484353,-0.2112441957
9236,4814,3,9,0.213686689734,0.00679740915075,0.446627378464,0.039090462029,-0.407536923885
9237,3002,3,5,0.125110089779,0.0359078980982,0.162285387516,0.0927121713758,-0.0695732161403
9239,2628,4,2,0.0778516456485,0.0127132367343,0.0204272400588,0.0252492949367,0.00482205487788
9240,6813,1,6,0.0708941444755,0.0158041287214,0.0226659663022,0.0111460918561,-0.0115198744461
9242,7251,6,14,0.147262856364,0.0285709090531,0.0272434912622,0.0375585332513,0.0103150419891
9243,567,1,6,0.0827463790774,0.0426460430026,0.0339862518013,0.0426832735538,0.0086970217526
9244,8797,2,11,0.132203564048,0.00271657877602,0.211944818497,0.0444640219212,-0.167480796576
9245,8189,1,6,0.127048358321,0.0478716641665,0.00217875349335,0.00769259920344,0.00551384594291
9246,9099,2,6,0.0762803480029,0.00586584862322,0.0318386554718,0.059514015913,0.0276753604412
9247,4388,4,15,0.0878455862403,0.00963594671339,0.0150628406554,0.0233601778746,0.00829733721912
9248,1400,4,16,0.245048269629,0.0034784686286,0.549803078175,0.0636914297938,-0.48611164093
9249,5899,1,7,0.0842389091849,0.0236320663244,0.1007354334,0.135645881295,0.0349104478955
9250,7392,3,3,0.0935403704643,0.0328510068357,0.00975568313152,0.0113282715902,0.00157258845866
9251,131,1,4,0.0779330432415,0.00812128838152,0.0265227891505,0.0281365495175,0.00161376036704
9252,2098,3,6,0.0918177962303,0.00864692777395,0.00462220655754,0.00869589392096,0.00407368736342
9253,6117,1,8,0.128684088588,0.0113990399987,0.0239002145827,0.005513636861,-0.0183865781873
9254,5749,3,7,0.0928813815117,0.0252713933587,0.00950998999178,0.00671982998028,-0.0027901600115
9255,266,2,4,0.158459186554,0.0486316345632,0.106326133013,0.0266054775566,-0.0797206535935
9256,1503,5,7,0.228203848004,0.0415047593415,0.659249961376,0.177425608039,-0.481824338436
9257,1047,3,8,0.133869245648,0.00540462788194,0.0115539748222,0.0460267066956,0.034472733736
9260,134,3,4,0.0637557730079,0.0298167988658,0.175440266728,0.0855379924178,-0.0899022743106
9262,3840,2,3,0.0835167169571,0.00674928538501,0.0675069540739,0.0461242385209,-0.021382715553
9264,6810,1,6,0.163781419396,0.0506747327745,0.00865790713578,0.00506779970601,-0.00359010742977
9265,6424,3,5,0.160993203521,0.0128800086677,0.00150697515346,0.00812895223498,0.00662197731435
9266,6256,2,5,0.075177192688,0.0161151159555,0.00862693414092,0.0290324594826,0.0204055253416
9267,903,1,4,0.0682222098112,0.0395054742694,0.00835629925132,0.0159924924374,0.00763619318604
9268,6280,1,3,0.0957665815949,0.00241937232204,0.0312532931566,0.0461349673569,0.0148816742003
9270,4403,2,2,0.0930110514164,0.00979053135961,0.226423561573,0.0817578658462,-0.144665688276
9271,2193,3,2,0.108399011195,0.0289164148271,0.00772876059636,0.0166917461902,0.00896298512816
9272,4851,2,11,0.100333400071,0.0354410000145,0.0141919618472,0.0347506441176,0.020558681339
9273,4851,1,4,0.120813131332,0.0606783032417,0.0202610343695,0.0193724278361,-0.000888606533408
9274,6394,3,11,0.11046564579,0.0294504594058,0.00372016010806,0.0188877116889,0.0151675511152
9275,8213,5,8,0.106555365026,0.0242198277265,0.0191521253437,0.0149945681915,-0.00415755715221
9276,3344,3,9,0.0720328390598,0.00641660625115,0.019412862137,0.0159352663904,-0.00347759574652
9277,7502,1,4,0.0673245489597,0.0188725497574,0.212582692504,0.0693483576179,-0.143234342337
9278,8687,2,9,0.0643524080515,0.0137719335034,0.0238372534513,0.0044216979295,-0.0194155555218
9279,3163,1,4,0.0930077433586,0.0364098884165,0.0329760313034,0.0282214656472,-0.00475456565619
9282,293,5,12,0.150393307209,0.0291437283158,0.681349098682,0.272490829229,-0.408858269453
9283,2538,4,10,0.0966089591384,0.0259874872863,0.0297941882163,0.0681243613362,0.0383301749825
9284,8922,2,13,0.0698886215687,0.028067920357,0.116930998862,0.0893756225705,-0.0275553762913
9285,7205,1,21,0.0841330066323,0.00377882295288,0.137482449412,0.0843269005418,-0.0531555488706
9286,8953,8,46,0.118482321501,0.0196874570101,0.0368644446135,0.0250251684338,-0.0118392761797
9287,7942,4,10,0.0865850821137,0.0190264806151,0.481915861368,0.21048553288,-0.271430313587
9288,8811,5,14,0.194521084428,0.0989314764738,0.00311053521,0.0329079777002,0.0297974422574
9289,2884,1,4,0.0625562444329,0.00739527260885,0.00676026614383,0.00754312053323,0.000782854389399
9290,4367,3,4,0.0723434686661,0.0194866973907,0.00816289708018,0.0186532307416,0.0104903336614
9291,8496,1,3,0.0782272145152,0.0143859870732,0.00460947211832,0.00952392164618,0.00491444952786
9292,8305,2,5,0.0904699340463,0.00818172749132,0.00637196656317,0.0156062627211,0.00923429615796
9294,5969,1,3,0.0418118238449,0.0188039951026,0.0434427894652,0.077246338129,0.0338035486639
9295,8427,2,11,0.0920152068138,0.0308370888233,0.126068383455,0.098184786737,-0.0278835967183
9296,3752,5,6,0.103835068643,0.0123332934454,0.033263489604,0.0854368433356,0.0521733537316
9297,789,4,7,0.14858289063,0.0393065698445,0.572685301304,0.163232728839,-0.409452557564
9298,2596,1,2,0.0982113704085,0.0211383737624,0.0137143759057,0.0296145323664,0.015900157392
9299,5939,4,3,0.108909122646,0.0352487675846,0.0147631922737,0.0218424070626,0.00707921478897
9300,7223,7,6,0.0521649718285,0.0335604101419,0.0423877425492,0.0425247959793,0.00013705343008
9301,8365,6,7,0.161108210683,0.11397510767,0.00620071822777,0.0153163038194,0.00911558605731
9302,121,5,12,0.110147260129,0.0226124543697,0.339760065079,0.089488863945,-0.250271201134
9303,8954,1,6,0.187141641974,0.0164142586291,0.0120351612568,0.0108567560092,-0.00117840524763
9304,6080,1,7,0.0630750879645,0.0177469085902,0.0551120266318,0.0436516813934,-0.0114603452384
9305,757,2,6,0.0817342251539,0.0119458874688,0.00935828033835,0.0373876616359,0.0280293822289
9306,2142,1,4,0.058260217309,0.00386899826117,0.0277728047222,0.0198546126485,-0.0079181920737
9307,757,2,5,0.0793667063117,0.0414892882109,0.00772079406306,0.0092719681561,0.00155117409304
9310,6145,1,8,0.147377684712,0.0799778774381,0.000500401773024,0.00513532897457,0.00463492702693
9311,6307,2,3,0.0796365588903,0.0136511167511,0.0579963959754,0.101692788303,0.0436963923275
9312,3932,4,6,0.118714295328,0.017097607255,0.358819574118,0.11275152117,-0.246068060398
9313,8275,2,13,0.0725118592381,0.0291467960924,0.0397698394954,0.0277782734483,-0.0119915660471
9314,6170,4,1,0.097250007093,0.0183670446277,0.0291326232255,0.0178962070495,-0.011236416176
9315,582,1,9,0.0618495829403,0.0143918693066,0.131507694721,0.0510941036046,-0.080413594842
9316,164,1,4,0.178637519479,0.0846856981516,0.00749843893573,0.0336204506457,0.0261220112443
9317,5024,3,3,0.0889527276158,0.029330059886,0.221507504582,0.174163624644,-0.0473438799381
9318,1036,2,10,0.0866738557816,0.032742202282,0.016032256186,0.0174939390272,0.00146168284118
9319,6408,1,6,0.0993842259049,0.0330007486045,0.0128094078973,0.0117120957002,-0.00109731219709
9320,4964,1,4,0.0876300558448,0.0224417727441,0.0241000428796,0.01653929241,-0.00756075046957
9321,2624,4,14,0.0980634912848,0.00802182871848,0.190697267652,0.0693989470601,-0.121298320591
9322,3894,3,9,0.0708299577236,0.00194152723998,0.110619038343,0.0759164020419,-0.0347026363015
9323,3324,2,13,0.0926313176751,0.031767450273,0.0427312962711,0.0272589977831,-0.015472298488
9324,5102,3,8,0.0913891866803,0.0308203678578,0.244058221579,0.320172816515,0.0761145949364
9327,439,2,1,0.0553704686463,0.00539039261639,0.0339428074658,0.005126837641,-0.0288159698248
9328,6682,4,4,0.0670363008976,0.0106801493093,0.00826879963279,0.00345055572689,-0.0048182439059
9329,4153,3,7,0.0819928273559,0.019656708464,0.0354298464954,0.0518899410963,0.0164600946009
9330,4975,3,5,0.232512786984,0.0370528139174,0.136748984456,0.213388159871,0.076639175415
9331,40,1,4,0.0875327214599,0.0139613673091,0.142761871219,0.0508083552122,-0.0919535160065
9332,5608,1,4,0.0527962855995,0.0121167367324,0.0308259893209,0.0182475522161,-0.0125784371048
9333,1507,1,8,0.0760872885585,0.0279526282102,0.0261229686439,0.0175396446139,-0.00858332403004
9334,5755,3,7,0.0804679915309,0.00979925598949,0.100604452193,0.0644841939211,-0.0361202582717
9335,5325,1,7,0.12921063602,0.0321211665869,0.0356703661382,0.0266906674951,-0.00897969864309
9337,1916,3,5,0.0708661824465,0.0201261527836,0.00217900867574,0.00419753696769,0.00201852829196
9338,4291,1,5,0.0959422960877,0.0199543666095,0.0773586183786,0.111483044922,0.0341244265437
9339,8390,5,6,0.0590419955552,0.00487290788442,0.00973187759519,0.0117852455005,0.00205336790532
9343,5993,4,6,0.15117199719,0.0159866083413,0.558788359165,0.152311325073,-0.406477034092
9345,5194,3,2,0.0615467578173,0.0281130559742,0.00808883924037,0.00687454128638,-0.00121429795399
9346,4097,1,3,0.0911909416318,0.0162712503225,0.0149848330766,0.0186623167247,0.00367748364806
9347,3106,1,2,0.0559881813824,0.0110472999513,0.00909814517945,0.0303948242217,0.0212966799736
9348,8968,3,12,0.0630947649479,0.00622831564397,0.0194373466074,0.0248944815248,0.00545713491738
9349,555,1,1,0.103263549507,0.0243140086532,0.0254698563367,0.0131122292951,-0.0123576270416
9350,806,3,3,0.0760010704398,0.0137331299484,0.0180356502533,0.0172840505838,-0.000751599669456
9353,9287,1,8,0.0764774382114,0.0267648473382,0.00647830404341,0.0109820999205,0.0045037958771
9354,2910,2,10,0.0715655907989,0.0150326723233,0.0192898511887,0.0220891516656,0.00279930047691
9355,980,1,5,0.104899354279,0.0231463517994,0.00550650712103,0.0233613625169,0.0178548544645
9356,2926,3,5,0.107467912138,0.0401638001204,0.0508450344205,0.0239383485168,-0.0269066859037
9357,180,1,5,0.10291466862,0.0137898605317,0.808390855789,0.427078098059,-0.38131275773
9360,8942,2,6,0.0598470233381,0.0115777710453,0.0104430681095,0.0338484272361,0.0234053581953
9361,284,2,5,0.0851805731654,0.0189800448716,0.0521597079933,0.0285762120038,-0.0235834959894
9362,1160,2,3,0.066282980144,0.0121150556952,0.0421144403517,0.028907308355,-0.0132071319968
9363,8009,1,3,0.19688975811,0.0183095298707,0.497918367386,0.0694044604897,-0.428513914347
9364,3260,1,3,0.0648550018668,0.0170867089182,0.0934740975499,0.0754083022475,-0.0180657953024
9365,2591,3,3,0.0740607306361,0.0107733970508,0.0105506749824,0.0118425814435,0.00129190646112
9366,6264,2,7,0.117755703628,0.00805594678968,0.00218086899258,0.0042293514125,0.00204848241992
9367,1171,4,8,0.106093227863,0.0169619824737,0.246001526713,0.058412026614,-0.187589496374
9368,6935,5,9,0.12103421241,0.0366140864789,0.0131362499669,0.0167071949691,0.00357094500214
9369,8756,2,5,0.18099732697,0.078253403306,0.0445876643062,0.0298426505178,-0.0147450137883
9371,4563,1,4,0.124311186373,0.0266392249614,0.848688960075,0.418018907309,-0.430670052767
9372,5149,3,7,0.0757754072547,0.025331446901,0.03825058043,0.0121647268534,-0.0260858535767
9373,2345,2,3,0.0637279972434,0.0171335618943,0.0561162605882,0.0653876662254,0.00927140563726
9374,984,3,9,0.0993714034557,0.0430953912437,0.111183591187,0.042152363807,-0.0690312236547
9375,164,3,6,0.0771892145276,0.0179389901459,0.0507507324219,0.0218508448452,-0.0288998875767
9376,7941,2,6,0.0755927190185,0.0019565790426,0.0251997895539,0.043539930135,0.0183401405811
9377,3907,2,5,0.218565657735,0.0571338310838,0.0849878266454,0.0345465801656,-0.0504412464797
9378,276,2,3,0.0819506123662,0.0464012026787,0.0156547240913,0.0193047225475,0.00364999845624
9379,8055,2,8,0.201974704862,0.0523225441575,0.629741072655,0.114489756525,-0.515251338482
9380,6037,1,5,0.121081478894,0.0243209972978,0.295674622059,0.113860867918,-0.181813746691
9381,248,3,6,0.056626547128,0.0224766302854,0.258658707142,0.294095128775,0.0354364216328
9382,3948,4,7,0.138458430767,0.0263927485794,0.096227645874,0.0363483317196,-0.0598793141544
9383,4252,1,2,0.0883893296123,0.0045799757354,0.0207206886262,0.0170453451574,-0.00367534346879
9384,4681,3,3,0.0790962874889,0.0315629430115,0.00959644559771,0.0197621323168,0.0101656867191
9385,4287,1,3,0.186237618327,0.0262159314007,0.00526933465153,0.00307280221023,-0.0021965324413
9386,4124,2,5,0.0784558355808,0.0178317092359,0.00654296111315,0.0122919455171,0.00574898440391
9387,2758,2,7,0.0686099603772,0.00253984355368,0.0344370417297,0.0509426034987,0.016505561769
9390,5143,4,4,0.095614887774,0.0152695281431,0.18991650641,0.068688929081,-0.121227577329
9391,9101,2,7,0.0996296405792,0.0451122187078,0.0207157693803,0.0162258259952,-0.00448994338512
9392,4655,1,7,0.0970367789268,0.00634450092912,0.00438845949247,0.0145033774897,0.0101149175316
9393,7906,3,5,0.0971620380878,0.0194443687797,0.186857491732,0.042788323015,-0.144069164991
9394,5091,4,8,0.0737418904901,0.0338968224823,0.663253188133,0.411446720362,-0.251806467772
9395,149,2,10,0.1075662449,0.0601849220693,0.031615588814,0.0566644333303,0.0250488445163
9396,475,3,5,0.0738764926791,0.0235779155046,0.0962496176362,0.0514534860849,-0.0447961315513
9397,4078,2,3,0.113257549703,0.00632870104164,0.0195008981973,0.0160219464451,-0.00347895175219
9398,2364,3,5,0.0678490623832,0.0195757951587,0.0885601788759,0.105969943106,0.0174097642303
9400,3832,2,6,0.076231919229,0.0214062165469,0.0116911837831,0.0211933627725,0.00950217898935
9401,1341,2,2,0.0980017185211,0.0221981145442,0.243026226759,0.0486741960049,-0.194352030754
9402,5260,1,4,0.0806703791022,0.0298718847334,0.298217177391,0.137798622251,-0.16041855514
9403,932,3,8,0.0659171417356,0.0303349178284,0.0385655984282,0.103809922934,0.0652443245053
9404,2132,1,4,0.0933022722602,0.0222974922508,0.0115086389706,0.0322379767895,0.0207293368876
9405,5924,4,6,0.109544657171,0.024979621172,0.0101540591568,0.0126122599468,0.00245820078999
9406,1800,1,9,0.0894614383578,0.0132302762941,0.0794393271208,0.0684804618359,-0.0109588652849
9407,7323,1,5,0.114816389978,0.0399437434971,0.0203989874572,0.00925044808537,-0.0111485393718
9408,7559,1,5,0.0773479416966,0.0315091274679,0.0149843096733,0.0205828230828,0.0055985134095
9409,3005,1,10,0.0767539441586,0.0271791368723,0.143469274044,0.105836175382,-0.0376330986619
9410,5939,2,5,0.0782961621881,0.00451711704955,0.00441323872656,0.00522730126977,0.000814062543213
9412,1127,3,5,0.0989328399301,0.0318916290998,0.175799638033,0.102251052856,-0.0735485851765
9413,132,2,4,0.0889151394367,0.0312861725688,0.0555085130036,0.0129541680217,-0.0425543449819
9414,2570,2,6,0.0961795374751,0.00671532377601,0.0334340780973,0.0136600323021,-0.0197740457952
9415,7784,3,4,0.0745111405849,0.0172643885016,0.0414606146514,0.0538328774273,0.0123722627759
9416,1236,5,4,0.105826973915,0.0151302879676,0.158074021339,0.0452644713223,-0.112809553742
9417,1158,1,5,0.0994496643543,0.0401703044772,0.011761199683,0.010408250615,-0.00135294906795
9420,4156,1,7,0.0569198131561,0.017129810527,0.140931159258,0.1210469082,-0.0198842510581
9421,2048,2,2,0.0929857268929,0.0147718954831,0.100351326168,0.0285839121789,-0.0717674121261
9422,1354,2,4,0.069403141737,0.0262407343835,0.01699578017,0.0513083077967,0.0343125276268
9426,7652,4,3,0.125308588147,0.0282445754856,0.00257664825767,0.00231550750323,-0.000261140754446
9427,5872,1,4,0.154122754931,0.0470768809319,0.0227631498128,0.0990290343761,0.076265886426
9428,44,2,5,0.0945444107056,0.0517182536423,0.00192936486565,0.00749103352427,0.0055616684258
9429,5915,1,5,0.0628856495023,0.0066986954771,0.0136465700343,0.0207135360688,0.00706696603447
9430,4190,1,6,0.121508844197,0.0810334831476,0.0214457008988,0.0147395459935,-0.00670615490526
9432,8286,3,5,0.109543286264,0.0410138331354,0.0508420392871,0.0137396482751,-0.0371023900807
9433,4495,2,5,0.113975532353,0.043288782239,0.0206272285432,0.0101052522659,-0.0105219762772
9434,131,1,1,0.0617610067129,0.0271289758384,0.0615624971688,0.0905568227172,0.0289943255484
9435,134,1,3,0.0904425755143,0.0270125381649,0.185773417354,0.0577795952559,-0.127993822098
9436,4025,4,9,0.119372583926,0.0421408414841,0.0644590705633,0.0697268173099,0.00526774674654
9437,278,3,5,0.109069786966,0.0153715619817,0.0496072508395,0.0345322601497,-0.0150749906898
9438,7259,23,46,0.0757611319423,0.0148624368012,0.518571913242,0.35176846385,-0.166803449392
9439,4153,2,7,0.0835579410195,0.0130115514621,0.0179580636322,0.017796209082,-0.000161854550242
9440,4211,5,2,0.0721059963107,0.0155401760712,0.0121684018523,0.0189871937037,0.0068187918514
9441,5846,1,3,0.187260493636,0.059862639755,0.00316625903361,0.0165136773139,0.0133474180475
9442,1374,1,2,0.169447973371,0.0230005793273,0.0317500047386,0.0422502309084,0.0105002261698
9444,7980,4,5,0.119090914726,0.0153193380684,0.0187292415649,0.0115382457152,-0.00719099584967
9445,33,3,10,0.0907373055816,0.0150974439457,0.0880783572793,0.0202869474888,-0.0677914097905
9446,92,1,5,0.0615562051535,0.0115611283109,0.0286224205047,0.0182409863919,-0.0103814341128
9447,1166,2,7,0.13699516654,0.0333838872612,0.577541947365,0.192356944084,-0.385185003281
9448,1498,1,5,0.100226067007,0.0150693804026,0.0201620459557,0.0271083265543,0.00694628059864
9450,4707,1,9,0.118759065866,0.0128951482475,0.47205388546,0.136655136943,-0.335398733616
9451,124,3,7,0.0955188572407,0.013888717629,0.0130618652329,0.0143517628312,0.00128989759833
9453,9023,2,6,0.0899415388703,0.0275167711079,0.005947180558,0.0128817595541,0.00693457899615
9454,4692,3,4,0.0632176399231,0.0134207615629,0.297779619694,0.203039348125,-0.0947402715683
9456,698,1,2,0.257480859756,0.111243367195,0.859186768532,0.252403348684,-0.606783390045
9457,7588,3,14,0.0754114165902,0.0263251662254,0.0663763806224,0.0544760525227,-0.0119003280997
9459,5546,2,10,0.216362595558,0.0937569886446,0.667041063309,0.15170802176,-0.51533305645
9460,4509,1,6,0.166563019156,0.0481064878404,0.499123990536,0.0989822149277,-0.400141775608
9461,5608,1,2,0.0911622345448,0.0434096306562,0.0321218706667,0.0270215589553,-0.00510031171143
9462,8807,4,9,0.114700965583,0.0384414307773,0.110735565424,0.0477944277227,-0.062941133976
9463,3910,1,6,0.192691400647,0.12070337683,0.750510811806,0.25904712081,-0.491463690996
9464,1468,1,6,0.0958865359426,0.0315164290369,0.142851695418,0.10504219681,-0.0378094986081
9466,5246,2,8,0.0661442950368,0.0102103305981,0.00720235565677,0.00226155412383,-0.00494080130011
9467,7282,2,10,0.103655479848,0.038598511368,0.0860091373324,0.0272359848022,-0.0587731525302
9468,1735,2,3,0.0920671746135,0.036584071815,0.0688186809421,0.045744586736,-0.0230740942061
9470,319,5,4,0.0683663189411,0.0254074651748,0.55059492588,0.33536863327,-0.21522629261
9472,3396,1,4,0.121855139732,0.0472847111523,0.0156597625464,0.0402434170246,0.0245836544782
9473,6408,1,7,0.0877492800355,0.00960315018892,0.00713521568105,0.0114841545001,0.00434893881902
9474,8010,4,8,0.0836348161101,0.0165524315089,0.021007116884,0.0155349783599,-0.00547213852406
9475,3056,1,6,0.069823756814,0.00620273081586,0.0239346008748,0.0228549335152,-0.00107966735959
9476,8412,1,5,0.161779522896,0.014979002066,0.332820773125,0.0277852732688,-0.305035501719
9477,888,3,5,0.0621595568955,0.0401602461934,0.00278552039526,0.00528940185905,0.00250388146378
9478,1068,4,6,0.12604868412,0.00807534530759,0.0205347836018,0.0255879703909,0.00505318678916
9479,191,2,4,0.0437908954918,0.0159884374589,0.0110692474991,0.0172352809459,0.00616603344679
9480,4096,1,4,0.0664200782776,0.0142332529649,0.00739605538547,0.00506901321933,-0.00232704216614
9481,326,2,2,0.0684924274683,0.0382722206414,0.0506301447749,0.0767687782645,0.0261386334896
9483,354,3,6,0.044540181756,0.00867844186723,0.262392401695,0.216739878058,-0.0456525236368
9484,1022,1,4,0.124092124403,0.0209414418787,0.0125855840743,0.00930099282414,-0.00328459125012
9485,304,3,8,0.107802055776,0.0290734190494,0.415484786034,0.1546099931,-0.260874807835
9486,3477,1,5,0.0934037193656,0.0183050278574,0.0471578463912,0.0301478561014,-0.0170099902898
9487,1933,2,2,0.114661388099,0.0334487818182,0.0188558455557,0.0360865481198,0.0172307025641
9488,3417,5,2,0.112471275032,0.0111227678135,0.00182275578845,0.00778907677159,0.00596632109955
9489,351,1,6,0.0780597403646,0.0232417043298,0.0172635242343,0.032450042665,0.0151865184307
9491,401,4,4,0.102930687368,0.0179828815162,0.384205967188,0.11729567498,-0.266910284758
9492,1086,1,4,0.161754801869,0.0530840791762,0.558967292309,0.14202336967,-0.416943907738
9493,4061,3,5,0.148345574737,0.0443358756602,0.989494979382,0.594869554043,-0.394625425339
9495,3585,5,6,0.0791172608733,0.0144106149673,0.00284067867324,0.0059384717606,0.00309779308736
9496,140,1,4,0.43403121829,0.0301372800022,0.911386549473,0.0740516260266,-0.837334930897
9497,8494,6,20,0.0910013318062,0.0147808454931,0.0904904529452,0.0580602586269,-0.0324301943183
9498,2589,2,1,0.0875236690044,0.0399145670235,0.0131806535646,0.00813528802246,-0.00504536554217
9500,1409,1,6,0.132685363293,0.0234176237136,0.211805820465,0.022430203855,-0.189375609159
9501,1909,3,3,0.104164980352,0.0296945925802,0.0700444802642,0.0268632341176,-0.0431812480092
9503,440,2,5,0.0820873752236,0.0243793632835,0.285067230463,0.242207810283,-0.0428594201803
9504,7514,8,25,0.17911504209,0.00305541767739,0.783990323544,0.29113432765,-0.492855995893
9505,1907,2,6,0.0924589931965,0.0448775291443,0.225112423301,0.343863457441,0.118751034141
9506,18,4,5,0.0887083783746,0.0287224724889,0.00507728708908,0.00708010978997,0.00200282270089
9507,3403,2,3,0.0933186933398,0.011389314197,0.398628175259,0.0945525467396,-0.304075628519
9508,1208,4,10,0.106293469667,0.078477948904,0.137410566211,0.0967587605119,-0.0406518056989
9509,6273,1,5,0.101626217365,0.0214593484998,0.0308383479714,0.024252364412,-0.00658598355949
9510,439,2,4,0.0447902977467,0.00908015854657,0.00369955645874,0.00960524939001,0.00590569293126
9511,7474,2,7,0.099010489881,0.00720932194963,0.00378741999157,0.0025857181754,-0.00120170181617
9512,2239,2,3,0.179086253047,0.102558992803,0.120849646628,0.0796419009566,-0.0412077456713
9513,1576,3,5,0.123684048653,0.0354743041098,0.0098566589877,0.0223341006786,0.0124774416909
9516,3530,2,2,0.0935608372092,0.0266065858305,0.00797982048243,0.00757890939713,-0.000400911085308
9517,4246,1,9,0.0783292874694,0.0229013636708,0.0454691797495,0.0458112172782,0.000342037528753
9518,143,3,3,0.346795469522,0.0993635430932,0.949875593185,0.209087625146,-0.740787982941
9522,6260,4,2,0.0591759569943,0.0119520938024,0.0232847519219,0.051750998944,0.0284662470222
9524,1431,2,2,0.0806867778301,0.0109989093617,0.0152144953609,0.0113219795749,-0.00389251578599
9526,3237,1,6,0.130891814828,0.0132268974558,0.0637871846557,0.0206551495939,-0.0431320369244
9527,4291,2,6,0.154479503632,0.0658698752522,0.218836843967,0.062245041132,-0.156591802835
9528,906,2,5,0.0683671832085,0.0282758325338,0.272682785988,0.242137551308,-0.0305452346802
9529,388,4,4,0.0841638743877,0.0337819941342,0.0431010574102,0.0672279894352,0.024126932025
9530,4406,2,10,0.125779286027,0.0259203668684,0.296247571707,0.0795658528805,-0.216681718826
9531,7154,4,7,0.172100380063,0.0525718778372,0.000918970443308,0.00190537702292,0.000986406579614
9532,5141,1,5,0.0915896221995,0.0171231906861,0.0195080358535,0.00856223050505,-0.0109458053485
9534,6960,3,6,0.0981440320611,0.0165883731097,0.30907484889,0.131888195872,-0.177186653018
9536,4535,2,3,0.109554946423,0.0344232879579,0.0230898670852,0.0208569709212,-0.00223289616406
9537,7047,2,8,0.090612269938,0.0556528195739,0.0248143300414,0.016195608303,-0.00861872173846
9538,7439,1,7,0.109439663589,0.0408032238483,0.00702290656045,0.0105897104368,0.00356680387631
9540,3219,2,6,0.0938691794872,0.0154595552012,0.00768935447559,0.0518944747746,0.044205121696
9542,2148,4,6,0.0717582032084,0.0201988220215,0.00496696121991,0.00683543039486,0.00186846917495
9543,4691,1,11,0.0729513466358,0.0108697423711,0.0162460338324,0.024253660813,0.00800762698054
9544,7254,3,6,0.0904820784926,0.0165019985288,0.110021457076,0.02813818492,-0.0818832740188
9545,5772,1,5,0.144781470299,0.0438486300409,0.282191634178,0.132742092013,-0.149449542165
9546,2826,2,5,0.0757075771689,0.0124370828271,0.0153755014762,0.0067030377686,-0.00867246370763
9547,6726,2,3,0.0650317743421,0.00743207987398,0.0280774924904,0.0183009188622,-0.00977657362819
9548,1514,1,6,0.0895119681954,0.028310643509,0.0201323796064,0.0209432523698,0.000810872763395
9549,2010,3,5,0.111111961305,0.0250167101622,0.39156472683,0.123697184026,-0.267867535353
9550,4062,2,3,0.213056758046,0.0488128252327,0.976310491562,0.436460971832,-0.53984951973
9551,4943,5,7,0.113095261157,0.00708691496402,0.0167643688619,0.0181841459125,0.00141977705061
9552,8346,2,4,0.0954317972064,0.00637043034658,0.129482939839,0.0413643978536,-0.0881185382605
9553,3367,2,6,0.0798141881824,0.0447353832424,0.00869568809867,0.0112174404785,0.00252175237983
9555,8889,2,9,0.0747554153204,0.0119534861296,0.0308327544481,0.0435839444399,0.0127511899918
9556,3094,2,1,0.0594444982708,0.00156415614765,0.0171679444611,0.0265577584505,0.0093898139894
9557,293,2,3,0.0767852440476,0.0305556263775,0.0778842866421,0.171710535884,0.0938262492418
9558,3474,3,2,0.0526504963636,0.0140972966328,0.0539822801948,0.0437474250793,-0.0102348551154
9559,7989,1,5,0.0769070163369,0.0436236783862,0.0236356016248,0.0274853333831,0.00384973175824
9560,1281,1,6,0.105784229934,0.0352075509727,0.0211004000157,0.00767860980704,-0.0134217906743
9561,933,2,5,0.112614549696,0.0130857080221,0.214619204402,0.0442067980766,-0.170412406325
9562,3461,3,5,0.112737469375,0.0339400470257,0.020627822727,0.0204311143607,-0.000196708366275
9563,1127,1,8,0.214800909162,0.106011651456,0.00794075336307,0.0295519679785,0.0216112136841
9564,2561,4,8,0.231571480632,0.0528452731669,0.429625838995,0.0950441583991,-0.334581673145
9565,3283,2,3,0.146081864834,0.0568418875337,0.0198787581176,0.0152248935774,-0.00465386454016
9566,6603,2,7,0.0874687060714,0.0264212358743,0.0373894423246,0.00842711981386,-0.0289623215795
9567,8252,3,7,0.098721973598,0.0404082350433,0.0139842322096,0.0167727787048,0.00278854649514
9568,6292,1,6,0.0844219848514,0.0252482928336,0.0249182246625,0.016258565709,-0.00865965895355
9569,5013,1,6,0.066086538136,0.00890410132706,0.0376625619829,0.0411878786981,0.00352531671524
9570,5130,2,5,0.130075439811,0.0238305758685,0.0600645691156,0.0713367834687,0.0112722143531
9571,2614,2,4,0.127169460058,0.036882031709,0.0148797491565,0.0209352970123,0.00605554785579
9573,5685,2,6,0.179885193706,0.0575554408133,0.812890172005,0.305472522974,-0.507417678833
9574,6759,2,7,0.0906887575984,0.00380663224496,0.0851016044617,0.0261114742607,-0.0589901283383
9575,3566,5,25,0.106551796198,0.0538867078722,0.116465076804,0.0650859773159,-0.0513790994883
9576,8346,3,5,0.0454016774893,0.0203964356333,0.00263219350018,0.00274769216776,0.000115498667583
9577,2514,2,5,0.0511307232082,0.013653180562,0.00865233223885,0.00633272714913,-0.00231960508972
9578,4006,2,6,0.142183750868,0.0307788811624,0.0558865964413,0.0378520525992,-0.0180345438421
9580,9067,5,13,0.0790566876531,0.0347942747176,0.0699595212936,0.0952092036605,0.0252496823668
9581,1844,5,18,0.106270454824,0.0243100225925,0.0717601254582,0.0545182675123,-0.0172418579459
9582,2997,3,7,0.0761680975556,0.0210275296122,0.0318659059703,0.0574892275035,0.0256233215332
9583,6855,1,7,0.128141626716,0.0431215427816,0.00436952337623,0.00366458413191,-0.000704939244315
9584,4001,4,5,0.110087841749,0.0272627379745,0.0111029511318,0.00663454504684,-0.00446840608492
9585,296,2,4,0.120734356344,0.0137874959037,0.249494954944,0.0295576676726,-0.219937294722
9586,409,3,7,0.116579852998,0.024526566267,0.0796091631055,0.0409476570785,-0.038661506027
9588,9120,3,3,0.0501061491668,0.0105672152713,0.019861208275,0.017403839156,-0.00245736911893
9589,1020,3,5,0.101406991482,0.00425608083606,0.00933072436601,0.059775877744,0.0504451543093
9590,3389,4,17,0.0524331219494,0.0036158177536,0.00124260771554,0.00209991890006,0.000857311184518
9591,1085,1,3,0.0888276323676,0.0241887383163,0.0149262882769,0.0250130835921,0.0100867953151
9592,983,2,4,0.103365957737,0.0227590352297,0.0322912856936,0.044868696481,0.0125774107873
9593,3282,3,6,0.215330243111,0.0368960425258,0.444595485926,0.0483482293785,-0.396247267723
9594,2802,1,5,0.0908946990967,0.0313079282641,0.245897427201,0.1659835428,-0.0799138844013
9596,7372,3,5,0.0824573710561,0.00977901462466,0.0746754109859,0.0455363988876,-0.0291390120983
9598,8554,7,21,0.135272279382,0.0617213025689,0.320724785328,0.0784701183438,-0.242254674435
9599,8806,3,9,0.126647099853,0.0281358156353,0.339356482029,0.130192771554,-0.209163710475
9600,8750,5,9,0.0892792716622,0.00221709744073,0.234786838293,0.0773809179664,-0.157405912876
9601,3936,6,10,0.0974951758981,0.0274515748024,0.0989685058594,0.0390862077475,-0.0598822981119
9602,7934,2,5,0.0731145143509,0.0146453063935,0.0183005779982,0.0428210534155,0.0245204754174
9605,9005,2,7,0.0835949257016,0.0233761668205,0.0366161316633,0.0205905083567,-0.0160256233066
9607,751,3,3,0.0876786485314,0.0205248128623,0.0336444489658,0.0553658604622,0.0217214114964
9609,207,3,5,0.128769382834,0.0472684279084,0.010936556384,0.00797566305846,-0.00296089332551
9610,207,1,5,0.168608233333,0.0119311632589,0.00597413722426,0.0105227567255,0.00454861950129
9611,338,3,8,0.237813398242,0.0239589996636,0.00975401233882,0.0268237385899,0.0170697271824
9612,2772,3,5,0.103407561779,0.0832136496902,0.0235871318728,0.00492755696177,-0.018659574911
9613,2690,1,5,0.0721863508224,0.0153970783576,0.0126078184694,0.00724710151553,-0.00536071695387
9614,527,3,3,0.115992486477,0.0650127157569,0.108346618712,0.0842778086662,-0.0240688100457
9616,370,2,3,0.206341549754,0.0276497341692,0.489567518234,0.0518038272858,-0.437763690948
9617,8618,1,4,0.0517956279218,0.0178006049246,0.00414888234809,0.00580721581355,0.00165833346546
9618,3955,3,8,0.0780221223831,0.0210761819035,0.0543818585575,0.0320770479739,-0.0223048105836
9619,8277,19,51,0.0830459520221,0.0262422338128,0.0117367459461,0.0235264021903,0.0117896562442
9620,86,5,13,0.111019171774,0.0336281843483,0.0310608316213,0.0153815820813,-0.01567924954
9621,8109,4,24,0.0513102412224,0.0229251775891,0.217565327883,0.150526046753,-0.0670392811298
9622,1131,1,5,0.121479295194,0.0378049239516,0.965648651123,0.598280191422,-0.367368459702
9623,4707,2,5,0.208642601967,0.0443404354155,0.603159606457,0.109421752393,-0.493737846613
9624,876,1,7,0.117335595191,0.0303556956351,0.0770284980536,0.113024435937,0.0359959378839
9626,6276,1,3,0.106097988784,0.0496475882828,0.0140719674528,0.00289443624206,-0.0111775314435
9627,1058,2,4,0.101563543081,0.022410813719,0.032317083329,0.0277776885778,-0.00453939475119
9628,2438,2,5,0.134776487947,0.06618193537,0.221195369959,0.0541840307415,-0.167011335492
9631,780,2,4,0.0693626627326,0.0136123616248,0.0356870107353,0.0233653653413,-0.012321645394
9632,1629,1,3,0.0699788406491,0.013974102214,0.00439587933943,0.00471897004172,0.000323090702295
9634,2923,1,5,0.0729777738452,0.014503958635,0.104100488126,0.101873032749,-0.00222745537758
9635,2882,1,6,0.0719371959567,0.0131023339927,0.0531859099865,0.0200130157173,-0.0331728942692
9637,135,2,6,0.0780826434493,0.00832839217037,0.00909246131778,0.0120067670941,0.00291430577636
9638,1319,2,3,0.114611871541,0.0640952885151,0.277845323086,0.0774116665125,-0.200433656573
9639,131,3,4,0.0786093100905,0.0152072496712,0.0234781559557,0.0183634292334,-0.00511472672224
9641,822,3,5,0.0557437688112,0.0209909919649,0.215786412358,0.150884136558,-0.0649022758007
9642,4763,6,4,0.129444941878,0.0722507014871,0.0130618670955,0.00379669596441,-0.00926517136395
9643,2473,2,10,0.239858403802,0.0149032054469,0.0459709614515,0.011025368236,-0.0349455922842
9644,771,1,5,0.0929311588407,0.0604165121913,0.925371646881,0.607512772083,-0.317858874798
9645,3147,3,6,0.157267794013,0.113713428378,0.977941274643,0.574509859085,-0.403431415558
9646,952,2,10,0.0549064315856,0.013769660145,0.0952702984214,0.0369363725185,-0.0583339259028
9648,109,2,13,0.0674494281411,0.00588043732569,0.45930197835,0.325329810381,-0.133972167969
9649,5024,1,4,0.0968701466918,0.0418896973133,0.0642573460937,0.0851606354117,0.0209032893181
9650,8775,2,6,0.0923923626542,0.0357175096869,0.169796928763,0.0849290266633,-0.0848679021001
9651,8891,2,8,0.0756832882762,0.0215999670327,0.0389742814004,0.0161735508591,-0.0228007305413
9652,3815,2,7,0.0934798046947,0.0201766658574,0.0816198438406,0.0351005606353,-0.0465192832053
9653,8792,14,28,0.0698808804154,0.0232506096363,0.0860245749354,0.095536917448,0.00951234251261
9655,5552,1,7,0.0965119376779,0.0243142955005,0.130822464824,0.041129719466,-0.0896927416325
9656,8734,2,11,0.100580610335,0.0699480473995,0.00668375613168,0.00614686915651,-0.000536886975169
9657,7903,1,2,0.0461283475161,0.0173145234585,0.0407067574561,0.0469029545784,0.00619619712234
9658,2561,2,10,0.119548596442,0.01947786659,0.267000943422,0.0579929687083,-0.209007978439
9660,3014,1,5,0.176432177424,0.00696255685762,0.0309240445495,0.0351736806333,0.00424963608384
9661,6571,2,5,0.0757090076804,0.0187155995518,0.0301653202623,0.03916689381,0.00900157354772
9662,9045,2,6,0.146286532283,0.038217805326,0.0438642203808,0.0282731819898,-0.015591038391
9663,7699,2,5,0.0817035511136,0.0123557569459,0.000630293798167,0.000690012180712,5.97183825448e-05
9664,5722,2,4,0.157497689128,0.0445275641978,0.376944333315,0.0606750100851,-0.316269338131
9665,853,1,4,0.100138925016,0.0510521344841,0.0556742399931,0.114469312131,0.0587950721383
9666,6606,1,7,0.0895826593041,0.024283900857,0.00887009408325,0.00607052212581,-0.00279957195744
9667,8525,4,9,0.24065387249,0.0336944460869,0.0880764275789,0.0356764756143,-0.0523999519646
9668,9085,4,16,0.111969470978,0.0380619056523,0.0688686966896,0.0232882183045,-0.0455804765224
9670,3229,2,3,0.083610445261,0.00427186116576,0.0148712787777,0.0208042003214,0.00593292154372
9671,7720,1,14,0.111749969423,0.0118962200359,0.0558093264699,0.0232329126447,-0.0325764119625
9672,1498,2,9,0.15964615345,0.0701256468892,0.0952813848853,0.121706195176,0.0264248102903
9673,3198,2,4,0.109494231641,0.0262182056904,0.14353312552,0.0722510144114,-0.0712821111083
9674,1396,4,4,0.0752282366157,0.0359760634601,0.045147318393,0.037934999913,-0.00721231848001
9675,2104,1,3,0.118413843215,0.0598757527769,0.00682506803423,0.0143663501367,0.00754128210247
9676,4964,3,20,0.108528576791,0.0268036089838,0.000156711204909,0.000970807450358,0.000814096245449
9677,1353,1,10,0.120878875256,0.0339529700577,0.192956969142,0.337086707354,0.144129738212
9679,7410,1,4,0.142034038901,0.0507143959403,0.111582875252,0.0412689000368,-0.070313975215
9680,2298,1,4,0.0928857922554,0.00949734263122,0.013230882585,0.0136121511459,0.000381268560886
9681,944,1,5,0.0926556512713,0.0276410598308,0.117025077343,0.106195367873,-0.0108297094703
9682,9013,1,6,0.119534410536,0.0203038472682,0.00400639278814,0.0159553475678,0.011948954314
9683,869,2,5,0.054263304919,0.0120345037431,0.00776659417897,0.0189087092876,0.0111421151087
9684,8346,3,2,0.0755403935909,0.0150298532099,0.0196404121816,0.0218000710011,0.00215965881944
9686,1914,1,5,0.0739896669984,0.0103831319138,0.00385871436447,0.00547919422388,0.00162047985941
9687,4137,1,7,0.0558829717338,0.021637070924,0.0507471635938,0.0215788129717,-0.0291683506221
9688,2015,2,3,0.11917707324,0.0381005704403,0.0142465997487,0.0116824926808,-0.00256410706788
9689,1851,1,5,0.100961945951,0.0259207803756,0.0711326003075,0.0483243726194,-0.0228082276881
9690,2015,1,4,0.108515031636,0.0657083466649,0.0241672210395,0.0356325507164,0.0114653296769
9691,7631,2,6,0.215584754944,0.0904943272471,0.00259155733511,0.00680057378486,0.00420901644975
9692,6979,2,4,0.175130844116,0.101660303771,0.132217153907,0.0115135358647,-0.120703615248
9693,1360,4,27,0.0979654863477,0.0075374096632,0.00449636066332,0.00363386166282,-0.000862499000505
9694,1784,2,9,0.109475262463,0.0301685985178,0.0658397525549,0.0333171412349,-0.03252261132
9695,164,1,8,0.0908443704247,0.0161508060992,0.015097505413,0.0146809024736,-0.000416602939367
9696,7106,3,6,0.101163141429,0.0100191580132,0.0888168886304,0.0388022847474,-0.050014603883
9697,2866,1,8,0.165603742003,0.0497239716351,0.388796895742,0.115212596953,-0.27358430624
9698,1372,1,6,0.0516173653305,0.00622233143076,0.0761841386557,0.0383658446372,-0.0378182940185
9699,1372,2,9,0.0541909448802,0.0084364823997,0.041519574821,0.0288863610476,-0.0126332137734
9700,210,1,4,0.0967916846275,0.0109153576195,0.051067661494,0.0157632920891,-0.0353043675423
9701,4825,1,8,0.257920652628,0.0273481104523,0.983960568905,0.37656545639,-0.607395112514
9702,936,1,6,0.0969025492668,0.0270589906722,0.0117696365342,0.0114734619856,-0.000296174548566
9704,2717,2,6,0.0687349364161,0.0144902430475,0.0147496117279,0.00849133264273,-0.00625827908516
9705,2155,1,7,0.0747889056802,0.0339018292725,0.0592399202287,0.0169350560755,-0.0423048660159
9707,465,2,4,0.194897830486,0.0429584309459,0.680832564831,0.164797544479,-0.516035020351
9708,3198,3,3,0.0804414153099,0.0109124565497,0.0299168601632,0.0228256229311,-0.00709123723209
9709,448,4,4,0.0645447075367,0.0264259502292,0.0290297437459,0.0294379983097,0.000408254563808
9710,3183,2,4,0.076541826129,0.0345915295184,0.0838265791535,0.0666489899158,-0.0171775892377
9711,7417,2,8,0.118912898004,0.0419049263,0.322243571281,0.104116000235,-0.218127578497
9712,7178,1,4,0.104617804289,0.0319991596043,0.0375756174326,0.0224901158363,-0.0150855015963
9713,4325,2,3,0.170610621572,0.0247426237911,0.481514066458,0.0982556343079,-0.38325843215
9714,255,2,5,0.0514271818101,0.00737970322371,0.0118133574724,0.0383137390018,0.0265003815293
9715,4519,1,5,0.0769472494721,0.0409265458584,0.143603220582,0.18240763247,0.0388044118881
9716,3375,1,5,0.11335837841,0.0516421981156,0.0477432198822,0.0182516220957,-0.0294915977865
9717,999,2,4,0.0947091206908,0.0455445088446,0.0824511125684,0.0368161015213,-0.0456350110471
9718,6889,1,9,0.0946269407868,0.0235643927008,0.0103357611224,0.0497744083405,0.0394386462867
9720,6307,3,15,0.0924092158675,0.0187499411404,0.0513265877962,0.0170689560473,-0.0342576317489
9721,8231,1,7,0.0806755200028,0.0231044963002,0.0494251325727,0.0213113669306,-0.028113765642
9722,2280,1,5,0.101909615099,0.0454816669226,0.0121555337682,0.0149914994836,0.00283596571535
9723,8291,1,8,0.0606898367405,0.0151421241462,0.0264277122915,0.0318994596601,0.00547174736857
9724,5282,2,3,0.0684608221054,0.00499258609489,0.320278674364,0.126444861293,-0.193833813071
9725,7489,1,5,0.0704517588019,0.0227640680969,0.107356511056,0.0808601230383,-0.0264963880181
9726,6049,6,6,0.0405184961855,0.00846501160413,0.0149091714993,0.0218607392162,0.0069515677169
9727,7065,4,12,0.0765145048499,0.0296753197908,0.0284132882953,0.0546070300043,0.026193741709
9729,3532,9,20,0.0697752088308,0.0282785017043,0.00274161039852,0.00830772891641,0.00556611828506
9730,4628,4,8,0.0963496342301,0.0278593394905,0.0903093591332,0.0515709631145,-0.0387383960187
9732,6906,4,14,0.101108960807,0.022765642032,0.0772257894278,0.0735608935356,-0.00366489589214
9733,8513,2,4,0.0709317624569,0.00627319980413,0.00179107976146,0.00629920512438,0.00450812559575
9734,2535,1,7,0.0868230462074,0.0143423853442,0.0083714062348,0.00672350823879,-0.00164789799601
9735,8759,11,33,0.141458973289,0.00440215412527,0.000968624663074,0.00359580130316,0.0026271766983
9736,1659,3,4,0.0760116279125,0.0280966237187,0.0404884070158,0.084344804287,0.0438563972712
9737,1773,3,13,0.0774620845914,0.0150147881359,0.034703977406,0.00679926387966,-0.0279047135264
9738,1949,7,9,0.129859924316,0.0178880393505,0.226418867707,0.031303551048,-0.195115312934
9739,4862,2,9,0.112240374088,0.0224482044578,0.00767893623561,0.0126522481441,0.00497331190854
9740,7444,3,11,0.121803104877,0.0382296964526,0.0239309165627,0.0341690517962,0.0102381352335
9741,8212,2,10,0.0521629005671,0.0185150802135,0.0130090033635,0.0317535996437,0.0187445953488
9742,5370,4,4,0.111015737057,0.0287909209728,0.26589140296,0.0579994022846,-0.207892000675
9743,7464,2,11,0.124680928886,0.0392588786781,0.0182213988155,0.00483583239838,-0.0133855659515
9744,1949,3,8,0.0615799687803,0.0153598189354,0.0922156050801,0.0705374032259,-0.0216782018542
9745,6052,2,9,0.0869219899178,0.00676971068606,0.144709825516,0.048991445452,-0.0957183837891
9746,1949,3,8,0.116866670549,0.0120206717402,0.0371353104711,0.0869896933436,0.0498543828726
9747,7476,2,10,0.0868972912431,0.00959463603795,0.178021401167,0.124811373651,-0.0532100275159
9748,1035,2,5,0.0838912054896,0.0193491075188,0.00636741612107,0.00481527810916,-0.0015521380119
9749,5190,1,5,0.161570668221,0.0248598232865,0.298975795507,0.0543564893305,-0.244619309902
9750,5709,2,5,0.317375153303,0.150456100702,0.962597966194,0.299965202808,-0.662632763386
9752,4779,1,5,0.0734741017222,0.0136915985495,0.0167978126556,0.0165544264019,-0.000243386253715
9753,7884,6,10,0.0709496214986,0.0311883166432,0.0687165409327,0.0479809530079,-0.0207355879247
9754,8244,2,5,0.0992374941707,0.0246635470539,0.0133972382173,0.0176162030548,0.00421896483749
9755,1172,2,10,0.0989537611604,0.0118289375678,0.0379782356322,0.0119656668976,-0.0260125696659
9756,1672,2,4,0.160598888993,0.032296191901,0.00780739029869,0.0364704690874,0.028663078323
9757,299,4,4,0.141160413623,0.0314900577068,0.00305709103122,0.00726765021682,0.00421055918559
9758,147,2,11,0.227708414197,0.0722927600145,0.791987299919,0.223883494735,-0.568103790283
9760,3515,1,4,0.0713799521327,0.0138698453084,0.00644544931129,0.0235354918987,0.017090043053
9761,6061,1,10,0.101160861552,0.0179969109595,0.0741233825684,0.110177092254,0.0360537096858
9762,8594,2,11,0.0985987707973,0.0277193877846,0.0187948122621,0.0465589314699,0.0277641192079
9763,8617,3,3,0.091709792614,0.055041320622,0.0471351146698,0.0146964332089,-0.0324386805296
9764,5653,3,6,0.0750941857696,0.0142806451768,0.00858239550143,0.00554696237668,-0.00303543312475
9765,6108,4,9,0.118678033352,0.0214676782489,0.144448697567,0.0382372140884,-0.106211483479
9767,2551,5,4,0.0924208387733,0.0299954414368,0.022634876892,0.0483506210148,0.0257157441229
9768,2762,5,18,0.1048810184,0.0390490368009,0.0192274563015,0.0147031499073,-0.00452430639416
9769,948,5,8,0.107225179672,0.00389956869185,0.0278902705759,0.127481386065,0.099591113627
9770,6352,1,15,0.107156015933,0.00725606363267,0.0636986121535,0.0241920109838,-0.0395065993071
9771,6346,1,7,0.146768987179,0.0158196482807,0.00487715099007,0.0274832490832,0.0226060971618
9772,8669,1,6,0.101753592491,0.0223611816764,0.0225720182061,0.0456387214363,0.0230667032301
9773,6347,3,4,0.0684980675578,0.0118783963844,0.00656738970429,0.0213581696153,0.014790779911
9774,7105,2,6,0.0639110580087,0.0104828216136,0.0255136396736,0.0504596084356,0.024945968762
9776,1999,1,4,0.0741249099374,0.0105583323166,0.0356643274426,0.0280529558659,-0.00761137157679
9777,6467,2,7,0.0897381529212,0.0237552430481,0.03772444278,0.0110699394718,-0.0266545042396
9778,6897,2,4,0.0929368436337,0.0246056094766,0.0169652495533,0.0161776598543,-0.00078758969903
9779,76,2,6,0.0977811142802,0.0218620914966,0.057531863451,0.0337868444622,-0.0237450189888
9780,9184,2,9,0.126825466752,0.0184816624969,0.015072600916,0.0112510658801,-0.00382153503597
9781,7065,2,6,0.0724085196853,0.028219519183,0.0156563669443,0.0201618298888,0.00450546294451
9782,1620,1,7,0.148598536849,0.105859592557,0.0117574213073,0.0135218473151,0.00176442600787
9784,4140,2,9,0.0869942829013,0.0385293699801,0.0177898108959,0.0402893535793,0.0224995426834
9785,1341,2,3,0.109125889838,0.00878567062318,0.128275901079,0.0511371977627,-0.0771387070417
9786,6122,1,5,0.145168736577,0.0499687865376,0.692353665829,0.289958119392,-0.402395546436
9787,4202,3,1,0.0668383315206,0.0178468227386,0.0885244384408,0.0633581802249,-0.0251662582159
9788,771,3,5,0.0648291260004,0.0127980588004,0.0137010924518,0.0198100730777,0.00610898062587
9789,6019,2,19,0.09436737746,0.0135999899358,0.000277111539617,0.00061186979292,0.000334758253302
9790,3890,3,17,0.111403644085,0.0309264287353,0.0770219415426,0.0330534987152,-0.0439684428275
9791,6153,3,8,0.109130062163,0.0418409928679,0.0278126168996,0.0126634659246,-0.015149150975
9792,2478,2,8,0.0882279500365,0.0228637158871,0.0045821047388,0.0236149895936,0.0190328843892
9793,1469,1,8,0.0598974227905,0.0163408163935,0.0167771615088,0.0232856925577,0.00650853104889
9794,1621,6,11,0.103481538594,0.0525760017335,0.0766769871116,0.0661944150925,-0.0104825720191
9795,6354,2,9,0.117071069777,0.0245670303702,0.0105702504516,0.0102532627061,-0.000316987745464
9796,1977,3,5,0.068849183619,0.0140261398628,0.0296089425683,0.0149387558922,-0.0146701866761
9797,1687,1,10,0.0739426240325,0.0358303152025,0.144722983241,0.115920700133,-0.0288022831082
9799,7635,3,6,0.0896959975362,0.00817449670285,0.00694445800036,0.0093712573871,0.00242679938674
9800,9219,1,2,0.117248855531,0.0319022424519,0.00117224233691,0.0114195058122,0.0102472631261
9801,5242,1,6,0.2099955827,0.0152029003948,0.0834155976772,0.0394412949681,-0.0439743027091
9802,9269,1,3,0.310577571392,0.0302996374667,0.00117092346773,0.00758241163567,0.00641148816794
9803,6267,4,8,0.155666232109,0.0551218762994,0.00112366210669,0.00543366186321,0.00430999975652
9804,6562,1,5,0.173132017255,0.0728299543262,0.00392913678661,0.00610916502774,0.00218002824113
9805,8241,4,12,0.165198490024,0.0333523750305,0.030400339514,0.075720846653,0.045320507139
9806,8393,2,12,0.083215944469,0.0120476232842,0.248759642243,0.0838861763477,-0.164873465896
9808,5352,1,7,0.1256583184,0.0448446646333,0.109501354396,0.0342807434499,-0.0752206146717
9809,1589,1,5,0.127418398857,0.0420293211937,0.138645648956,0.111098669469,-0.0275469794869
9811,796,1,5,0.141619890928,0.0184039473534,0.228417232633,0.019720191136,-0.208697035909
9812,8800,2,4,0.0650092810392,0.00466953823343,0.00385777303018,0.00791050959378,0.00405273679644
9813,3556,2,11,0.110593646765,0.0287779793143,0.0163073074073,0.0248665232211,0.00855921581388
9814,7696,2,10,0.121131330729,0.0434943698347,0.058418687433,0.0337341688573,-0.0246845185757
9815,6568,5,4,0.118447370827,0.0483506806195,0.515569865704,0.211912229657,-0.303657650948
9816,5845,2,2,0.10031529516,0.030568851158,0.041477009654,0.0107467537746,-0.0307302549481
9818,2103,1,6,0.0740908756852,0.0172407701612,0.00831003673375,0.0062070642598,-0.00210297247395
9819,368,5,7,0.075737811625,0.0130026191473,0.0103747444227,0.0214931070805,0.0111183626577
9820,7967,5,6,0.179571226239,0.0365088693798,0.0115119051188,0.0185230392963,0.00701113417745
9821,3275,4,12,0.108670115471,0.022407323122,0.0856379568577,0.0918710231781,0.00623306632042
9822,7668,2,8,0.0923367515206,0.0157750491053,0.00421768287197,0.00528307631612,0.00106539344415
9823,4771,3,5,0.143197759986,0.0393427573144,0.00835371203721,0.0090756835416,0.00072197150439
9824,7640,1,5,0.124663978815,0.0771403163671,0.608814299107,0.258686304092,-0.350127995014
9825,1332,4,2,0.112691991031,0.0891764461994,0.00485076382756,0.00265554431826,-0.0021952195093
9826,8301,3,5,0.104459427297,0.0287378691137,0.185447752476,0.0568890273571,-0.128558725119
9827,6604,1,7,0.117564946413,0.0361534804106,0.0286508388817,0.0150587074459,-0.0135921314359
9828,3892,2,4,0.0900537595153,0.00949802901596,0.0364582650363,0.0119419870898,-0.0245162770152
9829,8327,3,7,0.0935715958476,0.0135903647169,0.0215097814798,0.00926385913044,-0.0122459223494
9830,1787,1,7,0.0911898612976,0.0239045377821,0.00838726945221,0.0107143260539,0.00232705660164
9831,6954,2,5,0.0435468442738,0.0147674968466,0.00134229578543,0.00170769356191,0.000365397776477
9832,2705,3,7,0.127482607961,0.0332598760724,0.137060537934,0.0676935240626,-0.0693670138717
9833,1071,2,2,0.0623198859394,0.00585402781144,0.04360505566,0.0446363501251,0.00103129446507
9834,8125,2,4,0.0584333986044,0.0198453739285,0.0200403183699,0.0148418014869,-0.00519851688296
9835,439,1,4,0.043289527297,0.00907466374338,0.529861867428,0.46726629138,-0.0625955760479
9836,5052,2,5,0.134121999145,0.0270609892905,0.265378326178,0.0558415241539,-0.209536805749
9838,5730,1,7,0.0926727429032,0.0183109026402,0.00244728894904,0.0150675298646,0.0126202404499
9839,2041,4,7,0.209441497922,0.00605602841824,0.00867130421102,0.0136950537562,0.00502374954522
9840,7038,3,6,0.0985744968057,0.0342525951564,0.0691727697849,0.0643578395247,-0.00481493026018
9841,6277,1,1,0.0628971606493,0.0186214633286,0.0569694451988,0.0416293479502,-0.0153400972486
9842,4991,2,6,0.129088997841,0.0570193976164,0.0523627698421,0.0108538819477,-0.0415088869631
9843,8424,3,5,0.0904130637646,0.0265829488635,0.139343574643,0.048507053405,-0.0908365249634
9844,7883,2,4,0.0758635476232,0.00532665057108,0.0149926114827,0.0110162151977,-0.003976396285
9845,2465,1,4,0.171301007271,0.0240052528679,0.378980696201,0.0499045141041,-0.329076170921
9846,3088,2,4,0.105281531811,0.0218137931079,0.059433337301,0.0509750209749,-0.00845831632614
9847,2088,3,7,0.0860933735967,0.01006744802,0.0229403749108,0.0150656765327,-0.00787469837815
9848,4710,2,12,0.165745213628,0.0152561636642,0.00363370915875,0.00622972846031,0.00259601930156
9849,3340,2,6,0.0907963290811,0.0432717613876,0.0356480143964,0.0222030803561,-0.0134449340403
9851,263,1,2,0.0549172945321,0.0040753534995,0.0104626091197,0.0154212610796,0.0049586519599
9852,8463,2,4,0.114712119102,0.0142053999007,0.012265718542,0.00669876625761,-0.00556695228443
9853,7990,3,3,0.0573296397924,0.0143736582249,0.0749405920506,0.0431521981955,-0.0317883938551
9854,3856,4,6,0.071489803493,0.00196097698063,0.00170441658702,0.00243260897696,0.000728192389943
9855,1297,1,6,0.170715525746,0.0259413421154,0.00338790728711,0.00875541567802,0.00536750815809
9856,9049,2,5,0.0835442766547,0.0305135045201,0.0157608687878,0.0137967690825,-0.00196409970522
9858,7258,3,6,0.0872507169843,0.00502767274156,0.0661968961358,0.0323903672397,-0.0338065288961
9860,4706,1,6,0.0897897854447,0.003880655393,0.0104674622416,0.0236789733171,0.0132115110755
9861,8403,2,5,0.0820835232735,0.0203365366906,0.0147614441812,0.0200223699212,0.00526092574
9862,6177,1,4,0.0694753527641,0.0113720875233,0.0245355870575,0.0291268583387,0.00459127128124
9863,3893,2,6,0.172455087304,0.0951807647943,0.0717984363437,0.019423712045,-0.0523747242987
9864,1940,3,10,0.0915760174394,0.0324837230146,0.0128622865304,0.032297167927,0.0194348804653
9865,5993,1,8,0.0973668918014,0.0457238890231,0.070355899632,0.0630776584148,-0.00727824121714
9866,3463,1,6,0.258003473282,0.0429383963346,0.648281633854,0.0697867274284,-0.578494906425
9867,4153,3,6,0.066612817347,0.0280607845634,0.205964699388,0.147558197379,-0.0584065020084
9868,2144,2,1,0.0726605132222,0.0066234045662,0.0204431153834,0.031530726701,0.0110876113176
9869,6390,1,2,0.203993156552,0.0987720862031,0.80290466547,0.257842630148,-0.545062065125
9871,3613,7,5,0.0704130753875,0.0136481150985,0.00786992534995,0.0109199983999,0.00305007304996
9872,7078,2,6,0.0509783327579,0.0173773616552,0.0386742502451,0.0345438979566,-0.00413035228848
9873,8628,1,5,0.12192941457,0.0514723993838,0.0602198131382,0.045256793499,-0.0149630196393
9874,9280,1,9,0.049836050719,0.00832681171596,0.0621064566076,0.0261829998344,-0.0359234586358
9875,990,1,5,0.28767362237,0.0373692698777,0.000591530930251,0.00288388249464,0.00229235156439
9876,7956,1,6,0.0850673988461,0.0177484173328,0.0111671453342,0.0129410885274,0.00177394319326
9877,8734,3,7,0.104439400136,0.0827133134007,0.00755874579772,0.00702356919646,-0.000535176601261
9878,4016,6,6,0.0455759465694,0.00542108062655,0.0802759826183,0.0313386358321,-0.0489373467863
9879,2368,1,3,0.067450761795,0.0159029383212,0.0474690198898,0.0499342232943,0.00246520340443
9881,7793,2,8,0.100432544947,0.033179666847,0.0064132893458,0.0204856693745,0.0140723800287
9882,4016,2,10,0.08994358778,0.0275458972901,0.0702262297273,0.0184961240739,-0.0517301037908
9883,4156,2,4,0.0683898627758,0.0165603216738,0.04907367751,0.0424789488316,-0.00659472867846
9884,4156,1,7,0.241612553596,0.0110271116719,0.0286280661821,0.0625560432673,0.0339279770851
9885,4149,1,5,0.108184158802,0.074581220746,0.0117463562638,0.0116217760369,-0.000124580226839
9886,3347,3,6,0.0774313881993,0.0256480872631,0.0128387566656,0.0115946857259,-0.00124407093972
9888,6446,1,10,0.0586284995079,0.00706687895581,0.199286103249,0.105310164392,-0.0939759388566
9889,7738,1,5,0.0456938184798,0.0113954655826,0.0602613501251,0.0564291775227,-0.00383217260242
9890,8676,11,16,0.113240592182,0.0279665589333,0.0279592033476,0.0449589490891,0.0169997457415
9892,5370,2,6,0.0766855999827,0.019366774708,0.0216174572706,0.022169418633,0.000551961362362
9893,3793,1,3,0.0703318491578,0.0163090825081,0.167003661394,0.0772316455841,-0.08977201581
9894,774,3,6,0.109517477453,0.0324583947659,0.0392400510609,0.0855379924178,0.0462979413569
9895,8240,2,1,0.0712623670697,0.0184180717915,0.0547441132367,0.0423358045518,-0.0124083086848
9897,6886,3,6,0.121433518827,0.0258612837642,0.0962068885565,0.041168037802,-0.0550388507545
9899,8057,4,5,0.173974618316,0.0574227273464,0.405412256718,0.0633739680052,-0.342038273811
9900,8346,1,8,0.143992111087,0.0135152563453,0.11222397536,0.0235883351415,-0.0886356383562
9901,6797,2,7,0.0626598969102,0.0124345375225,0.00823951885104,0.00308144465089,-0.00515807420015
9902,4910,1,4,0.0845261737704,0.0274577755481,0.0101360250264,0.00594519451261,-0.00419083051383
9903,3533,3,14,0.0645305290818,0.0231716968119,0.0913871750236,0.0945626571774,0.00317548215389
9904,567,5,8,0.0578762292862,0.013884710148,0.00750587554649,0.0185565557331,0.0110506806523
9905,6438,1,7,0.0964206978679,0.044205699116,0.098328538239,0.0889352336526,-0.00939330458641
9907,3098,3,10,0.0495173223317,0.00892515201122,0.145561605692,0.143896311522,-0.00166529417038
9908,6664,3,6,0.0803941264749,0.0268310010433,0.0188147798181,0.0209783073515,0.00216352753341
9909,6722,4,4,0.069431386888,0.0231705307961,0.0182390790433,0.00879979413003,-0.00943928491324
9910,4621,1,8,0.0947923064232,0.0289080254734,0.00146893027704,0.00613133748993,0.00466240709648
9913,6107,2,9,0.0797881856561,0.02177667059,0.00712923519313,0.00897243525833,0.0018432000652
9914,5668,1,2,0.086962364614,0.0314290001988,0.00699745910242,0.0104213124141,0.00342385331169
9915,5788,4,8,0.090869396925,0.00351296970621,0.122822858393,0.0607146807015,-0.0621081776917
9916,5452,5,13,0.056446865201,0.0140873584896,0.0194365382195,0.00882689747959,-0.0106096407399
9917,4153,2,1,0.106368534267,0.0324638336897,0.0149992331862,0.0455091707408,0.0305099375546
9918,4635,1,6,0.112099699676,0.0117031633854,0.189051359892,0.0538651756942,-0.135186180472
9919,7392,3,4,0.119653560221,0.00970526132733,0.00580221135169,0.0111577110365,0.00535549968481
9920,7942,6,18,0.0937129259109,0.0366755537689,0.463126778603,0.177999779582,-0.285126984119
9922,5287,3,4,0.147162035108,0.0134053826332,0.0313443355262,0.0534134991467,0.0220691636205
9923,5351,3,7,0.0959922075272,0.0164107698947,0.00549875898287,0.0114120347425,0.00591327575967
9924,2183,1,7,0.105626553297,0.0113445380703,0.0667486265302,0.023759810254,-0.0429888144135
9925,2081,2,7,0.0468426644802,0.0125387236476,0.00922592356801,0.0127478390932,0.0035219155252
9926,4749,1,8,0.13488279283,0.0224179811776,0.0615323744714,0.00936108455062,-0.0521712899208
9927,909,1,2,0.114254869521,0.0722798481584,0.00474427640438,0.0094323689118,0.00468809250742
9928,4749,4,8,0.169674351811,0.0125353345647,0.181593447924,0.0502116978168,-0.131381750107
9929,4968,1,5,0.0657126531005,0.00134744693059,0.0321700833738,0.0225862991065,-0.00958378426731
9930,5476,2,7,0.120511941612,0.0191160663962,0.265388458967,0.0648903697729,-0.200498089194
9931,1121,2,7,0.112774848938,0.0510719828308,0.0507176294923,0.0481888689101,-0.00252876058221
9932,7796,2,7,0.168562248349,0.102775298059,0.00219412753358,0.00511816283688,0.00292403530329
9933,1910,2,9,0.059593398124,0.00663401186466,0.0465254671872,0.0501303859055,0.00360491871834
9934,3096,1,3,0.0957859531045,0.0326481461525,0.0492447651923,0.0494816638529,0.00023689866066
9935,1122,2,7,0.114463411272,0.0632684230804,0.0721426606178,0.0143038630486,-0.0578387975693
9936,5480,4,5,0.233763769269,0.0258314311504,0.025231173262,0.175611540675,0.150380373001
9938,9125,1,7,0.0440287254751,0.00878459773958,0.0105482535437,0.0192779432982,0.00872968975455
9939,6458,2,7,0.0756350830197,0.00544279115275,0.00515094865113,0.012897641398,0.00774669274688
9940,3610,2,11,0.0808519721031,0.0236178264022,0.135707482696,0.0688250884414,-0.0668823942542
9941,1481,3,4,0.158817097545,0.0334132798016,0.0211475770921,0.0276259314269,0.00647835433483
9942,7438,5,9,0.162157386541,0.0587495975196,0.815198838711,0.403345555067,-0.411853283644
9944,9304,9,15,0.148374408484,0.0360104069114,0.00044634268852,0.00266595184803,0.00221960921772
9945,1873,1,11,0.150989711285,0.141687780619,0.772513568401,0.48524799943,-0.287265568972
9946,4769,2,4,0.106461375952,0.031765691936,0.00942303333431,0.00939024332911,-3.27900052071e-05
9947,5013,1,4,0.118053495884,0.0192249845713,0.006725740619,0.0220703799278,0.0153446393088
9949,6110,2,3,0.163599684834,0.0374126844108,0.51131850481,0.137639254332,-0.373679250479
9950,2183,2,9,0.0933158397675,0.0257925540209,0.0319334380329,0.0968420132995,0.0649085789919
9951,450,1,3,0.121526248753,0.0208835918456,0.0172733459622,0.0275803357363,0.0103069897741
9952,2540,1,7,0.0811653733253,0.0216922238469,0.00322600384243,0.0015738819493,-0.00165212189313
9954,7171,1,9,0.0736173987389,0.0125974221155,0.0688033401966,0.0558565594256,-0.012946780771
9955,3898,3,5,0.0556865632534,0.00366757297888,0.018769422546,0.0386568121612,0.0198873896152
9956,972,3,3,0.0627326592803,0.00326031446457,0.0191568564624,0.0241052936763,0.0049484372139
9957,4335,2,5,0.165732845664,0.12240832299,0.0369792617857,0.0245459396392,-0.0124333221465
9958,6402,1,2,0.0995555445552,0.0269419401884,0.103611700237,0.0385184623301,-0.0650932341814
9959,4038,3,7,0.165002644062,0.0622679032385,0.188043773174,0.0989587530494,-0.0890850201249
9960,4692,5,3,0.183104321361,0.048887103796,0.191799521446,0.0766305550933,-0.115168966353
9961,3954,1,7,0.0873769521713,0.017596129328,0.193691626191,0.196989938617,0.00329831242561
9962,2103,2,5,0.103511698544,0.00905714184046,0.0042766625993,0.0067997649312,0.00252310233191
9963,1172,1,2,0.065901003778,0.0440484695137,0.0133127458394,0.0178327932954,0.00452004745603
9964,6066,2,5,0.0635125264525,0.0111630111933,0.0396564044058,0.0781649127603,0.0385085083544
9967,6405,4,9,0.044772554189,0.0179665349424,0.00788068212569,0.0275022480637,0.019621565938
9968,408,1,1,0.0733112320304,0.0209501236677,0.030076591298,0.0411895923316,0.0111130010337
9969,7682,1,5,0.0590479336679,0.0212217234075,0.0153235746548,0.0239189267159,0.00859535206109
9970,3234,2,5,0.048507142812,0.0105232447386,0.00364610971883,0.00801589433104,0.00436978461221
9971,8694,2,8,0.0630075111985,0.00784595590085,0.0729866623878,0.0417752116919,-0.031211450696
9972,1760,3,6,0.0602529905736,0.0167264733464,0.022853102535,0.00896559935063,-0.0138875031844
9973,3532,2,6,0.0608702898026,0.0214015431702,0.109301939607,0.159797266126,0.050495326519
9974,8322,1,6,0.0852390751243,0.0264607463032,0.258232742548,0.0883610472083,-0.169871687889
9975,8991,3,4,0.105112873018,0.0393150523305,0.0133611653,0.00610044458881,-0.0072607207112
9976,8724,3,8,0.15197789669,0.0505166500807,0.0305504463613,0.0646836906672,0.0341332443058
9977,875,1,5,0.100830592215,0.0266196038574,0.111650235951,0.183921635151,0.0722713992
9978,3038,1,4,0.112402439117,0.0107535822317,0.0692370906472,0.0288897808641,-0.0403473079205
9979,7336,1,8,0.0494648106396,0.0101871471852,0.0070436312817,0.00715332152322,0.000109690241516
9980,7432,2,6,0.0836046561599,0.0258351359516,0.0783368349075,0.0744050070643,-0.00393182784319
9981,6342,2,4,0.109232209623,0.0151549205184,0.00762885855511,0.0312827900052,0.0236539319158
9982,7419,4,5,0.0819291770458,0.00820659007877,0.00369197153486,0.0074878516607,0.00379588012584
9983,6080,6,7,0.116886861622,0.0276578851044,0.0897949784994,0.0656360089779,-0.0241589695215
9984,7457,3,5,0.1119318977,0.0609459877014,0.00501987477764,0.0117712104693,0.00675133569166
9986,8483,1,5,0.125367775559,0.0274069607258,0.477849334478,0.217310130596,-0.260539203882
9987,4872,2,13,0.116295099258,0.0416020862758,0.267819911242,0.0924912467599,-0.175328671932
9988,1869,5,5,0.0887687429786,0.0190603230149,0.0198454838246,0.0138590140268,-0.00598646979779
9989,1678,1,3,0.0979080498219,0.0156251788139,0.028909439221,0.0818279385567,0.0529185011983
9990,6404,2,6,0.119439929724,0.0206876993179,0.00973338540643,0.0292241517454,0.0194907672703
9991,2586,2,6,0.10784419626,0.013131391257,0.0323294401169,0.0419412590563,0.00961181893945
9992,7457,6,11,0.235131338239,0.12259516865,0.930406570435,0.346146464348,-0.584260106087
9993,7485,3,4,0.0648352354765,0.0245775654912,0.181285992265,0.0670830905437,-0.114202901721
9994,4921,2,3,0.10967694968,0.0208543613553,0.00649743620306,0.00757885351777,0.00108141731471
9995,6662,3,8,0.0593066103756,0.0197266172618,0.0449653714895,0.0828321650624,0.0378667935729
9996,5830,1,9,0.118778444827,0.0311580877751,0.0999505221844,0.0126651534811,-0.0872853696346
9997,4277,2,7,0.141898706555,0.0298258718103,0.219541251659,0.0736937522888,-0.145847499371
9998,9159,2,8,0.10687520355,0.02350519225,0.0105245774612,0.0332562401891,0.0227316617966
9999,1933,5,11,0.11007129401,0.0550727210939,0.120249934494,0.0645491480827,-0.0557007864118
10000,8624,6,13,0.097355030477,0.0113123524934,0.035208158195,0.0204041004181,-0.0148040577769
10001,4621,1,5,0.0762354135513,0.0225294567645,0.0440384931862,0.0182171016932,-0.0258213914931
10002,2550,3,6,0.0937161520123,0.0266165416688,0.0233662668616,0.0576615184546,0.0342952534556
10003,799,2,4,0.203019455075,0.0186617914587,0.654387831688,0.143928125501,-0.510459721088
10005,5091,1,7,0.115267597139,0.0470200628042,0.0137967383489,0.0198135804385,0.00601684208959
10006,9169,1,9,0.067829541862,0.00284975999966,0.10128647089,0.0231735408306,-0.0781129300594
10007,7514,3,4,0.0712666884065,0.00671646790579,0.167177245021,0.205929160118,0.0387519150972
10009,3158,1,4,0.0589813888073,0.0181163027883,0.0335763059556,0.0142281046137,-0.0193482004106
10010,870,1,6,0.151174917817,0.0163620319217,0.0320857390761,0.0196179673076,-0.0124677717686
10011,6907,4,6,0.0831013843417,0.0419933572412,0.0251667518169,0.0551175288856,0.0299507770687
10012,3091,3,4,0.0847296118736,0.0258651115,0.0143569940701,0.0501398891211,0.0357828959823
10013,5260,2,5,0.100471042097,0.0170470923185,0.0221973676234,0.0398788712919,0.0176815036684
10014,5009,2,20,0.171364426613,0.0260637626052,0.020432209596,0.0162011776119,-0.00423103198409
10015,8864,1,7,0.0426371581852,0.0165398735553,0.130547940731,0.128664061427,-0.00188387930393
10016,8558,1,6,0.0707336738706,0.017307382077,0.123022988439,0.0571326613426,-0.065890327096
10017,1674,2,8,0.160257458687,0.113747276366,0.922141313553,0.50227868557,-0.419862627983
10018,8972,7,10,0.103557251394,0.046693418175,0.102381519973,0.0203933175653,-0.0819882005453
10020,9235,6,14,0.0983139947057,0.00784907117486,0.152594059706,0.112240552902,-0.0403535068035
10022,4866,3,4,0.122817881405,0.0351336076856,0.0229212772101,0.129752457142,0.106831178069
10023,1724,2,2,0.0680264160037,0.00106199411675,0.0110362293199,0.00914360024035,-0.00189262907952
10024,1516,1,9,0.0837316289544,0.0339859873056,0.0791672095656,0.0543918572366,-0.024775352329
10025,2039,1,7,0.0902818515897,0.0100203668699,0.247197136283,0.194516375661,-0.052680760622
10026,6908,1,9,0.0825986042619,0.0389607064426,0.0978714972734,0.0397338606417,-0.0581376366317
10027,6304,2,7,0.204314783216,0.0833551883698,0.41051107645,0.0737495198846,-0.336761564016
10028,8969,4,11,0.0742260143161,0.0300391502678,0.0472318567336,0.034493368119,-0.0127384886146
10029,93,6,9,0.0604765899479,0.0121866725385,0.038579557091,0.0405214093626,0.00194185227156
10030,2505,3,5,0.104961790144,0.0317092463374,0.058893699199,0.0157083440572,-0.0431853532791
10031,96,3,7,0.141382038593,0.0324093215168,0.08730532974,0.0399179905653,-0.0473873391747
10032,4821,1,3,0.0920275747776,0.0370933711529,0.0563336722553,0.0389526039362,-0.0173810683191
10033,8147,4,8,0.157773435116,0.0487530119717,0.018817756325,0.0825835466385,0.0637657940388
10034,7545,2,7,0.112436413765,0.0247172228992,0.00588186224923,0.00465221656486,-0.00122964568436
10035,292,5,3,0.134529903531,0.0685504004359,0.211309015751,0.135012432933,-0.076296582818
10037,7429,1,5,0.0741257891059,0.00406405469403,0.00671361992136,0.0341998487711,0.0274862293154
10039,9161,3,10,0.147249832749,0.0120219122618,0.274726510048,0.11076400429,-0.163962513208
10040,1481,1,1,0.0876966640353,0.0484673455358,0.00779289007187,0.018499750644,0.0107068605721
10041,6934,3,5,0.0597519762814,0.0116544794291,0.109006375074,0.0468545667827,-0.0621518082917
10042,8683,3,7,0.0715100690722,0.00589984608814,0.00490092299879,0.00603495305404,0.00113403005525
10044,50,1,3,0.166887521744,0.0191567279398,0.0178485196084,0.00894199684262,-0.00890652276576
10045,9100,4,3,0.112078122795,0.0157995317131,0.158641934395,0.0693128108978,-0.089329123497
10046,8230,3,11,0.0673476979136,0.0209443215281,0.0043205586262,0.0127233685926,0.00840280950069
10047,7324,1,6,0.0614843256772,0.00271743559279,0.0434639230371,0.0444198101759,0.000955887138844
10048,4651,4,5,0.0807326808572,0.0241895467043,0.00492796534672,0.00738374935463,0.00245578400791
10050,7249,1,6,0.0911775901914,0.0185830742121,0.06953561306,0.0488909594715,-0.0206446535885
10051,8903,4,19,0.0800333321095,0.0156622231007,0.0320719517767,0.0180995222181,-0.0139724295586
10052,8372,11,56,0.0749392807484,0.0247631203383,0.133539095521,0.0632601156831,-0.0702789798379
10053,6817,2,8,0.115637220442,0.0292211677879,0.0516155995429,0.017683243379,-0.0339323580265
10054,7276,3,6,0.101265490055,0.00361977587454,0.0956246927381,0.0251413341612,-0.0704833567142
10055,6979,2,3,0.171036556363,0.0648628100753,0.0122964559123,0.0216408204287,0.00934436451644
10056,6315,3,4,0.191393330693,0.163951769471,0.0251232683659,0.0110477535054,-0.0140755148605
10058,7047,4,4,0.0592088997364,0.0112239671871,0.00204064627178,0.001330640167,-0.000710006104782
10059,5272,3,7,0.069191865623,0.0117079764605,0.0498738996685,0.107293307781,0.0574194081128
10060,9083,3,6,0.0544249005616,0.0236476138234,0.0476741716266,0.0195374954492,-0.0281366761774
10061,781,1,4,0.0920396149158,0.0249811857939,0.0271050781012,0.0330231934786,0.00591811537743
10063,5102,3,11,0.0522880591452,0.0174042265862,0.0714797154069,0.0722523257136,0.00077261030674
10064,7573,3,6,0.104087136686,0.020757606253,0.0408956222236,0.0415390320122,0.000643409788609
10065,3095,4,2,0.0740269944072,0.0135663421825,0.00500165345147,0.016556404531,0.0115547515452
10066,9035,1,7,0.0691945925355,0.0123453885317,0.00438095908612,0.00636055320501,0.00197959411889
10067,1045,1,7,0.127582475543,0.00904443394393,0.0097810132429,0.00551843270659,-0.00426258053631
10068,2811,5,7,0.11352532357,0.0327441357076,0.467628717422,0.153735622764,-0.313893079758
10072,6977,4,11,0.13145698607,0.0590942800045,0.169521689415,0.0553927607834,-0.114128932357
10073,7092,2,8,0.191226065159,0.0306640770286,0.407312333584,0.0471002720296,-0.360212057829
10074,8039,1,9,0.100543580949,0.0193926412612,0.0225059129298,0.0288727879524,0.00636687502265
10075,8663,2,5,0.0808320865035,0.0295797679573,0.0146809369326,0.0108012678102,-0.0038796691224
10076,6658,3,4,0.106977723539,0.00751903839409,0.161594778299,0.0503574721515,-0.111237302423
10077,3940,2,6,0.0833435580134,0.0176008138806,0.00128450838383,0.00426938384771,0.00298487534747
10078,6603,2,6,0.10554818064,0.0218551456928,0.0100188273937,0.00894518848509,-0.00107363890857
10079,3861,3,6,0.119851924479,0.0439319908619,0.00292842159979,0.0102402158082,0.00731179397553
10080,2445,1,6,0.10867267102,0.0157661922276,0.0935455411673,0.0330482386053,-0.060497302562
10081,6603,1,6,0.0784292593598,0.0145851997659,0.243740916252,0.0724318623543,-0.171309053898
10083,208,1,2,0.120551981032,0.0580230243504,0.0121377138421,0.0113409338519,-0.000796779990196
10084,5641,2,8,0.131753608584,0.0191712584347,0.0310700424016,0.0867653861642,0.0556953437626
10085,6887,4,5,0.0799434110522,0.0240955837071,0.0284212231636,0.0202241446823,-0.00819707848132
10086,8433,2,9,0.128403291106,0.0614842660725,0.0330152250826,0.0504474341869,0.0174322091043
10087,2312,2,6,0.144314095378,0.0312557816505,0.222095280886,0.0804817304015,-0.141613543034
10088,1328,1,4,0.102052427828,0.0416636578739,0.00335795548744,0.00232038623653,-0.00103756925091
10089,1328,2,2,0.171173617244,0.059848356992,0.0190941244364,0.0361942797899,0.0171001553535
10090,4584,1,4,0.209323406219,0.18391469121,0.0102453818545,0.0190951805562,0.0088497987017
10092,5296,9,12,0.12452442199,0.0504877790809,0.0249303095043,0.0162723120302,-0.00865799747407
10093,7790,2,10,0.0681088641286,0.0070133022964,0.0149375563487,0.0369405001402,0.0220029428601
10094,6454,2,7,0.116839982569,0.0513803288341,0.0295308809727,0.0042145778425,-0.0253163035959
10096,6454,2,5,0.13988378644,0.00911009777337,0.218324229121,0.0521671585739,-0.166157066822
10097,5233,4,7,0.0796541199088,0.0472225733101,0.00590442446992,0.0097310943529,0.00382666988298
10098,1045,2,5,0.0728255957365,0.0299902260303,0.0391660369933,0.0316988602281,-0.0074671767652
10100,2028,4,5,0.10110270977,0.0182323046029,0.0979085788131,0.119751572609,0.0218429937959
10101,8337,1,6,0.0878596007824,0.0100371520966,0.0104118613526,0.0135489767417,0.00313711538911
10102,8715,4,7,0.0996514484286,0.0157641824335,0.0248634349555,0.0151317613199,-0.00973167363554
10103,5438,1,8,0.0587544590235,0.0157659780234,0.296570330858,0.227258250117,-0.0693120807409
10104,7914,4,9,0.122408032417,0.0428907163441,0.0354710817337,0.0229268092662,-0.0125442724675
10105,9302,13,39,0.0466269887984,0.013700039126,0.242999732494,0.205190584064,-0.0378091484308
10106,9317,4,8,0.192110836506,0.0357052013278,0.177058398724,0.0517000667751,-0.125358328223
10107,9325,1,7,0.0726205706596,0.00355487223715,0.0674411505461,0.101703882217,0.0342627316713
10108,868,3,6,0.0796712338924,0.0299272518605,0.0166163258255,0.0143515588716,-0.00226476695389
10109,9241,3,6,0.110025517642,0.0080964807421,0.118132792413,0.119441471994,0.00130867958069
10110,4074,2,8,0.0600731670856,0.0259112883359,0.0294708777219,0.058059874922,0.0285889972001
10111,4604,4,6,0.0598487444222,0.0123343123123,0.0293495673686,0.0175164435059,-0.0118331238627
10112,3489,1,4,0.0491565912962,0.0137542812154,0.0129768252373,0.0184892006218,0.00551237538457
10113,8040,3,3,0.117876492441,0.026339692995,0.0185392890126,0.0378106981516,0.019271409139
10114,6662,2,6,0.144298508763,0.0435626655817,0.00739414431155,0.00687329238281,-0.000520851928741
10115,5228,3,6,0.0938421860337,0.0371461100876,0.0214658789337,0.0242557283491,0.00278984941542
10117,1686,2,5,0.124221682549,0.0695885494351,0.506392657757,0.191916450858,-0.314476191998
10119,7548,3,5,0.091341368854,0.00981902796775,0.0078552775085,0.012049025856,0.00419374834746
10120,2160,2,3,0.073246717453,0.00575929880142,0.113056845963,0.0553002171218,-0.0577566288412
10121,6127,4,11,0.0665172338486,0.0202150344849,0.082481354475,0.103353410959,0.0208720564842
10122,8169,2,6,0.116479717195,0.0243496820331,0.0140872541815,0.0169690027833,0.00288174860179
10123,1578,2,8,0.105390407145,0.0517087355256,0.0410225167871,0.0214330479503,-0.0195894688368
10124,2360,2,7,0.0988282188773,0.0342861413956,0.149090081453,0.0490209758282,-0.100069105625
10125,6133,1,13,0.117315463722,0.00453542964533,0.182033121586,0.129151627421,-0.0528814941645
10126,4707,1,5,0.144120946527,0.0522730238736,0.352006018162,0.112923681736,-0.239082336426
10127,4187,1,10,0.0993489399552,0.017082458362,0.00831468962133,0.0135455401614,0.0052308505401
10128,1414,4,11,0.0619829632342,0.0164224281907,0.111174941063,0.0451392047107,-0.0660357326269
10129,6186,2,2,0.0931440666318,0.0146964555606,0.0376044251025,0.035495262593,-0.00210916250944
10130,780,2,6,0.107726812363,0.0341239497066,0.0324601829052,0.0327275730669,0.000267390161753
10131,4609,2,6,0.0578358471394,0.0108750322834,0.267156273127,0.157889649272,-0.109266623855
10132,7298,1,4,0.0950743481517,0.00812060106546,0.00969015341252,0.00679018581286,-0.00289996759966
10133,2064,4,9,0.0858072862029,0.0131256459281,0.127247795463,0.0811660736799,-0.0460817217827
10134,1448,1,7,0.14933873713,0.0528110042214,0.0111101595685,0.0132497856393,0.00213962607086
10135,2651,2,10,0.15903685987,0.0388085208833,0.006559912581,0.052724596113,0.0461646839976
10136,3155,1,8,0.063938729465,0.018224041909,0.0374540984631,0.0173195991665,-0.0201344992965
10137,9154,2,8,0.115703381598,0.011429800652,0.0279756877571,0.0658147856593,0.0378390997648
10140,8231,2,3,0.104361630976,0.0738847404718,0.185642391443,0.164603814483,-0.0210385769606
10141,4066,2,7,0.0856889262795,0.0108237424865,0.0421051755548,0.0249914024025,-0.0171137731522
10142,1427,1,2,0.0360110811889,0.00935313943774,0.0345447137952,0.0275785978884,-0.00696611590683
10143,8099,1,3,0.123674295843,0.00994269084185,0.0173482727259,0.0201216135174,0.00277334079146
10144,2855,4,4,0.0762612894177,0.0299257971346,0.0116286501288,0.0108119519427,-0.0008166981861
10146,7745,3,21,0.0784399136901,0.0107263103127,0.0499741658568,0.0434134155512,-0.00656075030565
10148,940,2,7,0.0687670335174,0.0142141496763,0.00460776314139,0.00816613808274,0.00355837494135
10149,3568,6,15,0.159986317158,0.0419280864298,0.0100231766701,0.0310186613351,0.020995484665
10150,6010,3,11,0.08795145154,0.00763604464009,0.190120920539,0.123175173998,-0.066945746541
10151,7435,2,6,0.144049748778,0.0177812501788,0.249108850956,0.0879137888551,-0.161195069551
10153,7776,2,3,0.111104927957,0.0408158563077,0.0203946977854,0.042701151222,0.0223064534366
10154,2322,1,6,0.0910995677114,0.0502293817699,0.0944821611047,0.0970751270652,0.0025929659605
10155,7960,1,7,0.0721376463771,0.0211536251009,0.0118135921657,0.023888239637,0.0120746474713
10156,3419,1,14,0.124686084688,0.0286961328238,0.146675989032,0.0473057925701,-0.0993701964617
10157,7514,1,6,0.0628376081586,0.00530558405444,0.165866106749,0.125402703881,-0.0404634028673
10158,2761,5,6,0.096229352057,0.0311920400709,0.149050816894,0.0864667892456,-0.062584027648
10159,5428,1,5,0.113862194121,0.0413758046925,0.130038112402,0.0484399236739,-0.0815981924534
10160,6195,2,7,0.187317475677,0.0292007140815,0.288410156965,0.0989041402936,-0.189506024122
10162,6967,3,5,0.128240391612,0.0576663203537,0.0110828932375,0.0274846497923,0.0164017565548
10163,1853,2,6,0.158084318042,0.0754733085632,0.0552797168493,0.00708582950756,-0.0481938868761
10164,9252,2,4,0.113026402891,0.0524607971311,0.0117575461045,0.0129094347358,0.00115188863128
10165,4934,3,6,0.110004343092,0.0390508510172,0.0286474525928,0.0240076184273,-0.00463983416557
10166,4595,3,9,0.130332499743,0.0376961380243,0.723239302635,0.287987321615,-0.43525198102
10167,6662,1,5,0.0790298730135,0.0335862971842,0.0124152377248,0.0169127453119,0.00449750758708
10168,3333,1,3,0.143651008606,0.0871604755521,0.63538980484,0.237414136529,-0.397975683212
10169,7068,2,5,0.106565117836,0.0492129810154,0.0189153365791,0.0213209297508,0.00240559317172
10170,2932,3,3,0.100006483495,0.00776095082983,0.0215460825711,0.0880009904504,0.0664549097419
10171,4721,2,8,0.177384898067,0.0549783483148,0.00366016384214,0.00629009818658,0.00262993434444
10172,1300,1,6,0.100753419101,0.0431254319847,0.0519769825041,0.0462494082749,-0.00572757422924
10173,2468,3,13,0.148277580738,0.0226569529623,0.00366317224689,0.00815492961556,0.0044917576015
10174,5364,5,11,0.121269859374,0.00645170733333,0.00986622646451,0.0193770229816,0.00951079651713
10175,3285,2,5,0.0739469900727,0.00638193264604,0.00420515472069,0.00640493864194,0.00219978392124
10176,9127,1,9,0.0980990752578,0.0374676957726,0.043930709362,0.0169912222773,-0.0269394870847
10177,7299,3,6,0.0893895328045,0.0249368194491,0.0174254663289,0.0162023622543,-0.0012231040746
10178,6866,2,7,0.106555610895,0.0329260900617,0.095089495182,0.042478967458,-0.052610527724
10179,4602,8,5,0.0963815152645,0.0126176439226,0.0397261753678,0.022369960323,-0.0173562150449
10180,7973,3,16,0.0963917970657,0.0568813048303,0.0023123731371,0.00545407971367,0.00314170657657
10181,3625,5,9,0.0867258310318,0.0191282294691,0.0114915966988,0.0112375495955,-0.000254047103226
10182,1798,2,3,0.0675926655531,0.0102790566161,0.0153045253828,0.0169534310699,0.00164890568703
10183,6417,1,9,0.174391075969,0.00992830190808,0.135256364942,0.0422767400742,-0.0929796248674
10184,2517,4,12,0.0737866535783,0.00684499135241,0.0464117079973,0.0448362827301,-0.00157542526722
10185,748,1,2,0.116178244352,0.0282898116857,0.0104943783954,0.0415087305009,0.0310143530369
10186,1933,2,5,0.0997992530465,0.0556666068733,0.370208203793,0.121953964233,-0.248254239559
10189,7318,1,5,0.0898588374257,0.0164684690535,0.00515846256167,0.00763180246577,0.0024733399041
10190,4852,3,6,0.0747402533889,0.0218022093177,0.0126177286729,0.0116196731105,-0.000998055562377
10191,4957,3,5,0.148773014545,0.0156595911831,0.538320720196,0.145706787705,-0.392613947392
10192,789,2,6,0.125566288829,0.0247022770345,0.255508631468,0.181884810328,-0.0736238211393
10193,5249,2,10,0.118809022009,0.0356258191168,0.00582742970437,0.0488799251616,0.0430524945259
10194,4884,4,5,0.0950436368585,0.041611790657,0.0304721202701,0.0182660613209,-0.0122060589492
10195,5465,3,5,0.097414933145,0.0346860177815,0.0563947744668,0.0482133924961,-0.00818138197064
10198,2379,3,4,0.124056003988,0.0394495017827,0.00728364242241,0.00752881169319,0.000245169270784
10199,7346,3,6,0.0495130904019,0.00909057632089,0.00599360046908,0.0115042524412,0.00551065197214
10200,4778,3,4,0.0810003131628,0.0181909333915,0.0235915500671,0.0482073128223,0.0246157627553
10201,1937,3,2,0.0942715033889,0.00702315475792,0.0163481645286,0.0147146806121,-0.00163348391652
10202,3561,7,17,0.176309868693,0.0354825593531,0.00561061454937,0.0147785590962,0.00916794501245
10203,1259,1,7,0.0833764448762,0.01850072667,0.131394699216,0.0445444695652,-0.0868502259254
10205,7310,3,6,0.0721120834351,0.015783239156,0.0763400867581,0.0581406764686,-0.0181994102895
10206,2761,2,5,0.102847971022,0.0268262531608,0.122467525303,0.0556261278689,-0.0668413937092
10207,5075,1,8,0.130158796906,0.0308633670211,0.0359966233373,0.0226451233029,-0.0133515000343
10208,3701,2,8,0.204590395093,0.0324279405177,0.576187729836,0.0741578936577,-0.502029836178
10209,9232,1,8,0.0974104702473,0.0107147563249,0.0415708012879,0.0306789521128,-0.0108918491751
10210,3566,1,8,0.101093612611,0.0264552906156,0.276965707541,0.1054655388,-0.171500176191
10211,1431,1,3,0.114675037563,0.0227877628058,0.357664912939,0.0839936807752,-0.273671239614
10212,8767,2,6,0.0559698306024,0.0257583912462,0.0465430952609,0.037858646363,-0.00868444889784
10214,7830,1,5,0.0944678559899,0.0465480014682,0.0109623661265,0.0110242264345,6.18603080511e-05
10215,3816,1,5,0.114552855492,0.0106173548847,0.0182920731604,0.0109177418053,-0.00737433135509
10216,1442,7,5,0.124709703028,0.0514740794897,0.101876437664,0.0431274473667,-0.0587489902973
10217,7276,3,7,0.163244143128,0.0364804938436,0.00654655182734,0.0574510581791,0.0509045049548
10218,1209,1,4,0.101336397231,0.017728690058,0.0562887080014,0.0291783530265,-0.0271103549749
10219,164,3,2,0.132286190987,0.039882235229,0.00940357428044,0.0256046056747,0.016201030463
10220,7762,1,4,0.0725620090961,0.0312224887311,0.0100533077493,0.0159700587392,0.00591675098985
10221,3599,3,2,0.0955419167876,0.0175989605486,0.0103578306735,0.0117228142917,0.00136498361826
10222,1938,2,6,0.0793489217758,0.0181378424168,0.013193262741,0.0517512410879,0.0385579764843
10223,5378,2,4,0.0561688058078,0.0123275062069,0.00212696869858,0.00261644925922,0.000489480560645
10224,5274,2,3,0.0685207620263,0.023214802146,0.0185764990747,0.0201191473752,0.00154264830053
10225,8444,1,7,0.0814864113927,0.0316886939108,0.00129358051345,0.00236801453866,0.00107443402521
10226,8739,1,8,0.100029222667,0.0296279955655,0.00791703164577,0.00657460605726,-0.00134242558852
10227,4022,4,4,0.0694678723812,0.0150773823261,0.209861204028,0.107881419361,-0.101979784667
10228,1448,1,5,0.0834241732955,0.0105779841542,0.00768696237355,0.0102706821635,0.00258371978998
10232,2465,4,3,0.0738022103906,0.0307534374297,0.0111756296828,0.0119604477659,0.000784818083048
10233,1809,1,7,0.138898789883,0.0228648968041,0.00409348960966,0.0111454250291,0.00705193541944
10234,80,2,7,0.180674061179,0.141803905368,0.00548670161515,0.0102737592533,0.00478705763817
10235,4550,6,7,0.100812256336,0.0208015069366,0.0246163476259,0.00946513190866,-0.0151512157172
10237,4846,2,4,0.197637960315,0.022621082142,0.00906723644584,0.063035748899,0.0539685115218
10238,7688,2,5,0.078541263938,0.00388161535375,0.139808028936,0.0534606836736,-0.0863473415375
10239,6431,1,5,0.0810902118683,0.0122457463294,0.016682382673,0.0371293127537,0.0204469300807
10240,9211,1,5,0.133675843477,0.0111793512478,0.00857325270772,0.0289561841637,0.020382931456
10241,6305,2,4,0.0725497826934,0.00317551498301,0.186334073544,0.0394540019333,-0.146880075336
10242,6504,7,11,0.120952755213,0.0576662905514,0.00850016437471,0.0201238021255,0.0116236377507
10243,8888,2,6,0.0803546309471,0.0312320906669,0.00526661472395,0.00357198342681,-0.00169463129714
10244,1343,2,7,0.0887435674667,0.01113034226,0.0241810996085,0.039117153734,0.0149360541254
10245,5905,1,9,0.141908317804,0.0379566028714,0.245763242245,0.0307395067066,-0.215023741126
10246,1524,2,11,0.420538783073,0.0502069741488,0.173433467746,0.049830224365,-0.123603239655
10247,6807,2,7,0.0991757139564,0.0317912176251,0.0833344012499,0.0420119054615,-0.0413224957883
10248,7352,2,11,0.11400937289,0.0485317111015,0.0156357418746,0.0209705773741,0.00533483549953
10249,7205,2,5,0.0614539571106,0.011084635742,0.0619463995099,0.0700339302421,0.00808753073215
10250,5833,2,12,0.105217032135,0.00616402179003,0.018996624276,0.0094977170229,-0.00949890725315
10251,6305,3,7,0.0573061965406,0.0182674601674,0.0628784745932,0.0670875832438,0.00420910865068
10252,2134,3,4,0.0789295807481,0.0162030961365,0.0133308321238,0.0313332974911,0.0180024653673
10253,6928,1,6,0.170802518725,0.0447866655886,0.247585207224,0.146769329906,-0.100815877318
10254,7550,5,5,0.0824449360371,0.00401830859482,0.0200166013092,0.033147957176,0.0131313558668
10255,948,2,6,0.0697206929326,0.0188131276518,0.0228739399463,0.0340690277517,0.0111950878054
10256,35,3,1,0.0721307396889,0.0262840688229,0.0147219691426,0.0234680175781,0.00874604843557
10257,7368,2,8,0.228847786784,0.0566165484488,0.687615871429,0.132167324424,-0.555448532104
10260,6438,3,6,0.0921000912786,0.0456320866942,0.295134395361,0.166800662875,-0.128333732486
10261,1908,2,3,0.106247626245,0.0252874195576,0.00565528823063,0.0149797163904,0.00932442769408
10262,772,2,6,0.06556571275,0.032662242651,0.146170556545,0.0680585801601,-0.0781119763851
10263,4382,1,5,0.108602255583,0.0431573577225,0.300707221031,0.20614977181,-0.0945574492216
10264,5084,2,3,0.074201695621,0.0335538871586,0.0618212148547,0.0320898704231,-0.0297313444316
10265,7410,1,7,0.0852101519704,0.0264858547598,0.00807328894734,0.0147224618122,0.00664917286485
10266,1131,1,6,0.101450540125,0.00782572105527,0.00906254909933,0.0606422424316,0.0515796914697
10267,4748,4,10,0.0538226626813,0.00474241608754,0.0468536429107,0.0247736554593,-0.0220799874514
10268,3088,2,8,0.132157936692,0.0349079221487,0.00108156027272,0.00131856661756,0.000237006344832
10269,3090,4,7,0.0528552271426,0.019566539675,0.0169207714498,0.00941213592887,-0.00750863552094
10270,2068,2,10,0.0841439440846,0.0028763525188,0.100487604737,0.0382309444249,-0.0622566603124
10271,8433,2,2,0.138707593083,0.0142463827506,0.143234968185,0.062436748296,-0.0807982236147
10272,2257,1,7,0.076519779861,0.0258863624185,0.0258326400071,0.0134405074641,-0.012392132543
10273,6467,1,8,0.094925455749,0.0205110367388,0.153732761741,0.106336273253,-0.0473964884877
10274,6137,1,7,0.0755686536431,0.00424397364259,0.0162249114364,0.0455463938415,0.0293214824051
10275,6938,1,6,0.071813993156,0.0191732384264,0.107384175062,0.0289805252105,-0.0784036517143
10276,3866,2,6,0.099905192852,0.0164764113724,0.0235448945314,0.0570388175547,0.0334939211607
10277,6984,1,3,0.060740057379,0.00903576705605,0.00423748092726,0.00493272999302,0.000695249065757
10278,1909,1,6,0.0766833201051,0.0277514792979,0.226620078087,0.0894720032811,-0.137148082256
10279,221,3,3,0.0789013206959,0.0172346644104,0.13831602037,0.16197039187,0.0236543715
10280,1909,3,3,0.09774171561,0.0148300984874,0.00278235599399,0.00808817893267,0.00530582293868
10281,8716,3,9,0.0847257599235,0.00639468897134,0.0455073006451,0.103757202625,0.0582499019802
10282,8500,1,8,0.0843698084354,0.0492005124688,0.0381063446403,0.0485897324979,0.0104833878577
10283,7402,2,10,0.100677669048,0.0316634699702,0.0175908133388,0.0270056445152,0.0094148311764
10284,5118,1,6,0.0830795913935,0.0136299859732,0.103619687259,0.0444938801229,-0.0591258071363
10285,2447,3,3,0.0612476058304,0.0104504330084,0.015327334404,0.0270600989461,0.0117327645421
10286,7507,4,3,0.0861045643687,0.0158507749438,0.00591319287196,0.00400219066069,-0.00191100221127
10287,4062,2,7,0.268720000982,0.115329965949,0.847249925137,0.213383734226,-0.63386619091
10288,8562,2,3,0.100872211158,0.0299941077828,0.0307889115065,0.0367886610329,0.00599974952638
10289,3819,2,5,0.0710552930832,0.0200086310506,0.042466301471,0.085823059082,0.043356757611
10290,5134,4,17,0.13511171937,0.033550966531,0.0226572845131,0.0365575738251,0.013900289312
10291,876,1,6,0.077409774065,0.0152582703158,0.0738855525851,0.0159007590264,-0.0579847916961
10292,30,1,4,0.105589866638,0.0144560253248,0.00535706244409,0.00688110338524,0.00152404094115
10293,4502,3,3,0.10066280514,0.00521689932793,0.0157247651368,0.0178243536502,0.00209958851337
10294,6244,3,5,0.0844272375107,0.0325670167804,0.109641872346,0.0587425418198,-0.0508993305266
10295,7759,1,8,0.0833957567811,0.039067465812,0.0691684633493,0.0112950280309,-0.0578734353185
10296,9041,1,8,0.0789202451706,0.0249079354107,0.0103714000434,0.00756879011169,-0.00280260993168
10297,8728,4,5,0.108720384538,0.0171237345785,0.00675123929977,0.00748610729352,0.000734867993742
10298,7202,4,7,0.105042718351,0.0241002906114,0.19078271091,0.0347501635551,-0.156032547355
10299,6806,2,5,0.139883592725,0.0204078424722,0.0193489026278,0.0311054512858,0.011756548658
10300,1456,1,9,0.111263774335,0.0236407853663,0.0131532838568,0.0110794380307,-0.00207384582609
10301,1345,4,1,0.161529943347,0.0301778279245,0.610385656357,0.180025562644,-0.430360078812
10302,7334,2,5,0.21629320085,0.0943210795522,0.00113687873818,0.00197329022922,0.000836411491036
10303,2872,2,3,0.107195943594,0.0537204034626,0.205834388733,0.075261965394,-0.130572423339
10305,1069,2,5,0.121766828001,0.0738588422537,0.495286911726,0.321362018585,-0.173924893141
10306,7635,1,7,0.130763188004,0.0252250637859,0.000281999848085,0.000451542931842,0.000169543083757
10307,6259,3,8,0.113986454904,0.0240955166519,0.0506345517933,0.140796408057,0.0901618599892
10308,6052,4,4,0.0495130382478,0.019666062668,0.0228947158903,0.00951644126326,-0.013378274627
10309,2156,1,10,0.0859468653798,0.0485032089055,0.127166047692,0.0447704195976,-0.0823956280947
10310,3462,3,4,0.0977491661906,0.0281448364258,0.00157936534379,0.0119237182662,0.0103443525732
10311,771,4,7,0.220224127173,0.0981293320656,0.939612090588,0.379301577806,-0.560310482979
10313,5979,1,4,0.111637711525,0.0271578337997,0.0791888311505,0.0430425368249,-0.0361462943256
10314,1940,1,9,0.0595442615449,0.00567799201235,0.00723951356485,0.00524091301486,-0.00199860055
10315,164,1,7,0.185437917709,0.0910139977932,0.666454136372,0.220539972186,-0.445914149284
10316,204,5,9,0.118605993688,0.056284096092,0.14237460494,0.0614637769759,-0.0809108316898
10317,2866,1,4,0.141701251268,0.0297335181385,0.697402238846,0.240606144071,-0.456796109676
10318,932,1,5,0.0962746068835,0.0237802639604,0.010236361064,0.0334824435413,0.0232460834086
10319,7283,1,6,0.0511814765632,0.00805788300931,0.0286559872329,0.0158928465098,-0.0127631407231
10320,6707,4,7,0.315777987242,0.0689003914595,0.954617083073,0.24669021368,-0.707926869392
10322,3529,1,10,0.0858846828341,0.03417564556,0.00727061834186,0.0454909987748,0.0382203795016
10325,8978,1,8,0.065490745008,0.0112278973684,0.108743235469,0.0661246553063,-0.0426185801625
10327,5014,2,4,0.103970013559,0.0285025835037,0.521746277809,0.199025511742,-0.322720766068
10330,4705,1,7,0.141330897808,0.0182699132711,0.379937678576,0.0685657337308,-0.311371952295
10331,1839,2,5,0.0450117178261,0.000983452307992,0.0174480602145,0.0161476917565,-0.00130036845803
10332,8964,2,12,0.0713040903211,0.0091880466789,0.00160506227985,0.00308144907467,0.00147638679482
10334,8479,3,5,0.100696355104,0.023105032742,0.0401178635657,0.0131400180981,-0.0269778445363
10335,5780,3,6,0.0613150410354,0.0192077737302,0.0397195890546,0.0137296319008,-0.0259899571538
10336,7581,1,5,0.09335642308,0.0300934892148,0.0149790979922,0.0299424920231,0.0149633940309
10337,6155,4,2,0.123945862055,0.0191106572747,0.0252490416169,0.0140306083485,-0.0112184332684
10338,3022,1,7,0.0606864280999,0.0199367981404,0.137281015515,0.0598742365837,-0.0774067789316
10340,9165,2,7,0.165667429566,0.0727695450187,0.497049868107,0.145228758454,-0.351821124554
10341,1479,1,2,0.0739074647427,0.0135359140113,0.0400669686496,0.0625992789865,0.0225323103368
10342,5162,1,6,0.0807071104646,0.0205818042159,0.00871784985065,0.0231259111315,0.0144080612808
10343,3766,2,6,0.077566832304,0.0215247590095,0.0289204902947,0.0314788669348,0.00255837664008
10344,7797,2,8,0.0776555761695,0.0244877263904,0.0385727062821,0.0474230647087,0.00885035842657
10345,1683,2,7,0.100251324475,0.0133409649134,0.00144676316995,0.00644572032616,0.00499895727262
10346,2193,3,12,0.0814502239227,0.02151421085,0.00210479157977,0.00545274047181,0.00334794889204
10347,8350,1,4,0.106745250523,0.0222737770528,0.0482041053474,0.019585525617,-0.0286185797304
10348,1341,1,6,0.435519844294,0.0385832935572,0.85572040081,0.0475783459842,-0.808142066002
10349,6239,1,5,0.147905185819,0.013542172499,0.0030965982005,0.0123925581574,0.00929595995694
10351,2900,1,4,0.109908156097,0.00521904136986,0.00654686661437,0.00418134266511,-0.00236552394927
10352,6404,3,5,0.0781624615192,0.0103959506378,0.0561713539064,0.127116426826,0.0709450691938
10353,8511,1,9,0.0766156241298,0.0258956793696,0.00321063376032,0.0105948140845,0.00738418009132
10354,2788,3,9,0.117113493383,0.0510469228029,0.185685828328,0.0638474300504,-0.121838398278
10355,3333,7,14,0.0611226446927,0.0254369452596,0.617917358875,0.583022177219,-0.0348951816559
10356,9225,2,7,0.263642638922,0.0305101312697,0.0260862410069,0.0553138665855,0.0292276255786
10357,8353,3,9,0.132367864251,0.0204562041909,0.0267158560455,0.020242061466,-0.00647379457951
10358,4241,1,7,0.11738460511,0.020658981055,0.0187249816954,0.0443428643048,0.0256178826094
10361,8179,1,5,0.101186417043,0.0183097589761,0.0137251475826,0.0177472364157,0.00402208883315
10362,8915,4,8,0.0643910467625,0.013948620297,0.0494619756937,0.0441163480282,-0.00534562766552
10363,8424,3,4,0.0977871641517,0.0207968503237,0.00794695783406,0.0145472520962,0.00660029426217
10364,1573,3,5,0.0540932379663,0.0143016623333,0.0620729140937,0.0967457219958,0.0346728079021
10365,8103,4,4,0.140657916665,0.0358071215451,0.0351292528212,0.0107817128301,-0.0243475399911
10366,2172,4,6,0.055737439543,0.00805500801653,0.0522191822529,0.0384273566306,-0.0137918256223
10367,6552,5,16,0.0974907204509,0.0418719537556,0.0365816503763,0.0339175499976,-0.00266410037875
10368,4802,1,2,0.0571580976248,0.0215941350907,0.012724631466,0.0111855501309,-0.00153908133507
10369,4839,4,12,0.0627979785204,0.0232427977026,0.00575414905325,0.016350870952,0.0105967223644
10370,4808,1,3,0.059049565345,0.0211227610707,0.00676779542118,0.0246331784874,0.0178653821349
10371,3344,4,5,0.0505194850266,0.0137188397348,0.0216521527618,0.0172145459801,-0.00443760678172
10372,4261,1,5,0.0552493594587,0.0188131090254,0.0702053308487,0.0351778157055,-0.0350275151432
10373,5753,2,6,0.0717560276389,0.0322534441948,0.00533493654802,0.0184404496104,0.013105513528
10374,4765,3,4,0.112100243568,0.0407099686563,0.428624689579,0.171340346336,-0.257284343243
10376,4534,2,5,0.0823947861791,0.0249210633337,0.0066558024846,0.00657361513004,-8.21873545647e-05
10377,7850,1,4,0.0612366013229,0.019701808691,0.0561315380037,0.0407338961959,-0.0153976418078
10378,1385,3,4,0.235083818436,0.174541994929,0.227183565497,0.100688256323,-0.126495301723
10379,3125,2,7,0.115354560316,0.0190683342516,0.0130341900513,0.0123811224476,-0.000653067603707
10380,5229,2,4,0.0739453658462,0.0227472875267,0.0147388447076,0.0142841860652,-0.000454658642411
10381,748,3,3,0.0930613651872,0.0387244150043,0.0858577415347,0.027881026268,-0.0579767152667
10382,3905,1,7,0.0493284016848,0.0102945268154,0.0354889407754,0.0213768929243,-0.0141120478511
10383,2599,8,11,0.110407821834,0.00740534067154,0.115533523262,0.0538930930197,-0.0616404302418
10385,3483,2,9,0.0658334493637,0.0062539447099,0.0021668788977,0.00460748234764,0.00244060344994
10386,7442,2,9,0.0619130320847,0.0134308030829,0.11216365546,0.0726699903607,-0.0394936650991
10387,2687,3,7,0.0683956742287,0.00346310646273,0.0308669470251,0.0288273449987,-0.00203960202634
10388,6975,1,7,0.0660624727607,0.0164010766894,0.0422893241048,0.0516734011471,0.00938407704234
10389,5614,2,8,0.103858888149,0.0564490966499,0.137901678681,0.067636616528,-0.0702650621533
10390,4827,6,7,0.0824732407928,0.0127446064726,0.00610171025619,0.00692886533216,0.000827155075967
10391,8508,2,13,0.0882071778178,0.0126283792779,0.00566493999213,0.0132068162784,0.00754187628627
10393,6739,1,5,0.0792203769088,0.0452474541962,0.131756722927,0.090675316751,-0.0410814061761
10394,8495,3,19,0.0915928706527,0.0224756114185,0.0861680656672,0.0289971176535,-0.0571709498763
10395,5685,4,8,0.404140263796,0.0562552139163,0.875483334064,0.0757221803069,-0.799761176109
10396,5101,2,2,0.103544466197,0.0299348495901,0.00274502625689,0.0100298440084,0.0072848177515
10397,6130,3,4,0.102580137551,0.0275149606168,0.00804624706507,0.0140782436356,0.00603199657053
10398,4626,3,6,0.0868132039905,0.0281880833209,0.00839619990438,0.0252371672541,0.016840968281
10399,6562,1,7,0.0875019431114,0.00459160236642,0.00380017748103,0.00708535173908,0.00328517425805
10400,9265,1,9,0.0913230106235,0.0268956329674,0.0571391247213,0.0766928717494,0.0195537470281
10401,3360,2,4,0.108721040189,0.0134699419141,0.157660365105,0.0629115179181,-0.0947488471866
10402,5,4,4,0.0676882788539,0.00887825526297,0.111626088619,0.0630161464214,-0.0486099421978
10403,2512,2,11,0.110699184239,0.0302097965032,0.0140400752425,0.0259711463004,0.0119310710579
10404,2380,3,7,0.131324648857,0.0707349553704,0.0193051584065,0.011156055145,-0.00814910326153
10405,3496,1,6,0.0781028047204,0.033316463232,0.941597342491,0.661527276039,-0.280070066452
10407,8130,3,3,0.0443585775793,0.0192525051534,0.0321305803955,0.0137918936089,-0.0183386877179
10408,4894,2,7,0.125194355845,0.0118200369179,0.00331051461399,0.0270425472409,0.0237320326269
10409,7068,1,7,0.126088038087,0.0293258205056,0.009615637362,0.0137533573434,0.00413771998137
10410,3587,2,7,0.0871093273163,0.0181656628847,0.0510333329439,0.0899098217487,0.0388764888048
10412,8970,7,4,0.0594318397343,0.00598033610731,0.109802648425,0.0389917902648,-0.070810854435
10413,4626,4,6,0.114287234843,0.0315937697887,0.113549903035,0.0309750344604,-0.0825748667121
10414,3125,2,6,0.180941447616,0.0445733442903,0.0138971386477,0.0242606047541,0.0103634661064
10415,9021,3,4,0.129457995296,0.0327863059938,0.230583235621,0.0401189438999,-0.190464287996
10416,7086,3,5,0.129185318947,0.00514200795442,0.00730941910297,0.0120822014287,0.00477278232574
10417,6195,3,3,0.0693036541343,0.0148441120982,0.205380424857,0.130412995815,-0.0749674290419
10418,1381,2,5,0.240781053901,0.0241847913712,0.658066749573,0.107973337173,-0.550093412399
10419,5898,2,4,0.088017731905,0.0242261905223,0.00630791112781,0.0116610825062,0.00535317137837
10420,3220,2,4,0.0876273810863,0.0329755954444,0.019516762346,0.030582735315,0.0110659729689
10422,4024,2,6,0.0748135223985,0.0360169187188,0.0103873731568,0.0133722415194,0.00298486836255
10423,3722,1,7,0.129568591714,0.0373321659863,0.000749813392758,0.0133276730776,0.0125778596848
10424,7565,1,7,0.0732740387321,0.0130683304742,0.0714742019773,0.0594762898982,-0.0119979120791
10425,1168,2,6,0.0763716772199,0.0188781861216,0.204549565911,0.081670217216,-0.122879348695
10426,7285,1,5,0.100648723543,0.025262767449,0.0119543429464,0.00551093136892,-0.00644341157749
10427,4852,1,3,0.08829626441,0.0308546219021,0.00345153501257,0.0130822397768,0.00963070429862
10428,1189,1,11,0.267527908087,0.155615136027,0.951474368572,0.350903362036,-0.600571036339
10429,6851,2,6,0.0585388429463,0.0192308817059,0.0112144844607,0.0128200501204,0.0016055656597
10430,8960,3,6,0.0906632915139,0.00407669600099,0.0458617955446,0.00769487395883,-0.0381669215858
10431,9179,6,7,0.094924993813,0.0152012770995,0.0333600342274,0.0520223230124,0.018662288785
10432,8433,1,7,0.166517093778,0.0754695981741,0.0140470881015,0.0561885796487,0.0421414896846
10433,7815,6,3,0.123424626887,0.0132971219718,0.00177929492202,0.00982730370015,0.00804800912738
10434,8072,3,3,0.0888904631138,0.00631249323487,0.0926442071795,0.0126532213762,-0.0799909830093
10435,6657,3,6,0.112544007599,0.0142062846571,0.0162357129157,0.0145672559738,-0.00166845694184
10436,6180,2,7,0.0956740602851,0.013305769302,0.00778050394729,0.0122531550005,0.00447265105322
10437,9291,3,4,0.0816754028201,0.0219999887049,0.00586856389418,0.00427434546873,-0.00159421842545
10438,48,1,3,0.0844999551773,0.0492415390909,0.118002288043,0.0393697880208,-0.0786325037479
10439,2101,6,15,0.12118062377,0.0113176200539,0.0338438265026,0.0371054410934,0.00326161459088
10440,3253,1,7,0.323658376932,0.058164421469,0.83964073658,0.145143166184,-0.694497585297
10441,8776,3,4,0.0642666593194,0.0120342038572,0.0384838469326,0.0172304101288,-0.0212534368038
10442,221,2,5,0.0751753896475,0.0108001399785,0.0417580418289,0.0782575681806,0.0364995263517
10443,8691,2,5,0.048007350415,0.0116488737985,0.0455759167671,0.0374557673931,-0.00812014937401
10444,2012,1,6,0.0600571222603,0.0173056926578,0.0467537567019,0.028590997681,-0.0181627590209
10445,1265,3,3,0.166510626674,0.0848840400577,0.0321721807122,0.0212147962302,-0.010957384482
10447,2075,2,6,0.0443063080311,0.0134072238579,0.0841307938099,0.0549671091139,-0.029163684696
10448,2441,1,6,0.0818524211645,0.0200460888445,0.00745196128264,0.0105236666277,0.00307170534506
10449,8440,1,6,0.069632075727,0.0204966384917,0.00554232252762,0.00624701194465,0.000704689417034
10450,3278,1,4,0.152509093285,0.03610297665,0.0125202573836,0.0277203489095,0.0152000915259
10451,5446,5,9,0.184591934085,0.111912615597,0.787709772587,0.310146123171,-0.477563649416
10452,5393,1,9,0.0875180661678,0.00986503995955,0.226644411683,0.156632989645,-0.0700114220381
10453,2645,1,6,0.0818744748831,0.0284413602203,0.0156306475401,0.0174804944545,0.00184984691441
10454,2910,1,5,0.0722231343389,0.0197672527283,0.157402738929,0.10405331105,-0.0533494278789
10455,6066,2,5,0.0766652300954,0.0464925430715,0.225272089243,0.133464857936,-0.091807231307
10456,1562,2,16,0.0884686782956,0.0419558212161,0.109192490578,0.0612759552896,-0.0479165352881
10457,771,2,5,0.075229883194,0.0264666322619,0.00108713621739,0.0288346335292,0.0277474969625
10458,5003,3,8,0.110671699047,0.00370885874145,0.0290053132921,0.0431206226349,0.0141153093427
10459,4559,4,5,0.0755546018481,0.0198525823653,0.00695102429017,0.0295950323343,0.0226440075785
10460,4907,4,8,0.105259813368,0.0271255597472,0.145554512739,0.0386305786669,-0.106923937798
10461,8903,4,16,0.277492284775,0.0574082285166,0.737750411034,0.092107616365,-0.64564281702
10462,6315,2,4,0.101344846189,0.0129897743464,0.0344959832728,0.0379027239978,0.00340674072504
10463,7392,3,2,0.0901326835155,0.0218703318387,0.0330922566354,0.0117116831243,-0.0213805735111
10464,9053,3,9,0.211659952998,0.0583676770329,0.0493526346982,0.0211683232337,-0.0281843114644
10465,3521,1,6,0.229223445058,0.0219125561416,0.0244367141277,0.0233112424612,-0.00112547166646
10466,6205,2,4,0.0524764843285,0.000748458784074,0.0335518084466,0.0492558032274,0.0157039947808
10468,5487,3,13,0.108444593847,0.0287954173982,0.415977329016,0.168534204364,-0.247443124652
10469,2781,1,2,0.074978582561,0.0142903430387,0.00287864776328,0.0182555429637,0.0153768956661
10470,5887,3,4,0.0557688586414,0.00894679129124,0.0357759222388,0.0565942674875,0.0208183452487
10471,1826,2,6,0.0777864083648,0.0112934419885,0.00682508340105,0.0134068215266,0.00658173812553
10472,1402,1,7,0.074010565877,0.0281196665019,0.111944884062,0.0321134962142,-0.079831391573
10473,8290,3,5,0.0624442286789,0.0149792740121,0.0136897442862,0.0145022096112,0.000812465324998
10474,4093,1,4,0.097553871572,0.0115457316861,0.00744922272861,0.0344941392541,0.0270449165255
10476,6849,1,5,0.0830327197909,0.0232629124075,0.154078170657,0.0531866401434,-0.100891530514
10478,1643,4,7,0.215238019824,0.026359628886,0.0157414525747,0.012329232879,-0.00341221969575
10479,4576,1,6,0.0833621397614,0.0112643353641,0.00183467194438,0.00503204902634,0.00319737708196
10480,6749,2,9,0.117725588381,0.0107913194224,0.165630444884,0.0469091385603,-0.118721306324
10481,7063,1,8,0.0686162635684,0.0500877052546,0.415545701981,0.377909570932,-0.0376361310482
10482,8904,2,8,0.0725888609886,0.0353744328022,0.0495292805135,0.0289528220892,-0.0205764584243
10483,3933,1,7,0.0775572359562,0.0158543586731,0.0649338290095,0.0343773961067,-0.0305564329028
10484,5099,2,14,0.0679575800896,0.0334789939225,0.048865582794,0.0573124103248,0.00844682753086
10485,3584,3,4,0.0652854815125,0.0152617953718,0.0103120515123,0.00770458579063,-0.00260746572167
10486,8867,7,18,0.122344262898,0.0147262411192,0.0338205173612,0.0238982755691,-0.00992224179208
10487,8703,2,3,0.0503289811313,0.015933778137,0.0224046967924,0.0297526028007,0.00734790600836
10488,97,6,16,0.0384596921504,0.0128351310268,0.199483931065,0.157712817192,-0.0417711138725
10489,8804,7,2,0.0920265540481,0.0262400601059,0.0160684715956,0.0154797174037,-0.000588754191995
10490,2108,6,2,0.0739117637277,0.0289668571204,0.0213023368269,0.0231455136091,0.00184317678213
10491,6559,2,6,0.11198309809,0.016033437103,0.0205632019788,0.0341579541564,0.0135947521776
10492,2911,2,2,0.12223816663,0.0729428604245,0.0927029401064,0.0487701296806,-0.0439328104258
10494,4826,1,8,0.066231675446,0.0199516359717,0.139947503805,0.092693336308,-0.0472541674972
10495,4208,2,5,0.0904403552413,0.0380026698112,0.011319482699,0.0122367599979,0.000917277298868
10497,4808,1,7,0.196351185441,0.0384540855885,0.0063489722088,0.0178061891347,0.0114572169259
10499,8232,1,7,0.156260445714,0.0238120034337,0.0567253604531,0.0251909196377,-0.0315344408154
10501,2763,2,5,0.0672062933445,0.0135487392545,0.00946982391179,0.00896419584751,-0.000505628064275
10503,5257,1,4,0.0930216088891,0.0108538800851,0.0561811476946,0.0371025204659,-0.0190786272287
10504,6370,1,4,0.123587660491,0.0308179501444,0.0645038709044,0.0499962456524,-0.014507625252
10505,3665,2,7,0.135012641549,0.0327579714358,0.0120918527246,0.00881079211831,-0.00328106060624
10506,8984,2,4,0.147581592202,0.0244312603027,0.0127610545605,0.0302224364132,0.0174613818526
10507,8227,3,8,0.0808790996671,0.01426299382,0.0156659558415,0.011964363046,-0.00370159279555
10508,3603,3,8,0.0629258975387,0.00486485054716,0.0589454323053,0.056050375104,-0.00289505720139
10509,37,2,6,0.122526802123,0.00286003598012,0.0853785797954,0.0636486262083,-0.0217299535871
10510,3465,3,6,0.0949695110321,0.0559768751264,0.0217713192105,0.0181777626276,-0.00359355658293
10511,3913,28,69,0.0996931567788,0.0258964970708,0.0633941143751,0.0447916574776,-0.0186024568975
10512,3948,8,14,0.096945784986,0.0348347276449,0.127124845982,0.0581977516413,-0.0689270943403
10513,5421,9,15,0.106785424054,0.0398300923407,0.030940907076,0.102434180677,0.0714932754636
10514,8986,5,15,0.0647518634796,0.0158719718456,0.0366356000304,0.035521376878,-0.0011142231524
10515,8365,17,35,0.131272062659,0.0399702452123,0.309687376022,0.332716792822,0.0230294167995
10516,1148,10,16,0.046269506216,0.0278762988746,0.00314544769935,0.0045447088778,0.00139926117845
10517,8878,5,14,0.0727755054832,0.0173767264932,0.105741403997,0.0856567397714,-0.0200846642256
10518,7197,8,30,0.208248630166,0.028671130538,0.00225590937771,0.0167654585093,0.0145095493644
10519,8855,5,15,0.0607525706291,0.0118801994249,0.136190131307,0.171981945634,0.0357918143272
10520,3953,28,55,0.116618774831,0.0329018831253,0.0279695689678,0.0492404736578,0.02127090469
10521,8799,3,13,0.0426066927612,0.0327638983727,0.857033669949,0.681725919247,-0.175307750702
10522,8564,4,10,0.145451948047,0.0172969251871,0.237633690238,0.057541500777,-0.180092185736
10523,8988,2,10,0.124324940145,0.0281674936414,0.122952178121,0.187911272049,0.0649590939283
10524,3925,1,8,0.0860363468528,0.00646648695692,0.0602192282677,0.124672017992,0.0644527897239
10525,8562,2,4,0.117541410029,0.0299941375852,0.0825191140175,0.0620046854019,-0.0205144286156
10526,8408,3,7,0.106065548956,0.0117158489302,0.0387702919543,0.0455780662596,0.00680777430534
10527,8408,4,10,0.0809499025345,0.00804866105318,0.108024545014,0.0348403044045,-0.0731842368841
10528,9295,2,9,0.0992518439889,0.0350508019328,0.0775607451797,0.0284179747105,-0.0491427704692
10529,9295,3,7,0.135891005397,0.0662562847137,0.0195491462946,0.0154173141345,-0.00413183216006
10530,7284,5,8,0.0698240399361,0.0191751811653,0.130514279008,0.122016489506,-0.00849778950214
10531,3965,3,10,0.108168423176,0.0109017398208,0.0418760627508,0.044592037797,0.00271597504616
10532,8802,4,12,0.0680403485894,0.0314630381763,0.172174155712,0.104238606989,-0.0679355487227
10533,5397,2,4,0.15206925571,0.0301720239222,0.0157612841576,0.024194335565,0.00843305140734
10534,7904,7,14,0.106453441083,0.0543317012489,0.0370345078409,0.146684899926,0.10965038836
10535,9078,9,25,0.167301177979,0.0103842308745,0.407400876284,0.131681993604,-0.275718867779
10536,9240,5,17,0.159234881401,0.072223007679,0.698147952557,0.238986119628,-0.459161818027
10537,8866,7,18,0.0770923569798,0.00970816425979,0.260687112808,0.234407827258,-0.0262792855501
10538,4954,1,5,0.0690532252192,0.015827300027,0.00789980497211,0.0153084201738,0.00740861520171
10539,8847,2,8,0.0492900051177,0.01758268103,0.501464903355,0.298183113337,-0.203281790018
10540,7259,5,21,0.0566015541553,0.0266140010208,0.629646897316,0.464380502701,-0.165266394615
10541,3964,4,10,0.0993995890021,0.0181377399713,0.0267608892173,0.0163612235337,-0.0103996656835
10542,8859,3,11,0.135519623756,0.051664467901,0.520666778088,0.23255354166,-0.288113236427
10544,2573,1,8,0.127372220159,0.0290701687336,0.0774724856019,0.0294222012162,-0.0480502843857
10545,8702,5,7,0.134221062064,0.0279954504222,0.27446269989,0.0818151608109,-0.19264754653
10547,3959,6,18,0.0759453251958,0.0149862132967,0.0422322116792,0.0338404588401,-0.00839175283909
10548,8277,5,23,0.0755033865571,0.0269187875092,0.0336541645229,0.012937922962,-0.0207162424922
10549,8560,9,18,0.0483361780643,0.00835163332522,0.180774882436,0.137535765767,-0.0432391166687
10550,8560,1,6,0.0852199420333,0.0187748465687,0.185827672482,0.0476379282773,-0.13818974793
10551,8382,2,2,0.0534399040043,0.0121140656993,0.0466089658439,0.0713250860572,0.0247161202133
10552,7577,4,11,0.0941400155425,0.0193085856736,0.0889588370919,0.0274314526469,-0.0615273863077
10553,7562,1,6,0.0687822401524,0.0160289481282,0.170945435762,0.0988896712661,-0.0720557644963
10554,7425,4,5,0.07781291008,0.0113861039281,0.0126311285421,0.00523415999487,-0.00739696854725
10555,6244,3,4,0.0564018636942,0.0101075628772,0.0131565472111,0.0246620867401,0.011505539529
10557,4984,2,8,0.0752664282918,0.00722003588453,0.00962810683995,0.0424729175866,0.0328448116779
10558,7308,8,10,0.0763822644949,0.0192839708179,0.432041525841,0.203479602933,-0.228561922908
10560,2548,1,11,0.0662096440792,0.00321812159382,0.036652173847,0.0323991440237,-0.0042530298233
10561,7189,1,11,0.0785737559199,0.0339270718396,0.40660828352,0.195495173335,-0.211113110185
10562,8934,2,5,0.10628566891,0.0319520644844,0.0321472771466,0.0368751734495,0.00472789630294
10563,2548,3,9,0.0615863613784,0.0173972081393,0.113517619669,0.0485247187316,-0.0649929046631
10564,8794,3,6,0.0952803492546,0.0124973487109,0.088818974793,0.0417666696012,-0.0470523051918
10565,9072,2,9,0.0905542001128,0.0277464035898,0.0270886290818,0.0639964044094,0.0369077771902
10566,8565,6,17,0.052542667836,0.0056856139563,0.121844694018,0.0763285905123,-0.0455161035061
10567,6998,1,6,0.108180619776,0.0216367915273,0.00442091049626,0.0179726872593,0.0135517772287
10568,8849,5,7,0.0919535532594,0.00599668454379,0.114952795208,0.0597797930241,-0.0551730021834
10569,821,4,5,0.142335057259,0.0439899414778,0.129812583327,0.0237272959203,-0.106085285544
10570,8192,9,12,0.0574696846306,0.0247177965939,0.647934317589,0.46469938755,-0.183234930038
10571,7170,6,21,0.0801151320338,0.0328712128103,0.216147109866,0.0735930427909,-0.142554074526
10572,6998,2,5,0.129025653005,0.0212505795062,0.00925936549902,0.0128359748051,0.00357660930604
10573,88,10,24,0.0953005477786,0.025012947619,0.00271035800688,0.00466241547838,0.0019520574715
10574,8371,8,19,0.136319756508,0.0260785166174,0.0773995369673,0.116438686848,0.0390391498804
10575,109,2,10,0.0513919107616,0.00893366616219,0.0998011901975,0.0895299315453,-0.0102712586522
10576,8932,1,12,0.201724663377,0.0125230690464,0.398921370506,0.104493834078,-0.294427543879
10577,1400,1,6,0.191861912608,0.0505334585905,0.666510045528,0.150716483593,-0.515793561935
10578,7460,1,6,0.0662403926253,0.0133827850223,0.0112001979724,0.0124925402924,0.00129234232008
10579,1325,4,4,0.0835934504867,0.023189002648,0.00951489526778,0.00933233555406,-0.000182559713721
10580,7432,2,7,0.117693059146,0.0553260147572,0.00837000180036,0.016452351585,0.00808234978467
10581,6503,1,4,0.0777362883091,0.0212283153087,0.00320088746957,0.00368480640464,0.000483918935061
10582,2676,3,5,0.12298977375,0.0274026617408,0.291013658047,0.0890405699611,-0.201973080635
10583,7588,3,6,0.124318420887,0.0176273025572,0.0136570585892,0.0366545431316,0.0229974836111
10584,8969,2,6,0.0793682038784,0.0165920238942,0.097474783659,0.0830135643482,-0.0144612193108
10585,8465,8,19,0.108502447605,0.0278452970088,0.16275845468,0.0535969547927,-0.109161496162
10587,934,2,8,0.0720472335815,0.0160582344979,0.00252699875273,0.002115707146,-0.000411291606724
10588,1440,1,1,0.106152184308,0.0522390268743,0.016968678683,0.00860427692533,-0.00836440175772
10589,8192,5,7,0.0973825454712,0.0274382568896,0.129404783249,0.0403230078518,-0.0890817791224
10590,8884,2,6,0.101437486708,0.0302784219384,0.160945996642,0.106673277915,-0.0542727187276
10591,3950,2,7,0.0564636290073,0.00829337351024,0.0124606266618,0.0119198998436,-0.000540726818144
10592,8983,2,4,0.106170795858,0.0181948747486,0.127706706524,0.0813733488321,-0.0463333576918
10593,8448,1,8,0.170718535781,0.00196453579701,0.502142131329,0.130002126098,-0.37213999033
10595,5438,2,12,0.0720961987972,0.0212390292436,0.0880377143621,0.157029390335,0.0689916759729
10596,8501,5,16,0.0700439587235,0.0218857098371,0.0516619682312,0.0369435362518,-0.0147184319794
10597,8885,6,10,0.0812553837895,0.0240131076425,0.0544687993824,0.0626081004739,0.00813930109143
10598,9078,4,4,0.0810520723462,0.0149590456858,0.412660211325,0.255400568247,-0.157259643078
10599,2348,1,9,0.178835585713,0.00663039600477,0.576606571674,0.113839060068,-0.462767511606
10600,5392,1,5,0.160233423114,0.0489662103355,0.349508523941,0.143077552319,-0.206430971622
10601,5438,2,5,0.133094474673,0.10602003336,0.125024944544,0.103791333735,-0.0212336108088
10602,8232,2,9,0.132811546326,0.0278639029711,0.353315383196,0.105466663837,-0.247848719358
10603,7075,5,12,0.123442448676,0.0443418733776,0.0112762348726,0.0160688254982,0.00479259062558
10604,8878,22,53,0.148451983929,0.0140734687448,0.151153415442,0.0323714502156,-0.118781968951
10605,7244,2,15,0.0770773887634,0.023603675887,0.0244682412595,0.00841920357198,-0.0160490386188
10607,8386,2,15,0.156765162945,0.0279555339366,0.185961782932,0.0313440710306,-0.154617711902
10609,9302,4,3,0.0528884641826,0.0128862438723,0.0566122680902,0.0558993518353,-0.000712916254997
10610,3318,2,11,0.194117978215,0.0622658543289,0.00700507173315,0.0144937559962,0.00748868426308
10612,2575,2,11,0.0456484444439,0.0270344149321,0.293724983931,0.247512593865,-0.0462123900652
10613,7922,3,4,0.164343222976,0.0338490977883,0.14192892611,0.0489599741995,-0.092968955636
10614,7919,2,8,0.146796926856,0.0221692100167,0.432202994823,0.135586544871,-0.296616435051
10615,8831,1,10,0.090187638998,0.0547127425671,0.0201113279909,0.0251737181097,0.00506239011884
10616,6827,5,15,0.0713205561042,0.020902691409,0.0482147336006,0.0512056797743,0.00299094617367
10617,9329,3,4,0.0699849054217,0.0263280235231,0.0330059267581,0.0341513939202,0.00114546716213
10618,8960,1,4,0.246317744255,0.0936453565955,0.00892655551434,0.00674439733848,-0.00218215817586
10619,2573,1,4,0.0742729604244,0.0161819718778,0.0744672641158,0.0522897653282,-0.0221774987876
10620,8797,6,8,0.105087779462,0.0333991982043,0.201880574226,0.130316525698,-0.0715640485287
10621,8985,3,4,0.133451387286,0.0273045543581,0.0513688772917,0.0101652182639,-0.0412036590278
10622,7059,8,23,0.170543149114,0.0329098105431,0.248956829309,0.0728154182434,-0.176141411066
10623,8913,1,6,0.121208272874,0.0286774002016,0.575684607029,0.182810023427,-0.392874598503
10625,8232,1,12,0.114802442491,0.0552330501378,0.072336524725,0.0263743270189,-0.0459621995687
10626,8791,4,9,0.0905841365457,0.0292551219463,0.11421969533,0.0768224075437,-0.037397287786
10627,9268,3,11,0.0397111736238,0.00294490670785,0.0510248355567,0.0404764600098,-0.0105483755469
10628,8966,5,21,0.0617809891701,0.0202525351197,0.00123279239051,0.00395416049287,0.00272136810236
10629,5932,4,11,0.0679306313396,0.0174697339535,0.319396644831,0.154182747006,-0.165213897824
10630,5448,5,11,0.0791542306542,0.0261883493513,0.045012075454,0.0494642853737,0.00445220991969
10631,285,1,7,0.0914845690131,0.0366019494832,0.0801532790065,0.0761489644647,-0.00400431454182
10632,7284,4,10,0.0449878573418,0.00786668621004,0.0193578917533,0.032727714628,0.0133698228747
10633,2505,4,7,0.0743922814727,0.0297165624797,0.0819992274046,0.0407459549606,-0.041253272444
10634,8870,2,4,0.123931802809,0.0124092893675,0.0391216874123,0.0425495021045,0.00342781469226
10635,9072,2,6,0.14282643795,0.0264165922999,0.673885822296,0.251546621323,-0.422339200974
10636,7330,2,7,0.158470213413,0.00628913892433,0.067190296948,0.0377244763076,-0.0294658206403
10637,5438,2,6,0.0732059627771,0.00917295645922,0.203017175198,0.178776144981,-0.0242410302162
10638,9288,3,3,0.0793555602431,0.0158404167742,0.03215142712,0.0429379157722,0.0107864886522
10639,8845,3,6,0.0596512444317,0.0228163190186,0.0537449344993,0.0292290747166,-0.0245158597827
10640,4057,3,8,0.0519537515938,0.00410120934248,0.0834821462631,0.0391526930034,-0.0443294532597
10641,4043,1,2,0.0980381444097,0.0329933986068,0.224390283227,0.0630935207009,-0.161296755075
10642,2048,2,10,0.0698137953877,0.0105328094214,0.00927909649909,0.011180177331,0.00190108083189
10643,7914,1,4,0.191350623965,0.0112414099276,0.0145087810233,0.0376489236951,0.0231401436031
10644,6279,1,9,0.203532353044,0.02178100124,0.724743425846,0.180717274547,-0.544026136398
10645,8500,2,7,0.0512835495174,0.0339332744479,0.051626175642,0.0932056084275,0.0415794327855
10646,8142,3,8,0.133898213506,0.0346780158579,0.0357531458139,0.0422196276486,0.00646648183465
10647,7355,1,6,0.149943470955,0.0462148189545,0.0434970371425,0.0341143086553,-0.00938272848725
10648,8712,2,9,0.123637765646,0.0284327715635,0.0178530961275,0.0329950489104,0.0151419527829
10649,8986,2,6,0.0761114060879,0.0139831127599,0.0457452535629,0.0461993925273,0.000454138964415
10650,5663,1,4,0.113982342184,0.0390607230365,0.0584803372622,0.0630030483007,0.00452271103859
10651,2591,2,4,0.184069946408,0.0973759815097,0.135080128908,0.0632389038801,-0.071841225028
10652,4069,5,12,0.0822793245316,0.0196725148708,0.020753191784,0.054509382695,0.0337561890483
10653,101,3,3,0.0551239512861,0.0217474997044,0.111850187182,0.116733849049,0.00488366186619
10654,8812,5,23,0.0658102855086,0.0150875402614,0.281448572874,0.135153695941,-0.146294876933
10655,8830,4,15,0.0944329425693,0.0142179159448,0.0428383462131,0.0454540066421,0.002615660429
10656,5262,3,5,0.0833492800593,0.0181623827666,0.0313130058348,0.0224901884794,-0.00882281735539
10657,95,1,6,0.10098619014,0.0315913707018,0.268247008324,0.0673987790942,-0.200848221779
10659,7233,6,10,0.0600806884468,0.00865519046783,0.102211512625,0.126165658236,0.0239541456103
10660,3543,1,8,0.0775781571865,0.0217191800475,0.029928734526,0.0147769497707,-0.0151517847553
10661,3147,8,14,0.196610763669,0.0200442653149,0.69815248251,0.167661607265,-0.530490875244
10662,8812,1,14,0.0875558778644,0.00835384894162,0.0912632271647,0.0192323438823,-0.0720308870077
10663,3123,2,8,0.220041647553,0.0870358720422,0.861586511135,0.328941702843,-0.532644808292
10664,3123,1,5,0.0966350361705,0.0836965590715,0.997138261795,0.750785112381,-0.246353149414
10665,8559,3,17,0.0570526532829,0.00297695025802,0.109688930213,0.144469603896,0.0347806736827
10666,5130,1,5,0.139070868492,0.040928658098,0.0394698865712,0.0180514473468,-0.0214184392244
10667,2866,6,9,0.174950644374,0.0375911407173,0.47957894206,0.0751876011491,-0.404391348362
10668,3102,1,5,0.101984918118,0.0319746173918,0.0016828328371,0.00200843415223,0.000325601315126
10669,7691,3,9,0.104519486427,0.0163507014513,0.0114978831261,0.0536044873297,0.0421066060662
10670,442,5,1,0.0905497595668,0.00997201260179,0.00509047228843,0.00544317811728,0.000352705828846
10671,5736,4,6,0.10259013623,0.0328627154231,0.016752127558,0.0202879998833,0.0035358723253
10673,4606,1,7,0.0777505710721,0.0366430580616,0.0203967262059,0.0171561762691,-0.00324054993689
10674,5236,2,11,0.135565474629,0.0250001382083,0.00379611202516,0.00671931169927,0.00292319967411
10675,6879,2,3,0.0655172392726,0.0110116032884,0.0175208803266,0.0328213684261,0.0153004880995
10676,5893,2,8,0.0918941125274,0.0371858403087,0.0273725222796,0.0297290682793,0.00235654599965
10677,7991,3,4,0.184438183904,0.0214083809406,0.00916316360235,0.0117187201977,0.00255555659533
10679,8278,2,3,0.183525010943,0.0689617544413,0.683024585247,0.205422699451,-0.477601885796
10680,6913,2,6,0.0928863510489,0.0248103961349,0.0496833063662,0.0188823919743,-0.0308009143919
10681,2030,1,4,0.0607809983194,0.0399540178478,0.0249805115163,0.0211007390171,-0.0038797724992
10682,6487,3,7,0.189901724458,0.058083217591,0.00875842478126,0.00714264437556,-0.0016157804057
10683,761,5,4,0.0682211890817,0.00944106094539,0.0697149187326,0.0676896572113,-0.00202526152134
10685,7688,5,6,0.108039498329,0.0665394514799,0.116207785904,0.0474628992379,-0.0687448829412
10686,9155,2,8,0.0894030332565,0.0181505717337,0.407217413187,0.201682165265,-0.205535247922
10687,8674,3,7,0.104905873537,0.00909925438464,0.0743422210217,0.0216992050409,-0.0526430159807
10688,4945,1,6,0.0733672007918,0.016447417438,0.00528537807986,0.00203489675187,-0.003250481328
10689,8410,1,7,0.227042630315,0.0635579377413,0.716609060764,0.15517885983,-0.561430215836
10690,8463,2,8,0.139543399215,0.0594276711345,0.0164567530155,0.0284022837877,0.0119455307722
10691,9306,1,9,0.160960197449,0.0496439300478,0.568103730679,0.185487046838,-0.382616698742
10692,9303,4,6,0.118007369339,0.0219659153372,0.0913443267345,0.0681675225496,-0.0231768041849
10693,7575,5,11,0.053012508899,0.00618521403521,0.0609780065715,0.0309326443821,-0.0300453621894
10694,4562,1,3,0.121566437185,0.00469514681026,0.0148581676185,0.0230526775122,0.00819450989366
10695,1654,3,6,0.154119238257,0.0784887894988,0.0172092374414,0.00947548262775,-0.00773375481367
10697,8347,3,3,0.042486846447,0.00661057885736,0.0702565535903,0.038909394294,-0.0313471592963
10698,4595,1,7,0.0751474425197,0.0212679281831,0.0280518513173,0.0707406774163,0.0426888242364
10699,9152,1,8,0.109389461577,0.0638006478548,0.0977734923363,0.0261805895716,-0.0715929046273
10700,4196,2,5,0.0634186044335,0.00693249609321,0.00451386347413,0.0104407519102,0.00592688843608
10703,7207,7,34,0.0668374598026,0.0205333065242,0.184176757932,0.154248759151,-0.0299279987812
10704,909,1,5,0.116090394557,0.0291290413588,0.440978139639,0.119048185647,-0.321929961443
10705,8263,1,3,0.0706231072545,0.0239095147699,0.0174386966974,0.0187014229596,0.00126272626221
10706,7861,4,6,0.103369243443,0.0316986143589,0.0370639152825,0.0298573728651,-0.00720654241741
10707,9317,2,6,0.0818286016583,0.0149222062901,0.562748432159,0.280440241098,-0.282308191061
10709,6238,4,13,0.0713291093707,0.0122337816283,0.010927433148,0.0270592421293,0.0161318089813
10710,8970,7,20,0.128939449787,0.013157713227,0.127968341112,0.0846358761191,-0.043332464993
10711,7570,2,5,0.0684360265732,0.0371199324727,0.0463987886906,0.0691337883472,0.0227349996567
10713,8799,4,5,0.0810616016388,0.00994201097637,0.0532326959074,0.114849299192,0.0616166032851
10714,3623,2,5,0.065538264811,0.00349829159677,0.0267777480185,0.0200879946351,-0.0066897533834
10715,6463,3,6,0.106531195343,0.0382491201162,0.000706999504473,0.00528751173988,0.0045805121772
10716,2068,3,3,0.112421490252,0.0345198325813,0.0159775819629,0.0421631596982,0.0261855777353
10717,2133,2,5,0.0699952542782,0.0109327919781,0.0198844596744,0.0128351254389,-0.00704933423549
10718,3610,2,8,0.0705144405365,0.0111247142777,0.0366873219609,0.0146969659254,-0.0219903551042
10719,7808,2,3,0.101878203452,0.00410776119679,0.0187224242836,0.0283516868949,0.00962926261127
10720,5344,3,6,0.0833205655217,0.0112947411835,0.140169158578,0.0482953898609,-0.0918737649918
10721,6722,2,5,0.23388402164,0.0142465783283,0.807910382748,0.18068061769,-0.627229750156
10722,8313,1,5,0.0591587908566,0.0240078605711,0.163314655423,0.0950117483735,-0.0683029070497
10723,8351,3,5,0.103179991245,0.0219127479941,0.00816092826426,0.0129064926878,0.0047455644235
10724,782,4,8,0.0636879503727,0.0224794745445,0.475947827101,0.263219445944,-0.212728381157
10726,9078,5,10,0.0852912962437,0.0216402448714,0.45849069953,0.181534454226,-0.276956260204
10727,9296,6,16,0.173652052879,0.0643754974008,0.00634910305962,0.00387967959978,-0.00246942345984
10728,5985,1,7,0.132187262177,0.00131827464793,0.391144514084,0.136800959706,-0.254343569279
10729,9239,1,6,0.078568443656,0.0250814016908,0.476793855429,0.239420726895,-0.237373128533
10730,8570,5,6,0.0932323113084,0.0219455976039,0.0628692656755,0.0922710672021,0.0294018015265
10731,6827,2,6,0.0772139504552,0.0167858619243,0.00939597934484,0.0221491176635,0.0127531383187
10732,8566,2,7,0.141968667507,0.0630033761263,0.582837164402,0.227408230305,-0.355428934097
10734,8693,4,5,0.077807225287,0.0137982657179,0.0168472677469,0.00490277493373,-0.0119444932789
10735,8562,1,7,0.0603265501559,0.000717812101357,0.0446937456727,0.0335466749966,-0.0111470706761
10736,7943,5,3,0.115436382592,0.00518286973238,0.00951469317079,0.0160911567509,0.00657646358013
10737,8547,7,12,0.112734921277,0.0136269107461,0.135103851557,0.148188531399,0.013084679842
10738,3948,4,7,0.0822603628039,0.0228722486645,0.152094885707,0.145756557584,-0.00633832812309
10739,5342,3,3,0.0812825635076,0.0218199826777,0.00234257755801,0.00493371346965,0.00259113591164
10740,4901,4,4,0.0855196416378,0.0256365649402,0.00895529612899,0.0260734185576,0.0171181224287
10741,6430,3,4,0.121860325336,0.0384773276746,0.0171817485243,0.00781509000808,-0.00936665851623
10743,6719,2,6,0.0692990422249,0.0184937026352,0.00574671523646,0.0182174388319,0.0124707240611
10744,7152,1,6,0.121455192566,0.045838277787,0.0142365992069,0.00588090112433,-0.00835569761693
10745,3956,2,8,0.0494333393872,0.0119145158678,0.110113926232,0.0730587765574,-0.0370551496744
10746,8979,5,11,0.0812171623111,0.00587897188962,0.115725196898,0.0185054894537,-0.0972197055817
10748,4397,3,14,0.102180600166,0.0146818105131,0.00562432268634,0.0222006458789,0.0165763236582
10749,7161,3,11,0.0831517055631,0.00544129358605,0.0249968152493,0.0413176007569,0.0163207855076
10750,9098,9,17,0.0786538720131,0.0373810045421,0.10811175406,0.0807459950447,-0.0273657590151
10751,751,1,2,0.0773526802659,0.0154945170507,0.0297005623579,0.00833756197244,-0.0213630013168
10752,8877,3,6,0.147589251399,0.0211115926504,0.600313723087,0.232808470726,-0.367505252361
10753,7056,1,6,0.0568079836667,0.0114256646484,0.0765566527843,0.0862319543958,0.00967530161142
10754,7167,4,15,0.0939125940204,0.017022928223,0.0619489327073,0.0989188179374,0.0369698852301
10755,8269,1,10,0.0683255121112,0.0105082886294,0.0286881048232,0.0658627524972,0.0371746495366
10757,8303,1,9,0.0957697406411,0.0350162051618,0.0111263236031,0.0290126428008,0.0178863182664
10758,3157,2,5,0.073335044086,0.0251722671092,0.0261472463608,0.0315578989685,0.00541065260768
10759,4891,1,5,0.108002863824,0.0709590092301,0.0270140487701,0.0248928759247,-0.00212117284536
10761,4664,1,4,0.107828117907,0.0124300606549,0.00429228506982,0.00227696844377,-0.00201531662606
10762,7508,1,6,0.152573347092,0.0537553802133,0.0257068928331,0.0228799581528,-0.00282693468034
10763,5612,4,6,0.0634723082185,0.0367205217481,0.000976248353254,0.000926119217183,-5.01291360706e-05
10764,6359,1,5,0.0940948799253,0.0091988099739,0.00782045628875,0.0318972505629,0.0240767933428
10765,6039,2,4,0.090651832521,0.0171741582453,0.0507739856839,0.119731903076,0.0689579173923
10766,2312,3,6,0.068206705153,0.00495424494147,0.221996679902,0.187100052834,-0.0348966270685
10768,6895,3,5,0.0711135044694,0.0160490553826,0.0166695415974,0.00886462815106,-0.00780491344631
10769,2010,2,8,0.0667595639825,0.0174046400934,0.0108459740877,0.0112240025774,0.000378028489649
10770,6344,1,6,0.108630977571,0.0231001134962,0.106100156903,0.0347380451858,-0.0713621079922
10772,6012,1,4,0.176121875644,0.0668197646737,0.368026703596,0.116195820272,-0.251830875874
10773,7029,2,9,0.0733003616333,0.0241792257875,0.0921657830477,0.0981529727578,0.00598718971014
10774,4377,1,7,0.0614273585379,0.0180841051042,0.00440563540906,0.0120048411191,0.00759920570999
10775,4505,5,7,0.0937090814114,0.0134978117421,0.0032790210098,0.00370905431919,0.000430033309385
10776,4018,5,1,0.0720324888825,0.0302529111505,0.00562448985875,0.00561394123361,-1.05486251414e-05
10777,8519,1,4,0.0639221072197,0.0052882656455,0.017408343032,0.0326356999576,0.0152273569256
10780,7631,3,4,0.0700424537063,0.0121037121862,0.00556592689827,0.00570411980152,0.00013819290325
10781,6069,5,4,0.0642003193498,0.0198036972433,0.0276130903512,0.0267000570893,-0.000913033261895
10782,1871,3,4,0.0789187476039,0.0236636511981,0.0778556168079,0.025466574356,-0.0523890405893
10783,944,1,4,0.0964686498046,0.0402363725007,0.520684361458,0.578238904476,0.0575545430183
10784,7326,3,5,0.0666878819466,0.0185980536044,0.0139747094363,0.0148740606382,0.000899351201952
10786,131,2,5,0.0558473318815,0.0128495041281,0.45022714138,0.36361566186,-0.0866114795208
10787,3167,1,6,0.0935949385166,0.014898580499,0.954250574112,0.635775983334,-0.318474590778
10788,7063,2,7,0.0898475646973,0.0165497306734,0.512399613857,0.291117072105,-0.221282541752
10789,354,2,6,0.228372618556,0.107303015888,0.584365010262,0.198553398252,-0.385811626911
10790,3869,3,6,0.0420045405626,0.0245732013136,0.230350255966,0.188252285123,-0.0420979708433
10792,1118,5,5,0.0711415335536,0.00823465827852,0.0257694646716,0.0412709973752,0.0155015327036
10793,2650,2,8,0.0673325285316,0.00731547176838,0.0778417140245,0.0435140430927,-0.0343276709318
10794,7762,3,4,0.0811481773853,0.026865420863,0.017327317968,0.0136711811647,-0.00365613680333
10795,5424,4,3,0.0876082479954,0.0186700616032,0.00245882431045,0.00309551856481,0.000636694254354
10796,6571,2,5,0.184032991529,0.0544468834996,0.396850019693,0.115506015718,-0.281343996525
10798,6128,3,6,0.157970279455,0.0763083100319,0.183640539646,0.0772523134947,-0.106388226151
10799,5998,2,6,0.103745937347,0.0286556649953,0.018793232739,0.0183815080673,-0.000411724671721
10800,8607,1,8,0.0600710101426,0.0146565893665,0.0254638176411,0.0064891576767,-0.0189746599644
10801,2922,3,10,0.120166666806,0.0269654355943,0.0274051297456,0.0306938085705,0.0032886788249
10802,5106,6,6,0.0927160903811,0.0203486345708,0.0184278339148,0.0177561659366,-0.000671667978168
10804,6707,2,7,0.298174589872,0.0646843090653,0.890411734581,0.195765003562,-0.694646716118
10805,1062,3,4,0.116599828005,0.0207281094044,0.100110344589,0.0660642907023,-0.0340460538864
10806,5594,2,6,0.22617046535,0.0671802759171,0.00924486666918,0.0077243167907,-0.00152054987848
10807,5480,2,2,0.100983403623,0.0492585115135,0.218041047454,0.141496047378,-0.0765450000763
10808,6112,3,5,0.0828593149781,0.0197960902005,0.0109836757183,0.0159748699516,0.0049911942333
10809,1872,3,5,0.107212521136,0.0267885252833,0.022356973961,0.0224238988012,6.69248402119e-05
10810,8733,1,5,0.170772865415,0.0730292201042,0.00864797923714,0.0177848935127,0.00913691427559
10811,8428,3,5,0.0944630429149,0.014535821043,0.0348815023899,0.0210894625634,-0.0137920398265
10813,7,1,5,0.0914094150066,0.0290869977325,0.153282865882,0.0653693005443,-0.0879135653377
10814,3148,3,5,0.0511978380382,0.00675275130197,0.00520534534007,0.00341579131782,-0.00178955402225
10815,7101,1,5,0.0985508561134,0.00930991210043,0.0154815986753,0.0114468270913,-0.00403477158397
10816,8861,1,5,0.0996379032731,0.0104449056089,0.0965161249042,0.035466991365,-0.0610491335392
10817,767,3,7,0.0710775628686,0.00767545914277,0.0628658607602,0.0989249572158,0.0360590964556
10818,9320,3,10,0.0615614764392,0.019049661234,0.165049403906,0.0570140294731,-0.108035370708
10819,8097,1,6,0.101434208453,0.0345091074705,0.00455239461735,0.00917448475957,0.00462209014222
10820,1413,1,3,0.140082791448,0.0300243962556,0.359671980143,0.0533822216094,-0.306289762259
10822,2332,2,4,0.155480533838,0.0459717735648,0.385047078133,0.0847448706627,-0.30030220747
10824,1163,4,6,0.419318884611,0.0687611401081,0.001892400207,0.0242479685694,0.0223555676639
10825,3339,3,3,0.0871033668518,0.0299210418016,0.0294178687036,0.00667791021988,-0.0227399580181
10826,9170,4,7,0.160453960299,0.0216890890151,0.00283028604463,0.0212226565927,0.0183923710138
10827,2031,2,6,0.0567954070866,0.00590319931507,0.317756056786,0.315426647663,-0.00232940912247
10828,7286,1,6,0.0916195884347,0.00459084194154,0.00737532787025,0.00544803822413,-0.00192728964612
10829,2569,1,8,0.0917693078518,0.0205955225974,0.000827829411719,0.00125100498553,0.000423175573815
10830,3030,1,3,0.0657746866345,0.0105705419555,0.0168845076114,0.00466301431879,-0.0122214928269
10831,6065,5,6,0.113794513047,0.0222205687314,0.392117977142,0.161548271775,-0.230569705367
10833,944,3,6,0.0874543711543,0.0388277880847,0.0841946825385,0.0620822347701,-0.0221124477684
10834,808,1,7,0.0811995863914,0.0181371364743,0.0659901052713,0.0356345809996,-0.0303555242717
10836,774,2,7,0.121041618288,0.0266926251352,0.0153414802626,0.0220612939447,0.00671981368214
10837,2535,2,2,0.202988609672,0.109591647983,0.916615128517,0.379215687513,-0.537399411201
10838,3465,2,5,0.0897816047072,0.013540041633,0.019263420254,0.0166536625475,-0.00260975770652
10839,3869,1,5,0.10053679347,0.0306781660765,0.134177699685,0.346125513315,0.21194781363
10840,3197,1,5,0.180888473988,0.0524108633399,0.677917778492,0.175678133965,-0.502239644527
10841,2809,5,6,0.128588095307,0.0260116122663,0.0312579348683,0.0610359460115,0.0297780111432
10843,779,5,4,0.258343756199,0.0667532086372,0.819967210293,0.176763176918,-0.643204033375
10844,799,2,3,0.10828461498,0.00340732559562,0.17513756454,0.0550958812237,-0.120041683316
10845,3350,3,6,0.144055053592,0.0373012684286,0.0125758517534,0.00405006529763,-0.00852578692138
10846,2445,1,5,0.183372214437,0.00853357929736,0.41659873724,0.0691427215934,-0.347456008196
10847,1409,2,3,0.185833856463,0.0672406330705,0.0414463169873,0.327046304941,0.285599976778
10848,5013,3,4,0.0820239558816,0.0473653040826,0.0302630793303,0.020299969241,-0.0099631100893
10849,6912,1,4,0.153735876083,0.0600678808987,0.0294895675033,0.0149497138336,-0.0145398536697
10850,944,1,4,0.0750985965133,0.0338791571558,0.114863887429,0.0802276656032,-0.0346362218261
10851,8663,3,5,0.0871016979218,0.0124028520659,0.000936604803428,0.00138370925561,0.000447104452178
10852,2031,1,6,0.100828617811,0.0166028253734,0.0466137118638,0.0297628641129,-0.0168508477509
10854,2323,1,4,0.145601019263,0.0212092548609,0.00770593062043,0.0154886739329,0.00778274331242
10855,1925,2,2,0.0984464809299,0.0340787507594,0.00263639562763,0.014734624885,0.0120982294902
10856,8440,2,3,0.0662133693695,0.00705837318674,0.0150794237852,0.0213650744408,0.00628565065563
10859,7232,4,17,0.0749984011054,0.0409511141479,0.0241723377258,0.0333985202014,0.00922618247569
10861,5816,1,8,0.105108208954,0.00562782539055,0.193996652961,0.0213822033256,-0.172614455223
10862,7965,5,10,0.187167227268,0.0521589964628,0.599020600319,0.138695299625,-0.460325300694
10863,4658,2,5,0.226056322455,0.0354989618063,0.532253026962,0.0543360076845,-0.477917015553
10865,5492,5,4,0.0950006470084,0.0319992788136,0.0223669111729,0.026326239109,0.00395932793617
10866,4183,2,5,0.0530728511512,0.01065198984,0.0617464110255,0.0519260317087,-0.00982037931681
10867,5612,2,3,0.0637617111206,0.00265476619825,0.0354453772306,0.0121051855385,-0.0233401916921
10868,4784,2,5,0.218254908919,0.110499404371,0.0191181898117,0.00607580179349,-0.0130423884839
10869,6382,2,7,0.0873151645064,0.0160480681807,0.00538864079863,0.0071136741899,0.00172503339127
10870,6011,1,6,0.0856508091092,0.0179568137974,0.00721408706158,0.00822682958096,0.00101274251938
10872,376,3,7,0.0727325081825,0.0232997462153,0.0431265644729,0.0263280477375,-0.0167985167354
10873,6145,3,4,0.0790821090341,0.0157819986343,0.0160753373057,0.00619192840531,-0.00988340936601
10874,777,1,8,0.158903732896,0.048555854708,0.951776504517,0.498472958803,-0.453303545713
10875,2567,1,5,0.106682680547,0.0366024076939,0.0365187637508,0.0178971160203,-0.0186216477305
10876,9014,3,4,0.0674795731902,0.00522804493085,0.00415341276675,0.00521104224026,0.00105762947351
10877,5872,1,7,0.0741263255477,0.0154322264716,0.0618690960109,0.0497329421341,-0.0121361538768
10879,5991,2,3,0.0755457356572,0.0183699596673,0.0112655051053,0.00809916481376,-0.0031663402915
10880,7033,1,4,0.0467410683632,0.0129522494972,0.086118966341,0.0553237088025,-0.0307952575386
10881,4397,4,10,0.0506050400436,0.0124590517953,0.00692107668146,0.00605452572927,-0.000866550952196
10882,3771,3,3,0.136392697692,0.0268321540207,0.0284277368337,0.0320036821067,0.00357594527304
10884,1978,2,5,0.0654139891267,0.00919926539063,0.0257208012044,0.0444734506309,0.0187526494265
10885,2846,3,3,0.0874076411128,0.025837784633,0.022774387151,0.0177023280412,-0.00507205910981
10886,5718,4,4,0.370337098837,0.0458274446428,0.0526421517134,0.0302032064646,-0.0224389452487
10887,6038,1,8,0.11531110853,0.0110065275803,0.00128214107826,0.0057936697267,0.00451152864844
10888,4163,3,5,0.0563406459987,0.022886088118,0.0830494463444,0.0702938511968,-0.0127555951476
10889,5898,1,8,0.0757213532925,0.0214849598706,0.0511335171759,0.0343073196709,-0.016826197505
10890,771,2,4,0.154265776277,0.0239095818251,0.0893710032105,0.0670222267509,-0.0223487764597
10891,5024,3,9,0.0546136535704,0.0129712633789,0.0318202972412,0.0509535931051,0.0191332958639
10893,8884,4,6,0.124889612198,0.0256019923836,0.113889671862,0.0502796433866,-0.0636100322008
10895,8491,2,14,0.141760826111,0.013724565506,0.469260454178,0.119558893144,-0.349701553583
10896,8559,4,16,0.0522841028869,0.0224402174354,0.188236355782,0.205362841487,0.0171264857054
10897,7058,2,8,0.0657840594649,0.0219055321068,0.0259039178491,0.0114095853642,-0.0144943324849
10898,8358,1,3,0.0782250389457,0.00601792428643,0.0572835169733,0.0400490611792,-0.0172344557941
10899,1341,3,4,0.105058282614,0.0459314808249,0.486582487822,0.204505980015,-0.282076507807
10900,4273,3,6,0.10486086458,0.0187231004238,0.00816408917308,0.00483823334798,-0.0033258558251
10901,6021,3,4,0.133942872286,0.0863021239638,0.0159507915378,0.0234242025763,0.00747341103852
10902,86,4,4,0.096002317965,0.0339418314397,0.0611220635474,0.00766492495313,-0.0534571371973
10903,7197,1,5,0.0784315541387,0.0158416647464,0.00439564464614,0.00954206008464,0.0051464154385
10904,8874,2,6,0.0606696344912,0.0210501011461,0.108898341656,0.0687510594726,-0.0401472821832
10906,5497,1,16,0.116769708693,0.0353435315192,0.080980502069,0.0195378176868,-0.0614426843822
10907,8287,1,2,0.0900195613503,0.0185009781271,0.0397377200425,0.0360307842493,-0.00370693579316
10908,490,2,3,0.063198544085,0.0253999307752,0.045918084681,0.0248863622546,-0.0210317224264
10909,6199,3,2,0.0651098936796,0.0221160016954,0.00555682135746,0.00443692272529,-0.00111989863217
10910,6625,3,5,0.0893789753318,0.0164921749383,0.0846054181457,0.0185465216637,-0.066058896482
10912,8780,4,3,0.122433714569,0.0312627069652,0.00798647478223,0.00734620681033,-0.000640267971903
10913,8460,1,4,0.0494735948741,0.0103368135169,0.0363167896867,0.0181828979403,-0.0181338917464
10917,476,2,5,0.103619396687,0.0607524812222,0.177815109491,0.220839977264,0.0430248677731
10918,932,3,7,0.0710680931807,0.0158877335489,0.0279597081244,0.0288286078721,0.000868899747729
10919,106,1,6,0.0583813227713,0.010025001131,0.0878297388554,0.0612573437393,-0.0265723951161
10920,3147,4,5,0.175742462277,0.109214387834,0.997307896614,0.590020000935,-0.407287895679
10921,6712,1,4,0.135837242007,0.0502949692309,0.417530059814,0.0938716158271,-0.323658436537
10922,1700,1,5,0.31254157424,0.0666982159019,0.847410857677,0.143587782979,-0.7038230896
10923,8134,1,5,0.166681453586,0.0309005510062,0.830915033817,0.315659046173,-0.515255987644
10924,4631,2,4,0.0963644385338,0.0297347418964,0.00213161855936,0.00576989538968,0.00363827683032
10925,3869,3,5,0.0873690545559,0.0412132628262,0.698459208012,0.375810772181,-0.322648435831
10926,3156,3,7,0.0692575871944,0.0206109024584,0.00292839133181,0.00335033820011,0.0004219468683
10927,3452,3,1,0.122038424015,0.0310613177717,0.00470386864617,0.0095895640552,0.00488569540903
10928,2061,2,7,0.0675273314118,0.023124249652,0.0664682164788,0.0157583858818,-0.0507098287344
10930,1873,1,2,0.094784758985,0.0602383725345,0.238838791847,0.0985162854195,-0.140322506428
10932,9301,2,7,0.0825670659542,0.0188010949641,0.00255967350677,0.00186286249664,-0.00069681101013
10933,4585,3,3,0.144444480538,0.0763483345509,0.0336460769176,0.0401439107955,0.0064978338778
10935,2849,1,6,0.188634634018,0.067087136209,0.118504971266,0.302156180143,0.183651208878
10936,1409,3,6,0.0952997431159,0.0304851830006,0.117497526109,0.2510240376,0.13352650404
10937,5010,1,9,0.0847298204899,0.0397528372705,0.00317185046151,0.012824931182,0.00965308025479
10938,2445,2,5,0.184206679463,0.0815230458975,0.192863866687,0.0404949188232,-0.152368947864
10939,6782,3,5,0.0957707390189,0.0439593829215,0.0841154754162,0.068568944931,-0.0155465304852
10940,8872,3,5,0.0722086504102,0.00778503390029,0.0661017596722,0.0267703030258,-0.039331458509
10942,7913,4,4,0.0741912126541,0.0155562581494,0.0810249820352,0.0486676841974,-0.0323572978377
10943,1894,2,7,0.161671072245,0.0418387874961,0.0365497507155,0.0147338444367,-0.0218159072101
10944,471,1,7,0.0944576337934,0.0412896610796,0.150565981865,0.243489310145,0.0929233282804
10945,6158,1,3,0.107817940414,0.01496463269,0.0819602310658,0.0191111359745,-0.0628490969539
10946,3234,3,4,0.279108464718,0.0271948445588,0.711178660393,0.0639811232686,-0.647197544575
10947,1180,4,4,0.101381190121,0.00855896994472,0.406357169151,0.121828459203,-0.284528702497
10949,6938,2,5,0.0877673402429,0.0340903475881,0.157967284322,0.0476801507175,-0.110287129879
10950,3803,1,4,0.115078650415,0.0729342028499,0.0389264523983,0.0303280800581,-0.0085983723402
10951,8014,3,4,0.23982489109,0.0885834023356,0.706851363182,0.154712706804,-0.55213868618
10952,1619,3,3,0.0869379714131,0.00829881709069,0.0127832135186,0.00979118887335,-0.00299202464521
10953,5890,1,7,0.0937145724893,0.0276393592358,0.0322105363011,0.045598000288,0.0133874639869
10954,131,1,7,0.0327130332589,0.0218655467033,0.708489775658,0.617489337921,-0.0910004377365
10955,698,1,5,0.156665101647,0.0265116803348,0.345563083887,0.0647156313062,-0.280847460032
10956,78,2,5,0.334117740393,0.0218557007611,0.698410212994,0.0397250913084,-0.658685147762
10957,5718,1,3,0.185436606407,0.0152919562533,0.47407284379,0.0580763705075,-0.415996462107
10958,8933,1,4,0.0617737285793,0.00875446293503,0.0166972652078,0.0273955073208,0.010698242113
10959,6959,5,4,0.081350274384,0.013672045432,0.0180455446243,0.0435116998851,0.0254661552608
10961,304,1,7,0.129744470119,0.0190905444324,0.248333498836,0.102658592165,-0.145674914122
10962,2911,3,4,0.185625478625,0.0370467305183,0.782552599907,0.250750541687,-0.53180205822
10963,131,1,7,0.11994523555,0.0202010236681,0.450363010168,0.352713495493,-0.0976495146751
10964,3349,1,5,0.0951962471008,0.0148365339264,0.00745269237086,0.00508876843378,-0.00236392393708
10965,6491,1,6,0.204994022846,0.0679746940732,0.708352327347,0.175278380513,-0.533073961735
10966,5712,3,3,0.0941473469138,0.0591713488102,0.0027407342568,0.0103625636548,0.00762182939798
10968,3148,3,2,0.102640159428,0.0350592918694,0.070616684854,0.0822139680386,0.0115972831845
10969,5379,1,10,0.0982033535838,0.0184798240662,0.0634618774056,0.0369689054787,-0.0264929719269
10970,8108,4,4,0.0850105211139,0.00825081579387,0.0878880769014,0.107968777418,0.0200807005167
10971,2039,1,5,0.139577299356,0.041854031384,0.0230721123517,0.0246314723045,0.00155935995281
10973,8461,3,7,0.112425304949,0.0210367739201,0.354702949524,0.10775860399,-0.246944338083
10974,8864,2,7,0.118634343147,0.060883782804,0.160230353475,0.0493481047451,-0.110882252455
10975,3941,4,9,0.0851347520947,0.0345518775284,0.0563159063458,0.228292346001,0.171976447105
10976,6150,1,5,0.117668829858,0.0693239718676,0.0109708532691,0.0152648137882,0.00429396051913
10977,8532,3,7,0.0934298336506,0.0301493741572,0.125268474221,0.0568090714514,-0.0684594064951
10978,1409,3,4,0.0548088401556,0.0236107707024,0.0425777286291,0.0499707311392,0.00739300251007
10979,6636,2,6,0.0874999389052,0.0338209196925,0.0517854616046,0.0875244513154,0.0357389897108
10980,6431,1,8,0.0923525691032,0.0319707728922,0.091834180057,0.02806789428,-0.0637662857771
10981,7662,2,6,0.123996973038,0.0173399467021,0.0119809135795,0.00887323822826,-0.0031076753512
10982,5944,1,5,0.120477519929,0.0167143847793,0.0309266801924,0.0333912335336,0.00246455334127
10983,2012,1,6,0.0935330167413,0.0170472562313,0.0598431527615,0.0270991250873,-0.0327440276742
10985,292,2,4,0.0767186805606,0.013277198188,0.117652051151,0.0261415094137,-0.0915105417371
10986,4993,2,4,0.0991558507085,0.00552587304264,0.00254268781282,0.00668185250834,0.00413916446269
10988,6037,4,3,0.101937316358,0.0215370878577,0.00585290091112,0.0152539908886,0.00940109044313
10989,8790,7,10,0.167536616325,0.065436989069,0.0236566532403,0.148614510894,0.124957859516
10990,3935,4,14,0.0698557049036,0.0325227715075,0.0963518545032,0.0542167685926,-0.0421350859106
10991,7251,1,9,0.0930312871933,0.0197407454252,0.0597491338849,0.0798664167523,0.0201172828674
10992,8847,1,11,0.148054912686,0.037494789809,0.748597621918,0.302824407816,-0.445773214102
10993,7161,1,10,0.124321043491,0.00258590327576,0.0764504149556,0.270253062248,0.193802654743
10994,7222,2,4,0.0900777801871,0.0259807482362,0.200932115316,0.0785647705197,-0.122367344797
10995,7308,6,9,0.129302203655,0.0638302564621,0.400707662106,0.168394103646,-0.232313558459
10996,4264,2,6,0.0807348266244,0.0186957959086,0.017228430137,0.0210545640439,0.00382613390684
10997,5977,1,3,0.0642296522856,0.0204772502184,0.0616075992584,0.0496700294316,-0.0119375698268
10998,3774,1,6,0.108062960207,0.0412789583206,0.00414329208434,0.0212533418089,0.0171100497246
10999,6335,2,7,0.317811518908,0.0780163481832,0.914911746979,0.200300559402,-0.714611172676
