user_id,selected_test_positive_item,test_positive_count,train_degree,listwise_jsd_mean,listwise_jsd_std_across_permutations,original_positive_probability,permuted_positive_probability_mean,positive_probability_change
0,164,1,3,0.0580611117184,0.00949717126787,0.181340932846,0.152190610766,-0.0291503220797
1,2530,10,28,0.0650756061077,0.0100140441209,0.0165869873017,0.0135548040271,-0.00303218327463
2,5029,8,21,0.0584591627121,0.016427423805,0.0216790251434,0.0352975614369,0.0136185362935
3,114,15,26,0.015471839346,0.00710208714008,0.636536478996,0.667362272739,0.0308257937431
4,6857,2,27,0.105115532875,0.0161811951548,0.22032533586,0.151113733649,-0.069211602211
5,8805,14,29,0.0602659843862,0.0107269398868,0.13491691649,0.12316993624,-0.0117469802499
6,3200,4,20,0.0561660639942,0.00786946807057,0.0138247394934,0.0219170227647,0.00809228327125
7,3363,5,16,0.0292613711208,0.00844195205718,0.635833621025,0.456600815058,-0.179232805967
8,3298,1,12,0.132989987731,0.0291026681662,0.800598740578,0.331158697605,-0.469440042973
9,1322,2,12,0.0715667903423,0.0170409735292,0.169400960207,0.196196913719,0.0267959535122
10,154,2,7,0.0498900748789,0.0323521979153,0.0817915946245,0.0747669637203,-0.0070246309042
11,2968,7,12,0.0354094319046,0.0165967363864,0.518833518028,0.393589287996,-0.125244230032
12,131,5,18,0.00310090277344,0.000968850043137,0.972151637077,0.958887398243,-0.0132642388344
13,7819,10,31,0.0379352904856,0.0103152794763,0.0156041523442,0.00493140844628,-0.0106727443635
14,590,12,51,0.0702959448099,0.0564697124064,0.205486938357,0.132177248597,-0.0733096897602
15,164,8,18,0.0425507612526,0.00335433171131,0.214259549975,0.107165403664,-0.107094146311
16,8589,54,162,0.0258796215057,0.00585800409317,0.0181455351412,0.0159442890435,-0.00220124609768
17,1070,25,75,0.0431558154523,0.0170562211424,0.248748481274,0.132121875882,-0.116626605392
18,208,8,10,0.137799486518,0.0547911301255,0.765878558159,0.347616165876,-0.418262392282
19,377,24,63,0.0122357634827,0.00736639881507,0.914228141308,0.904240369797,-0.00998777151108
20,5666,14,56,0.0685550794005,0.0246384423226,0.346350878477,0.275258153677,-0.0710927248001
21,1082,9,16,0.0409540049732,0.016713000834,0.12652811408,0.111888580024,-0.0146395340562
22,4474,4,17,0.0426485873759,0.00358758424409,0.0940112620592,0.042738173157,-0.0512730889022
23,608,6,30,0.0497800968587,0.0295118428767,0.21166613698,0.201133653522,-0.0105324834585
24,395,9,28,0.0817497074604,0.0364966057241,0.456404149532,0.291018277407,-0.165385872126
25,344,17,38,0.0215485487133,0.00988844409585,0.433063715696,0.580331802368,0.147268086672
26,5671,1,12,0.0507359653711,0.0247101057321,0.896877586842,0.658062279224,-0.238815307617
27,704,4,18,0.0176130458713,0.0215490609407,0.230813145638,0.343128532171,0.112315386534
28,733,2,3,0.144571438432,0.0545508340001,0.800776302814,0.321942090988,-0.478834211826
29,681,2,21,0.0387921221554,0.0166473910213,0.292854487896,0.32871606946,0.0358615815639
30,7945,16,31,0.031959336251,0.0375050641596,0.894093334675,0.803331553936,-0.0907617807388
31,665,5,23,0.00176024984103,0.00192141684238,0.996643781662,0.988680541515,-0.00796324014664
32,5968,4,10,0.0193946883082,0.00965351145715,0.77962487936,0.788623094559,0.00899821519852
34,628,1,4,0.0645862221718,0.0201697647572,0.722695410252,0.476224571466,-0.246470838785
35,7321,1,4,0.109419904649,0.032977912575,0.454710125923,0.170335590839,-0.284374535084
36,710,5,19,0.00937641784549,0.00581160653383,0.934354424477,0.894168674946,-0.0401857495308
37,705,1,12,0.0247232411057,0.00702076777816,0.713129997253,0.529956519604,-0.18317347765
38,674,8,28,0.00315030105412,0.00227577239275,0.980119645596,0.957776844501,-0.0223428010941
39,5977,6,25,0.0224485322833,0.0159488040954,0.320138037205,0.217377781868,-0.102760255337
40,5969,11,29,0.0343482196331,0.0304361712188,0.92932254076,0.807243824005,-0.122078716755
41,681,5,14,0.0485108196735,0.03088648431,0.594791471958,0.501452684402,-0.0933387875557
42,627,7,21,0.0385013744235,0.0155896777287,0.995095133781,0.871322333813,-0.123772799969
43,652,6,13,0.0108373286203,0.00274931197055,0.938889443874,0.872239649296,-0.0666497945786
44,620,2,4,0.107799530029,0.0394923761487,0.472903221846,0.540472507477,0.0675692856312
45,720,1,1,0.0615003407001,0.0384237095714,0.581008017063,0.725357830524,0.144349813461
46,672,2,4,0.0835155472159,0.0521305650473,0.744367301464,0.446323305368,-0.298043996096
47,737,2,2,0.0249515082687,0.00593144074082,0.783620774746,0.633806407452,-0.149814367294
48,678,2,3,0.116095513105,0.0497864224017,0.785383164883,0.376452594995,-0.408930569887
49,635,2,2,0.0292824115604,0.00809496734291,0.354148119688,0.287222862244,-0.0669252574444
51,629,1,5,0.0274068098515,0.0151770021766,0.994363665581,0.902850806713,-0.0915128588676
52,619,1,1,0.130717873573,0.0375820733607,0.733740448952,0.311131715775,-0.422608733177
53,698,1,4,0.101893953979,0.0596483871341,0.817960739136,0.421072810888,-0.396887928247
56,734,4,8,0.016946490854,0.0104043791071,0.906788229942,0.844725847244,-0.0620623826981
57,688,2,1,0.0320081822574,0.00902368687093,0.0416754409671,0.0408549159765,-0.000820524990559
59,5065,1,2,0.0425223447382,0.0143595375121,0.0589669942856,0.0505330003798,-0.00843399390578
60,912,17,37,0.0432605631649,0.011180460453,0.0487733930349,0.0352733358741,-0.0135000571609
61,883,16,70,0.0925914123654,0.0231622997671,0.186657384038,0.0507542006671,-0.135903179646
62,4128,21,62,0.0526300035417,0.0152968578041,0.127710863948,0.0739136040211,-0.0537972599268
63,316,3,9,0.0748954936862,0.0369148291647,0.860874295235,0.554517269135,-0.3063570261
64,7492,12,39,0.060307700187,0.0145534379408,0.0523582957685,0.0185724049807,-0.0337858907878
65,490,7,13,0.0336526148021,0.0160269327462,0.476665169001,0.393123775721,-0.08354139328
66,766,16,43,0.0805777907372,0.0141286989674,0.487420588732,0.180546358228,-0.306874215603
67,162,1,7,0.0889750644565,0.0133064687252,0.0146080730483,0.0379461459816,0.0233380720019
68,3376,11,61,0.0719853341579,0.0219952780753,0.0529835894704,0.215150818229,0.162167221308
69,161,11,37,0.0878239497542,0.0500224456191,0.748518645763,0.424429744482,-0.324088901281
70,4463,13,34,0.0365180745721,0.0260975454003,0.972380399704,0.826622486115,-0.145757913589
71,476,2,9,0.133787289262,0.0370419286191,0.876498997211,0.43285754323,-0.443641453981
72,750,4,5,0.0978979840875,0.0441218018532,0.779932320118,0.395606666803,-0.384325653315
73,316,9,39,0.106110833585,0.0564078614116,0.509732544422,0.23652882874,-0.273203730583
74,278,9,10,0.0116437673569,0.000423345452873,0.834297001362,0.871714293957,0.0374172925949
75,4358,5,36,0.0599113591015,0.0266023091972,0.418283849955,0.263799697161,-0.154484152794
76,9057,4,10,0.0790220424533,0.0246726069599,0.491688787937,0.281865537167,-0.209823250771
77,749,2,5,0.0973123088479,0.008733574301,0.1784478724,0.100001581013,-0.0784462913871
78,750,2,5,0.129835113883,0.0670006498694,0.678597509861,0.26195910573,-0.416638404131
79,5757,3,10,0.0588482432067,0.0141324391589,0.0476624034345,0.0303077548742,-0.0173546485603
80,8279,2,4,0.0419298224151,0.00822276715189,0.180717006326,0.0986560881138,-0.0820609182119
81,9024,1,5,0.0613225884736,0.0240655820817,0.0449712611735,0.0453898347914,0.000418573617935
82,340,4,2,0.140601739287,0.0293746236712,0.751856923103,0.269326627254,-0.482530295849
83,4481,3,20,0.0599628575146,0.0152135714889,0.0219113789499,0.0442804284394,0.0223690494895
84,844,3,21,0.0277848616242,0.00752785056829,0.75715559721,0.674363434315,-0.0827921628952
85,165,11,39,0.0347674079239,0.0173219926655,0.516871631145,0.300795137882,-0.216076493263
86,3039,5,7,0.136933848262,0.0118301184848,0.831387281418,0.399650335312,-0.431736946106
87,865,8,20,0.0632494091988,0.0371595211327,0.982540905476,0.772594749928,-0.209946155548
88,905,7,7,0.0914676189423,0.0185187645257,0.140938967466,0.145719915628,0.00478094816208
89,208,10,19,0.0931270420551,0.0194722227752,0.804357945919,0.420901924372,-0.383456021547
90,2991,6,8,0.0326450951397,0.0158361960202,0.0792060643435,0.14731772244,0.0681116580963
91,1104,4,4,0.0733386054635,0.0188062321395,0.0850078687072,0.161918655038,0.0769107863307
92,4667,8,21,0.0211546551436,0.0118621345609,0.199655234814,0.214950203896,0.0152949690819
93,3612,5,19,0.0475933142006,0.0116024101153,0.390005141497,0.482679396868,0.0926742553711
94,3168,21,56,0.0806087180972,0.0202230941504,0.0174611601979,0.0458288043737,0.0283676441759
95,313,91,253,0.061301600188,0.0234749801457,0.165888190269,0.302388101816,0.136499911547
96,3408,10,36,0.0820659101009,0.00976872351021,0.426663190126,0.115732572973,-0.310930609703
97,312,3,13,0.0906889215112,0.0624573901296,0.109411664307,0.233239606023,0.123827941716
98,106,6,10,0.0741869956255,0.0340997651219,0.0783030390739,0.0658758506179,-0.0124271884561
100,747,1,9,0.10465875268,0.0852917358279,0.584352612495,0.299520164728,-0.284832447767
101,788,1,10,0.0436569340527,0.0100552290678,0.0964745283127,0.14891640842,0.0524418801069
102,299,21,52,0.0582837164402,0.0263828653842,0.14787428081,0.128437444568,-0.0194368362427
103,6285,8,29,0.0674824491143,0.0228944588453,0.0115502588451,0.0337449908257,0.0221947319806
104,5172,37,106,0.118020541966,0.0139412907884,0.0197100229561,0.0313249975443,0.0116149745882
105,891,5,12,0.136935248971,0.0139744523913,0.0288216602057,0.100988171995,0.0721665099263
106,693,11,48,0.0176822375506,0.00426196772605,0.761963844299,0.84961271286,0.0876488685608
107,2566,3,5,0.0759010314941,0.00645322306082,0.073042884469,0.0770019516349,0.00395906716585
108,5012,4,4,0.0591074116528,0.0160917360336,0.0195272006094,0.0303985420614,0.010871341452
109,1351,3,20,0.0754497423768,0.00806556548923,0.00946946814656,0.0117175430059,0.00224807485938
110,3494,3,5,0.0559302307665,0.00603924272582,0.0701939016581,0.0242633074522,-0.0459305942059
111,6466,2,5,0.0737382471561,0.0384520404041,0.116912923753,0.22231285274,0.105399928987
112,4071,7,9,0.0316464193165,0.0107190739363,0.16946016252,0.30239328742,0.1329331249
113,7318,1,7,0.0390858948231,0.00914965104312,0.0312531851232,0.0536318682134,0.0223786830902
114,1867,6,24,0.0935432091355,0.0483580157161,0.0756705924869,0.12978194654,0.054111354053
115,596,6,10,0.048562515527,0.0188374985009,0.518161296844,0.449327617884,-0.0688336789608
116,8601,4,8,0.0568936467171,0.00388805801049,0.17847917974,0.0912404432893,-0.0872387364507
117,7759,7,39,0.0445960573852,0.0117572313175,0.00720812147483,0.030477674678,0.0232695527375
118,5267,9,14,0.0793173909187,0.0227465517819,0.0502709560096,0.118817858398,0.0685469061136
119,4705,36,143,0.104764200747,0.0112510994077,0.0977498441935,0.360736846924,0.262987017632
120,1980,20,66,0.054648835212,0.0148968929425,0.085697799921,0.215011641383,0.129313841462
121,6429,5,17,0.0729421302676,0.0284133646637,0.0896029770374,0.0354647375643,-0.0541382394731
122,4866,2,8,0.0651883110404,0.0120545979589,0.404075115919,0.548808515072,0.144733399153
123,2246,57,184,0.0878859981894,0.0641382113099,0.28632286191,0.176633372903,-0.109689489007
124,8246,57,147,0.0753665268421,0.0140425302088,0.135902971029,0.027244694531,-0.108658276498
125,3766,15,68,0.078533090651,0.0293115656823,0.0333704687655,0.0953829512,0.0620124824345
126,7892,14,49,0.072505094111,0.0302049256861,0.0105074094608,0.0287985634059,0.0182911530137
127,2397,39,89,0.141432076693,0.0626328662038,0.00573974661529,0.00712289661169,0.0013831499964
128,1591,9,10,0.0689742043614,0.0298102609813,0.0860214680433,0.160967126489,0.0749456584454
129,831,20,55,0.0844163075089,0.0066013969481,0.46174249053,0.194493710995,-0.267248779535
130,2183,11,35,0.184465825558,0.0537126027048,0.63913744688,0.165950611234,-0.473186850548
131,4946,5,39,0.0791361555457,0.0284561160952,0.109040744603,0.300671249628,0.191630512476
132,763,12,28,0.0394745655358,0.0163473300636,0.44386574626,0.332931250334,-0.110934495926
133,2217,18,34,0.0557242445648,0.0152254197747,0.0487913154066,0.0446348488331,-0.00415646657348
134,2133,8,15,0.197919860482,0.0852819532156,0.0815839841962,0.41403105855,0.332447081804
135,3974,2,12,0.0657953321934,0.0187988895923,0.0853202268481,0.171951696277,0.0866314694285
136,4843,13,35,0.132643029094,0.0560243390501,0.525893032551,0.196782946587,-0.329110085964
137,1827,3,8,0.0840962007642,0.016004499048,0.255558788776,0.13438397646,-0.121174812317
138,3828,33,71,0.0389715768397,0.0172375254333,0.244298741221,0.299630194902,0.055331453681
139,2444,11,29,0.0401561073959,0.0171030908823,0.0565786994994,0.05304421857,-0.00353448092937
140,6045,2,6,0.0494276769459,0.0214583333582,0.0766893327236,0.0548320300877,-0.0218573026359
141,2151,7,18,0.0870321765542,0.0180122107267,0.0385489650071,0.0505394041538,0.0119904391468
142,2129,4,8,0.0425311177969,0.00529260048643,0.00432726088911,0.0221828147769,0.0178555548191
143,5863,3,5,0.0116727054119,0.00928227603436,0.820695459843,0.783345639706,-0.037349820137
145,228,4,6,0.0391498990357,0.0127635961398,0.00590249104425,0.00742396106943,0.00152147002518
146,7139,8,16,0.0633030161262,0.0239832624793,0.0185961574316,0.0184007268399,-0.000195430591702
147,7931,1,4,0.042953979224,0.00823398679495,0.068544857204,0.082625053823,0.014080196619
148,9299,28,72,0.0555922240019,0.0101823806763,0.0178231075406,0.0221855845302,0.00436247698963
149,355,6,17,0.0390673913062,0.00876690074801,0.100776053965,0.033245652914,-0.067530401051
150,1381,2,30,0.0750551819801,0.0138052664697,0.00542477378622,0.00770734483376,0.00228257104754
151,880,12,37,0.085756637156,0.0290601383895,0.108020991087,0.165593281388,0.0575722903013
152,6723,42,158,0.0297957267612,0.00777424080297,0.449065059423,0.586504459381,0.137439399958
153,4964,2,12,0.0206727217883,0.0113784270361,0.0374441370368,0.0370770134032,-0.000367123633623
156,6249,4,4,0.117264293134,0.0228750575334,0.00587330525741,0.0085334405303,0.00266013527289
157,4690,3,12,0.161442294717,0.0667232498527,0.177570924163,0.317744284868,0.140173360705
158,5928,32,50,0.11644782871,0.0781070291996,0.0240668393672,0.12712661922,0.103059783578
159,5045,4,13,0.0385002456605,0.00562180252746,0.401975214481,0.380786448717,-0.0211887657642
160,4104,16,52,0.0760170742869,0.0304606948048,0.167800351977,0.192731678486,0.0249313265085
161,338,21,51,0.0490439236164,0.00641696946695,0.739097714424,0.494326263666,-0.244771450758
162,305,12,27,0.036867056042,0.0218034218997,0.822705090046,0.776935815811,-0.0457692742348
163,4230,13,37,0.0536456294358,0.0126569978893,0.838852226734,0.558608114719,-0.280244112015
164,1436,1,3,0.0837683081627,0.0449530817568,0.0110738445073,0.00749013060704,-0.0035837139003
165,164,3,4,0.0444962792099,0.00378710124642,0.0129236895591,0.0240180995315,0.0110944099724
166,3061,2,9,0.055233836174,0.0187036227435,0.341747224331,0.234491124749,-0.107256099582
168,2718,19,46,0.0504831857979,0.0395911857486,0.205078333616,0.180578127503,-0.0245002061129
169,163,16,64,0.0539545454085,0.017766289413,0.19624620676,0.096911251545,-0.0993349552155
170,444,25,88,0.0685359463096,0.0454096868634,0.0278657209128,0.0348262004554,0.00696047954261
171,4424,14,31,0.048650290817,0.0104093356058,0.0242244154215,0.0432862974703,0.0190618820488
172,1020,6,16,0.0471044592559,0.013078215532,0.0898669585586,0.086365558207,-0.00350140035152
173,1080,15,38,0.0188854988664,0.00308227539062,0.697463274002,0.611312389374,-0.0861508846283
174,4560,14,68,0.0617548041046,0.0225811060518,0.36701092124,0.224356338382,-0.142654582858
175,417,10,44,0.100077927113,0.0100847547874,0.188595831394,0.289890229702,0.101294398308
176,1098,16,43,0.065655708313,0.0238123070449,0.0123841576278,0.062044903636,0.0496607460082
177,226,17,51,0.0487398691475,0.0154421962798,0.429624795914,0.175946578383,-0.253678202629
178,4052,21,67,0.0553897358477,0.00629718601704,0.368334382772,0.318138211966,-0.0501961708069
179,3980,15,54,0.146230205894,0.0368196815252,0.562785923481,0.16634683311,-0.39643907547
180,3249,1,5,0.0596858225763,0.0119002517313,0.175944775343,0.147663280368,-0.0282814949751
181,264,10,22,0.0629883185029,0.0185135211796,0.307252138853,0.231006607413,-0.0762455314398
182,585,6,12,0.0685488879681,0.0126880845055,0.87129753828,0.558534681797,-0.312762856483
184,941,1,4,0.046791408211,0.00474835280329,0.164024040103,0.0906992182136,-0.0733248218894
185,3113,4,6,0.0441805683076,0.000777449866291,0.205389410257,0.203495636582,-0.00189377367496
186,7166,21,65,0.0299348831177,0.0100346608087,0.0426786914468,0.0471709817648,0.00449229031801
187,2438,25,58,0.0768365040421,0.0235970243812,0.402091145515,0.197627589107,-0.204463556409
188,6697,10,30,0.0880706980824,0.0234312303364,0.0804313793778,0.128180280328,0.04774890095
189,5594,24,51,0.0634097754955,0.0124780889601,0.532678723335,0.241489127278,-0.291189610958
190,6649,1,7,0.090773306787,0.00934416148812,0.0506412051618,0.0243360642344,-0.0263051409274
191,4566,6,2,0.0465276427567,0.00977176241577,0.159876659513,0.118154168129,-0.0417224913836
192,3280,7,11,0.0460876338184,0.0186399333179,0.0542377904058,0.0578981339931,0.0036603435874
193,8094,5,9,0.0539114661515,0.0215039271861,0.0197118110955,0.0233334749937,0.00362166389823
194,6741,2,23,0.075475461781,0.0205882508308,0.0244483351707,0.0147765725851,-0.00967176258564
195,5671,19,39,0.0316676683724,0.00966417510062,0.955315470695,0.81166857481,-0.143646895885
196,4407,3,17,0.074161671102,0.0269149467349,0.0628544315696,0.0719243586063,0.00906992703676
197,3064,1,3,0.0822897553444,0.0343147665262,0.0370896160603,0.0141195906326,-0.0229700244963
198,2038,2,4,0.0743755623698,0.0069690416567,0.136044949293,0.146829292178,0.010784342885
199,337,29,84,0.0221515446901,0.0140383243561,0.162936359644,0.167177811265,0.00424145162106
200,134,4,15,0.0273290034384,0.00986993312836,0.343265086412,0.341353207827,-0.00191187858582
201,891,6,8,0.0483189076185,0.017047740519,0.019765375182,0.0264242123812,0.00665883719921
202,5411,3,1,0.042244952172,0.0243940465152,0.0120010003448,0.0197506099939,0.00774960964918
203,2905,17,30,0.047647356987,0.0185057464987,0.0591202117503,0.101014353335,0.0418941415846
204,2621,2,7,0.0943780615926,0.0648266077042,0.313553959131,0.170528352261,-0.143025606871
205,255,1,10,0.0634500309825,0.0119029311463,0.278842806816,0.378102272749,0.0992594659328
206,2769,1,5,0.0678247064352,0.0393634997308,0.0916882380843,0.270409286022,0.178721040487
207,3064,2,7,0.0717948824167,0.0236891116947,0.73911935091,0.424988180399,-0.314131170511
208,368,4,10,0.0537064708769,0.010287004523,0.160713016987,0.0675249323249,-0.093188084662
209,3059,4,13,0.0454850494862,0.0190670695156,0.441137492657,0.23990355432,-0.201233938336
210,4295,3,34,0.0360167399049,0.0245331563056,0.687278628349,0.593158304691,-0.094120323658
211,2769,2,4,0.0731424465775,0.0282161962241,0.155871003866,0.161001607776,0.00513060390949
212,2769,3,5,0.0895567163825,0.0183769538999,0.424862444401,0.167554333806,-0.257308125496
213,2769,5,8,0.0626808702946,0.0209640543908,0.130553230643,0.0743628516793,-0.0561903789639
214,1126,7,20,0.0444890670478,0.00867294054478,0.0203735493124,0.0417762808502,0.0214027315378
215,1873,18,33,0.040878649801,0.0169902238995,0.234103024006,0.359431475401,0.125328451395
216,6765,7,3,0.0588917322457,0.0164971854538,0.108702518046,0.0955425128341,-0.0131600052118
217,2754,11,46,0.0559541285038,0.0121841887012,0.0470974333584,0.0576674453914,0.010570012033
218,1555,2,3,0.0862061902881,0.068465910852,0.758273124695,0.459750145674,-0.298522979021
219,4519,5,14,0.0555783361197,0.0206529051065,0.741200447083,0.61681419611,-0.124386250973
220,4527,7,23,0.064201541245,0.0227729547769,0.0321107171476,0.0221182107925,-0.00999250635505
221,489,4,16,0.034542683512,0.00644514523447,0.903670728207,0.742209255695,-0.161461472511
222,5621,15,50,0.0752102807164,0.0340474434197,0.397902905941,0.154295265675,-0.243607640266
223,582,11,21,0.0361526943743,0.00159915455151,0.5795571208,0.392869323492,-0.186687797308
224,7997,2,10,0.0200633201748,0.00268238596618,0.0278534460813,0.0192066114396,-0.0086468346417
225,321,15,36,0.0592226497829,0.0178569164127,0.128764927387,0.29792535305,0.169160425663
226,443,5,15,0.0489378422499,0.0407094955444,0.422506004572,0.522886931896,0.100380927324
228,740,8,22,0.0371941514313,0.0178460162133,0.00537707749754,0.00566696142778,0.000289883930236
229,4497,6,22,0.0814107730985,0.0146565092728,0.401925116777,0.471999973059,0.0700748562813
230,569,3,13,0.0354872606695,0.00910055357963,0.424447536469,0.259071230888,-0.16537630558
231,491,4,4,0.070777989924,0.0224819593132,0.125528693199,0.0473836697638,-0.0781450271606
232,939,7,23,0.0201123040169,0.0106130419299,0.761096537113,0.868947684765,0.107851147652
233,351,2,3,0.0383570529521,0.00763320084661,0.27633523941,0.143699407578,-0.132635831833
235,7307,2,8,0.0592646859586,0.0172473527491,0.0498982667923,0.0323999412358,-0.0174983255565
236,2235,11,39,0.037833660841,0.00735160149634,0.14912943542,0.127426087856,-0.0217033475637
237,4733,15,31,0.0856656730175,0.0152909811586,0.206782832742,0.11489802599,-0.0918848067522
238,1240,20,52,0.0390999875963,0.0122808041051,0.385528355837,0.373977810144,-0.0115505456924
239,7406,5,13,0.0650222972035,0.0192531943321,0.068143710494,0.0366803966463,-0.0314633138478
240,2630,7,14,0.0747137367725,0.0084489332512,0.0507591329515,0.0500527434051,-0.000706389546394
241,2129,2,6,0.080008931458,0.0153860663995,0.0883513614535,0.103052258492,0.014700897038
242,2355,5,13,0.0741892978549,0.0227986332029,0.099800221622,0.155927971005,0.0561277493834
243,6261,1,8,0.069695673883,0.00997329689562,0.0101160481572,0.00836053304374,-0.00175551511347
244,5863,2,5,0.0464577265084,0.0201764069498,0.236960485578,0.228604674339,-0.00835581123829
245,195,4,17,0.086321271956,0.0699323862791,0.722217142582,0.400341749191,-0.321875393391
246,2991,15,36,0.096749663353,0.00650325231254,0.545455098152,0.222546219826,-0.322908878326
247,2850,1,9,0.113897442818,0.010310200043,0.705068588257,0.320755958557,-0.3843126297
248,843,6,3,0.0389559306204,0.00680607836694,0.0887253805995,0.0703237205744,-0.0184016600251
249,5660,2,6,0.0656532719731,0.00845463573933,0.13585588336,0.113323815167,-0.022532068193
250,158,4,16,0.105945713818,0.0366480648518,0.0761860981584,0.103948883712,0.0277627855539
251,3008,1,7,0.0108065158129,0.0104631977156,0.978535711765,0.9279255867,-0.0506101250648
252,8281,2,2,0.0360100120306,0.0165838580579,0.00922585185617,0.021230019629,0.0120041677728
253,368,2,2,0.0596094019711,0.0197739135474,0.0166996661574,0.018528169021,0.00182850286365
254,1914,11,29,0.121334008873,0.0462236963212,0.00682901777327,0.0207300204784,0.0139010027051
255,6966,1,7,0.0521430037916,0.0152394361794,0.0295517835766,0.023750981316,-0.00580080226064
256,7042,27,83,0.0456843040884,0.0152564011514,0.166195303202,0.202095702291,0.0359003990889
257,9108,19,44,0.0663587525487,0.0074147041887,0.118349999189,0.165323019028,0.0469730198383
258,3173,10,18,0.070441044867,0.0277646407485,0.120940603316,0.0683244988322,-0.0526161044836
259,2164,7,23,0.116098321974,0.0222850628197,0.0430626831949,0.0287620127201,-0.0143006704748
260,777,3,9,0.0563016347587,0.013072989881,0.477072924376,0.653529345989,0.176456421614
261,9190,3,8,0.0648020356894,0.0178007632494,0.206129863858,0.0508053563535,-0.155324503779
262,2749,2,10,0.0631482228637,0.00451680785045,0.0950691327453,0.0304521676153,-0.0646169632673
263,1879,44,117,0.0530254244804,0.0150008564815,0.299565583467,0.249015644193,-0.0505499392748
264,1357,37,130,0.0617952384055,0.0332872122526,0.404026329517,0.187107875943,-0.216918453574
265,2650,15,69,0.134837925434,0.0383557751775,0.177817642689,0.145008131862,-0.0328095108271
266,3418,19,36,0.0806590169668,0.0207684952766,0.169797509909,0.0777488723397,-0.092048637569
267,6185,28,94,0.0610656999052,0.0288574565202,0.529758870602,0.34471309185,-0.185045778751
268,7767,4,18,0.06554787606,0.013304089196,0.162735596299,0.209023013711,0.0462874174118
269,3418,5,7,0.0777877271175,0.0221999175847,0.0540423169732,0.0512591563165,-0.00278316065669
270,1934,5,6,0.0225347783417,0.00660111522302,0.0356052219868,0.0356028601527,-2.36183404922e-06
271,2220,5,8,0.0698710978031,0.013065177016,0.0474182218313,0.031470362097,-0.0159478597343
272,1955,17,36,0.0565699152648,0.0268564298749,0.113684333861,0.074232943356,-0.0394513905048
273,3733,6,8,0.0768567621708,0.0319392606616,0.171683743596,0.0758839175105,-0.0957998260856
274,1674,5,15,0.0769558995962,0.0354299619794,0.206890255213,0.393957167864,0.187066912651
275,1874,6,14,0.0624184124172,0.0265639480203,0.0201424751431,0.0251485556364,0.00500608049333
276,6237,1,5,0.0493594892323,0.0162358675152,0.274680972099,0.211738944054,-0.0629420280457
277,8532,42,115,0.107885152102,0.0210841130465,0.33230394125,0.529391109943,0.197087168694
278,434,1,3,0.0414218902588,0.0172655265778,0.156763568521,0.206123113632,0.0493595451117
279,3264,37,98,0.0509187467396,0.0500190667808,0.113240890205,0.0951598957181,-0.0180809944868
280,3249,3,6,0.0897556617856,0.00921747088432,0.406274348497,0.168728217483,-0.237546131015
281,5659,20,60,0.0222410690039,0.0109141282737,0.283072590828,0.2535366714,-0.0295359194279
282,4358,2,26,0.0538945496082,0.0159508362412,0.532499194145,0.316147089005,-0.216352105141
283,1439,10,21,0.119385354221,0.0864812508225,0.841157019138,0.447904229164,-0.393252789974
284,8538,2,5,0.0762009397149,0.029007082805,0.030547965318,0.0662266686559,0.0356787033379
285,3249,2,2,0.0485906414688,0.0244620516896,0.0697697624564,0.0998720154166,0.0301022529602
286,4139,1,7,0.0874645337462,0.0728366523981,0.229585900903,0.144714146852,-0.0848717540503
287,1878,14,32,0.0419172011316,0.0114993229508,0.333578675985,0.287526518106,-0.0460521578789
288,7410,2,10,0.0310219675303,0.0029878700152,0.296749949455,0.389649301767,0.0928993523121
289,3016,3,15,0.0654850751162,0.0515188239515,0.863457858562,0.620548725128,-0.242909133434
290,2772,5,24,0.0620440356433,0.0158363673836,0.0192950181663,0.0180392917246,-0.00125572644174
291,4041,1,4,0.0713713765144,0.0179348494858,0.0349186807871,0.0600450523198,0.0251263715327
292,6213,2,16,0.090660430491,0.0224162563682,0.325309693813,0.14699883759,-0.178310856223
293,9043,24,69,0.0538470111787,0.0144749544561,0.0660237446427,0.028030468151,-0.0379932746291
294,1050,1,5,0.07305803895,0.0234908852726,0.793320178986,0.478753954172,-0.314566224813
295,4041,1,6,0.0409868508577,0.0117940278724,0.0315358936787,0.0455792844296,0.0140433907509
296,528,5,15,0.0374297313392,0.00823182985187,0.521658241749,0.338712245226,-0.182945996523
297,3753,4,19,0.0465723089874,0.0159327629954,0.041063208133,0.0787314102054,0.0376682020724
298,8300,9,25,0.0449586808681,0.0197398662567,0.142927512527,0.112103886902,-0.0308236256242
299,2039,25,50,0.0443075336516,0.016022099182,0.0589597448707,0.112229667604,0.0532699227333
300,1895,10,30,0.0439622551203,0.00385822635144,0.506564259529,0.409851551056,-0.0967127084732
301,8430,5,8,0.0600542128086,0.0237056668848,0.279898911715,0.121637128294,-0.15826177597
302,4241,7,34,0.014437909238,0.0100691560656,0.990241825581,0.932687938213,-0.0575538873672
303,1050,1,3,0.0628654882312,0.0223883409053,0.426014631987,0.250568598509,-0.175446033478
304,4249,14,46,0.0319339372218,0.00782651733607,0.718432307243,0.727866828442,0.00943452119827
305,1521,10,34,0.0878341495991,0.0456888116896,0.337076425552,0.174924001098,-0.162152424455
306,8181,1,9,0.0600990056992,0.0109941139817,0.0306327398866,0.047455728054,0.0168229881674
307,1415,5,10,0.0377576164901,0.00657169520855,0.263570070267,0.249821707606,-0.0137483626604
308,3805,2,5,0.031271468848,0.0107014104724,0.146789729595,0.155866891146,0.00907716155052
309,278,7,16,0.00674258545041,0.00402877759188,0.892083406448,0.918120622635,0.0260372161865
310,1427,6,28,0.105871379375,0.056722138077,0.530784785748,0.233237147331,-0.297547638416
311,6595,16,47,0.109551988542,0.0461568459868,0.154702290893,0.255229622126,0.100527331233
312,923,8,28,0.126873850822,0.0138115556911,0.262220829725,0.172220274806,-0.0900005549192
313,4323,11,31,0.0453254468739,0.0320639759302,0.306475579739,0.280596077442,-0.0258795022964
314,1205,11,49,0.101887248456,0.112299397588,0.75403046608,0.478421837091,-0.275608628988
315,468,6,16,0.0320420004427,0.0148187195882,0.298152595758,0.285271555185,-0.0128810405731
316,253,2,12,0.0411410443485,0.00949690770358,0.429367780685,0.284849882126,-0.14451789856
318,134,9,23,0.0434560142457,0.0195859055966,0.584714055061,0.404941469431,-0.17977258563
319,264,17,42,0.0436268411577,0.0063262633048,0.148019716144,0.204042866826,0.0560231506824
320,441,2,5,0.0274433437735,0.0039370264858,0.161922812462,0.15995387733,-0.00196893513203
323,3011,2,8,0.0322449021041,0.0104965278879,0.12146795541,0.0794344469905,-0.04203350842
325,5713,4,3,0.0564501881599,0.0471776127815,0.0420794561505,0.0478791445494,0.00579968839884
326,374,2,13,0.040422257036,0.023346779868,0.463197559118,0.241720125079,-0.221477434039
327,1446,1,3,0.0697114244103,0.0186919346452,0.0157568920404,0.0202698372304,0.00451294519007
328,585,3,4,0.0956896618009,0.0158136133105,0.525737941265,0.396577388048,-0.129160553217
329,2040,18,61,0.0621982179582,0.0251750648022,0.268689900637,0.190773010254,-0.0779168903828
330,574,5,16,0.030593007803,0.00981824845076,0.0279760397971,0.0364144258201,0.00843838602304
331,1451,3,11,0.0658492147923,0.0411936379969,0.403027385473,0.219902038574,-0.183125346899
332,532,4,11,0.0572495497763,0.0100300516933,0.324144721031,0.260611921549,-0.0635327994823
333,4001,22,76,0.0196784492582,0.0106773562729,0.879635334015,0.783881664276,-0.0957536697388
334,2944,6,21,0.0543431229889,0.0150202997029,0.192608177662,0.113018073142,-0.0795901045203
335,537,7,50,0.0458009950817,0.00705967657268,0.0853235274553,0.0868617668748,0.00153823941946
336,308,11,33,0.051313791424,0.0107425991446,0.415975570679,0.451905012131,0.035929441452
337,73,6,14,0.0740776434541,0.0240039527416,0.0526333041489,0.0549617111683,0.00232840701938
338,407,4,31,0.0228119324893,0.00692891003564,0.314341187477,0.251653313637,-0.0626878738403
339,327,11,36,0.0668574050069,0.0316253192723,0.239284709096,0.273833423853,0.034548714757
340,138,15,27,0.0247487891465,0.0139285624027,0.0182486623526,0.0423479862511,0.0240993238986
341,134,13,63,0.0129773048684,0.00832498725504,0.937228798866,0.868209779263,-0.0690190196037
342,3990,3,23,0.0721722021699,0.0672810897231,0.056192766875,0.0807560756803,0.0245633088052
343,2781,1,7,0.0322679392993,0.0108881164342,0.00977789331228,0.019502075389,0.00972418207675
344,4005,11,21,0.0419441126287,0.00788735505193,0.0465933643281,0.0824262723327,0.0358329080045
345,4558,14,34,0.015972385183,0.00426352443174,0.125144913793,0.115986049175,-0.00915886461735
346,435,9,41,0.049055237323,0.00114847102668,0.320414930582,0.470625162125,0.150210231543
347,142,2,9,0.0975920185447,0.0260730348527,0.235409677029,0.101246587932,-0.134163081646
348,1013,1,6,0.0627254992723,0.0248033963144,0.0316943302751,0.0355527363718,0.0038584060967
349,204,3,8,0.0325008966029,0.0145358573645,0.499685257673,0.49570119381,-0.00398406386375
350,1555,7,30,0.106590569019,0.0362161248922,0.646098852158,0.301700294018,-0.34439855814
351,1314,2,6,0.0651573091745,0.0149531299248,0.0435667075217,0.0426877252758,-0.000878982245922
352,3562,6,15,0.0485723130405,0.00550237530842,0.0545736551285,0.0284126568586,-0.0261609982699
353,608,4,11,0.0494946427643,0.0113161485642,0.674597144127,0.482780605555,-0.191816538572
354,3237,10,35,0.0758203268051,0.0474835373461,0.943439006805,0.684673607349,-0.258765399456
355,5783,7,14,0.0482870154083,0.0195258911699,0.2700933218,0.153721138835,-0.116372182965
356,2929,1,12,0.077825717628,0.0364970378578,0.424465626478,0.276960104704,-0.147505521774
357,680,6,26,0.0743485465646,0.0256553757936,0.199476659298,0.0643066763878,-0.13516998291
358,550,18,45,0.0399833880365,0.00665562273934,0.10856179148,0.0472864694893,-0.0612753219903
359,372,2,10,0.0364182554185,0.00939084589481,0.279937982559,0.276994377375,-0.00294360518456
360,939,2,26,0.0708927288651,0.0157847870141,0.492895364761,0.795566558838,0.302671194077
361,2973,2,3,0.0684990361333,0.0184329580516,0.0797675400972,0.0778130739927,-0.00195446610451
362,2906,1,6,0.0580861531198,0.0112122092396,0.110598295927,0.0809580162168,-0.0296402797103
364,2850,2,8,0.0926637277007,0.00798843894154,0.551093697548,0.1952406317,-0.35585308075
366,2878,2,12,0.0456134043634,0.0131671503186,0.0249038022012,0.0357531420887,0.0108493398875
367,3135,3,5,0.0685490295291,0.0282819420099,0.400507360697,0.236679360271,-0.163828000426
368,8711,5,20,0.0673947930336,0.0197110604495,0.0647262707353,0.0335291810334,-0.0311970897019
369,2582,4,11,0.0406888015568,0.0253900010139,0.716470897198,0.539702117443,-0.176768779755
371,2951,35,108,0.0363654978573,0.0170330628753,0.0482909455895,0.063018552959,0.0147276073694
372,264,34,103,0.0609616525471,0.0204629413784,0.268441647291,0.266575545073,-0.00186610221863
373,3037,3,6,0.0772246494889,0.0225322563201,0.11453140527,0.117107175291,0.00257577002048
374,4406,6,27,0.0121206985787,0.00757761858404,0.849240720272,0.808636844158,-0.0406038761139
375,558,8,32,0.0393912531435,0.0174336321652,0.696090102196,0.540160238743,-0.155929863453
376,3994,11,33,0.0157900955528,0.013400433585,0.0470594391227,0.0790136232972,0.0319541841745
377,437,5,12,0.0463947393,0.0109151331708,0.615921020508,0.6771941185,0.0612730979919
378,2853,8,17,0.0383638553321,0.0357847288251,0.79346114397,0.607622921467,-0.185838222504
379,548,3,15,0.0361414290965,0.0225030649453,0.4519277215,0.302382856607,-0.149544864893
380,360,2,5,0.0509460121393,0.00654189335182,0.341195434332,0.362134337425,0.0209389030933
381,7660,2,6,0.174884855747,0.0439873188734,0.685033321381,0.165502846241,-0.51953047514
382,5225,44,121,0.0915953591466,0.0291217174381,0.0896239131689,0.016496701166,-0.0731272101402
383,2226,23,72,0.0761080384254,0.0324970297515,0.0448682308197,0.247594475746,0.202726244926
384,1723,3,10,0.0502741932869,0.0156817678362,0.105653196573,0.0699211284518,-0.0357320681214
385,4156,5,27,0.0947247967124,0.0322877839208,0.0226457659155,0.04276445508,0.0201186891645
386,579,2,7,0.0423532240093,0.0196289923042,0.0155106540769,0.0203630346805,0.00485238060355
387,8128,17,45,0.0490404032171,0.00936076696962,0.0178077369928,0.0246823132038,0.00687457621098
388,9014,6,14,0.0466977097094,0.00841228570789,0.0872006714344,0.0357888862491,-0.0514117851853
389,2385,15,59,0.0475484244525,0.0116085996851,0.30636715889,0.241012096405,-0.0653550624847
390,3429,8,30,0.0758609697223,0.0117848236114,0.0193565879017,0.0224801246077,0.00312353670597
391,6378,2,9,0.0480503477156,0.00973899289966,0.0270794034004,0.0527912862599,0.0257118828595
393,5415,4,9,0.0572641789913,0.0161768067628,0.306344121695,0.341526657343,0.0351825356483
394,7527,6,15,0.052085634321,0.0175427049398,0.222629472613,0.155799388885,-0.0668300837278
395,6313,17,50,0.111564993858,0.00321261840872,0.00385237811133,0.00169533060398,-0.00215704739094
396,1812,6,21,0.0889327228069,0.0750790089369,0.163561850786,0.0976993739605,-0.0658624768257
397,1793,10,44,0.111922748387,0.056788276881,0.539514780045,0.204912364483,-0.334602415562
398,2380,7,26,0.0801725238562,0.0213365014642,0.205258965492,0.250654995441,0.0453960299492
399,5445,2,5,0.0588708259165,0.0207444690168,0.0506149828434,0.0600444562733,0.00942947342992
400,1779,1,5,0.122659645975,0.0101923681796,0.592080891132,0.196242317557,-0.395838558674
401,2376,3,3,0.0410987176001,0.00509096169844,0.0786018446088,0.0342483259737,-0.044353518635
402,7536,12,23,0.0622355304658,0.0187321137637,0.251611232758,0.220422670245,-0.0311885625124
403,875,4,12,0.0441206656396,0.0051211710088,0.149477735162,0.0981264337897,-0.0513513013721
404,2102,47,178,0.142639040947,0.00923064630479,0.103337369859,0.166048690677,0.0627113208175
405,2380,2,7,0.095631532371,0.0158461481333,0.212258830667,0.113343656063,-0.0989151746035
406,2775,16,68,0.0860742852092,0.0367381870747,0.70463603735,0.406701087952,-0.297934949398
407,6105,7,31,0.0539915971458,0.0108661968261,0.0942808911204,0.0334823913872,-0.0607984997332
408,5215,7,8,0.0307058040053,0.007847587578,0.150366410613,0.176596999168,0.0262305885553
409,1885,6,19,0.117482118309,0.0376604832709,0.0391618907452,0.0230051483959,-0.0161567423493
410,2330,11,32,0.0611018650234,0.0242297854275,0.434562504292,0.277679353952,-0.156883150339
411,3549,10,35,0.0579535923898,0.0242072027177,0.882548332214,0.632928073406,-0.249620258808
412,4937,3,9,0.0628318414092,0.0244468934834,0.0231743585318,0.0400209277868,0.016846569255
413,4649,1,7,0.0425707288086,0.00632682442665,0.0140395769849,0.0226971060038,0.00865752901882
414,1375,4,17,0.0717857182026,0.0172560364008,0.15457560122,0.116259872913,-0.0383157283068
415,9194,19,31,0.0209048148245,0.00181822245941,0.134473487735,0.0794032737613,-0.0550702139735
416,7875,4,15,0.0469716601074,0.0114038400352,0.0314499735832,0.0527573935688,0.0213074199855
417,3318,7,13,0.0621348805726,0.0062217139639,0.0970230028033,0.0900531709194,-0.00696983188391
418,7062,2,3,0.063643462956,0.0236052721739,0.100658610463,0.0679341331124,-0.0327244773507
420,2376,2,5,0.0560319833457,0.0333856195211,0.0205015204847,0.0127736628056,-0.00772785767913
421,4995,3,11,0.0717423781753,0.021554550156,0.0487871579826,0.046095136553,-0.00269202142954
422,7165,1,9,0.0642213895917,0.00501501420513,0.0405187048018,0.0901039838791,0.0495852790773
423,4262,1,7,0.0638804733753,0.0147598953918,0.0854252129793,0.0469613783062,-0.0384638346732
424,8822,2,6,0.0451160557568,0.00631678849459,0.0706263184547,0.100455246866,0.029828928411
425,5029,2,13,0.0457966886461,0.00630006939173,0.361476123333,0.237018957734,-0.124457165599
427,5146,3,8,0.0522875189781,0.0263093393296,0.0194244924933,0.0297125820071,0.0102880895138
428,3452,5,7,0.0506698228419,0.0286134649068,0.867149710655,0.630040645599,-0.237109065056
429,5024,3,5,0.037702370435,0.0201956052333,0.426518857479,0.377264529467,-0.0492543280125
430,8796,4,4,0.0430354475975,0.0171901676804,0.283978104591,0.236365929246,-0.0476121753454
431,857,22,56,0.0712848603725,0.0243781208992,0.64286339283,0.575471997261,-0.0673913955688
432,3069,16,48,0.0435167253017,0.010773088783,0.238543137908,0.0806187093258,-0.157924428582
433,1205,19,36,0.0249155107886,0.00928565952927,0.584699034691,0.490483909845,-0.0942151248455
434,4456,1,10,0.129910334945,0.0393035113811,0.0207173153758,0.0490032732487,0.0282859578729
435,5170,12,26,0.0375853069127,0.00123822037131,0.0996285900474,0.124388761818,0.024760171771
436,3217,3,11,0.0712441951036,0.0216546356678,0.150751367211,0.0560184754431,-0.0947328954935
437,569,2,12,0.0790170654655,0.0606068260968,0.725100159645,0.412080764771,-0.313019394875
438,268,2,6,0.0966396555305,0.0594467781484,0.652137756348,0.327108889818,-0.325028866529
439,4411,7,26,0.0884454324841,0.01508639846,0.344298928976,0.600267469883,0.255968540907
440,226,1,5,0.0854276120663,0.0303866732866,0.115100763738,0.171367898583,0.0562671348453
441,331,2,11,0.0265356898308,0.0128402579576,0.61244225502,0.685974419117,0.0735321640968
442,2755,2,8,0.0696440339088,0.03579428792,0.186307162046,0.0837525948882,-0.102554567158
443,5085,2,7,0.072049073875,0.0179977528751,0.295837461948,0.125301674008,-0.17053578794
444,4542,40,94,0.0330551229417,0.00693077454343,0.20629093051,0.206006422639,-0.000284507870674
445,1492,12,22,0.0879144445062,0.00901875738055,0.563725650311,0.284472078085,-0.279253572226
446,3367,5,11,0.0606777481735,0.00519930804148,0.0826727151871,0.0988976731896,0.0162249580026
447,8525,13,29,0.0723178461194,0.015626385808,0.0254413913935,0.0336544588208,0.00821306742728
448,242,4,5,0.0377330221236,0.0094556119293,0.324342727661,0.265416920185,-0.058925807476
449,434,12,35,0.0641400292516,0.0105517366901,0.348201304674,0.422812074423,0.0746107697487
450,7681,12,36,0.0212560724467,0.0222710557282,0.00984999909997,0.0268371384591,0.0169871393591
451,7838,11,26,0.0469100661576,0.0123426066712,0.253224223852,0.176170036197,-0.0770541876554
452,209,2,8,0.0432417355478,0.00786089058965,0.0904667302966,0.0967242047191,0.00625747442245
453,254,2,2,0.0631253495812,0.0117814652622,0.0601739101112,0.113920114934,0.0537462048233
454,3026,8,19,0.0562383644283,0.00873234774917,0.0570040903986,0.0478477589786,-0.00915633141994
455,5186,1,4,0.0514387190342,0.0176570694894,0.342347145081,0.220510348678,-0.121836796403
456,5172,4,18,0.0934731736779,0.0464611649513,0.590978682041,0.267088443041,-0.323890239
457,2794,5,9,0.0380841195583,0.00486208545044,0.118239961565,0.0687484368682,-0.0494915246964
458,4158,1,3,0.104201801121,0.0313905589283,0.00900431815535,0.00897394120693,-3.03769484162e-05
459,1454,4,11,0.0609492771327,0.007856705226,0.0423613153398,0.0240458995104,-0.0183154158294
460,1371,3,6,0.0366598814726,0.00799866952002,0.434973269701,0.525066792965,0.0900935232639
461,134,2,7,0.0535398162901,0.0185477342457,0.0330212563276,0.0517917983234,0.0187705419958
462,1862,3,7,0.151920884848,0.0355914533138,0.430283695459,0.173073485494,-0.257210195065
463,748,19,46,0.0735798180103,0.0467965267599,0.28856831789,0.565164327621,0.276596009731
464,1698,2,6,0.17910502851,0.0434358939528,0.755214989185,0.216461777687,-0.538753211498
465,2001,26,80,0.0518545806408,0.0315095074475,0.0203835163265,0.0197119992226,-0.00067151710391
466,9026,4,5,0.0672295689583,0.0312773995101,0.266694366932,0.127855852246,-0.138838514686
467,1708,3,4,0.0633886083961,0.00852885749191,0.0551099739969,0.0451442450285,-0.00996572896838
469,5277,2,5,0.0987003520131,0.034281577915,0.776609480381,0.390247702599,-0.386361777782
471,7596,2,6,0.0571332834661,0.0228587090969,0.121697358787,0.0357609577477,-0.0859363973141
472,5443,2,4,0.125680431724,0.015551334247,0.538574159145,0.143603935838,-0.394970238209
473,308,1,4,0.0773164257407,0.0313988886774,0.0310955271125,0.0275677535683,-0.00352777354419
474,7862,5,16,0.0155455991626,0.0054863425903,0.0469468794763,0.0307966917753,-0.016150187701
475,3871,1,9,0.0692587569356,0.0174026470631,0.0629421919584,0.0583977811038,-0.00454441085458
476,1166,5,27,0.0570690669119,0.0143761280924,0.015729714185,0.0399209298193,0.0241912156343
477,7511,9,21,0.0745358765125,0.0423829704523,0.0143114924431,0.0181960742921,0.00388458184898
478,772,19,60,0.0779060348868,0.0340454056859,0.74341827631,0.426209002733,-0.317209273577
479,3149,16,52,0.0627938136458,0.0287286173552,0.464090377092,0.330114245415,-0.133976131678
480,7026,19,92,0.0758697763085,0.0204853657633,0.345284670591,0.204096511006,-0.141188159585
481,7915,54,148,0.0664573684335,0.0080398619175,0.0511215627193,0.0195575524122,-0.0315640121698
482,8170,26,77,0.0584871657193,0.00812194868922,0.184947058558,0.187044665217,0.00209760665894
483,2152,4,14,0.116889029741,0.0590959228575,0.875863611698,0.466357558966,-0.409506052732
484,2654,3,19,0.193137094378,0.061142757535,0.74821460247,0.210128232837,-0.538086354733
485,6176,6,15,0.0663903653622,0.0284977238625,0.0495804622769,0.0762006267905,0.0266201645136
486,2379,3,5,0.0454840697348,0.0131471361965,0.0513304807246,0.0472335033119,-0.0040969774127
487,1598,2,5,0.0969151034951,0.0366818234324,0.00816964358091,0.0116969356313,0.00352729205042
489,814,3,9,0.0396649688482,0.00421793060377,0.0338379442692,0.0135249681771,-0.0203129760921
490,313,8,20,0.0983457043767,0.0274096447974,0.314929515123,0.65268689394,0.337757378817
491,4335,1,9,0.0488875508308,0.0125358914956,0.0264881048352,0.122635625303,0.0961475223303
492,2756,6,6,0.0701049789786,0.0171764362603,0.152688264847,0.261926859617,0.10923859477
493,4932,1,11,0.0630490258336,0.0253876820207,0.745434165001,0.466968297958,-0.278465867043
494,5482,6,9,0.0442250780761,0.00882717967033,0.23038187623,0.147370129824,-0.0830117464066
495,1907,1,6,0.0524945259094,0.0171910207719,0.26561486721,0.179416000843,-0.0861988663673
496,1798,3,9,0.0641602277756,0.03334595263,0.200767919421,0.123398900032,-0.0773690193892
497,1352,4,4,0.0748178884387,0.0338907167315,0.86611109972,0.56418889761,-0.30192220211
498,748,2,7,0.0533397682011,0.00765667436644,0.0284696817398,0.0653891116381,0.0369194298983
499,8116,13,32,0.0206100344658,0.0061168926768,0.792938113213,0.684592425823,-0.108345687389
500,1369,3,9,0.094978004694,0.013046505861,0.163724154234,0.170725539327,0.00700138509274
501,5,2,7,0.0397715345025,0.00712278252468,0.0541394688189,0.0511856265366,-0.0029538422823
502,1352,2,9,0.0684885978699,0.018378386274,0.77393257618,0.507331073284,-0.266601502895
503,4079,4,17,0.0550038702786,0.0178361609578,0.249571606517,0.158370777965,-0.0912008285522
504,4257,9,11,0.102662689984,0.0186432674527,0.155246019363,0.0648472607136,-0.0903987586498
505,4221,4,3,0.0551147870719,0.00774533487856,0.0966101363301,0.152295425534,0.0556852892041
506,5536,5,9,0.0672680437565,0.0325858779252,0.379698485136,0.272091478109,-0.107607007027
507,4348,14,32,0.0773110389709,0.0681483745575,0.339494228363,0.165360018611,-0.174134209752
509,4232,1,4,0.0357906147838,0.00983609165996,0.657661020756,0.747592508793,0.0899314880371
510,2048,3,11,0.0595127046108,0.00623328518122,0.239687308669,0.292076945305,0.0523896366358
511,1628,3,18,0.0655452534556,0.0171116683632,0.0665174126625,0.0261452794075,-0.040372133255
512,319,8,19,0.0188916977495,0.0136559894308,0.919174790382,0.842141449451,-0.0770333409309
513,4443,18,50,0.0491078309715,0.0232208687812,0.239625647664,0.252758234739,0.0131325870752
514,131,10,35,0.0390668213367,0.00857537798584,0.342292189598,0.418516367674,0.0762241780758
515,1133,24,62,0.0264782775193,0.00661314511672,0.20860144496,0.284842938185,0.0762414932251
517,6652,14,28,0.065595254302,0.0515819042921,0.00933698005974,0.0379764772952,0.0286394972354
518,761,14,39,0.0866811797023,0.036876924336,0.313128978014,0.121350057423,-0.191778928041
519,5591,14,32,0.0390929095447,0.0147472545505,0.0694440156221,0.143280565739,0.0738365501165
520,131,2,7,0.0411445014179,0.013995016925,0.0273998584598,0.0512507967651,0.0238509383053
521,919,1,6,0.0930611565709,0.012367265299,0.354103207588,0.331031352282,-0.0230718553066
522,377,5,9,0.0561057031155,0.0223467610776,0.123509660363,0.214461252093,0.0909515917301
524,1128,33,87,0.0454192943871,0.00330633693375,0.0158626083285,0.0196379516274,0.00377534329891
525,917,10,13,0.0497220493853,0.00898868311197,0.0831362605095,0.0945863723755,0.011450111866
526,131,3,16,0.00118478725199,0.000496730674058,0.988488852978,0.982133567333,-0.00635528564453
527,4220,11,53,0.0691327154636,0.0195730235428,0.310305267572,0.170745685697,-0.139559581876
528,3117,3,19,0.0449818335474,0.00954411365092,0.35162705183,0.359676361084,0.00804930925369
529,9163,23,52,0.101634435356,0.0102184684947,0.2986805439,0.264860361814,-0.033820182085
530,1683,7,12,0.0368333384395,0.00631309254095,0.0163192711771,0.0109181059524,-0.00540116522461
531,2969,21,73,0.0898625925183,0.0194433387369,0.253068834543,0.103952556849,-0.149116277695
532,209,14,35,0.0253564920276,0.0105188572779,0.917872726917,0.781583786011,-0.136288940907
533,3188,12,38,0.113011457026,0.0404677018523,0.0878477022052,0.0809135064483,-0.00693419575691
534,6489,3,15,0.0526440404356,0.0297314114869,0.60267752409,0.388016611338,-0.214660912752
535,301,7,14,0.0612716674805,0.03969534114,0.518753647804,0.3153668046,-0.203386843204
536,1001,1,9,0.050114993006,0.0151936709881,0.0660075619817,0.0609500706196,-0.00505749136209
537,3391,14,38,0.0896764099598,0.0261575877666,0.801203966141,0.428485989571,-0.37271797657
538,344,14,30,0.00403373176232,0.00245950184762,0.978456258774,0.955376446247,-0.0230798125267
539,305,19,55,0.003357417183,0.000270697375527,0.970083415508,0.966726839542,-0.00335657596588
540,450,18,36,0.0417216718197,0.0533988364041,0.89283233881,0.745633125305,-0.147199213505
541,1005,6,19,0.068277798593,0.0324390940368,0.318738877773,0.582687854767,0.263948976994
542,263,10,12,0.0655270889401,0.0334890112281,0.170199275017,0.307559728622,0.137360453606
543,342,4,14,0.0748627409339,0.0191933847964,0.548294961452,0.416023641825,-0.132271319628
544,596,4,10,0.0380169786513,0.0144801521674,0.244442597032,0.446004480124,0.201561883092
545,321,2,15,0.0585774481297,0.0216167662293,0.476767659187,0.360456943512,-0.116310715675
546,1320,20,75,0.0321223288774,0.0203672088683,0.0655703172088,0.0842270255089,0.0186567083001
547,1417,4,11,0.0621118731797,0.0535156615078,0.0565643385053,0.0686657503247,0.0121014118195
548,5068,8,15,0.0576815903187,0.0440691187978,0.0232312455773,0.0177619550377,-0.00546929053962
550,1084,22,59,0.0232176184654,0.00312115903944,0.557724416256,0.578532874584,0.0208084583282
551,1085,4,18,0.0713433399796,0.053972158581,0.433543711901,0.368690371513,-0.0648533403873
552,1035,6,22,0.0357482023537,0.0130481654778,0.36928242445,0.176808342338,-0.192474082112
553,4669,3,19,0.0398590005934,0.0135073987767,0.406429976225,0.432802200317,0.0263722240925
554,1077,5,32,0.0381298810244,0.0125105455518,0.17624412477,0.177501857281,0.00125773251057
555,363,6,16,0.0297524556518,0.0123998997733,0.35464566946,0.246994972229,-0.107650697231
556,391,2,8,0.048520129174,0.0281006917357,0.0653239563107,0.095272988081,0.0299490317702
557,559,10,31,0.0291041452438,0.00573565065861,0.609383821487,0.497852891684,-0.111530929804
558,230,9,39,0.0494002103806,0.0583629719913,0.902273774147,0.737944364548,-0.164329409599
559,597,8,25,0.0910942032933,0.0203425232321,0.434549003839,0.35702636838,-0.0775226354599
560,4532,18,41,0.0384739674628,0.0162340980023,0.15038895607,0.0834173262119,-0.066971629858
561,5600,6,21,0.0837859734893,0.00649547856301,0.147349372506,0.150727048516,0.00337767601013
562,961,5,11,0.0822464749217,0.0310844928026,0.432822078466,0.141918614507,-0.290903449059
563,2870,6,3,0.0479815192521,0.00141742569394,0.369433999062,0.209896206856,-0.159537792206
564,3217,3,6,0.032797139138,0.0049030482769,0.136653766036,0.060500651598,-0.0761531144381
565,322,3,6,0.093898743391,0.0125046502799,0.0612709671259,0.0655337497592,0.0042627826333
566,939,5,11,0.0462357997894,0.0258123595268,0.526097655296,0.348100870848,-0.177996784449
567,585,1,6,0.118446968496,0.043002884835,0.43929207325,0.108475208282,-0.330816864967
569,471,9,21,0.0362885966897,0.0219401195645,0.622375547886,0.517799675465,-0.104575872421
570,3407,3,7,0.0532439611852,0.0041770641692,0.112834282219,0.0302718803287,-0.0825624018908
571,2967,3,5,0.0529356151819,0.0272500440478,0.0478200763464,0.063362210989,0.0155421346426
572,138,9,23,0.076442450285,0.0154998349026,0.420163422823,0.227358236909,-0.192805185914
573,340,10,23,0.148399353027,0.0513794757426,0.66615062952,0.222636163235,-0.443514466286
574,1422,3,5,0.0853911861777,0.0264625325799,0.055534157902,0.088791705668,0.033257547766
575,598,7,13,0.0173655599356,0.0166358519346,0.75910449028,0.720858037472,-0.0382464528084
576,2866,4,19,0.0272555109113,0.0155749842525,0.944852769375,0.820167839527,-0.124684929848
577,844,26,82,0.0534446388483,0.0238247066736,0.386057585478,0.636683523655,0.250625938177
578,413,7,17,0.0558874644339,0.00649814866483,0.226130604744,0.132321342826,-0.0938092619181
579,59,3,9,0.0566899217665,0.00798378884792,0.147288069129,0.0908922627568,-0.0563958063722
580,1195,10,29,0.156456813216,0.0430499091744,0.43624022603,0.120967291296,-0.315272927284
581,5591,2,11,0.0289076864719,0.00745679950342,0.13158389926,0.13337624073,0.00179234147072
582,419,1,7,0.0240874867886,0.0061618401669,0.264311164618,0.278962880373,0.0146517157555
583,419,1,5,0.102825373411,0.0460994355381,0.130332112312,0.0618446134031,-0.0684874951839
584,585,19,36,0.151573568583,0.0285358447582,0.872376263142,0.403688162565,-0.468688100576
585,952,3,14,0.0884944871068,0.0065481364727,0.0911203250289,0.28358617425,0.19246584177
586,5583,8,14,0.0912936329842,0.0172860454768,0.41664943099,0.205879762769,-0.210769668221
587,1078,3,14,0.0810534954071,0.0160023160279,0.411674708128,0.112902283669,-0.298772424459
588,946,1,6,0.0435963459313,0.00397049682215,0.0699443221092,0.068474330008,-0.00146999210119
590,844,2,11,0.109495580196,0.0546994023025,0.940063238144,0.576943933964,-0.36311930418
591,3509,3,11,0.0251832026988,0.0243115238845,0.850990116596,0.720368146896,-0.1306219697
592,326,4,21,0.0273536667228,0.0228264387697,0.7724391222,0.736103713512,-0.0363354086876
593,522,14,31,0.069584004581,0.0510764792562,0.876498639584,0.603166162968,-0.273332476616
594,4520,6,16,0.0436522513628,0.00376603170298,0.161868706346,0.0872867181897,-0.0745819881558
596,1323,5,16,0.0739207789302,0.0115330200642,0.0906270891428,0.170512422919,0.0798853337765
597,5787,7,13,0.0489040911198,0.0252983402461,0.281013101339,0.176599979401,-0.104413121939
598,9045,6,8,0.0305072665215,0.00172616634518,0.0135000180453,0.020503686741,0.00700366869569
599,597,3,14,0.0623954832554,0.0169709771872,0.902258336544,0.635116755962,-0.267141580582
600,2997,5,3,0.127935618162,0.0510506257415,0.707651793957,0.280955791473,-0.426696002483
602,494,3,5,0.0684156417847,0.0137658296153,0.0542559213936,0.0570037066936,0.00274778530002
603,597,1,13,0.0475981421769,0.0205630231649,0.109355807304,0.0900586619973,-0.0192971453071
604,3381,4,10,0.0340504050255,0.0183018278331,0.15770457685,0.0721946880221,-0.0855098888278
605,249,5,13,0.0530950389802,0.0422422848642,0.948265492916,0.754486560822,-0.193778932095
606,588,2,11,0.0597608573735,0.00580804934725,0.814008414745,0.530211031437,-0.283797383308
607,1001,7,10,0.0460642725229,0.0215717405081,0.785152614117,0.578965902328,-0.206186711788
608,5140,3,4,0.045712236315,0.0174011494964,0.0688269287348,0.08761754632,0.0187906175852
609,6510,2,6,0.1050933972,0.0327901132405,0.505024194717,0.200123235583,-0.304900944233
610,2911,2,4,0.0522685162723,0.0252509266138,0.760784029961,0.58203202486,-0.1787520051
612,597,5,7,0.13193897903,0.0857970938087,0.937800228596,0.544553220272,-0.393247008324
613,599,6,7,0.0503624081612,0.0258156973869,0.371899276972,0.331343054771,-0.0405562222004
614,1087,6,10,0.0596990138292,0.0302019510418,0.345428258181,0.398072093725,0.0526438355446
615,597,2,5,0.0285259485245,0.0101526519284,0.561847984791,0.507379949093,-0.0544680356979
616,1628,4,13,0.0716855749488,0.0382829383016,0.47588005662,0.345811098814,-0.130068957806
617,8507,6,12,0.0927586778998,0.0268349833786,0.606382906437,0.268955677748,-0.337427228689
618,5260,4,4,0.05455782637,0.0112630026415,0.0666307732463,0.0388916730881,-0.0277391001582
619,6528,7,15,0.0387488231063,0.00586006045341,0.139225944877,0.124662958086,-0.0145629867911
620,3696,7,23,0.0813877210021,0.0052719945088,0.0037088629324,0.00341438804753,-0.000294474884868
621,2637,48,134,0.125135198236,0.0397594980896,0.745085060596,0.28378495574,-0.461300104856
622,5546,7,16,0.0619856826961,0.0293656010181,0.939736664295,0.708119928837,-0.231616735458
623,3439,2,9,0.0679419860244,0.0179188735783,0.0270994901657,0.0319089330733,0.00480944290757
624,3979,7,39,0.129609271884,0.0293152127415,0.202250540257,0.0425176024437,-0.159732937813
625,5544,9,24,0.0771863982081,0.0243312194943,0.176093190908,0.0750903859735,-0.101002804935
626,5470,5,23,0.0737020745873,0.0168916098773,0.226652234793,0.254913598299,0.0282613635063
627,2753,33,98,0.0844943001866,0.0401482470334,0.161983057857,0.115228116512,-0.0467549413443
628,973,8,15,0.036893222481,0.0135708982125,0.0482653155923,0.0711661875248,0.0229008719325
629,5212,4,6,0.0602475814521,0.0151698375121,0.0432420633733,0.0302002951503,-0.013041768223
630,1341,19,45,0.133875921369,0.0461612045765,0.00854090694338,0.0118076736107,0.00326676666737
631,1644,12,42,0.0503821782768,0.0292577594519,0.310440272093,0.306655555964,-0.0037847161293
632,4072,1,5,0.0474817045033,0.0114199677482,0.033541303128,0.0434999875724,0.00995868444443
633,2222,6,16,0.0670218095183,0.00846027955413,0.0329462811351,0.113257847726,0.0803115665913
634,4217,4,17,0.0523436367512,0.0129949171096,0.0129015566781,0.0216564107686,0.00875485409051
635,1786,1,7,0.0401372052729,0.00183895323426,0.542174518108,0.362263768911,-0.179910749197
636,6186,2,13,0.0344007350504,0.00779798766598,0.0143663119525,0.0173543374985,0.00298802554607
637,4250,2,7,0.0696486160159,0.0116317821667,0.0690159425139,0.139985084534,0.0709691420197
638,6603,12,28,0.0570558197796,0.0430546663702,0.00354907126166,0.0149570843205,0.0114080132917
639,5947,2,7,0.0826096013188,0.0495679304004,0.231494307518,0.0902179181576,-0.14127638936
640,5920,2,13,0.0465077869594,0.014107953757,0.101568296552,0.1843354702,0.0827671736479
643,967,1,9,0.0333151482046,0.0154229411855,0.271577179432,0.169761165977,-0.101816013455
644,2498,1,7,0.070585809648,0.00785867590457,0.0892543569207,0.0947353243828,0.00548096746206
645,2622,4,4,0.0524481125176,0.0211447626352,0.0815516337752,0.0348354429007,-0.0467161908746
646,5261,2,8,0.0645610019565,0.0202680956572,0.059247482568,0.0624840557575,0.0032365731895
647,5070,6,8,0.0416365303099,0.0244171191007,0.0316943228245,0.0188781116158,-0.0128162112087
648,1393,8,19,0.13648609817,0.0573752038181,0.131880536675,0.199526235461,0.0676456987858
649,7319,12,25,0.0675883293152,0.0162461176515,0.118407569826,0.180896565318,0.0624889954925
650,6938,4,6,0.0504477806389,0.0146857658401,0.173382654786,0.190511658788,0.0171290040016
651,3400,5,5,0.0664379820228,0.0280197653919,0.0467152036726,0.0593864619732,0.0126712583005
652,4493,7,21,0.0162284914404,0.00528689241037,0.912768065929,0.816770851612,-0.0959972143173
653,2212,4,2,0.0544932670891,0.00432720547542,0.235514491796,0.193774342537,-0.0417401492596
654,327,11,37,0.0778388604522,0.0530368164182,0.0751525312662,0.180978223681,0.105825692415
655,4248,4,11,0.0480669140816,0.0213868897408,0.705849349499,0.469307184219,-0.236542165279
656,3645,1,6,0.0818133503199,0.0573543384671,0.0534645989537,0.0639815405011,0.0105169415474
657,4428,2,10,0.169304251671,0.107814870775,0.945201039314,0.50053358078,-0.444667458534
658,6545,31,66,0.129531502724,0.0163473412395,0.356111109257,0.120365440845,-0.235745668411
659,4335,1,5,0.050536647439,0.0122555438429,0.0468394570053,0.0335221774876,-0.0133172795177
660,777,1,13,0.0787317529321,0.0225823577493,0.984851896763,0.73736256361,-0.247489333153
661,689,2,3,0.0560068301857,0.010293090716,0.221160829067,0.26568171382,0.0445208847523
662,628,8,27,0.012166342698,0.0135144069791,0.741335630417,0.8067958951,0.0654602646828
663,4428,1,3,0.0768323391676,0.0332133062184,0.228383734822,0.0522001795471,-0.17618355155
664,5953,2,9,0.0112533764914,0.00583631079644,0.830257892609,0.785703957081,-0.0445539355278
665,675,7,6,0.00935897231102,0.00353791029193,0.179382637143,0.197608113289,0.0182254761457
666,312,4,5,0.0609327852726,0.0138901509345,0.322723060846,0.308359265327,-0.0143637955189
667,685,9,22,0.00684346398339,0.00441923132166,0.994450986385,0.964984476566,-0.029466509819
668,729,12,22,0.000344497762853,5.58670108148e-05,0.992995917797,0.991923749447,-0.00107216835022
669,735,3,9,0.00343067129143,0.00189273967408,0.999441683292,0.987691819668,-0.0117498636246
670,657,4,11,0.0156581681222,0.0114068575203,0.92464786768,0.855608642101,-0.0690392255783
671,621,2,15,0.0393048264086,0.0281180422753,0.0295962337404,0.0892436131835,0.0596473813057
672,724,3,4,0.0670656636357,0.0193079337478,0.159927904606,0.25972494483,0.0997970402241
673,688,2,4,0.072801746428,0.0310914292932,0.180992916226,0.18965344131,0.00866052508354
674,5961,1,4,0.0985814109445,0.0577820837498,0.875154316425,0.508998930454,-0.366155385971
675,745,2,5,0.0353176742792,0.00860443525016,0.539184987545,0.502937316895,-0.0362476706505
676,3443,44,126,0.0539048723876,0.0316498614848,0.626558125019,0.409847617149,-0.21671050787
677,2555,24,95,0.068128503859,0.0305743645877,0.322992354631,0.16375233233,-0.159240022302
678,4020,19,64,0.0482413880527,0.0100315483287,0.563072264194,0.757120132446,0.194047868252
679,1123,9,19,0.0402744673193,0.0117375152186,0.37826114893,0.32860866189,-0.0496524870396
680,4760,22,83,0.0583329945803,0.0237331911922,0.129662036896,0.202061355114,0.0723993182182
681,6260,4,21,0.0418749563396,0.00705107161775,0.249383807182,0.364588111639,0.115204304457
682,3837,25,45,0.0544075220823,0.0185701213777,0.364208102226,0.190875515342,-0.173332586884
683,6793,12,24,0.107678495347,0.0244777798653,0.198649674654,0.0579226128757,-0.140727058053
684,1658,1,10,0.0767229869962,0.0328366942704,0.100331813097,0.124070085585,0.0237382724881
685,1625,15,47,0.0607912354171,0.0168219488114,0.458873361349,0.301335275173,-0.157538086176
686,3141,12,33,0.0610098950565,0.0130221229047,0.541684806347,0.440629035234,-0.101055771112
687,2241,9,29,0.0979605019093,0.0129912076518,0.296502441168,0.104055501521,-0.192446947098
688,3811,9,42,0.123003125191,0.0443549863994,0.488764703274,0.152479529381,-0.336285173893
689,3700,1,5,0.049083661288,0.00875611230731,0.0207767356187,0.0282010883093,0.00742435269058
690,5357,3,7,0.0644577294588,0.0272801630199,0.301912099123,0.156720578671,-0.145191520452
691,7990,2,17,0.0717020854354,0.0228712912649,0.00798430200666,0.0097786700353,0.00179436802864
692,1658,7,3,0.0564982704818,0.0111216166988,0.014142004773,0.0299056787044,0.0157636739314
693,1926,10,20,0.0596782229841,0.0124674020335,0.252791643143,0.140477761626,-0.112313881516
694,6003,22,47,0.066365070641,0.0101073328406,0.349429011345,0.0920364484191,-0.257392555475
695,1747,4,8,0.0637413933873,0.00914209056646,0.19175247848,0.0632539317012,-0.12849855423
697,2419,5,10,0.10165527463,0.0358949899673,0.0144887091592,0.0481335818768,0.0336448736489
698,8822,34,109,0.065941773355,0.00545125454664,0.0141832763329,0.0179201271385,0.00373685080558
699,783,1,5,0.0440675131977,0.0117814801633,0.173097282648,0.150832146406,-0.0222651362419
700,3815,9,38,0.0168235972524,0.00667227292433,0.0221769735217,0.0322086550295,0.0100316815078
701,131,5,20,0.144018083811,0.0212521571666,0.0218117702752,0.0635375604033,0.0417257919908
702,6168,3,12,0.0624513216317,0.0281820278615,0.393816381693,0.186035439372,-0.207780942321
703,8286,3,7,0.0366072542965,0.0112591972575,0.0656684190035,0.0612455308437,-0.00442288815975
704,4264,22,50,0.00929867103696,0.00583046395332,0.921730339527,0.913305521011,-0.00842481851578
705,7324,3,8,0.0518006682396,0.017533345148,0.0789385735989,0.079293705523,0.000355131924152
706,1086,7,24,0.0608644895256,0.0402240231633,0.44004663825,0.527508974075,0.087462335825
707,1100,14,34,0.0760169699788,0.0404331311584,0.633241355419,0.33827355504,-0.294967800379
708,7390,13,16,0.0536003410816,0.0148559417576,0.229483559728,0.25503963232,0.0255560725927
709,9204,11,27,0.0353610999882,0.00852335523814,0.0110137183219,0.0197912845761,0.00877756625414
710,1370,1,5,0.0537926740944,0.0226511992514,0.26522269845,0.279871016741,0.0146483182907
711,5525,5,5,0.143731310964,0.0648089200258,0.163968369365,0.045277196914,-0.118691176176
712,4977,1,3,0.0289316046983,0.00670892372727,0.423633813858,0.423466533422,-0.000167280435562
713,1208,3,15,0.0456215925515,0.0128488969058,0.0581652969122,0.0583713240921,0.000206027179956
714,5028,5,15,0.0580319911242,0.0170659180731,0.570487558842,0.489504933357,-0.0809826254845
715,5888,3,13,0.0713535919785,0.012277324684,0.270632296801,0.159852862358,-0.110779434443
716,6263,2,8,0.0487065799534,0.00927627738565,0.561179101467,0.361976832151,-0.199202269316
717,4051,5,7,0.0482944734395,0.0137627935037,0.0499438717961,0.0524763278663,0.00253245607018
718,7692,1,11,0.0612582378089,0.0316424034536,0.112833298743,0.13268533349,0.0198520347476
719,8083,9,21,0.0455198697746,0.015982311219,0.117593117058,0.215869441628,0.0982763245702
720,1399,1,7,0.0134311802685,0.00136229034979,0.661344408989,0.662009835243,0.000665426254272
721,693,1,4,0.0723901167512,0.0239595249295,0.111482866108,0.150913521647,0.039430655539
722,5466,6,8,0.0827558860183,0.0308449156582,0.577985465527,0.285741567612,-0.292243897915
723,1399,1,7,0.0299460683018,0.0123612247407,0.107917897403,0.0977476760745,-0.0101702213287
724,1489,3,13,0.111957788467,0.0884338095784,0.0074685588479,0.0272028297186,0.0197342708707
725,7670,2,19,0.0501918084919,0.00159583881032,0.217144295573,0.175124883652,-0.0420194119215
727,7365,2,8,0.0734897404909,0.0283184722066,0.00687042530626,0.0356179960072,0.0287475697696
728,6263,1,4,0.0565987080336,0.0105357496068,0.0342195034027,0.0613146685064,0.0270951651037
729,6265,2,7,0.0532455854118,0.00575638702139,0.265953242779,0.128319486976,-0.137633755803
730,5937,5,14,0.0482378304005,0.00286901765503,0.417790710926,0.172280192375,-0.245510518551
731,5937,2,10,0.0785889700055,0.00417667394504,0.335923910141,0.118572197855,-0.217351704836
732,1555,1,5,0.0375805981457,0.0416105464101,0.885378241539,0.781242847443,-0.104135394096
733,6034,3,4,0.0577999055386,0.0256143659353,0.131639078259,0.0579201690853,-0.0737189054489
734,5221,56,190,0.0442086905241,0.0189455971122,0.179218962789,0.0956649854779,-0.0835539773107
735,6428,2,11,0.0940918624401,0.0408291220665,0.0835062414408,0.065572462976,-0.0179337784648
736,5156,3,21,0.0561007373035,0.0276454016566,0.0565687045455,0.0670813918114,0.0105126872659
737,3413,26,76,0.0331689156592,0.00805469695479,0.0976622849703,0.144754394889,0.0470921099186
738,4978,2,13,0.0571089573205,0.0204031001776,0.608059108257,0.368889093399,-0.239170014858
739,1937,12,23,0.0982988104224,0.0268649514765,0.786874830723,0.402002334595,-0.384872496128
740,4820,5,12,0.0566674768925,0.016014803201,0.147405877709,0.145434752107,-0.00197112560272
741,3753,1,6,0.0549229979515,0.0192547366023,0.0398055650294,0.0375777743757,-0.00222779065371
742,8652,12,19,0.0780312791467,0.0325408540666,0.0221804082394,0.00802363269031,-0.0141567755491
743,8673,6,21,0.0560286529362,0.0191587153822,0.312743008137,0.29462942481,-0.0181135833263
744,2052,9,25,0.213574185967,0.0916031748056,0.88705766201,0.315619081259,-0.571438550949
745,4806,26,93,0.0238403547555,0.0036934860982,0.669691741467,0.723595321178,0.0539035797119
746,6181,3,14,0.0445148162544,0.00537048699334,0.186016768217,0.126987189054,-0.0590295791626
747,8780,3,8,0.0469479672611,0.0211142655462,0.386639893055,0.375480741262,-0.0111591517925
748,2969,4,13,0.0382792912424,0.0109343575314,0.0371408313513,0.059509743005,0.0223689116538
749,3405,6,16,0.0800528079271,0.0296137295663,0.294666588306,0.279198825359,-0.0154677629471
750,7388,3,7,0.0778833329678,0.0270565226674,0.013899483718,0.0668733939528,0.0529739111662
751,2809,6,24,0.0682098045945,0.0371131971478,0.882620334625,0.603121221066,-0.27949911356
752,58,2,6,0.0583087950945,0.00536478264257,0.0979178771377,0.0702730044723,-0.0276448726654
753,6460,6,13,0.0519498884678,0.0179599132389,0.0183453820646,0.00935054197907,-0.00899484008551
754,4343,5,7,0.0168829411268,0.00899721588939,0.0295114405453,0.0219950322062,-0.00751640833914
755,2277,2,9,0.0311702992767,0.0042970427312,0.168500304222,0.173104658723,0.00460435450077
756,3354,33,87,0.0168631244451,0.00825971923769,0.0624646730721,0.0357346273959,-0.0267300456762
757,2964,4,25,0.0411193780601,0.0139212813228,0.0334436036646,0.0733991935849,0.0399555899203
758,4409,1,16,0.0292496234179,0.00508852023631,0.15449872613,0.0938522294164,-0.0606464967132
759,4459,4,20,0.0427942983806,0.0226176697761,0.0253094546497,0.0254706088454,0.000161154195666
760,3381,3,15,0.0823841765523,0.0229754205793,0.313563019037,0.325900614262,0.0123375952244
761,7141,1,13,0.13001178205,0.0490920394659,0.710756242275,0.278523594141,-0.432232648134
762,497,8,21,0.0473356433213,0.0433542244136,0.822662115097,0.716075718403,-0.106586396694
763,164,3,12,0.0387646406889,0.0214625652879,0.986632049084,0.850508511066,-0.136123538017
764,6564,8,26,0.0500188618898,0.00863539613783,0.0732592269778,0.138247713447,0.0649884864688
765,2872,3,8,0.0929991975427,0.0505190826952,0.800962626934,0.428707271814,-0.37225535512
766,1558,6,15,0.0358410850167,0.018808439374,0.674974322319,0.586832225323,-0.0881420969963
767,3277,6,25,0.036487262696,0.0261120349169,0.644267261028,0.566432118416,-0.0778351426125
768,3975,2,2,0.0799592733383,0.0074582551606,0.101083181798,0.0524767637253,-0.0486064180732
770,377,2,6,0.0719570145011,0.0542100965977,0.933649480343,0.669787943363,-0.26386153698
771,437,2,8,0.0224672798067,0.0094719203189,0.694788217545,0.569660127163,-0.125128090382
772,4532,3,11,0.0360453240573,0.0220172088593,0.237187340856,0.134594663978,-0.102592676878
773,2355,2,14,0.0580305159092,0.0270323306322,0.00648457510397,0.0111741870642,0.0046896119602
774,1054,6,13,0.0474347770214,0.00736364256591,0.341866612434,0.399681091309,0.0578144788742
775,1677,2,5,0.0502426885068,0.00471965456381,0.057511202991,0.0897294059396,0.0322182029486
776,2461,13,45,0.0482804961503,0.0325142964721,0.861207127571,0.640993893147,-0.220213234425
777,4424,17,85,0.0971792936325,0.0487612150609,0.193724244833,0.099481202662,-0.094243042171
778,2722,8,18,0.0519403368235,0.00968371890485,0.0360288359225,0.0333871841431,-0.00264165177941
779,6476,14,41,0.044747158885,0.00935316458344,0.160764276981,0.175861358643,0.0150970816612
780,576,5,23,0.0437354855239,0.026728650555,0.933282375336,0.810430049896,-0.122852325439
781,1294,5,13,0.0744704380631,0.0175799522549,0.147314652801,0.0539364367723,-0.0933782160282
782,323,18,59,0.00934370514005,0.00645249243826,0.72543412447,0.777849018574,0.052414894104
783,1610,16,47,0.114520095289,0.0346677266061,0.610181331635,0.21746198833,-0.392719328403
784,3287,7,26,0.0248260349035,0.0155367413536,0.381066203117,0.410988658667,0.0299224555492
785,4469,19,49,0.0262433569878,0.00775166787207,0.306634038687,0.343286246061,0.0366522073746
786,581,1,19,0.0726896896958,0.0377566218376,0.0923288613558,0.062752649188,-0.0295762121677
787,5707,35,81,0.023217080161,0.0127041544765,0.156462475657,0.109205752611,-0.0472567230463
788,471,12,36,0.0358549170196,0.0259916894138,0.894994676113,0.722333908081,-0.172660768032
789,468,18,27,0.0338347442448,0.021448334679,0.135133504868,0.22786962986,0.0927361249924
790,435,2,8,0.0339806191623,0.0262268166989,0.627089560032,0.481184720993,-0.145904839039
791,4000,7,18,0.0499614067376,0.0402758084238,0.0553946048021,0.0541886724532,-0.00120593234897
792,7416,6,21,0.0646767839789,0.0267145000398,0.73895150423,0.434155374765,-0.304796129465
794,5019,1,2,0.0488484054804,0.0137878162786,0.0815802663565,0.0910210609436,0.00944079458714
795,2869,6,20,0.0321734659374,0.00800201669335,0.329687327147,0.316002368927,-0.0136849582195
796,6136,10,25,0.0419168882072,0.0104019679129,0.239926859736,0.149108603597,-0.0908182561398
797,2582,5,20,0.0916003212333,0.042980376631,0.195242926478,0.0454367808998,-0.149806141853
798,8085,3,12,0.0349807888269,0.00756198866293,0.00437032431364,0.00782267469913,0.00345235038549
799,4415,27,77,0.0333738587797,0.0134541336447,0.0353097505867,0.0523110181093,0.0170012675226
800,1166,11,26,0.0798440948129,0.0320730023086,0.402313262224,0.143599942327,-0.258713304996
801,5703,19,52,0.0928071737289,0.0491796731949,0.391702860594,0.201416358352,-0.190286502242
802,351,4,18,0.0380055718124,0.0219950024039,0.829274117947,0.616603434086,-0.212670683861
803,3868,2,8,0.042602468282,0.00666265003383,0.0367619879544,0.0419540219009,0.00519203394651
804,4814,2,5,0.0612860620022,0.0330473706126,0.059980802238,0.179848685861,0.119867883623
805,2683,4,11,0.0433926284313,0.0230856537819,0.0133481668308,0.0328969061375,0.019548740238
806,5801,7,12,0.110073663294,0.0111653469503,0.551064670086,0.177402973175,-0.373661696911
807,2953,18,43,0.0728676691651,0.051477111876,0.555303454399,0.304195672274,-0.251107782125
808,951,7,24,0.108502149582,0.0485944971442,0.640799939632,0.323365271091,-0.317434668541
809,426,10,30,0.0493242405355,0.013963451609,0.619671404362,0.469222426414,-0.150448977947
810,2525,3,10,0.0532777197659,0.0145456204191,0.195635929704,0.121536612511,-0.074099317193
812,7927,20,39,0.116772703826,0.0189570169896,0.00467689149082,0.00227906997316,-0.00239782151766
813,5053,6,27,0.0313415527344,0.00373834115453,0.0237151440233,0.0274986419827,0.00378349795938
814,5824,6,12,0.0424020625651,0.0125579601154,0.0231608022004,0.032513640821,0.00935283862054
815,4438,1,15,0.0437838621438,0.00702483719215,0.065603800118,0.0401899777353,-0.0254138223827
816,7130,8,13,0.040325731039,0.00749339396134,0.0452490709722,0.0665941312909,0.0213450603187
817,5785,2,6,0.0420526079834,0.00294031761587,0.206750035286,0.116980694234,-0.0897693410516
818,3409,3,3,0.0766920223832,0.048569470644,0.444301307201,0.227801203728,-0.216500103474
820,9049,1,2,0.0799903422594,0.0227097850293,0.121964767575,0.0888940766454,-0.0330706909299
821,2836,1,7,0.0682563856244,0.0333389975131,0.027015933767,0.0435355864465,0.0165196526796
822,449,5,8,0.0769473835826,0.0210090540349,0.0947547033429,0.206261277199,0.111506573856
823,234,2,4,0.0951369777322,0.0237512439489,0.192502230406,0.234458863735,0.0419566333294
824,1107,2,4,0.0706157535315,0.014101581648,0.0590990073979,0.13292311132,0.0738241076469
825,3237,4,21,0.086232252419,0.0438997708261,0.908798754215,0.616585791111,-0.292212963104
826,604,1,8,0.108465470374,0.0731007754803,0.7838742733,0.410267442465,-0.373606830835
827,512,1,3,0.0617834888399,0.02109419927,0.128996625543,0.0811979100108,-0.0477987155318
828,1141,4,8,0.0679410919547,0.0242177806795,0.0812938138843,0.0706418380141,-0.0106519758701
830,1168,5,5,0.0588720738888,0.00946259032935,0.0129951657727,0.0191486626863,0.00615349691361
831,411,1,12,0.0568600296974,0.0190593507141,0.153428867459,0.255817860365,0.102388992906
832,2525,2,7,0.121852092445,0.0531768798828,0.792589128017,0.369097262621,-0.423491865396
833,2969,5,6,0.0484618842602,0.0126272635534,0.0465311817825,0.0661929622293,0.0196617804468
834,3776,5,7,0.0800542831421,0.0138512663543,0.0481223799288,0.113111257553,0.0649888813496
835,8270,7,17,0.12111645937,0.0343080312014,0.136451989412,0.0549959130585,-0.0814560800791
838,4190,1,7,0.0695115625858,0.0245061852038,0.589714348316,0.280930012465,-0.308784335852
839,5101,2,6,0.0652372986078,0.0182086396962,0.00706552620977,0.00773563468829,0.000670108478516
840,4071,1,10,0.0760304629803,0.00774130597711,0.156929761171,0.294249236584,0.137319475412
841,5841,1,5,0.0857827439904,0.0224468465894,0.025408891961,0.0357199572027,0.0103110652417
842,5076,14,58,0.0616449229419,0.0130879851058,0.165726736188,0.142563790083,-0.023162946105
843,7016,59,177,0.0513908416033,0.0377081222832,0.411938637495,0.313746243715,-0.0981923937798
844,3225,19,59,0.0497289858758,0.0113744316623,0.057958278805,0.118081092834,0.0601228140295
845,2796,4,15,0.0442294366658,0.0010646218434,0.0225547086447,0.0341787524521,0.0116240438074
846,6706,3,10,0.099965929985,0.0118403090164,0.903094649315,0.530967175961,-0.372127473354
848,1692,14,63,0.0431911051273,0.00950571708381,0.981492936611,0.821728646755,-0.159764289856
849,790,2,8,0.0561481118202,0.0379831492901,0.727810621262,0.607155561447,-0.120655059814
850,7665,30,93,0.0601492077112,0.0341778844595,0.598367094994,0.410847425461,-0.187519669533
851,5056,6,6,0.0728947743773,0.0258468668908,0.404537707567,0.205290615559,-0.199247092009
852,1674,3,6,0.0413968712091,0.0156883317977,0.966687619686,0.796059548855,-0.170628070831
853,6621,1,5,0.057734131813,0.00773388845846,0.0696624293923,0.0525274388492,-0.0171349905431
854,6621,1,13,0.055586591363,0.0143849682063,0.0900713950396,0.0847435072064,-0.00532788783312
855,6653,3,11,0.0542329587042,0.0268499720842,0.810054540634,0.555469870567,-0.254584670067
856,1180,9,9,0.0751974061131,0.0400648899376,0.773720085621,0.491519898176,-0.282200187445
857,122,9,10,0.041039545089,0.0255784150213,0.0760958939791,0.0891570746899,0.0130611807108
858,6621,25,51,0.0720325633883,0.0105819450691,0.0736341327429,0.010829157196,-0.0628049746156
859,909,5,6,0.0214488822967,0.0149811860174,0.593105137348,0.525446712971,-0.0676584243774
860,6621,1,14,0.0622664391994,0.0238684043288,0.52353644371,0.291356354952,-0.232180088758
861,7864,4,3,0.075811214745,0.00936099048704,0.22472460568,0.188516721129,-0.0362078845501
862,5589,4,16,0.0822164192796,0.0357823334634,0.319284856319,0.119314648211,-0.199970215559
864,5370,4,10,0.071901999414,0.0343032032251,0.0188126061112,0.028977593407,0.0101649872959
865,1498,2,7,0.0601476319134,0.00828718021512,0.621934235096,0.377431660891,-0.244502574205
866,1037,1,3,0.122490942478,0.0349831804633,0.399074226618,0.0816174224019,-0.317456811666
867,5545,7,11,0.092650718987,0.0134839350358,0.191239461303,0.0553435087204,-0.135895952582
868,7290,30,90,0.143216893077,0.0250914636999,0.146769031882,0.0178880747408,-0.128880962729
870,3049,4,9,0.0784631744027,0.0319666862488,0.353158473969,0.261019378901,-0.092139095068
871,588,2,2,0.212118387222,0.0243494324386,0.790774941444,0.189082205296,-0.601692736149
873,635,7,17,0.0039870236069,0.00093024270609,0.983127593994,0.960256874561,-0.0228707194328
874,619,2,3,0.102566510439,0.0629873946309,0.624497652054,0.327319324017,-0.297178328037
875,666,3,6,0.0423335917294,0.0191440321505,0.942266762257,0.750741899014,-0.191524863243
876,2278,12,23,0.0497617013752,0.0187635887414,0.112204946578,0.204048082232,0.0918431356549
877,7880,60,169,0.108466498554,0.0171908792108,0.00167293683626,0.00215699733235,0.000484060496092
878,4810,4,20,0.0661664232612,0.0145368613303,0.180349215865,0.087150067091,-0.0931991487741
879,6160,10,22,0.0904315039515,0.0495464615524,0.0362785793841,0.0667095556855,0.0304309763014
880,751,33,72,0.0378334932029,0.0103567903861,0.752735257149,0.911574602127,0.158839344978
881,3602,4,18,0.041293811053,0.00699357129633,0.127574443817,0.104320824146,-0.0232536196709
883,1692,7,21,0.0739554911852,0.0423783175647,0.851864755154,0.58102875948,-0.270835995674
884,7908,6,23,0.0843140408397,0.0194611474872,0.388935118914,0.1326058954,-0.256329238415
885,944,4,14,0.0471404790878,0.0451793409884,0.649973332882,0.561900496483,-0.0880728363991
886,5239,5,10,0.0389532707632,0.0164816789329,0.135910451412,0.133298918605,-0.00261153280735
887,7568,3,5,0.077840231359,0.027143990621,0.0503562577069,0.0427821092308,-0.00757414847612
888,2649,5,31,0.0529910810292,0.0170882083476,0.127405256033,0.273501187563,0.14609593153
889,1341,1,9,0.141650095582,0.0247179567814,0.199797958136,0.168521210551,-0.0312767475843
890,2345,15,67,0.0567257851362,0.000523267488461,0.0771118253469,0.121560357511,0.0444485321641
891,1948,6,34,0.0597629845142,0.0234159976244,0.0608336962759,0.0686515644193,0.00781786814332
892,3827,3,16,0.0531317740679,0.0361653715372,0.678093791008,0.452381700277,-0.225712090731
893,7978,7,31,0.0520305149257,0.00655643362552,0.0249856356531,0.0250070150942,2.13794410229e-05
894,5998,9,41,0.0302933752537,0.0137836793438,0.0476051531732,0.027067059651,-0.0205380935222
895,8962,2,3,0.0592009313405,0.0235043708235,0.0378315597773,0.0342870987952,-0.00354446098208
897,8630,6,43,0.0531786866486,0.0409622453153,0.0639395937324,0.165858447552,0.101918853819
898,4054,3,6,0.079623490572,0.00142357230652,0.0134627306834,0.00852357875556,-0.00493915192783
899,682,3,7,0.121659435332,0.0406308732927,0.941983282566,0.54827183485,-0.393711447716
900,694,1,5,0.0458143092692,0.0357753373682,0.93779027462,0.746927201748,-0.190863072872
901,742,2,10,0.0480075143278,0.00946930516511,0.124095253646,0.0733145028353,-0.0507807508111
902,715,1,7,0.0631199404597,0.0302617847919,0.854122936726,0.664965391159,-0.189157545567
905,628,1,2,0.074732594192,0.0242379214615,0.0312539339066,0.0223464276642,-0.00890750624239
906,5977,2,6,0.102963060141,0.0235187783837,0.705700933933,0.4307076931,-0.274993240833
909,249,4,13,0.0264514163136,0.00764604657888,0.558064699173,0.479271262884,-0.0787934362888
910,164,1,7,0.091653265059,0.0587000437081,0.0293443724513,0.0331980846822,0.00385371223092
912,4939,3,43,0.148761183023,0.0525516420603,0.399122804403,0.11784093827,-0.281281858683
913,1730,10,25,0.0892473980784,0.0153640778735,0.275327861309,0.276861459017,0.00153359770775
914,1848,2,20,0.0474546737969,0.00794599205256,0.250181168318,0.14972434938,-0.100456818938
915,1890,3,6,0.0473613925278,0.0257632173598,0.161834150553,0.268394082785,0.106559932232
916,7553,7,7,0.0318509526551,0.00813879352063,0.207670345902,0.24064040184,0.0329700559378
917,2187,1,9,0.0717295706272,0.0037276444491,0.0203862022609,0.0404777117074,0.0200915094465
918,1937,1,3,0.0590347386897,0.0265692360699,0.0149636613205,0.019704753533,0.0047410922125
919,2187,3,15,0.0433772020042,0.00435066828504,0.14049962163,0.103774808347,-0.0367248132825
920,2011,2,13,0.0885486379266,0.0172445643693,0.197536930442,0.218023896217,0.0204869657755
921,1746,13,37,0.0536475889385,0.0194673035294,0.0697466209531,0.0363890491426,-0.0333575718105
922,6209,5,4,0.0741084888577,0.0331330746412,0.100595660508,0.0619657970965,-0.0386298634112
923,1345,2,4,0.0695554837584,0.0299799609929,0.0892560854554,0.0761632695794,-0.013092815876
924,567,3,6,0.065951295197,0.00297894398682,0.0167960505933,0.0323972888291,0.0156012382358
925,2038,1,11,0.0749929323792,0.0174920428544,0.311650335789,0.116899438202,-0.194750905037
926,498,6,6,0.0580658130348,0.0219438411295,0.0279078669846,0.036177419126,0.00826955214143
927,2388,1,4,0.0554417483509,0.0183663275093,0.215766415,0.08226531744,-0.13350109756
928,6305,3,10,0.0442068427801,0.0136308483779,0.130104258657,0.113189674914,-0.0169145837426
929,1131,2,5,0.0428987145424,0.00224187388085,0.470175594091,0.281946063042,-0.18822953105
930,330,2,5,0.0547688193619,0.0476986020803,0.805898249149,0.574177622795,-0.231720626354
931,2137,3,18,0.0477664880455,0.0195041410625,0.051128283143,0.0412181317806,-0.00991015136242
932,4197,3,3,0.0511386208236,0.0147161744535,0.142972350121,0.177857995033,0.0348856449127
934,8101,6,12,0.0305535495281,0.00938459858298,0.84147721529,0.694278776646,-0.147198438644
935,5979,1,4,0.0612329207361,0.0379909388721,0.0763437375426,0.121452897787,0.0451091602445
937,5965,5,13,0.037155944854,0.0045241988264,0.154903396964,0.023707928136,-0.131195470691
940,655,1,5,0.0910244807601,0.0194505210966,0.805401086807,0.454895347357,-0.35050573945
941,6788,1,4,0.0462721921504,0.00766901019961,0.114227719605,0.119890891016,0.00566317141056
942,1337,12,41,0.08446290344,0.026715869084,0.198810592294,0.37972715497,0.180916562676
943,4524,4,22,0.0513209998608,0.0266059655696,0.018054831773,0.0319136418402,0.0138588100672
944,453,36,106,0.177345752716,0.0373047664762,0.852792024612,0.304154962301,-0.548637032509
945,326,2,9,0.0225603189319,0.00852470751852,0.457087993622,0.42398956418,-0.0330984294415
946,3029,7,37,0.0438342802227,0.00694835558534,0.150218486786,0.122465886176,-0.0277526006103
947,4435,11,45,0.0497833788395,0.0342076383531,0.0359593555331,0.0256197992712,-0.0103395562619
949,557,19,37,0.0439133681357,0.0109304813668,0.69387704134,0.485764414072,-0.208112627268
950,867,3,9,0.0269181877375,0.0110677452758,0.308085441589,0.324791699648,0.0167062580585
951,3592,11,22,0.0894015803933,0.00522822327912,0.143588632345,0.0884359478951,-0.0551526844501
952,578,4,9,0.0385496802628,0.0196819957346,0.557289302349,0.578898072243,0.0216087698936
953,923,4,19,0.0690563619137,0.0135174617171,0.398592114449,0.219211816788,-0.179380297661
954,4440,20,51,0.0394155345857,0.0182348620147,0.497794151306,0.297586530447,-0.200207620859
955,590,2,5,0.0400856472552,0.0152085199952,0.355154633522,0.366779655218,0.0116250216961
956,287,2,14,0.0140272751451,0.00562418717891,0.124706491828,0.142492994666,0.0177865028381
957,255,8,23,0.0546035282314,0.00648992042989,0.72906601429,0.553929269314,-0.175136744976
958,939,3,5,0.0333643592894,0.017912613228,0.773346781731,0.639603674412,-0.133743107319
959,262,5,14,0.0630691275001,0.00478060543537,0.140087231994,0.170846536756,0.0307593047619
960,3989,5,12,0.041092749685,0.0118922023103,0.253214389086,0.157278969884,-0.0959354192019
961,1080,1,6,0.06710395962,0.0268252734095,0.183302432299,0.280098646879,0.0967962145805
962,488,2,12,0.0781413018703,0.00659098476171,0.0686865225434,0.161973312497,0.0932867899537
964,443,2,7,0.0829309895635,0.058660954237,0.761298656464,0.459650963545,-0.301647692919
965,584,2,4,0.0580591224134,0.0286503378302,0.0797538086772,0.0680954456329,-0.0116583630443
967,316,9,31,0.0653500780463,0.0165096279234,0.57933729887,0.380489856005,-0.198847442865
968,6053,10,28,0.0897092595696,0.0436431877315,0.0124995931983,0.0208038724959,0.00830427929759
969,3858,24,87,0.0268707349896,0.0136719280854,0.417588412762,0.350818514824,-0.0667698979378
970,7728,18,50,0.032297052443,0.0123027153313,0.390689015388,0.328494161367,-0.0621948540211
971,6679,9,20,0.030689643696,0.0112854549661,0.40773165226,0.352446317673,-0.0552853345871
972,7724,3,22,0.019968226552,0.0062846117653,0.0162744503468,0.0148283466697,-0.00144610367715
973,3176,3,11,0.0856417044997,0.00878209248185,0.189362123609,0.396254688501,0.206892564893
974,7693,14,45,0.110270917416,0.0262231081724,0.392713904381,0.0994123592973,-0.293301552534
975,4770,12,28,0.0710289403796,0.0264359656721,0.536047637463,0.290150523186,-0.245897114277
976,6665,11,61,0.0193599592894,0.00927122775465,0.140581518412,0.101487778127,-0.0390937402844
977,2157,14,53,0.0229552518576,0.015205568634,0.943320870399,0.831124007702,-0.112196862698
978,7561,8,14,0.0626242682338,0.0147798052058,0.203472077847,0.0584941506386,-0.144977927208
979,2778,3,15,0.061670076102,0.0069908737205,0.047428291291,0.0731337666512,0.0257054753602
980,7161,13,55,0.0412823073566,0.009287991561,0.146680429578,0.12543772161,-0.0212427079678
981,2402,6,5,0.0864688679576,0.0485804378986,0.145220369101,0.0731596648693,-0.0720607042313
982,1887,3,11,0.0552233047783,0.0338322632015,0.14335745573,0.102740377188,-0.0406170785427
983,3082,4,14,0.0248629730195,0.00881172250956,0.92631983757,0.794699132442,-0.131620705128
984,3547,3,9,0.0355448685586,0.0133029250428,0.201112613082,0.155299350619,-0.0458132624626
985,2056,3,11,0.0569538287818,0.0251577217132,0.0590359456837,0.041722882539,-0.0173130631447
986,523,3,5,0.0622335113585,0.0262153223157,0.0690506100655,0.0992027819157,0.0301521718502
987,8480,26,25,0.0911717116833,0.0849343910813,0.0983995869756,0.0592075400054,-0.0391920469701
988,6407,5,37,0.047401830554,0.0119272405282,0.141852766275,0.137060388923,-0.00479237735271
989,305,31,90,0.00599480932578,0.000854777405038,0.878612279892,0.85595947504,-0.0226528048515
990,861,1,6,0.04469576478,0.0157827083021,0.302264243364,0.336529165506,0.034264922142
991,6515,7,30,0.148714825511,0.0743936300278,0.904831886292,0.44802749157,-0.456804394722
992,5553,9,16,0.0587629079819,0.00578436953947,0.0848568156362,0.183058485389,0.0982016697526
993,1011,13,35,0.0417496562004,0.0162873119116,0.18774946034,0.133826076984,-0.0539233833551
994,1017,41,106,0.0222205873579,0.0050854133442,0.657843112946,0.705373108387,0.0475299954414
995,3307,5,6,0.101277269423,0.0259787235409,0.012270309031,0.0258550886065,0.0135847795755
996,197,18,57,0.0313950441778,0.0018481410807,0.46508076787,0.360907644033,-0.104173123837
997,453,5,11,0.0262336712331,0.0113284001127,0.483115613461,0.521271467209,0.0381558537483
998,476,1,6,0.0677003189921,0.0377115979791,0.541419863701,0.401367396116,-0.140052467585
999,5630,4,16,0.0453708209097,0.0229863263667,0.0131485788152,0.0188074391335,0.00565886031836
1001,421,6,15,0.047483112663,0.0221106335521,0.499522298574,0.372785955667,-0.126736342907
1003,2803,2,4,0.0403031520545,0.0021417546086,0.121010139585,0.140228524804,0.0192183852196
1004,451,6,8,0.0505840778351,0.0100461253896,0.118692137301,0.120048724115,0.00135658681393
1005,338,2,7,0.0513780377805,0.0217622537166,0.552188754082,0.341945409775,-0.210243344307
1006,863,2,8,0.107854939997,0.103838212788,0.0301805026829,0.0688000246882,0.0386195220053
1007,1258,3,13,0.0509023480117,0.0229870397598,0.366828769445,0.281703859568,-0.0851249098778
1008,134,5,8,0.0156882535666,0.00544656999409,0.827807962894,0.788781404495,-0.0390265583992
1009,4409,1,6,0.0666409358382,0.00792161934078,0.0273408796638,0.0192603487521,-0.00808053091168
1011,1890,4,12,0.0527415387332,0.0124300420284,0.144525915384,0.0721898823977,-0.0723360329866
1013,8400,16,50,0.0810194835067,0.0162953864783,0.135927826166,0.072318546474,-0.0636092796922
1014,5591,3,6,0.0481912977993,0.0174030754715,0.214483723044,0.120616614819,-0.0938671082258
1015,2045,7,27,0.0413944758475,0.00658132461831,0.409143716097,0.297808021307,-0.11133569479
1016,934,2,10,0.0776714608073,0.0403886549175,0.0703829824924,0.152284309268,0.0819013267756
1017,3869,12,45,0.0686878561974,0.0210249274969,0.12845608592,0.16218303144,0.0337269455194
1018,5925,6,18,0.0529313273728,0.0123137393966,0.0326115302742,0.0282640922815,-0.00434743799269
1019,7416,7,32,0.0566030591726,0.0129533726722,0.0657700002193,0.106611728668,0.0408417284489
1020,4296,8,21,0.0785328745842,0.058291181922,0.911826014519,0.626174449921,-0.285651564598
1021,6574,8,9,0.0464315153658,0.0114506408572,0.0162145905197,0.0113139105961,-0.00490067992359
1022,986,6,14,0.0601193010807,0.0409084670246,0.525802493095,0.362940996885,-0.16286149621
1023,2636,12,34,0.0549425669014,0.0289797261357,0.0130947306752,0.0135652618483,0.00047053117305
1024,4233,11,38,0.0973067060113,0.0129965478554,0.273879259825,0.101537145674,-0.172342121601
1025,5925,6,12,0.0410050489008,0.00490984600037,0.0215876065195,0.0226584076881,0.00107080116868
1026,5068,3,15,0.0501149743795,0.0163706317544,0.061065312475,0.0575965456665,-0.00346876680851
1027,7655,1,9,0.0669478550553,0.0105416039005,0.123627983034,0.12575186789,0.0021238848567
1029,1628,4,4,0.0850901976228,0.0220604408532,0.506775617599,0.184478461742,-0.322297155857
1030,567,1,4,0.0112910540774,0.0052076834254,0.90598064661,0.841715633869,-0.0642650127411
1031,1273,5,3,0.068676173687,0.0195340868086,0.0638561174273,0.0805813446641,0.0167252272367
1032,2263,4,5,0.039149582386,0.0100884251297,0.00433316128328,0.0146090388298,0.0102758780122
1033,2925,16,42,0.0571168549359,0.0451111532748,0.0707575753331,0.0753024592996,0.00454488396645
1034,282,1,16,0.0992905721068,0.035995259881,0.439945489168,0.130500301719,-0.309445202351
1035,196,2,8,0.0753516703844,0.0152856511995,0.32723775506,0.240199565887,-0.0870381891727
1036,1080,10,37,0.0373384431005,0.0306543856859,0.15619841218,0.276107907295,0.119909495115
1037,1072,8,16,0.0551464743912,0.0294782985002,0.226479232311,0.328618079424,0.102138847113
1038,464,5,25,0.0633740201592,0.0319359488785,0.801496326923,0.547813236713,-0.25368309021
1040,997,5,21,0.00902802776545,0.00572483893484,0.972378790379,0.924642860889,-0.0477359294891
1041,2905,4,11,0.0859073996544,0.0274547468871,0.134420350194,0.245470285416,0.111049935222
1042,417,3,6,0.0368772782385,0.0229761805385,0.190980911255,0.165747001767,-0.0252339094877
1043,4692,25,52,0.0161334667355,0.00598742254078,0.873055875301,0.85958313942,-0.0134727358818
1044,4074,2,6,0.0529869608581,0.0034773638472,0.0577619709074,0.0649875923991,0.00722562149167
1045,1573,2,4,0.0564890503883,0.0269762612879,0.510968506336,0.606924593449,0.0959560871124
1046,2161,1,8,0.0408392511308,0.012734672986,0.0543816387653,0.0615924708545,0.00721083208919
1047,5079,8,30,0.0867823883891,0.0253664776683,0.0258197616786,0.0240685045719,-0.00175125710666
1048,2197,2,7,0.0839903876185,0.0214347597212,0.133425757289,0.123005926609,-0.0104198306799
1049,8433,2,5,0.104869574308,0.0207737982273,0.0109705794603,0.0728028938174,0.0618323162198
1050,5922,2,5,0.0355700999498,0.0160838924348,0.435701310635,0.417733520269,-0.0179677903652
1051,5892,2,14,0.0137637639418,0.00309423683211,0.485761255026,0.466608852148,-0.0191524028778
1052,3883,10,24,0.0706830397248,0.0352370291948,0.426052570343,0.234193429351,-0.191859140992
1053,4055,1,6,0.0410736724734,0.010707125999,0.0429855026305,0.0868919864297,0.0439064837992
1054,2573,22,78,0.0638372823596,0.0353141315281,0.0102669671178,0.0740690305829,0.0638020634651
1055,5487,1,7,0.040736567229,0.0125304441899,0.14203839004,0.158497452736,0.0164590626955
1056,6224,1,4,0.0492083132267,0.00485248677433,0.125052243471,0.232506155968,0.107453912497
1057,6307,8,7,0.106965363026,0.0103446487337,0.296036094427,0.123322986066,-0.17271310091
1058,4423,3,2,0.102220661938,0.0357001796365,0.0107531584799,0.015538350679,0.00478519219905
1059,4403,1,8,0.052071928978,0.0142218545079,0.226135492325,0.130149200559,-0.0959862917662
1060,8124,2,3,0.0488543026149,0.0134119633585,0.193142667413,0.0950521156192,-0.0980905517936
1061,4045,3,10,0.0219378117472,0.00387721159495,0.266817986965,0.344369649887,0.0775516629219
1062,7984,3,10,0.0769407376647,0.0322573967278,0.00492610177025,0.0444814153016,0.0395553149283
1063,8440,4,4,0.0434436611831,0.00978792738169,0.286353319883,0.303360909224,0.0170075893402
1065,207,1,7,0.0322407335043,0.00570176634938,0.501813590527,0.345445245504,-0.156368345022
1066,4526,2,2,0.0546566434205,0.00463726604357,0.0654086172581,0.0484934337437,-0.0169151835144
1067,1005,7,19,0.0650408193469,0.0196523610502,0.0766597688198,0.175146922469,0.0984871536493
1068,599,36,93,0.0580758601427,0.0226013828069,0.225636824965,0.217985525727,-0.0076512992382
1069,4345,10,46,0.0777589157224,0.0257913898677,0.425433278084,0.144297242165,-0.281136035919
1070,1303,8,30,0.107605941594,0.0423051901162,0.0592508204281,0.0352053828537,-0.0240454375744
1071,957,4,9,0.0573468692601,0.0324258729815,0.0880359560251,0.16202250123,0.0739865452051
1072,751,1,4,0.101767338812,0.0233828388155,0.527717530727,0.192382469773,-0.335335075855
1073,1160,19,25,0.026727354154,0.00348159624264,0.273130744696,0.130997553468,-0.142133191228
1074,249,14,40,0.00736938649788,0.00349095556885,0.85883551836,0.864650905132,0.00581538677216
1075,443,5,15,0.0701871365309,0.0425640679896,0.909667491913,0.628008961678,-0.281658530235
1076,4465,2,5,0.0327515788376,0.00771819474176,0.144771009684,0.0548922307789,-0.08987878263
1077,254,10,28,0.0801413282752,0.0260302517563,0.38668936491,0.247252508998,-0.139436855912
1078,4330,6,18,0.0626510158181,0.029379395768,0.0295275058597,0.0312460139394,0.00171850807965
1079,598,2,12,0.0737360343337,0.0240774415433,0.171853423119,0.176166966558,0.00431354343891
1080,2201,6,13,0.0375364683568,0.0263935681432,0.839226365089,0.648776471615,-0.190449893475
1081,4407,6,17,0.0611536391079,0.0219417195767,0.168962240219,0.0658385083079,-0.103123731911
1082,466,2,8,0.0244959164411,0.00365747325122,0.0748573690653,0.0584676451981,-0.0163897238672
1084,435,4,7,0.0434551127255,0.0152591699734,0.409973621368,0.343946546316,-0.0660270750523
1085,2859,9,13,0.0740637853742,0.00988614093512,0.154983907938,0.0941599011421,-0.0608240067959
1086,136,1,5,0.0710476264358,0.0255616288632,0.414738506079,0.313356399536,-0.101382106543
1087,2996,4,11,0.0975830033422,0.0135009847581,0.353721261024,0.143245398998,-0.210475862026
1088,334,19,37,0.0779667720199,0.0216501411051,0.386909127235,0.191140606999,-0.195768520236
1089,3287,1,3,0.0892414078116,0.0301700346172,0.369573116302,0.124847918749,-0.244725197554
1090,937,2,18,0.0481558553874,0.0230489652604,0.0565757639706,0.158636868,0.102061107755
1091,356,4,9,0.0591779835522,0.0151626225561,0.02961076051,0.0636058598757,0.0339950993657
1092,7379,1,5,0.0507089681923,0.00731534417719,0.191287100315,0.109096266329,-0.0821908339858
1093,4455,2,14,0.0312833860517,0.0117683410645,0.215300396085,0.148125484586,-0.067174911499
1094,409,7,27,0.0509850382805,0.038107663393,0.930855691433,0.714603185654,-0.216252505779
1095,373,1,14,0.0274327974766,0.0180617570877,0.591573834419,0.56365698576,-0.0279168486595
1096,842,3,19,0.0924103558064,0.0713605508208,0.738223135471,0.405986905098,-0.332236230373
1097,3373,4,9,0.0801673457026,0.066781193018,0.51343947649,0.306112021208,-0.207327455282
1098,513,3,9,0.0343031026423,0.0122214369476,0.573454260826,0.482973098755,-0.0904811620712
1100,6547,1,8,0.0939135923982,0.0255831256509,0.383972227573,0.127716585994,-0.256255626678
1101,2925,1,7,0.0244128704071,0.00500153237954,0.414999544621,0.428997844458,0.0139982998371
1102,4609,13,55,0.0902249440551,0.0470696017146,0.567358195782,0.242218330503,-0.32513988018
1103,7996,23,75,0.0591244883835,0.0117871155962,0.0113142281771,0.0118109807372,0.000496752560139
1104,1645,6,16,0.088089607656,0.0285331029445,0.175556302071,0.166290685534,-0.00926561653614
1105,7317,11,36,0.085553728044,0.0259231068194,0.0755392089486,0.0246329586953,-0.0509062483907
1106,7622,25,64,0.0740763470531,0.0216843765229,0.0989920943975,0.156220257282,0.0572281628847
1107,1873,14,45,0.0714016705751,0.0101638883352,0.109917677939,0.245501920581,0.135584235191
1108,1824,3,8,0.0473451316357,0.00427559344098,0.0596779882908,0.0957434698939,0.0360654816031
1109,2182,2,5,0.0846860185266,0.0222089141607,0.133491441607,0.095828525722,-0.0376629158854
1111,4392,1,6,0.0547435842454,0.0206652730703,0.020789090544,0.0148645387962,-0.00592455174774
1113,662,3,3,0.0460955686867,0.0346933975816,0.763850450516,0.552995502949,-0.210854947567
1114,619,3,9,0.049688924104,0.0219922028482,0.505057811737,0.220349907875,-0.284707903862
1115,707,3,15,0.0662075579166,0.0335212014616,0.336527734995,0.442535966635,0.10600823164
1117,736,2,12,0.0203139223158,0.021084472537,0.983611643314,0.905963897705,-0.0776477456093
1118,702,4,1,0.0524250417948,0.000984635320492,0.0543938465416,0.111693762243,0.0572999157012
1119,4214,6,3,0.0510695166886,0.0202792342752,0.0765667259693,0.0539874769747,-0.0225792489946
1120,701,1,3,0.0783181264997,0.0209140498191,0.0586231276393,0.13558703661,0.0769639089704
1122,669,2,3,0.0591045804322,0.0113007584587,0.866628348827,0.59723418951,-0.269394159317
1123,5337,11,29,0.0789568647742,0.0657518953085,0.0195938572288,0.0333588458598,0.013764988631
1124,6927,4,20,0.0728544816375,0.0134989842772,0.0615981817245,0.0442034937441,-0.0173946879804
1125,6601,15,46,0.0524069964886,0.0090485131368,0.49335205555,0.542668163776,0.0493161082268
1126,3148,4,9,0.0381483621895,0.0210681781173,0.962528586388,0.80952757597,-0.153001010418
1127,7326,2,5,0.143087163568,0.0251918863505,0.418147325516,0.118230260909,-0.299917072058
1128,1118,3,7,0.0389036089182,0.00462489854544,0.11296825856,0.168262526393,0.0552942678332
1129,3209,5,5,0.0712847337127,0.0110893510282,0.0202343016863,0.00954903196543,-0.0106852697209
1130,8575,14,56,0.10393846035,0.00927639007568,0.238362729549,0.569428741932,0.331066012383
1131,6627,1,9,0.034481305629,0.00934102106839,0.0158912483603,0.0380565077066,0.0221652593464
1132,7627,12,25,0.0312596298754,0.00330769224092,0.01943170093,0.0168328508735,-0.00259885005653
1133,8994,6,14,0.0376575887203,0.00661373045295,0.0874344930053,0.088715672493,0.00128117948771
1134,4016,3,6,0.0969476699829,0.0346713513136,0.64058971405,0.271488666534,-0.369101047516
1135,7457,1,6,0.0346247404814,0.0122419334948,0.0459681637585,0.0945321395993,0.0485639758408
1136,5208,2,10,0.04411001876,0.00527954101562,0.666475355625,0.619002938271,-0.0474724173546
1137,5800,1,4,0.0491141863167,0.0100006321445,0.0468287095428,0.0473084300756,0.000479720532894
1139,2225,1,8,0.067082054913,0.0186722818762,0.326845705509,0.190461218357,-0.136384487152
1140,930,2,4,0.0938882157207,0.027291316539,0.0220415797085,0.0993292555213,0.0772876739502
1142,1628,2,5,0.0991227552295,0.0360609181225,0.0250234808773,0.0457412600517,0.0207177791744
1143,3652,1,6,0.0591189898551,0.00649610580876,0.103274665773,0.0716109275818,-0.0316637381911
1144,782,5,11,0.1092704162,0.0418775454164,0.455400586128,0.116459093988,-0.33894148469
1145,263,1,8,0.0392198897898,0.0123663330451,0.0221198443323,0.0450208671391,0.0229010228068
1146,69,4,8,0.0708087682724,0.0398761890829,0.822350859642,0.557834565639,-0.264516294003
1147,596,1,7,0.0470491498709,0.00359204341657,0.509319663048,0.6177546978,0.108435034752
1148,6335,6,15,0.0407022498548,0.0308503955603,0.00745051912963,0.0141998715699,0.00674935244024
1149,404,5,18,0.0102384602651,0.00909516680986,0.920195519924,0.884067714214,-0.0361278057098
1150,362,5,16,0.00841655954719,0.00444889627397,0.952999651432,0.892827093601,-0.0601725578308
1151,255,10,45,0.0364703647792,0.0242152120918,0.950466394424,0.79993724823,-0.150529146194
1152,209,1,8,0.0213777199388,0.00535826338455,0.15592725575,0.158543691039,0.00261643528938
1153,5723,3,6,0.0434035100043,0.00549771869555,0.0827951803803,0.0537855140865,-0.0290096662939
1154,1102,3,10,0.0326381139457,0.0222693569958,0.261014342308,0.192012235522,-0.0690021067858
1155,4598,2,6,0.0460522808135,0.0174576491117,0.0955375954509,0.040831129998,-0.0547064654529
1156,7368,6,11,0.1609236449,0.0426013581455,0.499465495348,0.122406430542,-0.377059072256
1157,4970,29,60,0.0792553350329,0.0152016747743,0.12377076596,0.266359597445,0.142588824034
1158,2066,1,5,0.0705050304532,0.0230556726456,0.0725302547216,0.126150235534,0.0536199808121
1159,4301,11,36,0.0665100365877,0.0204846728593,0.0919547155499,0.112640559673,0.0206858441234
1160,55,16,43,0.0429271459579,0.00777674512938,0.232260391116,0.196161210537,-0.0360991805792
1161,5929,4,15,0.0999758318067,0.0170392785221,0.0961520969868,0.0755886659026,-0.0205634310842
1162,5263,3,5,0.0332382433116,0.0131308417767,0.982826173306,0.855468988419,-0.127357184887
1163,235,4,6,0.115580640733,0.0135658783838,0.0394022986293,0.0463768355548,0.00697453692555
1164,1870,1,5,0.0438208580017,0.00846306513995,0.011110983789,0.0123985186219,0.00128753483295
1166,8116,7,21,0.0882771834731,0.0115061383694,0.0682378411293,0.0685123428702,0.000274501740932
1167,289,3,13,0.0474979765713,0.00818962045014,0.183174923062,0.105800837278,-0.077374085784
1168,198,2,12,0.0409387461841,0.0139498962089,0.417246311903,0.336108446121,-0.0811378657818
1169,4297,7,13,0.0846412777901,0.0364196188748,0.253369778395,0.156968548894,-0.0964012295008
1171,4669,3,7,0.0298790931702,0.00612729694694,0.0432352237403,0.0644736215472,0.0212383978069
1172,1334,3,13,0.0994257628918,0.036988966167,0.0677010715008,0.282437443733,0.214736372232
1173,969,4,9,0.0620330534875,0.00830765068531,0.0822182223201,0.117196403444,0.0349781811237
1174,2846,1,6,0.063138179481,0.00931291282177,0.0671939179301,0.0836179554462,0.0164240375161
1175,4484,3,5,0.225241422653,0.130933180451,0.957627236843,0.419991344213,-0.537635922432
1176,2358,16,46,0.0604389049113,0.00523616652936,0.0392880328,0.0294347777963,-0.00985325500369
1177,6848,19,87,0.0933810845017,0.0248542949557,0.671171784401,0.331866502762,-0.339305281639
1178,8355,2,8,0.0572642944753,0.00947095267475,0.147718459368,0.189921811223,0.0422033518553
1179,8145,3,7,0.0777818784118,0.00851708371192,0.0228691659868,0.0244933143258,0.00162414833903
1181,3486,4,12,0.041988581419,0.00506715849042,0.237687960267,0.0980689302087,-0.139619022608
1182,6805,3,10,0.0413390547037,0.0109934834763,0.0866901651025,0.0809828564525,-0.00570730865002
1183,5366,2,13,0.0997706726193,0.0380225032568,0.0404795669019,0.044999152422,0.00451958552003
1184,3447,8,14,0.17402279377,0.0503991320729,0.822726726532,0.298800349236,-0.523926377296
1185,5323,5,22,0.120578914881,0.0352607481182,0.842492461205,0.412826448679,-0.429666012526
1186,3716,3,9,0.083504460752,0.0268510654569,0.204223230481,0.213872030377,0.00964879989624
1187,5889,4,5,0.0996787771583,0.00830582901835,0.593337237835,0.239904955029,-0.353432297707
1188,144,3,11,0.109665252268,0.0168198924512,0.228681743145,0.15270036459,-0.0759813785553
1189,4168,2,4,0.0594371519983,0.0149925658479,0.120310649276,0.127258732915,0.00694808363914
1190,544,2,6,0.0669284388423,0.0170598048717,0.356524497271,0.293421477079,-0.0631030201912
1192,7418,5,10,0.0871968045831,0.044443950057,0.314066082239,0.131764307618,-0.182301774621
1193,1900,4,9,0.0238618012518,0.00879043340683,0.678734183311,0.641572296619,-0.037161886692
1194,105,4,15,0.04241444543,0.00968464370817,0.232780829072,0.225619986653,-0.00716084241867
1195,577,10,18,0.0504799894989,0.0156430415809,0.131055921316,0.135921239853,0.00486531853676
1196,255,2,9,0.0443786345422,0.00364276231267,0.0508327111602,0.0621711201966,0.0113384090364
1197,322,11,34,0.0819669961929,0.0143029158935,0.288588762283,0.0955940708518,-0.192994683981
1198,3051,8,18,0.0342129282653,0.014618517831,0.0414809435606,0.0568129606545,0.0153320170939
1199,357,17,24,0.0946527421474,0.0172639433295,0.441043436527,0.172136962414,-0.268906474113
1200,955,3,5,0.0574215240777,0.0184039473534,0.243056699634,0.146914795041,-0.0961419045925
1201,3088,2,10,0.0822365805507,0.0344376564026,0.0712480247021,0.0816841349006,0.0104361101985
1202,4529,2,5,0.0331678800285,0.0134775452316,0.0439935810864,0.0337030254304,-0.010290555656
1204,2993,3,10,0.0864491090178,0.0304020177573,0.391404718161,0.291535973549,-0.0998687446117
1205,171,5,5,0.0585571527481,0.0258086528629,0.0367646999657,0.0255786329508,-0.0111860670149
1206,4037,5,5,0.0442521758378,0.0121344318613,0.173657417297,0.0926502645016,-0.0810071527958
1207,3112,1,7,0.125690624118,0.054718978703,0.804786622524,0.36373719573,-0.441049426794
1208,4722,2,4,0.051714476198,0.00712216133252,0.0365162678063,0.0215793494135,-0.0149369183928
1209,748,9,41,0.053263168782,0.0280296765268,0.773145079613,0.590451180935,-0.182693898678
1210,3720,3,38,0.151229009032,0.066921427846,0.0369552746415,0.109779059887,0.0728237852454
1211,8153,3,4,0.0427685976028,0.0139335310087,0.0622498430312,0.0703133419156,0.00806349888444
1212,6201,5,20,0.0716283544898,0.00651198206469,0.286668092012,0.096716247499,-0.189951837063
1213,1113,2,11,0.061771158129,0.0260110665113,0.0450343005359,0.167170226574,0.122135922313
1214,771,11,35,0.0922890901566,0.0508026592433,0.290603131056,0.178730368614,-0.111872762442
1215,6153,5,25,0.0572855733335,0.0173281133175,0.400727629662,0.273683935404,-0.127043694258
1216,1791,25,95,0.0403595082462,0.0158650968224,0.258491247892,0.285606473684,0.0271152257919
1217,7734,13,15,0.112749911845,0.0633319169283,0.645636022091,0.276097655296,-0.369538366795
1218,3605,24,79,0.0932300761342,0.0153358345851,0.00626460742205,0.0097499024123,0.00348529499024
1219,5917,9,9,0.0971773937345,0.0491665378213,0.027172146365,0.038341935724,0.011169789359
1220,7323,1,20,0.103381954134,0.0589710250497,0.0339517518878,0.0185264889151,-0.0154252629727
1221,7521,2,4,0.0642686411738,0.0227666143328,0.10133561492,0.0485573373735,-0.0527782775462
1222,6157,14,29,0.0587008111179,0.013184661977,0.0741906911135,0.0645168796182,-0.0096738114953
1223,2013,31,76,0.0391762405634,0.00865564122796,0.015121281147,0.0177167579532,0.00259547680616
1224,7534,5,20,0.0517017245293,0.00769273051992,0.293857038021,0.21986310184,-0.0739939361811
1225,8661,2,7,0.0714010372758,0.00115946715232,0.0461390390992,0.0480097644031,0.00187072530389
1226,4810,2,7,0.0576751418412,0.0301126092672,0.111399233341,0.181049779058,0.0696505457163
1227,2266,3,15,0.0773848965764,0.0409167669713,0.932501375675,0.640910744667,-0.291590631008
1229,5386,2,12,0.0671570599079,0.00883696042001,0.0568574666977,0.0997843816876,0.0429269149899
1230,2360,2,6,0.0900375470519,0.034677170217,0.433726489544,0.189979359508,-0.243747130036
1231,2146,2,6,0.139347717166,0.0433961264789,0.773765385151,0.302346676588,-0.471418708563
1232,3916,1,5,0.0535968393087,0.00640158494934,0.0151368146762,0.00920689105988,-0.00592992361635
1233,5399,11,42,0.200981974602,0.0693078860641,0.621628940105,0.116983056068,-0.504645884037
1234,6158,10,30,0.13437871635,0.0387140698731,0.34361794591,0.0577094070613,-0.285908550024
1235,2202,21,71,0.056254953146,0.0113587006927,0.0803806707263,0.115421570837,0.0350409001112
1236,2148,1,7,0.0597988031805,0.0286327600479,0.0845768302679,0.070464938879,-0.0141118913889
1237,91,1,7,0.0592998564243,0.0321470983326,0.150859311223,0.0561533868313,-0.0947059243917
1238,9010,6,21,0.0695555284619,0.0361280031502,0.0128573635593,0.0343017540872,0.0214443914592
1239,1586,2,15,0.0646235272288,0.0388576686382,0.0247245524079,0.014039340429,-0.0106852119789
1240,1390,1,6,0.0489508025348,0.00998674612492,0.269368559122,0.165770038962,-0.10359852016
1242,4059,3,5,0.0568114183843,0.0175357274711,0.0386143960059,0.0196085888892,-0.0190058071166
1243,8179,2,14,0.0343861095607,0.00948206987232,0.101678729057,0.11249050498,0.0108117759228
1244,2747,8,19,0.0490558035672,0.00456913467497,0.0120959980413,0.0189819410443,0.006885943003
1245,7931,3,5,0.0683281421661,0.0135042443871,0.134969979525,0.0481655485928,-0.0868044346571
1246,2135,4,22,0.117308080196,0.0328487381339,0.249828249216,0.0461663007736,-0.203661948442
1247,4706,3,5,0.0489128492773,0.00934171956033,0.0471526049078,0.0990426540375,0.0518900491297
1249,5026,5,8,0.0401454605162,0.00611866032705,0.193818688393,0.239570602775,0.045751914382
1250,141,3,4,0.212136983871,0.108114905655,0.926714241505,0.373512893915,-0.553201317787
1251,4700,3,7,0.112275421619,0.0392922908068,0.121178209782,0.0858437940478,-0.0353344157338
1252,6632,5,4,0.0433177240193,0.0103791402653,0.0111704450101,0.0226254370064,0.0114549919963
1253,4262,1,9,0.0615988709033,0.0119297383353,0.127932041883,0.152023911476,0.0240918695927
1254,6644,4,18,0.101953983307,0.0209179464728,0.0567623153329,0.127083912492,0.0703215971589
1255,8683,9,40,0.0604035966098,0.0130022345111,0.013207632117,0.0029285652563,-0.0102790668607
1256,6874,12,50,0.035752069205,0.0126914242283,0.293510645628,0.176177695394,-0.117332950234
1257,37,1,8,0.0413992702961,0.0128974597901,0.0551512464881,0.0524417199194,-0.00270952656865
1258,7862,2,12,0.0370048545301,0.00776953389868,0.0771674662828,0.0533938109875,-0.0237736552954
1259,1569,1,6,0.155959352851,0.0149726588279,0.953305184841,0.484546095133,-0.468759089708
1260,4127,2,22,0.0699017420411,0.0266104694456,0.369959324598,0.1414578408,-0.228501483798
1261,1700,49,148,0.0163065586239,0.000882243039086,0.954581260681,0.884843885899,-0.0697373747826
1262,1942,20,39,0.10874401778,0.0533288195729,0.0513720884919,0.0591634623706,0.00779137387872
1263,1241,5,7,0.101941265166,0.048602335155,0.107760742307,0.103540480137,-0.00422026216984
1264,4103,10,39,0.0899533256888,0.0306766182184,0.476651877165,0.179987475276,-0.29666441679
1265,7933,6,6,0.0587216131389,0.00471962988377,0.0380783267319,0.0975461229682,0.0594677962363
1266,405,4,18,0.0577353648841,0.0104851201177,0.0241968035698,0.0159364938736,-0.0082603096962
1267,1329,11,30,0.0622006654739,0.0157266464084,0.22505222261,0.119147501886,-0.105904720724
1268,4176,25,37,0.0318454243243,0.026457009837,0.00908203981817,0.0333296842873,0.0242476444691
1269,2908,2,15,0.108947969973,0.0486540272832,0.094026260078,0.0817196667194,-0.0123065933585
1270,1305,16,27,0.05795000121,0.0118808653206,0.0735736489296,0.0918464437127,0.0182727947831
1271,6303,3,5,0.0598796270788,0.0203006770462,0.0300929024816,0.023621333763,-0.00647156871855
1272,964,12,31,0.0386901684105,0.012222927995,0.16937507689,0.129781365395,-0.0395937114954
1273,1564,2,7,0.0706487447023,0.00818554032594,0.058343667537,0.0561004914343,-0.00224317610264
1274,2813,5,10,0.0679495260119,0.0259362980723,0.632500350475,0.345416635275,-0.2870837152
1275,5070,8,14,0.0606310628355,0.0174488369375,0.0901063755155,0.182905688882,0.0927993133664
1276,4518,4,8,0.0449248552322,0.0109441159293,0.903165638447,0.686349391937,-0.21681624651
1277,5142,7,25,0.0164741333574,0.0047708125785,0.30713903904,0.225172400475,-0.0819666385651
1278,3251,9,27,0.0338260494173,0.0165047775954,0.700405299664,0.532390534878,-0.168014764786
1279,6532,4,9,0.0873629376292,0.0538487769663,0.0264782067388,0.0334715843201,0.00699337758124
1280,1314,2,6,0.0631166473031,0.0166978556663,0.131318420172,0.0447500944138,-0.086568325758
1281,9109,2,6,0.12193570286,0.0728732794523,0.123759284616,0.0404231511056,-0.0833361297846
1282,164,3,5,0.0428209118545,0.00643380079418,0.245565846562,0.376430869102,0.13086502254
1283,2209,3,11,0.0854831561446,0.0232047811151,0.0478056110442,0.0335227660835,-0.0142828449607
1284,6778,14,23,0.0488550364971,0.0127935828641,0.067512460053,0.0205558985472,-0.0469565615058
1285,997,1,19,0.00563799915835,0.00488740345463,0.891856431961,0.850139915943,-0.0417165160179
1286,483,2,12,0.0325174331665,0.00376013829373,0.269799053669,0.197312951088,-0.072486102581
1287,268,3,7,0.015736239031,0.00185635883827,0.835011303425,0.795933902264,-0.0390774011612
1288,4404,1,11,0.0434997566044,0.0176287833601,0.117748260498,0.150705814362,0.0329575538635
1289,317,3,4,0.0478406064212,0.0190799795091,0.695188581944,0.451811939478,-0.243376642466
1290,565,2,7,0.0293449852616,0.0154812373221,0.559836924076,0.487366348505,-0.0724705755711
1291,3409,3,4,0.0428047887981,0.0241835415363,0.244035094976,0.183773636818,-0.0602614581585
1292,3309,2,4,0.0442688167095,0.0105341030285,0.00785517971963,0.022318219766,0.0144630400464
1293,1113,9,37,0.152611538768,0.024758014828,0.0850002020597,0.177771985531,0.0927717834711
1294,8592,1,12,0.0511998683214,0.0163295771927,0.0157288610935,0.0246324222535,0.00890356115997
1295,4618,3,4,0.04188779369,0.0113998427987,0.239499688148,0.160328552127,-0.0791711360216
1296,1451,12,44,0.025533920154,0.0244064312428,0.888959050179,0.767509937286,-0.121449112892
1297,1295,5,11,0.0631681382656,0.0219641774893,0.0171566382051,0.0153799457476,-0.0017766924575
1298,1131,2,4,0.04465733096,0.00788720045239,0.467986732721,0.536262989044,0.0682762563229
1299,375,6,24,0.0469317138195,0.0374392867088,0.126027628779,0.293004244566,0.166976615787
1300,5514,2,3,0.0663782954216,0.022146595642,0.324811667204,0.241959035397,-0.0828526318073
1301,2432,2,12,0.0898946747184,0.0474095754325,0.0231626853347,0.017149431631,-0.00601325370371
1302,1556,2,5,0.0369876809418,0.0117765627801,0.0415647104383,0.0374146848917,-0.00415002554655
1303,4265,1,13,0.101374469697,0.0204718820751,0.0795260593295,0.0550797469914,-0.0244463123381
1304,3257,3,8,0.064525552094,0.022459724918,0.0121275372803,0.0208661947399,0.00873865745962
1305,3944,3,8,0.0533831231296,0.00931593775749,0.0152616295964,0.0321819968522,0.0169203672558
1306,5936,1,10,0.05635606125,0.0266784019768,0.407715380192,0.285423487425,-0.122291892767
1307,380,2,8,0.051197823137,0.0166696812958,0.109956800938,0.108155317605,-0.00180148333311
1308,4048,9,18,0.101428888738,0.0953399762511,0.687446832657,0.411353349686,-0.276093482971
1309,2226,1,6,0.0947155728936,0.0171043053269,0.155837222934,0.157502815127,0.0016655921936
1310,8593,6,11,0.0344533361495,0.00161519891117,0.0704844519496,0.120536625385,0.0500521734357
1311,5024,6,11,0.022714773193,0.00566472159699,0.0117036644369,0.0373563766479,0.025652712211
1312,6204,4,7,0.0565088093281,0.0136458883062,0.235526815057,0.14895375073,-0.0865730643272
1313,5065,3,16,0.0855641365051,0.0353426672518,0.0925320461392,0.170566856861,0.0780348107219
1314,2155,1,10,0.0709965154529,0.0183795001358,0.0875212922692,0.0493303388357,-0.0381909534335
1315,1547,7,13,0.0553898103535,0.0194413028657,0.53901720047,0.387175321579,-0.151841878891
1316,4304,7,25,0.041115436703,0.028177537024,0.0374864153564,0.0808555409312,0.0433691255748
1317,1101,4,8,0.06442784518,0.027160352096,0.0244631208479,0.090065933764,0.0656028091908
1318,6231,1,8,0.0437223464251,0.016256114468,0.348865479231,0.247990742326,-0.100874736905
1319,8072,2,18,0.0343476608396,0.0150928013027,0.00734295230359,0.0188790466636,0.0115360943601
1320,6593,7,11,0.0759629160166,0.00377555610612,0.937014579773,0.64512526989,-0.291889309883
1321,5058,3,5,0.0881426110864,0.0469028390944,0.0517815612257,0.0955435931683,0.0437620319426
1322,2809,9,8,0.116600222886,0.0326289720833,0.0525817424059,0.300562471151,0.247980728745
1323,4334,2,6,0.0693873092532,0.0366139896214,0.184924170375,0.168795272708,-0.0161288976669
1324,5521,4,1,0.0682955905795,0.0297458730638,0.126682579517,0.108495414257,-0.0181871652603
1325,7582,1,5,0.0657713785768,0.00915855355561,0.134370341897,0.061531689018,-0.0728386491537
1326,6593,6,12,0.0987916216254,0.0191150680184,0.209982603788,0.0624720044434,-0.14751060307
1327,4250,4,6,0.0830829963088,0.0063110543415,0.0632831826806,0.0690884515643,0.00580526888371
1328,2655,21,66,0.0336964689195,0.00317932548933,0.0575453974307,0.071386270225,0.0138408727944
1329,4408,24,62,0.0534162223339,0.0139761511236,0.0379843302071,0.0364579223096,-0.00152640789747
1330,9189,2,8,0.0888349786401,0.0130039621145,0.103219658136,0.038782812655,-0.0644368454814
1331,3650,12,21,0.0196076631546,0.00696297129616,0.0942985713482,0.121789552271,0.0274909809232
1332,6551,8,24,0.0816761925817,0.037422388792,0.095235273242,0.107147417963,0.0119121447206
1333,6671,4,11,0.0655008032918,0.0278425794095,0.326146632433,0.56823682785,0.242090195417
1334,7023,35,116,0.13694922626,0.0761549994349,0.865978300571,0.415047615767,-0.450930684805
1335,6975,1,4,0.0680761113763,0.00592076405883,0.139153495431,0.18613474071,0.0469812452793
1336,7728,3,15,0.0387552939355,0.00326516688801,0.193272188306,0.142158433795,-0.0511137545109
1337,3378,2,9,0.0379427932203,0.0240739285946,0.320813804865,0.209559932351,-0.111253872514
1338,2736,14,47,0.0675938427448,0.0219332650304,0.62552511692,0.405240774155,-0.220284342766
1339,3101,7,7,0.0448404885828,0.0171441305429,0.313428193331,0.216457605362,-0.0969705879688
1340,2395,2,6,0.0285097267479,0.00439137779176,0.0476910918951,0.0215754192322,-0.0261156726629
1341,5800,8,45,0.0493096522987,0.0137896658853,0.484269976616,0.44459888339,-0.0396710932255
1342,6096,2,8,0.0907540023327,0.0315122902393,0.0425424091518,0.0894874706864,0.0469450615346
1343,7307,7,9,0.105166040361,0.0184625796974,0.0327334366739,0.0830358937383,0.0503024570644
1344,3170,9,46,0.0376092605293,0.0105582112446,0.0715683400631,0.130913436413,0.0593450963497
1345,1988,6,19,0.0630415603518,0.0266399048269,0.06326431036,0.0627814531326,-0.000482857227325
1346,3425,6,29,0.065291158855,0.0266676228493,0.125536859035,0.112913377583,-0.0126234814525
1347,1710,8,23,0.0432117991149,0.00308329495601,0.473024874926,0.476348310709,0.00332343578339
1348,3895,33,100,0.0765661522746,0.015324216336,0.0406789593399,0.0232983436435,-0.0173806156963
1349,4822,6,17,0.0707451477647,0.0224484950304,0.0248566046357,0.0156111484393,-0.00924545619637
1350,7452,1,15,0.0488102547824,0.0179740898311,0.392455309629,0.553369939327,0.160914629698
1351,5224,2,7,0.0403693765402,0.00702222669497,0.282782524824,0.24209921062,-0.0406833142042
1352,9050,6,4,0.103776611388,0.0233925953507,0.359849482775,0.0758281126618,-0.284021377563
1353,1729,2,5,0.0596881099045,0.0137403169647,0.241086035967,0.219913169742,-0.0211728662252
1354,6096,7,11,0.0620296150446,0.0199811607599,0.0846253186464,0.163823410869,0.0791980922222
1355,6904,1,8,0.0449351109564,0.012132733129,0.240357741714,0.312323719263,0.0719659775496
1356,5638,6,23,0.0611904896796,0.0076712416485,0.245892181993,0.169842049479,-0.076050132513
1357,3705,2,11,0.123622201383,0.018970252946,0.26517316699,0.0810129567981,-0.184160202742
1358,4492,2,6,0.0727134943008,0.00984595157206,0.0580883212388,0.0648438110948,0.006755489856
1359,791,11,21,0.101267158985,0.0450966395438,0.910802125931,0.552865207195,-0.357936918736
1360,8020,1,4,0.098516613245,0.0225942023098,0.286342084408,0.0595544278622,-0.226787656546
1361,3091,4,23,0.060976844281,0.0307834781706,0.654758572578,0.377267509699,-0.27749106288
1362,2996,3,4,0.068840123713,0.0107434876263,0.077012129128,0.0801162049174,0.00310407578945
1363,8589,5,7,0.0428121984005,0.0235337018967,0.0182068701833,0.028801554814,0.0105946846306
1364,74,3,4,0.0453068502247,0.0269142799079,0.103957891464,0.203273072839,0.0993151813745
1365,1336,7,20,0.059844866395,0.0104082059115,0.613221824169,0.442012935877,-0.171208888292
1366,438,3,6,0.0653961673379,0.0370937101543,0.582483530045,0.371086508036,-0.211397022009
1368,9018,17,64,0.0844158157706,0.0349080078304,0.045881934464,0.106515683234,0.0606337487698
1369,780,4,9,0.0680778697133,0.0238502733409,0.37567615509,0.544051826,0.16837567091
1370,1123,1,10,0.0566641874611,0.0252960957587,0.364015698433,0.214492022991,-0.149523675442
1371,8412,42,98,0.167947694659,0.0234477110207,0.0452996492386,0.0134409330785,-0.0318587161601
1372,5791,1,7,0.107948809862,0.0148876998574,0.296358317137,0.107589274645,-0.188769042492
1373,4903,14,43,0.0215683430433,0.0067751170136,0.310228765011,0.316326528788,0.00609776377678
1374,8155,1,6,0.0576028414071,0.023113489151,0.295873403549,0.194686710835,-0.101186692715
1375,5831,2,5,0.0502585060894,0.00737323286012,0.0741124525666,0.0584315471351,-0.0156809054315
1376,1880,7,18,0.0526483245194,0.0163720846176,0.0311277471483,0.0522617287934,0.0211339816451
1377,4690,12,17,0.110007800162,0.0366791449487,0.013637425378,0.010251053609,-0.00338637176901
1378,4204,1,10,0.0329121612012,0.00212448160164,0.0799009278417,0.0937720015645,0.0138710737228
1379,1786,9,23,0.0284750089049,0.0085473228246,0.71750998497,0.743570804596,0.0260608196259
1380,5884,5,11,0.0912327989936,0.00840115174651,0.298192352057,0.237520575523,-0.0606717765331
1381,8021,21,54,0.0877270102501,0.0268514193594,0.0166379902512,0.0110182566568,-0.00561973359436
1382,8579,2,3,0.0639356821775,0.0157909672707,0.0352909117937,0.0359685011208,0.000677589327097
1383,7605,2,11,0.0626424178481,0.00349302985705,0.0172438435256,0.0555815808475,0.0383377373219
1384,1786,2,10,0.0801369994879,0.00594254909083,0.225986644626,0.108779191971,-0.117207452655
1385,4398,3,8,0.0394438318908,0.01215382386,0.454499721527,0.45167645812,-0.00282326340675
1386,8124,4,7,0.0746707245708,0.0235156398267,0.0729469060898,0.0570990294218,-0.015847876668
1387,7605,1,7,0.0520193763077,0.0140208518133,0.051043394953,0.0772423818707,0.0261989869177
1388,7605,2,4,0.0647028461099,0.0025104302913,0.0861085951328,0.108143724501,0.0220351293683
1389,4250,3,6,0.0640637800097,0.0200765188783,0.0667367428541,0.0380056686699,-0.0287310741842
1390,2835,1,4,0.0552513301373,0.00725673744455,0.0539203211665,0.0541213154793,0.000200994312763
1391,8940,3,6,0.0709750577807,0.0127289760858,0.120999969542,0.0814203545451,-0.0395796149969
1392,3244,2,8,0.0762729123235,0.0197585951537,0.420049130917,0.201322451234,-0.218726679683
1393,7136,9,28,0.04205243662,0.0065338537097,0.0191439148039,0.0494354255497,0.0302915107459
1394,5646,4,5,0.0660584643483,0.0154940513894,0.366705954075,0.191468462348,-0.175237491727
1395,3589,5,16,0.0728441625834,0.0199228022248,0.0301728323102,0.0481852330267,0.0180124007165
1396,1358,2,8,0.0442550517619,0.0185146145523,0.0795352905989,0.0566678233445,-0.0228674672544
1397,1364,4,5,0.0493174307048,0.0195340514183,0.359022319317,0.267125576735,-0.0918967425823
1398,222,4,3,0.0630635023117,0.014485550113,0.0306825451553,0.0392352677882,0.00855272263288
1399,4107,3,7,0.0569667182863,0.0069503239356,0.0333786308765,0.0292254164815,-0.00415321439505
1400,4269,2,3,0.0794494450092,0.0447556562722,0.218267381191,0.103881329298,-0.114386051893
1401,6,4,10,0.0673622786999,0.012272734195,0.105952978134,0.0308284182101,-0.0751245617867
1402,4905,2,5,0.0424632020295,0.00711536686867,0.0265680775046,0.0211721416563,-0.00539593584836
1403,4564,4,10,0.0663491040468,0.0284270625561,0.316395550966,0.12327811867,-0.193117439747
1404,3225,3,5,0.0945828929543,0.0326721407473,0.357104063034,0.132623955607,-0.224480107427
1405,6485,3,9,0.133162081242,0.0252996794879,0.569790184498,0.209884002805,-0.359906196594
1406,7113,9,15,0.0904138162732,0.00963355414569,0.0698310136795,0.0459695011377,-0.0238615125418
1408,941,4,3,0.0427635908127,0.0216918326914,0.27368927002,0.172545865178,-0.101143404841
1409,927,2,9,0.0299301445484,0.00994397234172,0.00285447528586,0.00632490916178,0.00347043387592
1410,248,5,8,0.116575598717,0.0242279786617,0.442050516605,0.175334632397,-0.266715884209
1411,7113,2,7,0.0535967946053,0.00512954080477,0.0538380928338,0.0721759274602,0.0183378346264
1412,2737,2,13,0.0627365484834,0.00539371743798,0.1401668787,0.0231935624033,-0.11697331816
1413,4554,3,8,0.0435128994286,0.00153143820353,0.102783501148,0.0658749714494,-0.0369085296988
1414,4004,1,5,0.0867982506752,0.0584605410695,0.0870364159346,0.0362996794283,-0.0507367365062
1415,1448,3,7,0.0705434978008,0.0256972424686,0.108018442988,0.150226220489,0.0422077775002
1416,771,6,11,0.0314026065171,0.0299711227417,0.696059882641,0.571719586849,-0.124340295792
1417,7113,1,6,0.0530933625996,0.0244881827384,0.382227957249,0.275395423174,-0.106832534075
1418,128,5,9,0.0670659169555,0.0261510368437,0.0126044377685,0.0401258431375,0.027521405369
1419,7113,4,5,0.0540213398635,0.0248252153397,0.103564962745,0.0969612598419,-0.00660370290279
1420,274,2,8,0.0769366249442,0.00163674971554,0.349222153425,0.187133297324,-0.162088856101
1421,8663,4,16,0.111169628799,0.056181974709,0.072138518095,0.193436071277,0.121297553182
1422,466,3,11,0.0520333349705,0.0055880304426,0.112781696022,0.115443468094,0.00266177207232
1424,1033,1,4,0.060743432492,0.0286682881415,0.493568181992,0.303292781115,-0.190275400877
1425,7156,3,8,0.071143977344,0.0153775587678,0.00837418530136,0.0128827616572,0.00450857635587
1426,5569,1,7,0.0655441433191,0.0237744953483,0.0174308847636,0.016848295927,-0.000582588836551
1427,4123,2,3,0.0396152846515,0.0088074086234,0.0791641548276,0.105825029314,0.026660874486
1428,7118,3,6,0.0610651262105,0.016120236367,0.652777791023,0.368036299944,-0.284741491079
1429,2316,5,14,0.0538753271103,0.0189728662372,0.0913360491395,0.0541611798108,-0.0371748693287
1430,788,1,5,0.0592673122883,0.0282749366015,0.156886547804,0.0721678510308,-0.0847186967731
1431,268,1,5,0.0565482489765,0.0342272147536,0.583987295628,0.39028275013,-0.193704545498
1432,2972,15,52,0.103067137301,0.0555497445166,0.425612926483,0.183860778809,-0.241752147675
1433,458,2,8,0.11760225147,0.0666190385818,0.201963409781,0.137728974223,-0.0642344355583
1434,2852,4,19,0.0328969992697,0.0176353622228,0.205743014812,0.158281251788,-0.0474617630243
1435,576,34,47,0.0293311774731,0.00706960493699,0.795308947563,0.586652576923,-0.20865637064
1436,2737,7,22,0.0474396459758,0.0182849578559,0.240469396114,0.245529532433,0.00506013631821
1437,404,16,51,0.0158392582089,0.00624054623768,0.888198375702,0.784216701984,-0.103981673717
1438,981,1,6,0.0650212466717,0.0180459041148,0.0376103296876,0.12256924063,0.0849589109421
1439,208,7,23,0.029100054875,0.0155083434656,0.794294953346,0.669657230377,-0.124637722969
1440,2782,9,14,0.118254102767,0.0641895979643,0.676287174225,0.278406947851,-0.397880226374
1441,1128,4,15,0.0763242915273,0.0212945453823,0.0212369374931,0.0588584281504,0.0376214906573
1442,527,7,14,0.0376339927316,0.0070512201637,0.295652747154,0.265770792961,-0.0298819541931
1443,131,4,5,0.0152682848275,0.00515567045659,0.861364662647,0.779420912266,-0.0819437503815
1445,2933,6,9,0.0337498001754,0.00818172749132,0.361092984676,0.367919057608,0.00682607293129
1446,577,3,22,0.00621584383771,0.00362439104356,0.900605797768,0.88258010149,-0.0180256962776
1447,2678,4,10,0.0513083748519,0.0166534148157,0.140052348375,0.120062835515,-0.0199895128608
1448,437,1,11,0.0170399993658,0.00960927736014,0.592361688614,0.480672389269,-0.111689299345
1449,131,3,4,0.0153841525316,0.00446598604321,0.815528869629,0.823042452335,0.00751358270645
1451,9251,1,7,0.0395021401346,0.00783903058618,0.0106246722862,0.0152816399932,0.00465696770698
1452,7238,6,12,0.0575087405741,0.0143145984039,0.100581236184,0.198066905141,0.0974856689572
1453,513,5,20,0.0457242578268,0.0203832015395,0.247889429331,0.212338268757,-0.035551160574
1454,483,3,11,0.0692732930183,0.0248221624643,0.0794312134385,0.114677794278,0.0352465808392
1455,1092,7,9,0.014177695848,0.00104970741086,0.41243031621,0.398158878088,-0.0142714381218
1456,205,7,5,0.0914872512221,0.0244149975479,0.0474851466715,0.103746645153,0.056261498481
1457,3002,5,9,0.0879995748401,0.0489319339395,0.74611723423,0.423815637827,-0.322301596403
1458,3983,4,9,0.0456730611622,0.0192676335573,0.0647865757346,0.0787534788251,0.0139669030905
1459,8761,2,4,0.0451814197004,0.00288653373718,0.117280751467,0.0343050956726,-0.0829756557941
1460,577,1,5,0.0757152959704,0.0607733167708,0.317855447531,0.485120147467,0.167264699936
1461,5546,5,13,0.0235087629408,0.00854075141251,0.369277864695,0.415011554956,0.0457336902618
1462,6919,6,11,0.0402826108038,0.0205518044531,0.310125917196,0.426754027605,0.116628110409
1463,8580,2,2,0.0488826297224,0.00818694848567,0.0378165580332,0.0233413726091,-0.0144751854241
1465,3240,7,7,0.0991077795625,0.0489214286208,0.753945112228,0.401700139046,-0.352244973183
1466,3256,5,11,0.14464430511,0.0420030765235,0.730401694775,0.25363945961,-0.476762235165
1467,3954,1,5,0.0768096670508,0.00977718178183,0.0857603102922,0.0473622977734,-0.0383980125189
1468,2820,3,8,0.0567562244833,0.0137945786119,0.136860489845,0.20328374207,0.0664232522249
1469,4382,2,3,0.0439434684813,0.0139233423397,0.0140836425126,0.0267602000386,0.012676557526
1470,2068,5,9,0.144531518221,0.0310031864792,0.406632333994,0.0682112500072,-0.338421076536
1471,1917,2,15,0.0917392000556,0.00991422124207,0.138543009758,0.142841935158,0.00429892539978
1472,6411,35,88,0.0534088909626,0.00848247297108,0.120785698295,0.15146702528,0.0306813269854
1473,4186,3,13,0.075395911932,0.0240020025522,0.514127075672,0.264424920082,-0.24970215559
1474,7590,11,30,0.104142159224,0.012985041365,0.133071884513,0.0594624243677,-0.0736094564199
1475,6145,5,16,0.0655750855803,0.0214652717113,0.0511111356318,0.0894823744893,0.0383712388575
1476,7590,2,11,0.094988681376,0.0265537817031,0.103438273072,0.069394543767,-0.0340437293053
1477,5416,5,16,0.083636187017,0.0305682029575,0.513454556465,0.264817744493,-0.248636811972
1479,3806,7,19,0.02945378609,0.00138748041354,0.0275845192373,0.0346425883472,0.00705806910992
1480,1906,1,4,0.0383422113955,0.00498051661998,0.149645999074,0.231744214892,0.0820982158184
1481,6050,15,43,0.0532441027462,0.0237605962902,0.236987188458,0.215193703771,-0.0217934846878
1482,6931,3,15,0.131869614124,0.0291685480624,0.0193079262972,0.0410207360983,0.0217128098011
1483,1799,1,6,0.040855448693,0.00985734350979,0.112335026264,0.134000688791,0.0216656625271
1484,7301,8,38,0.152124002576,0.0516228973866,0.0794913545251,0.438505023718,0.359013676643
1485,7742,6,13,0.0593956112862,0.0129504874349,0.49266192317,0.28055357933,-0.21210834384
1486,1746,7,14,0.119921207428,0.0357526689768,0.101528592408,0.195365265012,0.0938366726041
1487,1237,12,25,0.0795007944107,0.0228744968772,0.0882731676102,0.0603868402541,-0.0278863273561
1488,6894,22,58,0.0344502814114,0.00227192044258,0.761653006077,0.598317146301,-0.163335859776
1489,7279,1,6,0.0558797717094,0.026004768908,0.335637480021,0.399803370237,0.0641658902168
1490,1575,5,5,0.0353377647698,0.00416451739147,0.0616135857999,0.0648240223527,0.00321043655276
1491,1102,1,13,0.0153429061174,0.00316831213422,0.0118957795203,0.00843235105276,-0.00346342846751
1492,7385,7,26,0.120470531285,0.0252773631364,0.0600810348988,0.084314674139,0.0242336392403
1493,6470,2,11,0.0964979305863,0.0337883606553,0.304903715849,0.116880424321,-0.188023298979
1494,6215,4,4,0.0503024123609,0.00550983846188,0.0242976676673,0.0165965538472,-0.00770111382008
1495,2749,1,9,0.0786980390549,0.0114032067358,0.0197731032968,0.0206095483154,0.000836445018649
1496,3088,2,16,0.052773360163,0.00583402765915,0.298615962267,0.265409857035,-0.0332061052322
1497,7188,10,19,0.109131507576,0.0508473403752,0.803938508034,0.409850120544,-0.394088387489
1499,3199,2,4,0.101826407015,0.0325923860073,0.0186827145517,0.0587520413101,0.0400693267584
1500,6290,2,6,0.0705682337284,0.0194858852774,0.0490793436766,0.0318508855999,-0.0172284580767
1501,6322,2,3,0.0589716918766,0.0122700873762,0.0279051177204,0.0195474829525,-0.00835763476789
1502,732,2,4,0.0403322912753,0.0219671167433,0.47528859973,0.329684883356,-0.145603716373
1503,667,3,16,0.00106930185575,0.000222482980462,0.997643887997,0.991193711758,-0.00645017623901
1504,618,3,4,0.02338758111,0.0062075429596,0.605507493019,0.537875235081,-0.0676322579384
1505,666,3,7,0.0104356547818,0.00513651408255,0.988093197346,0.939455211163,-0.0486379861832
1506,721,7,9,0.0154623240232,0.0104983719066,0.646947026253,0.573404729366,-0.0735422968864
1508,729,3,2,0.0556231103837,0.0099159469828,0.166733458638,0.302208036184,0.135474577546
1509,627,5,11,0.0144021762535,0.00681288260967,0.869004130363,0.860560655594,-0.00844347476959
1510,720,1,8,0.0447248220444,0.0353408567607,0.838413417339,0.694523155689,-0.14389026165
1511,621,7,10,0.0835276246071,0.0160171501338,0.936833024025,0.623658597469,-0.313174426556
1513,698,6,17,0.00776782026514,0.00252282829024,0.999454796314,0.974862158298,-0.0245926380157
1514,679,12,28,0.00524291535839,0.00188799819443,0.995034456253,0.971210479736,-0.0238239765167
1516,720,4,2,0.0497701428831,0.0245329216123,0.341348081827,0.263715416193,-0.0776326656342
1518,5965,3,4,0.0465932376683,0.00925287976861,0.00505431834608,0.0354603379965,0.0304060205817
1521,4484,2,14,0.0986462458968,0.0613295584917,0.437294185162,0.216128095984,-0.221166089177
1522,2877,13,15,0.0452024824917,0.0141609786078,0.0771899595857,0.0398284606636,-0.0373614989221
1524,5237,2,14,0.0617621690035,0.00547495065257,0.079215593636,0.0471892058849,-0.0320263877511
1525,2370,4,4,0.0838415846229,0.0623871088028,0.010546493344,0.0178161356598,0.0072696423158
1526,3970,6,13,0.0739073380828,0.0500642620027,0.769088506699,0.507678031921,-0.261410474777
1527,1198,4,11,0.0628024414182,0.0219533722848,0.161526486278,0.0452819466591,-0.116244539618
1528,3950,2,10,0.0884129777551,0.0370938628912,0.164877772331,0.0886350870132,-0.076242685318
1529,1521,4,17,0.0609661638737,0.022022979334,0.137528404593,0.0476584844291,-0.0898699164391
1530,1382,2,8,0.0720930173993,0.0323132649064,0.108161143959,0.323170810938,0.215009659529
1531,4356,5,10,0.100130110979,0.0339613482356,0.0537602491677,0.0873161777854,0.0335559286177
1532,7178,2,5,0.0605790615082,0.0131787536666,0.0524837635458,0.0313614904881,-0.0211222730577
1533,1894,18,70,0.0177326723933,0.0061938255094,0.395462155342,0.384034782648,-0.011427372694
1534,2079,6,22,0.0429399013519,0.0134508842602,0.0534982569516,0.0704926773906,0.016994420439
1535,2484,3,7,0.0560587383807,0.00950867403299,0.0210076533258,0.0165442097932,-0.00446344353259
1536,7569,6,13,0.053771417588,0.0201692972332,0.00588697893545,0.00724782049656,0.00136084156111
1537,1844,8,19,0.0435276292264,0.0185781940818,0.560872375965,0.377487510443,-0.183384865522
1538,2108,6,19,0.0845891013741,0.054176542908,0.472295939922,0.284732967615,-0.187562972307
1539,990,9,14,0.0835601314902,0.0308365300298,0.0423779636621,0.11168513447,0.0693071708083
1540,1770,10,29,0.111313141882,0.00883382372558,0.12441174686,0.133776709437,0.00936496257782
1541,2484,4,16,0.0727298557758,0.0218222122639,0.192167833447,0.0744192227721,-0.117748610675
1542,702,2,8,0.0739758908749,0.0248304065317,0.118276484311,0.0463177077472,-0.0719587802887
1543,5314,11,28,0.0772484913468,0.08636610955,0.0333259366453,0.105699978769,0.0723740458488
1544,8204,9,23,0.0402536690235,0.0107154734433,0.189648285508,0.21774224937,0.0280939638615
1545,5509,4,21,0.0237192641944,0.00703856209293,0.264522850513,0.227852106094,-0.0366707444191
1546,6168,2,11,0.0643116906285,0.0223362613469,0.15332454443,0.128787472844,-0.0245370715857
1547,8418,6,9,0.0434583611786,0.0064349770546,0.027440931648,0.0477462112904,0.0203052796423
1548,1788,2,7,0.0443632118404,0.0203406531364,0.00605886196718,0.00848155841231,0.00242269644514
1549,7525,2,6,0.0961007475853,0.00378946750425,0.0423795953393,0.056856777519,0.0144771821797
1550,4945,2,8,0.0505337007344,0.00987738836557,0.0148392682895,0.0150780351833,0.000238766893744
1551,5354,20,49,0.0662712007761,0.0320517122746,0.248222738504,0.2442253232,-0.00399741530418
1552,5605,22,47,0.0624521784484,0.0516847632825,0.0462646223605,0.028202528134,-0.0180620942265
1553,8535,11,25,0.0773032605648,0.0170451663435,0.166829422116,0.266832798719,0.100003376603
1554,912,4,10,0.0357575155795,0.0170256663114,0.665959596634,0.538566887379,-0.127392709255
1555,3356,6,21,0.0486159212887,0.00533359590918,0.151378452778,0.209846451879,0.0584679991007
1556,5056,1,4,0.0880717262626,0.0423059724271,0.20980745554,0.102433234453,-0.107374221087
1557,3220,2,32,0.0154903857037,0.00259498972446,0.0422885231674,0.044348936528,0.0020604133606
1558,5815,5,12,0.0642531067133,0.0235602911562,0.132412776351,0.272492051125,0.140079274774
1559,3090,5,11,0.0580678284168,0.00721468077973,0.343859225512,0.215551093221,-0.128308132291
1560,6631,6,3,0.0372315943241,0.00716406246647,0.174504026771,0.0713500827551,-0.103153944016
1561,2165,5,12,0.0454449355602,0.0123386820778,0.0811614617705,0.0511399619281,-0.0300214998424
1562,1631,1,18,0.0822684690356,0.0264309979975,0.13857498765,0.224656045437,0.0860810577869
1563,2664,22,37,0.0186823159456,0.00302232382819,0.118758000433,0.088453181088,-0.0303048193455
1564,6396,1,7,0.0787443369627,0.0118523379788,0.636096179485,0.322764515877,-0.313331663609
1566,6641,3,6,0.0462730713189,0.00471205124632,0.180212840438,0.124541141093,-0.0556716993451
1567,6514,2,5,0.0960072651505,0.0175519324839,0.0301599856466,0.059974193573,0.0298142079264
1568,4116,26,68,0.059005189687,0.0448645614088,0.635937571526,0.490705013275,-0.14523255825
1569,8140,5,11,0.0601030625403,0.00443101674318,0.106714852154,0.12513397634,0.018419124186
1570,4741,6,10,0.0405574701726,0.00322213442996,0.0930289551616,0.0700627192855,-0.0229662358761
1571,1519,2,3,0.0473848618567,0.00791151635349,0.0561173483729,0.0750790759921,0.0189617276192
1572,7409,5,30,0.088156439364,0.0251858308911,0.00773781072348,0.0202363580465,0.012498547323
1573,9023,5,10,0.0935968980193,0.0268376208842,0.122216016054,0.0243380721658,-0.0978779420257
1574,4071,1,5,0.0491476841271,0.0198838114738,0.250109732151,0.306916564703,0.056806832552
1575,7117,3,10,0.149568483233,0.0661734268069,0.514907002449,0.183657243848,-0.331249773502
1576,937,9,12,0.102074541152,0.0449748858809,0.0981746464968,0.101984642446,0.00380999594927
1577,1437,2,4,0.0398347526789,0.0315483286977,0.100736930966,0.0915435552597,-0.00919337570667
1578,3201,1,11,0.191060915589,0.0308897607028,0.83040946722,0.257419139147,-0.572990298271
1579,1127,2,2,0.0560224503279,0.0134121896699,0.348395973444,0.233549490571,-0.114846482873
1580,7608,6,37,0.0415031313896,0.00537643395364,0.396736711264,0.248146429658,-0.148590281606
1581,7988,4,8,0.0688528642058,0.012920672074,0.161730453372,0.173977181315,0.0122467279434
1582,127,2,6,0.0622740872204,0.0126928826794,0.0602000616491,0.0606151074171,0.000415045768023
1584,2847,7,11,0.0849211513996,0.0535230785608,0.0607185065746,0.0836991071701,0.0229806005955
1585,303,3,17,0.0613101832569,0.0184594020247,0.0328409820795,0.103686273098,0.0708452910185
1586,392,2,9,0.0466686747968,0.0137570323423,0.0505877807736,0.0401973761618,-0.0103904046118
1587,1152,3,3,0.0725455209613,0.0196684896946,0.0207836013287,0.0485270582139,0.0277434568852
1588,1290,13,19,0.0823795869946,0.0214304029942,0.172410473228,0.0646105632186,-0.107799910009
1589,3507,5,33,0.0348761565983,0.0181890837848,0.019405670464,0.021427584812,0.00202191434801
1590,1088,4,11,0.0520536713302,0.0164292100817,0.152529284358,0.140869125724,-0.0116601586342
1591,3215,8,21,0.0518155582249,0.0148355923593,0.277093321085,0.171156153083,-0.105937168002
1592,2659,3,9,0.0682027116418,0.0223800502717,0.519535422325,0.255051225424,-0.264484196901
1593,6784,2,10,0.0514143593609,0.0207937993109,0.266708612442,0.186076894403,-0.0806317180395
1594,4092,4,29,0.0781336724758,0.0111393341795,0.0556902959943,0.0275984685868,-0.0280918274075
1596,5168,5,4,0.0442199297249,0.00554725714028,0.00769147323444,0.0396090857685,0.0319176129997
1597,43,1,5,0.11596313864,0.0133559303358,0.429301589727,0.102180927992,-0.327120661736
1598,3374,2,6,0.0864280089736,0.0554607212543,0.632673561573,0.333562970161,-0.299110591412
1599,1004,3,5,0.0846333876252,0.0174106322229,0.23505474627,0.126992806792,-0.108061939478
1600,3595,12,19,0.0539085678756,0.024835716933,0.0600273609161,0.0628676638007,0.00284030288458
1601,461,2,4,0.072492621839,0.0734383836389,0.0286305639893,0.0537555217743,0.025124957785
1602,4452,2,6,0.0370023436844,0.0143043845892,0.102831974626,0.121982775629,0.019150801003
1603,5666,15,40,0.0381422191858,0.0105223646387,0.10226649791,0.108588375151,0.00632187724113
1604,3517,2,4,0.0451935715973,0.0114730158821,0.0480248518288,0.0652132853866,0.0171884335577
1605,2850,1,4,0.0791814848781,0.0164589211345,0.0162201747298,0.0171367954463,0.000916620716453
1606,3517,1,4,0.0573177188635,0.0140580907464,0.0214715246111,0.0256018023938,0.00413027778268
1607,3866,12,42,0.0420607179403,0.0147044388577,0.384251445532,0.303899884224,-0.0803515613079
1609,771,4,7,0.12337539345,0.0592683888972,0.0472107380629,0.331505209208,0.284294486046
1611,2229,14,23,0.0754775702953,0.0255555789918,0.0234956946224,0.085000090301,0.061504393816
1612,1125,5,21,0.0661662593484,0.0379610955715,0.0614307001233,0.0613507442176,-7.99559056759e-05
1613,2413,2,5,0.0632179155946,0.00892721302807,0.34412035346,0.257062524557,-0.0870578289032
1614,8313,6,20,0.0213316455483,0.00853552296758,0.992037057877,0.911732017994,-0.0803050398827
1615,648,3,6,0.0402535237372,0.00683365482837,0.97376537323,0.819864988327,-0.153900384903
1616,5921,1,3,0.0343813598156,0.00532477069646,0.0712140724063,0.0370238088071,-0.0341902635992
1617,4557,6,5,0.034088190645,0.0108449636027,0.0256262980402,0.0637596175075,0.0381333194673
1619,6971,2,5,0.0336930677295,0.0110939629376,0.818916797638,0.597979843616,-0.220936954021
1620,715,2,3,0.00728450948372,0.00213847798295,0.850444793701,0.856108129025,0.00566333532333
1621,164,1,2,0.0803645253181,0.0137126185,0.0150171974674,0.00732250558212,-0.00769469188526
1622,2653,9,10,0.247971698642,0.0653908476233,0.769506514072,0.139963313937,-0.629543185234
1623,4102,5,27,0.0456354655325,0.00650045927614,0.240334227681,0.321585088968,0.0812508612871
1624,4344,2,13,0.0724233463407,0.0185855422169,0.0721378922462,0.224409461021,0.152271568775
1626,7178,2,4,0.0526323951781,0.0197970308363,0.0231741592288,0.0241988804191,0.00102472119033
1627,296,7,19,0.0501557998359,0.0353427641094,0.48821797967,0.321254521608,-0.166963458061
1628,464,9,56,0.0630788207054,0.027275511995,0.712748110294,0.459903568029,-0.252844542265
1629,512,13,30,0.046582762152,0.0105944909155,0.457926958799,0.641400396824,0.183473438025
1630,268,4,6,0.0826338529587,0.0668211430311,0.0163046941161,0.0771609023213,0.0608562082052
1631,7288,8,18,0.0990104451776,0.0440829247236,0.256316810846,0.132368549705,-0.123948261142
1633,6307,5,16,0.0723784044385,0.0165389925241,0.181372359395,0.0604155361652,-0.12095682323
1634,5666,1,20,0.0691267326474,0.0245953314006,0.117499679327,0.0443960279226,-0.0731036514044
1636,7087,7,14,0.0932693481445,0.0697707682848,0.659343361855,0.370372921228,-0.288970440626
1637,2509,2,8,0.0352384597063,0.0106086339802,0.327622026205,0.220934271812,-0.106687754393
1638,7172,2,5,0.0373378880322,0.0191422440112,0.566805660725,0.485459715128,-0.0813459455967
1639,3367,1,6,0.0640125870705,0.00664004543796,0.595064997673,0.321709066629,-0.273355931044
1641,604,3,5,0.0491359680891,0.0117116654292,0.0385833121836,0.0910073444247,0.0524240322411
1642,4278,7,15,0.0959178134799,0.0388543196023,0.063022442162,0.111797951162,0.0487755089998
1643,1394,5,11,0.0398702137172,0.00847176834941,0.0685781165957,0.0694166198373,0.000838503241539
1644,4677,12,28,0.0413594506681,0.00870794989169,0.0461955070496,0.0547322146595,0.00853670760989
1645,6318,4,18,0.0262459609658,0.00426807161421,0.0790381208062,0.0402421019971,-0.0387960188091
1646,483,3,23,0.068087220192,0.0248622298241,0.0255268402398,0.0443497858942,0.0188229456544
1647,2851,1,12,0.0436407327652,0.0130162518471,0.494073659182,0.447396397591,-0.046677261591
1648,2781,2,8,0.045661713928,0.0230640415102,0.0443735904992,0.0731371343136,0.0287635438144
1649,892,3,4,0.0419143848121,0.00918892771006,0.0806339755654,0.106515683234,0.0258817076683
1650,1542,1,2,0.076971873641,0.014446536079,0.0279082562774,0.0300042629242,0.00209600664675
1651,1489,1,5,0.102219082415,0.0303769037127,0.376298099756,0.148586764932,-0.227711334825
1653,6335,2,8,0.212070986629,0.0166333969682,0.941548228264,0.371184557676,-0.570363640785
1654,4223,2,4,0.0968554913998,0.029236221686,0.525853395462,0.170659542084,-0.355193853378
1655,4049,1,7,0.0424964390695,0.0206664595753,0.349074423313,0.33801946044,-0.0110549628735
1657,3233,1,8,0.0720277503133,0.00828604213893,0.292178213596,0.152217641473,-0.139960572124
1658,8089,3,3,0.0528154671192,0.00898045580834,0.155343472958,0.0974148586392,-0.0579286143184
1659,1402,2,7,0.0595275647938,0.0296870321035,0.840421974659,0.57057005167,-0.269851922989
1660,4222,6,25,0.0508607141674,0.0164113435894,0.393492758274,0.590578854084,0.19708609581
1661,7279,4,5,0.0441535674036,0.00953162647784,0.389904201031,0.439923018217,0.0500188171864
1662,5226,4,6,0.107231907547,0.0251744482666,0.145861625671,0.0821458995342,-0.0637157261372
1663,5249,2,4,0.0690577030182,0.0194866508245,0.00587515672669,0.00604274263605,0.000167585909367
1664,4115,14,35,0.0917730107903,0.0349256470799,0.4084674716,0.347901314497,-0.0605661571026
1665,8086,3,12,0.0493036620319,0.0231089256704,0.496040135622,0.296857625246,-0.199182510376
1667,4234,1,5,0.049922991544,0.0220692679286,0.303712338209,0.179068624973,-0.124643713236
1668,7831,2,5,0.0515126138926,0.0232003498822,0.207495674491,0.0903296172619,-0.117166057229
1669,5448,1,5,0.0462062843144,0.00309369829483,0.143030151725,0.171960756183,0.0289306044579
1670,9188,3,6,0.0604099519551,0.00885092653334,0.137225419283,0.128443971276,-0.00878144800663
1671,611,1,5,0.045779466629,0.00818215496838,0.0256330464035,0.0419802516699,0.0163472052664
1672,2287,2,11,0.0397742837667,0.00757093541324,0.16768489778,0.212258353829,0.044573456049
1673,620,2,6,0.105578623712,0.0152701372281,0.893738389015,0.507420003414,-0.386318385601
1674,690,3,11,0.0605638213456,0.0236679855734,0.612857103348,0.793911397457,0.181054294109
1675,4827,3,12,0.106677293777,0.0257528945804,0.564858555794,0.18851159513,-0.376346945763
1676,707,2,13,0.0332433693111,0.0137740382925,0.927490830421,0.778129518032,-0.149361312389
1677,687,1,7,0.0452467538416,0.0105815604329,0.466069668531,0.528486728668,0.0624170601368
1678,7321,2,5,0.0294784903526,0.0184080060571,0.711464762688,0.65814268589,-0.0533220767975
1679,696,1,6,0.0342206768692,0.0162659045309,0.98313498497,0.854004383087,-0.129130601883
1680,6971,4,15,0.129074633121,0.0467513948679,0.722823917866,0.317239612341,-0.405584305525
1681,623,2,9,0.0115891778842,0.00166562537197,0.922751069069,0.86747866869,-0.0552724003792
1682,4563,1,5,0.0578835457563,0.0106899552047,0.840513527393,0.566956937313,-0.27355659008
1685,6971,1,7,0.0731826871634,0.0117638437077,0.465408682823,0.478625178337,0.0132164955139
1689,620,1,2,0.0265801548958,0.0301479119807,0.967774987221,0.864574253559,-0.103200733662
1690,2449,4,8,0.0447718091309,0.0156612787396,0.332101464272,0.328255861998,-0.00384560227394
1691,5700,1,9,0.059398856014,0.0205447394401,0.137768760324,0.153749838471,0.0159810781479
1692,5608,3,12,0.094820946455,0.026097740978,0.37508353591,0.433201909065,0.0581183731556
1693,657,1,2,0.0396894812584,0.0123813161626,0.823491990566,0.653163731098,-0.170328259468
1694,681,1,14,0.0232712831348,0.0079373428598,0.304053336382,0.296881824732,-0.00717151165009
1696,5523,38,75,0.0264219790697,0.0154740987346,0.742634356022,0.88349789381,0.140863537788
1697,6757,2,12,0.0431432537735,0.027569334954,0.0830585435033,0.156681358814,0.073622815311
1698,577,15,53,0.0832853242755,0.00769869051874,0.0655173137784,0.0427656956017,-0.0227516181767
1699,1149,11,48,0.0300330668688,0.0028615926858,0.425754159689,0.366597175598,-0.0591569840908
1700,7396,8,20,0.0260077770799,0.00850841682404,0.0284590944648,0.0139461867511,-0.0145129077137
1701,3109,6,6,0.0507564991713,0.00460266927257,0.391332238913,0.254028081894,-0.137304157019
1702,4741,1,6,0.0347704701126,0.00243414752185,0.102559842169,0.176430270076,0.0738704279065
1703,5607,2,5,0.0598875992,0.021556796506,0.0795271992683,0.116105295718,0.0365780964494
1704,4109,6,10,0.108907021582,0.0378114506602,0.0354332923889,0.0717998072505,0.0363665148616
1705,5708,3,6,0.0799134001136,0.0449529513717,0.104180246592,0.0201325770468,-0.0840476676822
1706,582,2,3,0.117091439664,0.0482321418822,0.0702201798558,0.0130554167554,-0.0571647621691
1709,4403,9,22,0.0525444857776,0.0345385894179,0.0136486748233,0.0209341645241,0.00728548970073
1710,3364,36,122,0.199936076999,0.0179095286876,0.0550679862499,0.0543373860419,-0.000730600208044
1711,3497,3,10,0.050014320761,0.0171710457653,0.0195899643004,0.0180072896183,-0.00158267468214
1713,2540,15,44,0.0432423688471,0.0329784676433,0.0619051270187,0.0537503175437,-0.00815480947495
1714,2047,8,28,0.0857628583908,0.0366332158446,0.0705207362771,0.105710469186,0.0351897329092
1715,8992,3,9,0.0596867017448,0.0228330995888,0.0751428604126,0.0196351204067,-0.0555077418685
1716,6153,40,126,0.214698716998,0.024603150785,0.632727324963,0.0837352946401,-0.548992037773
1717,3701,37,109,0.0756075978279,0.0535835027695,0.120765708387,0.11069188267,-0.010073825717
1718,3333,6,17,0.0855794325471,0.0173082705587,0.0335384830832,0.0408556871116,0.00731720402837
1719,2263,3,9,0.196289718151,0.0410109944642,0.649644196033,0.121283471584,-0.528360724449
1721,870,1,6,0.0732733532786,0.0204690266401,0.0340015813708,0.0736341774464,0.0396325960755
1722,871,5,15,0.0410257764161,0.0110876020044,0.901042580605,0.7175796628,-0.183462917805
1723,4259,4,11,0.0542108677328,0.00861060898751,0.130166053772,0.101112239063,-0.0290538147092
1724,5154,3,21,0.0706896558404,0.0192483682185,0.491616338491,0.216453120112,-0.27516323328
1725,5242,2,4,0.0799523666501,0.0599764361978,0.601340353489,0.343586683273,-0.257753670216
1726,8256,3,9,0.0651131346822,0.0240704286844,0.0539808608592,0.0378931500018,-0.0160877108574
1727,4977,3,12,0.0321149788797,0.0209426730871,0.59049654007,0.743721246719,0.15322470665
1728,1333,3,6,0.0711502730846,0.0265036523342,0.140841633081,0.225103273988,0.0842616409063
1729,4203,5,1,0.0563023090363,0.0118999769911,0.0266790054739,0.0449667014182,0.0182876959443
1730,1865,2,5,0.0406975597143,0.0217889714986,0.683207333088,0.537673175335,-0.145534157753
1731,5424,3,14,0.0915033593774,0.021080866456,0.240354508162,0.118499092758,-0.121855415404
1732,1342,2,5,0.055204372853,0.0132773565128,0.46997871995,0.270824283361,-0.199154436588
1733,6194,1,7,0.0326241888106,0.0122756268829,0.0262529682368,0.0178816076368,-0.00837136059999
1734,6163,4,3,0.0462529622018,0.0279598347843,0.645232796669,0.420637696981,-0.224595099688
1735,6111,2,5,0.0383585840464,0.0149463675916,0.292482376099,0.285491019487,-0.00699135661125
1736,5278,4,8,0.0607293210924,0.0251671690494,0.247002035379,0.121779344976,-0.125222682953
1737,1342,2,4,0.0730938985944,0.0213321149349,0.486670166254,0.20313590765,-0.283534258604
1738,5890,1,6,0.0734719932079,0.0155492825434,0.186249777675,0.135720536113,-0.0505292415619
1739,6012,2,7,0.0404381752014,0.00761148286983,0.421202808619,0.407772034407,-0.0134307742119
1740,4977,1,8,0.0162198673934,0.005734635517,0.618655979633,0.597162365913,-0.0214936137199
1741,3501,3,11,0.0327990539372,0.0140858506784,0.00514772022143,0.0307430326939,0.0255953129381
1742,1183,1,4,0.120607800782,0.0214155782014,0.43724155426,0.13556919992,-0.301672339439
1743,1345,1,6,0.0648935437202,0.035836558789,0.871160387993,0.61738550663,-0.253774881363
1745,5411,2,4,0.0381899215281,0.0104199098423,0.16027648747,0.0930369719863,-0.0672395154834
1746,1342,2,8,0.0971503034234,0.0464450865984,0.0942893326283,0.0785546675324,-0.0157346650958
1747,1342,2,4,0.0629523918033,0.0179635416716,0.135515317321,0.151010796428,0.0154954791069
1748,2756,4,4,0.058379560709,0.0169355794787,0.471974998713,0.415244907141,-0.0567300915718
1749,6134,2,5,0.0545611940324,0.0180062893778,0.0712504312396,0.0485411919653,-0.0227092392743
1750,4892,3,5,0.0311986207962,0.00533888116479,0.0270924977958,0.0207952205092,-0.00629727728665
1751,4061,3,3,0.125769048929,0.0949088707566,0.887039959431,0.500367939472,-0.386672019958
1752,5871,3,8,0.13357950747,0.0635076761246,0.638395667076,0.212814226747,-0.425581455231
1753,4605,3,5,0.0374966263771,0.00701571675017,0.0125520983711,0.0115455938503,-0.00100650452077
1754,1345,3,5,0.0425218082964,0.0336161032319,0.94242554903,0.783244907856,-0.159180641174
1755,3234,2,5,0.248907968402,0.0241625215858,0.840328752995,0.194132566452,-0.646196186543
1756,1342,2,4,0.0538080334663,0.0149065954611,0.620091438293,0.454999476671,-0.165091961622
1757,5891,4,12,0.117930740118,0.0285940412432,0.222720354795,0.437399119139,0.214678764343
1758,4707,2,4,0.0471013188362,0.0224921423942,0.583929181099,0.405646473169,-0.17828270793
1759,5688,2,6,0.0806321576238,0.038182143122,0.0693286210299,0.165229812264,0.0959011912346
1760,1015,3,6,0.041087910533,0.00433506723493,0.0548135749996,0.136016145349,0.0812025666237
1761,1357,3,8,0.033748973161,0.0329761914909,0.911428332329,0.779114961624,-0.132313370705
1762,2037,2,3,0.0656978562474,0.0117029240355,0.758769512177,0.458575248718,-0.300194263458
1763,164,2,5,0.0445108264685,0.0163042079657,0.199954405427,0.0692568272352,-0.130697578192
1764,3116,3,7,0.0547440163791,0.0224516261369,0.00297435116954,0.00866382103413,0.00568947009742
1765,2081,1,12,0.0511085689068,0.00879676826298,0.0309799164534,0.0512690059841,0.0202890895307
1766,6540,13,12,0.090714417398,0.0579675920308,0.644229590893,0.317877262831,-0.326352328062
1767,255,1,9,0.0389168746769,0.0373218506575,0.763426661491,0.588965117931,-0.17446154356
1768,33,1,5,0.0444662757218,0.00943099334836,0.061551220715,0.0535557977855,-0.00799542292953
1769,568,16,36,0.0771621242166,0.0697272866964,0.870431542397,0.58436614275,-0.286065399647
1770,306,9,17,0.0544938407838,0.0139675186947,0.283797174692,0.353926420212,0.0701292455196
1771,5566,3,5,0.103304557502,0.00675238948315,0.796250939369,0.389062315226,-0.407188624144
1772,2433,31,84,0.052078705281,0.0258291643113,0.177064672112,0.2351680547,0.0581033825874
1773,3671,39,90,0.0280927810818,0.00670723151416,0.563270568848,0.554868400097,-0.00840216875076
1774,6864,34,95,0.0410094968975,0.0138419466093,0.275006204844,0.18048556149,-0.0945206433535
1775,2551,9,28,0.023503927514,0.00464823003858,0.0300770681351,0.0354104749858,0.0053334068507
1776,7620,18,58,0.0457366704941,0.018163613975,0.0452604703605,0.0158586781472,-0.0294017922133
1777,6056,16,24,0.0453998744488,0.017888057977,0.388973355293,0.212682187557,-0.176291167736
1778,3477,5,15,0.0529917515814,0.00917885545641,0.0615204125643,0.0232755038887,-0.0382449105382
1779,7064,8,15,0.0937864407897,0.00473357038572,0.288388520479,0.188566029072,-0.0998224914074
1780,1884,8,20,0.11048322171,0.0440247245133,0.238654732704,0.063532486558,-0.175122246146
1781,8667,5,19,0.0895842388272,0.0226486288011,0.0932817906141,0.0756207630038,-0.0176610276103
1782,7631,3,16,0.0730680152774,0.00910795107484,0.222809106112,0.136459648609,-0.0863494575024
1783,6909,4,23,0.0278425961733,0.011642806232,0.109047904611,0.130474612117,0.0214267075062
1784,5292,5,18,0.041146773845,0.0197348985821,0.110954158008,0.092201910913,-0.0187522470951
1785,4745,6,31,0.0685060322285,0.0103741362691,0.0691208094358,0.0753512978554,0.00623048841953
1786,1674,11,29,0.0214106738567,0.0143990460783,0.445017635822,0.493885874748,0.0488682389259
1787,1406,36,103,0.0221509430557,0.00482496945187,0.849994003773,0.762715816498,-0.0872781872749
1788,3616,3,7,0.0705614537001,0.0121208392084,0.092412635684,0.138427719474,0.0460150837898
1789,6349,6,12,0.105237163603,0.0311885774136,0.0165195502341,0.0530034415424,0.0364838913083
1790,771,3,13,0.046847153455,0.0103164985776,0.359072238207,0.388224005699,0.0291517674923
1791,4851,7,31,0.0659689083695,0.0192724727094,0.247124060988,0.0869989022613,-0.160125166178
1792,7788,5,7,0.0431544594467,0.0164384692907,0.208137333393,0.208512321115,0.000374987721443
1793,8460,7,5,0.0764143839478,0.0266319252551,0.272080361843,0.127026498318,-0.145053863525
1794,5101,4,9,0.0802810415626,0.0587462484837,0.734138906002,0.414251953363,-0.319886952639
1795,2534,5,16,0.0312119871378,0.0154147250578,0.597562551498,0.456301420927,-0.141261130571
1796,1672,2,7,0.0652502030134,0.00845077913254,0.110627181828,0.273441523314,0.162814348936
1797,4139,3,10,0.0663674026728,0.0238659176975,0.231502234936,0.359904199839,0.128401964903
1798,4826,6,8,0.0564368255436,0.0112678278238,0.267522633076,0.39941701293,0.131894379854
1799,3720,5,11,0.0343902222812,0.000116207476822,0.184820219874,0.241617634892,0.0567974150181
1800,2762,2,5,0.0512838624418,0.00374832400121,0.256641119719,0.361858040094,0.105216920376
1801,3710,6,6,0.0497883409262,0.00465543149039,0.0189751721919,0.0202449001372,0.00126972794533
1802,1892,1,6,0.0647422000766,0.0111024649814,0.0367300398648,0.0388786606491,0.00214862078428
1803,6149,2,5,0.0652508214116,0.0063643604517,0.107951536775,0.0791070759296,-0.028844460845
1804,4026,3,6,0.017389677465,0.00779482210055,0.951971828938,0.853379786015,-0.098592042923
1805,7073,2,6,0.044814761728,0.0308347549289,0.589411377907,0.407328277826,-0.18208310008
1806,3112,7,14,0.0941316783428,0.0823616310954,0.912899792194,0.610283195972,-0.302616596222
1807,7328,5,5,0.0824401453137,0.0357298143208,0.110998280346,0.0379662625492,-0.0730320215225
1808,1969,3,5,0.0208756867796,0.00678885402158,0.292375832796,0.263102352619,-0.0292734801769
1809,578,5,10,0.0547168254852,0.0138159971684,0.0663490444422,0.0491359084845,-0.0172131359577
1810,4024,1,7,0.0522051751614,0.0203630980104,0.0689286440611,0.0794375985861,0.010508954525
1811,2226,3,5,0.112542927265,0.0349664613605,0.670788526535,0.276149183512,-0.394639343023
1813,5193,8,18,0.105972014368,0.0260725524276,0.0887475535274,0.256529808044,0.167782247066
1814,7181,3,4,0.0843225643039,0.0235111545771,0.311138600111,0.0877467021346,-0.223391890526
1815,2587,4,16,0.0766317248344,0.0562848038971,0.73776948452,0.445569425821,-0.292200058699
1816,910,5,14,0.0685799792409,0.0160693805665,0.00469491165131,0.0099849589169,0.00529004726559
1817,7672,10,33,0.0688476264477,0.0324476435781,0.909737348557,0.65303093195,-0.256706416607
1818,5536,1,7,0.0676569715142,0.0189565997571,0.0299393106252,0.130274191499,0.100334882736
1819,4289,9,32,0.0956007614732,0.0418752543628,0.296710044146,0.243404209614,-0.0533058345318
1820,4484,9,13,0.050358582288,0.0164068304002,0.982146322727,0.802284240723,-0.179862082005
1821,5007,5,12,0.0406294427812,0.0148573247716,0.50672608614,0.362687826157,-0.144038259983
1822,351,2,7,0.103682972491,0.0333372950554,0.0355181843042,0.01795104146,-0.0175671428442
1823,7238,6,8,0.0442967712879,0.0279203113168,0.0463073179126,0.0383464805782,-0.00796083733439
1824,5314,1,2,0.10071567446,0.0137358596548,0.0457501113415,0.0933029726148,0.0475528612733
1825,4096,4,6,0.070449821651,0.0311713796109,0.216399013996,0.100669063628,-0.115729950368
1826,8261,5,6,0.121691159904,0.031930077821,0.746008038521,0.303566962481,-0.44244107604
1828,5930,4,10,0.0845551565289,0.0350683741271,0.532616496086,0.228092908859,-0.304523587227
1829,918,1,5,0.065141312778,0.0264537762851,0.444424629211,0.267881900072,-0.176542729139
1830,9011,2,3,0.0438692606986,0.00294603314251,0.0048896195367,0.0082701575011,0.0033805379644
1831,5027,1,7,0.180583402514,0.110684171319,0.868731796741,0.353287935257,-0.515443861485
1832,1382,3,5,0.106256477535,0.0348388180137,0.0993172824383,0.343194723129,0.243877440691
1833,1045,1,4,0.0704157054424,0.030772306025,0.00230085384101,0.0209009889513,0.0186001360416
1836,2654,4,6,0.0410490371287,0.010491874069,0.102563194931,0.0628355741501,-0.0397276207805
1837,1558,15,52,0.0437090210617,0.0218348409981,0.504823505878,0.59254860878,0.0877251029015
1838,7155,15,61,0.0515874475241,0.0233522690833,0.1558252424,0.182989612222,0.0271643698215
1839,1078,2,8,0.0794496610761,0.0344459116459,0.726053237915,0.37769818306,-0.348355054855
1840,1025,11,21,0.0458902604878,0.0135353542864,0.0944728031754,0.17646086216,0.0819880589843
1841,3070,8,16,0.111978895962,0.0366019494832,0.256081938744,0.0559952370822,-0.200086697936
1842,7661,2,12,0.0927010402083,0.0189343057573,0.16348798573,0.0818053260446,-0.0816826596856
1843,8583,7,20,0.040946226567,0.00486159464344,0.0849601104856,0.11766281724,0.0327027067542
1844,2367,7,18,0.0449652485549,0.0180919449776,0.0458318702877,0.0649792030454,0.0191473327577
1845,8287,10,20,0.0685276091099,0.013934340328,0.209216803312,0.154092356563,-0.0551244467497
1846,3267,4,1,0.0536540746689,0.0144590297714,0.13841868937,0.0897500142455,-0.0486686751246
1847,5580,3,6,0.081565245986,0.022099584341,0.00642081629485,0.00747829442844,0.00105747813359
1848,1099,1,8,0.0747456774116,0.0101537806913,0.187489360571,0.0452533066273,-0.142236053944
1849,2903,2,8,0.0626014396548,0.0118175949901,0.437463700771,0.231237694621,-0.20622600615
1850,7661,2,4,0.0668791607022,0.0168713908643,0.236020326614,0.100723735988,-0.135296583176
1851,1539,2,4,0.0534479469061,0.00994881242514,0.0585584826767,0.108940333128,0.0503818504512
1852,7648,3,15,0.0317716784775,0.015898603946,0.913607299328,0.754619419575,-0.158987879753
1853,5258,2,4,0.069992005825,0.0252100788057,0.668438017368,0.42962166667,-0.238816350698
1854,1669,11,20,0.0517768412828,0.0168659463525,0.416219264269,0.404417127371,-0.011802136898
1855,8992,1,7,0.0384344346821,0.00648076552898,0.119741007686,0.08234449476,-0.0373965129256
1856,4933,9,16,0.035457778722,0.0134073188528,0.200757607818,0.106760405004,-0.0939972028136
1857,2242,28,96,0.0390296690166,0.0170530155301,0.13176651299,0.137559741735,0.00579322874546
1858,2601,3,17,0.0645541548729,0.00939713511616,0.0268379896879,0.024731317535,-0.00210667215288
1860,3331,6,12,0.0396140553057,0.00512433005497,0.56176841259,0.58560359478,0.0238351821899
1861,1909,4,21,0.102372668684,0.0612016692758,0.353613644838,0.525286376476,0.171672731638
1862,7801,3,9,0.0865118280053,0.0956107899547,0.00987587589771,0.045353282243,0.0354774072766
1863,4790,6,28,0.0433505289257,0.0189131014049,0.0612044222653,0.0730533376336,0.0118489153683
1864,4626,33,96,0.0465520918369,0.0366722643375,0.915792703629,0.715406358242,-0.200386345387
1865,3902,12,36,0.113692440093,0.0566682741046,0.865478694439,0.472941488028,-0.392537206411
1866,5087,8,24,0.0134774027392,0.00523528689519,0.0357940681279,0.0323362648487,-0.00345780327916
1867,5288,7,12,0.0706034973264,0.019810879603,0.0732250362635,0.0944652929902,0.0212402567267
1868,7305,10,47,0.0292879734188,0.00195437623188,0.127234384418,0.0990229547024,-0.0282114297152
1869,6149,33,108,0.0727232992649,0.0109854377806,0.1153235659,0.22390730679,0.10858374089
1870,6410,4,11,0.0560096204281,0.0263836551458,0.128240123391,0.093259871006,-0.0349802523851
1871,1670,4,20,0.0228484328836,0.00633075181395,0.471135020256,0.539109766483,0.0679747462273
1872,4726,26,55,0.0468181483448,0.0203277189285,0.35508453846,0.500819385052,0.145734846592
1873,1623,3,4,0.059508305043,0.0137889571488,0.283077925444,0.21448405087,-0.0685938745737
1874,6359,5,8,0.0633567497134,0.0257538538426,0.202818915248,0.129035443068,-0.0737834721804
1875,4841,3,13,0.0331303924322,0.0105119440705,0.331281125546,0.355733722448,0.0244525969028
1876,1127,16,25,0.0351877138019,0.00804640352726,0.412641018629,0.442972570658,0.0303315520287
1877,6620,4,6,0.0414345636964,0.0237693339586,0.0790248811245,0.0764959678054,-0.00252891331911
1878,7770,3,5,0.0269314292818,0.0144539605826,0.186644226313,0.228541016579,0.041896790266
1879,7580,8,15,0.0340450070798,0.0153305241838,0.00932666100562,0.0251680463552,0.0158413853496
1880,8477,3,5,0.061122070998,0.00891139451414,0.0369881354272,0.0517191179097,0.0147309824824
1881,1927,1,6,0.0353938117623,0.0124461082742,0.045286308974,0.052379284054,0.00709297508001
1882,5826,8,32,0.13181732595,0.0129766827449,0.645866811275,0.200745001435,-0.445121824741
1883,7865,5,14,0.053875233978,0.0164585486054,0.015660956502,0.0118826292455,-0.00377832725644
1884,8115,13,39,0.0525563023984,0.0230960864574,0.000829869823065,0.00149222742766,0.000662357604597
1885,2766,2,7,0.0626899302006,0.00936148781329,0.0941831022501,0.0416846126318,-0.0524984896183
1886,1685,3,3,0.058689981699,0.0366447791457,0.0724357590079,0.0930472016335,0.0206114426255
1887,8602,3,11,0.0393712222576,0.0122440969571,0.0443138293922,0.023522362113,-0.0207914672792
1888,5106,2,9,0.11721650511,0.0343266204,0.798455536366,0.37453737855,-0.423918157816
1889,6881,7,16,0.0660874694586,0.00950133800507,0.14567232132,0.0846435129642,-0.0610288083553
1890,8681,1,15,0.0759362056851,0.0249657761306,0.0650683641434,0.0505871139467,-0.0144812501967
1891,4821,4,6,0.0522566437721,0.0375120341778,0.822644591331,0.632817208767,-0.189827382565
1892,7332,2,8,0.057222917676,0.0106680542231,0.0246070213616,0.054316509515,0.0297094881535
1894,1631,3,14,0.120959423482,0.0082926992327,0.716869950294,0.283645451069,-0.433224499226
1895,7560,4,8,0.0407459326088,0.0165142677724,0.240662410855,0.203132554889,-0.0375298559666
1896,1113,2,8,0.0204770900309,0.0154000176117,0.773182988167,0.808433830738,0.0352508425713
1897,4922,4,5,0.0699105337262,0.0146184926853,0.23668551445,0.182329818606,-0.0543556958437
1898,1869,3,3,0.0621380954981,0.0181265491992,0.246033862233,0.171238720417,-0.0747951418161
1899,3307,2,5,0.248179912567,0.0421010330319,0.658417105675,0.102710045874,-0.555707037449
1900,5829,7,18,0.0420546270907,0.00947157293558,0.0415337979794,0.0705276057124,0.0289938077331
1901,2009,2,7,0.0363398976624,0.00466738129035,0.200209230185,0.167009785771,-0.0331994444132
1902,4484,4,3,0.146486774087,0.0342742167413,0.493489146233,0.12572337687,-0.367765784264
1903,7649,3,8,0.047772873193,0.0121069904417,0.0082283494994,0.0121905459091,0.0039621964097
1904,3503,4,7,0.0652534216642,0.0286523979157,0.00146460463293,0.00151690200437,5.22973714396e-05
1905,2754,1,5,0.0800709351897,0.0325944013894,0.395287871361,0.159144818783,-0.236143052578
1907,4502,7,35,0.0294119715691,0.00617328798398,0.0480408072472,0.042294178158,-0.00574662908912
1908,258,7,15,0.0678142681718,0.00622165808454,0.0417281091213,0.0983115509152,0.0565834417939
1909,2894,2,3,0.0296723917127,0.00798387266695,0.0161508414894,0.028397038579,0.0122461970896
1910,1312,3,2,0.0374807678163,0.00655711721629,0.0546522848308,0.0444615334272,-0.0101907514036
1911,8704,2,9,0.125817090273,0.0104036750272,0.0291694551706,0.0649529322982,0.0357834771276
1912,179,20,68,0.0433494187891,0.00475603248924,0.49984318018,0.332577705383,-0.167265474796
1913,450,13,24,0.0905260667205,0.0417936071754,0.192674994469,0.126341462135,-0.0663335323334
1915,309,1,2,0.0256786365062,0.00280112051405,0.0234246682376,0.0214222744107,-0.00200239382684
1916,7298,35,111,0.220938369632,0.0197159610689,0.499950051308,0.107023753226,-0.392926305532
1917,3480,42,129,0.0938112139702,0.0454024747014,0.00208605336957,0.00556425703689,0.00347820366733
1918,9052,11,36,0.0603983439505,0.0399419814348,0.0691022500396,0.161897540092,0.0927952900529
1919,3856,9,13,0.0699371472001,0.045113645494,0.212780833244,0.092142097652,-0.120638735592
1920,4140,2,10,0.037231463939,0.00577351124957,0.53310996294,0.382434099913,-0.150675863028
1921,4810,1,3,0.0434509031475,0.0106650153175,0.0559094138443,0.0890580788255,0.0331486649811
1922,7876,3,17,0.0425177514553,0.00784864090383,0.366620510817,0.362996309996,-0.00362420082092
1923,6137,5,9,0.0407908223569,0.00315307290293,0.266001880169,0.161554932594,-0.104446947575
1924,910,4,9,0.0842301025987,0.0107078440487,0.0217879787087,0.00858807843179,-0.013199900277
1925,2439,2,13,0.0261273682117,0.0150870867074,0.871404647827,0.75589299202,-0.115511655807
1926,438,6,9,0.119997404516,0.00821688305587,0.0137056484818,0.00882319640368,-0.00488245207816
1927,8547,11,41,0.0266854707152,0.0152805903926,0.40680205822,0.484740972519,0.077938914299
1928,8790,1,7,0.0935529172421,0.0485000647604,0.519748985767,0.238392651081,-0.281356334686
1929,4293,6,10,0.0396202541888,0.00131021381821,0.0269779060036,0.0190861765295,-0.00789172947407
1930,3662,2,7,0.0495580397546,0.0113457068801,0.0299760978669,0.0156603064388,-0.0143157914281
1931,5840,2,4,0.100652895868,0.0187964737415,0.180209636688,0.0751230344176,-0.105086602271
1932,3317,1,7,0.0595378875732,0.0216637253761,0.591782271862,0.362637132406,-0.229145139456
1933,585,4,6,0.0551549457014,0.0329715386033,0.450652062893,0.390525430441,-0.060126632452
1934,2038,3,6,0.0639018416405,0.0504393801093,0.596170127392,0.366347193718,-0.229822933674
1935,6837,5,6,0.0772905126214,0.0305204857141,0.0288373026997,0.0290086064488,0.000171303749084
1936,4319,5,5,0.0717440918088,0.0325387381017,0.942754805088,0.674059569836,-0.268695235252
1937,3208,1,7,0.0623979121447,0.0244100335985,0.0895091220737,0.108250893652,0.0187417715788
1938,5192,2,7,0.104831792414,0.0192782711238,0.0381285846233,0.0767766833305,0.0386480987072
1939,388,4,7,0.0266852453351,0.00293857511133,0.192213967443,0.208718672395,0.0165047049522
1940,2867,3,6,0.0889755263925,0.0317661315203,0.0677954629064,0.113579571247,0.0457841083407
1941,322,3,5,0.0670533552766,0.0201260484755,0.0673163235188,0.0589083582163,-0.00840796530247
1942,450,7,19,0.0600908994675,0.0410606749356,0.910720944405,0.668194770813,-0.242526173592
1943,2996,3,13,0.0480908751488,0.0108034918085,0.775526225567,0.508354783058,-0.267171442509
1944,5929,2,13,0.134360447526,0.0899302139878,0.0532969869673,0.139221206307,0.0859242230654
1945,1391,3,5,0.055464591831,0.0313872955739,0.183142930269,0.1275909096,-0.055552020669
1946,4323,4,15,0.0949572920799,0.0322470739484,0.0137784155086,0.0363672450185,0.0225888304412
1948,8036,5,6,0.0636138394475,0.0510331988335,0.981095075607,0.776882469654,-0.204212605953
1949,4463,7,13,0.0157056059688,0.0179613959044,0.966959178448,0.900207042694,-0.0667521357536
1950,304,4,10,0.0275295171887,0.0104249501601,0.151635542512,0.103740334511,-0.0478952080011
1951,131,4,6,0.013721303083,0.00857567135245,0.964838385582,0.895670711994,-0.0691676735878
1952,3025,4,5,0.0741157233715,0.0256839375943,0.446798563004,0.194143697619,-0.252654850483
1953,3282,13,56,0.0110413646325,0.00394994067028,0.823137581348,0.873402535915,0.050264954567
1954,657,7,7,0.00947275385261,0.00625802762806,0.983384370804,0.939232170582,-0.044152200222
1955,685,3,3,0.0494795553386,0.0226674079895,0.714795470238,0.715762794018,0.00096732378006
1956,673,1,6,0.00541600165889,0.00222811475396,0.99731194973,0.975574791431,-0.0217371582985
1957,729,1,8,0.0176547709852,0.0202290024608,0.993920087814,0.934313714504,-0.0596063733101
1958,724,1,1,0.0559206455946,0.0148608619347,0.21263718605,0.168374225497,-0.0442629605532
1959,1674,4,4,0.0797885879874,0.0290006287396,0.540981352329,0.269339799881,-0.271641552448
1960,4643,1,11,0.0323554128408,0.00451867608353,0.0680668577552,0.0575321577489,-0.0105347000062
1961,6790,19,70,0.0502373017371,0.0200817789882,0.149282470345,0.130648866296,-0.0186336040497
1962,784,2,4,0.0767986699939,0.0369085483253,0.350749909878,0.200550734997,-0.150199174881
1963,2081,5,8,0.0804637894034,0.0169947296381,0.229095056653,0.104958750308,-0.124136306345
1964,2219,2,7,0.0249671209604,0.00696385698393,0.0314644016325,0.0350263603032,0.00356195867062
1965,2045,1,6,0.0309647228569,0.00539487227798,0.147513195872,0.113927982748,-0.0335852131248
1966,5969,4,6,0.16399474442,0.0749953836203,0.474631786346,0.319570630789,-0.155061155558
1967,737,2,2,0.051155667752,0.00950397178531,0.592588722706,0.428587049246,-0.16400167346
1968,655,2,4,0.0409612618387,0.0306915268302,0.951511561871,0.7804479599,-0.171063601971
1969,7983,12,37,0.0737821236253,0.0333213508129,0.537373363972,0.270039051771,-0.267334312201
1970,7356,12,43,0.0838206708431,0.0257166232914,0.134571895003,0.109249927104,-0.0253219678998
1971,8337,16,54,0.0355383865535,0.01122002583,0.220022127032,0.15903635323,-0.0609857738018
1972,4686,25,75,0.0953991115093,0.0288991164416,0.796186566353,0.409359574318,-0.386826992035
1973,2052,1,14,0.159329459071,0.0820155665278,0.842513620853,0.353512197733,-0.48900142312
1974,6431,2,10,0.0590145252645,0.0278115030378,0.0136454571038,0.0288383271545,0.0151928700507
1975,4364,8,15,0.0775346457958,0.0272057577968,0.0202068667859,0.0177039764822,-0.00250289030373
1976,3852,5,2,0.035064574331,0.00997494813055,0.0247027669102,0.0231600869447,-0.0015426799655
1977,2584,2,2,0.0737697258592,0.0259642712772,0.401441216469,0.173296287656,-0.228144928813
1978,2063,17,61,0.0595441423357,0.013513404876,0.491926670074,0.347500950098,-0.144425719976
1980,8357,2,1,0.0752701088786,0.0104479147121,0.0553977526724,0.0605650283396,0.00516727566719
1982,6288,2,13,0.0690988153219,0.0317624881864,0.136934578419,0.210804715753,0.0738701373339
1983,1693,4,18,0.0610815919936,0.0101542631164,0.107109211385,0.0396960861981,-0.0674131214619
1985,9065,3,10,0.0824826136231,0.0175438653678,0.243515402079,0.0897004827857,-0.153814911842
1986,5024,4,8,0.081720598042,0.0320687107742,0.0112400073558,0.0281671583652,0.0169271510094
1987,4193,4,16,0.0810592696071,0.0378462448716,0.0171421598643,0.0471183471382,0.0299761872739
1988,3883,1,11,0.122702054679,0.062185883522,0.829734861851,0.444715827703,-0.385019034147
1989,746,5,19,0.0359674654901,0.00892559625208,0.485060870647,0.539992630482,0.0549317598343
1990,4065,1,3,0.099690258503,0.0159233044833,0.107868157327,0.0485523641109,-0.0593157932162
1991,1409,3,5,0.0645472928882,0.0161495953798,0.337982356548,0.429125934839,0.0911435782909
1992,6423,1,8,0.0747601911426,0.0340978167951,0.289325624704,0.316428929567,0.027103304863
1993,5885,2,3,0.111692547798,0.0308424625546,0.0289151575416,0.167171284556,0.138256132603
1994,1909,4,10,0.054256696254,0.0192396510392,0.259431540966,0.147659882903,-0.111771658063
1995,1373,3,10,0.0529470555484,0.0023786588572,0.744549155235,0.48884999752,-0.255699157715
1996,1448,8,21,0.10335201025,0.0172738935798,0.446303784847,0.215870261192,-0.230433523655
1997,3120,3,10,0.0600285194814,0.0233583450317,0.0995428189635,0.0916133746505,-0.00792944431305
1998,2651,4,7,0.0953303799033,0.0198793616146,0.00973108038306,0.0228230264038,0.0130919460207
1999,7508,1,3,0.0440251789987,0.00934140756726,0.00813277810812,0.00812746956944,-5.30853867531e-06
2000,7680,2,16,0.0926091074944,0.024491854012,0.0902128219604,0.0336944237351,-0.0565183982253
2001,8442,9,20,0.0478752665222,0.0201687775552,0.419764697552,0.30251583457,-0.117248862982
2002,4895,3,5,0.0436779968441,0.0120620178059,0.0411366857588,0.0385825783014,-0.0025541074574
2003,5531,2,6,0.0343185588717,0.0124341910705,0.264669150114,0.288644850254,0.02397570014
2004,4272,1,1,0.0718155577779,0.0286044385284,0.0367867574096,0.0173752252012,-0.0194115322083
2005,4243,3,9,0.0375406704843,0.0180513765663,0.16960670054,0.155536711216,-0.0140699893236
2006,8253,3,8,0.0338771343231,0.0104576600716,0.121966548264,0.0831043571234,-0.0388621911407
2007,8147,2,4,0.0451830513775,0.0183545090258,0.09457911551,0.169194996357,0.074615880847
2009,6154,2,1,0.0635559186339,0.00852607283741,0.0375243201852,0.0815839990973,0.0440596789122
2010,1376,2,9,0.044520586729,0.0113478209823,0.489067673683,0.478743702173,-0.0103239715099
2011,4682,1,7,0.0659908950329,0.032600350678,0.252999961376,0.22120988369,-0.0317900776863
2012,1420,1,4,0.0710757747293,0.0101985111833,0.152949750423,0.0923038199544,-0.060645930469
2013,6122,2,10,0.0617199130356,0.0291905142367,0.486833512783,0.641619265079,0.154785752296
2014,6129,1,9,0.0887786448002,0.0302425511181,0.0242348778993,0.0939148366451,0.0696799606085
2015,7403,5,14,0.045877546072,0.0212384536862,0.215150311589,0.126826837659,-0.0883234739304
2016,175,5,12,0.0718312039971,0.00853199698031,0.00944640487432,0.0115352002904,0.00208879541606
2017,4225,1,8,0.0372053347528,0.0139330541715,0.393676877022,0.327753216028,-0.0659236609936
2018,746,2,4,0.0536898039281,0.0355544611812,0.303575158119,0.477282851934,0.173707693815
2019,4684,2,3,0.0950295999646,0.0275482293218,0.0812313184142,0.148963555694,0.0677322372794
2020,4232,3,5,0.0539393536747,0.0179289076477,0.239545762539,0.260905355215,0.0213595926762
2021,255,7,18,0.0396572165191,0.00668214773759,0.0349785834551,0.0383309461176,0.00335236266255
2022,1154,6,26,0.0534582026303,0.024908233434,0.0203166268766,0.0207081008703,0.000391473993659
2023,742,3,11,0.0943531319499,0.0619542039931,0.0460590198636,0.0167121198028,-0.0293469000608
2024,1028,2,6,0.0531870760024,0.0266767535359,0.666309356689,0.425850003958,-0.240459352732
2025,387,4,18,0.0595224350691,0.00377197773196,0.289444804192,0.0980857908726,-0.191359013319
2026,1323,6,7,0.089754678309,0.0112039837986,0.0550766438246,0.0795805230737,0.0245038792491
2027,3519,1,6,0.059605229646,0.00805019401014,0.0806314498186,0.128440797329,0.0478093475103
2028,317,3,5,0.0348820798099,0.0208088457584,0.297310858965,0.312032461166,0.0147216022015
2029,2959,3,17,0.0424835979939,0.0197611451149,0.18789550662,0.191644191742,0.00374868512154
2030,2201,4,5,0.0536729991436,0.0090266931802,0.523546874523,0.328440755606,-0.195106118917
2031,2514,2,6,0.0549962632358,0.0132891088724,0.0165301710367,0.018992068246,0.00246189720929
2032,1079,5,16,0.0340215303004,0.0240219626576,0.655306637287,0.499673038721,-0.155633598566
2033,857,5,11,0.0420231968164,0.00664909509942,0.542999684811,0.357131451368,-0.185868233442
2034,444,2,6,0.0477313250303,0.02506935969,0.494843095541,0.410667449236,-0.0841756463051
2035,576,8,27,0.0445410609245,0.0190144963562,0.67709851265,0.626283943653,-0.0508145689964
2036,1103,9,18,0.0324149541557,0.00957063026726,0.536547958851,0.63447290659,0.0979249477386
2037,4252,1,6,0.0543922893703,0.00376842659898,0.161575138569,0.108751654625,-0.0528234839439
2038,3515,1,10,0.0146900014952,0.00115004740655,0.257263034582,0.343819379807,0.0865563452244
2039,2962,1,3,0.0445863604546,0.00855833105743,0.0293025486171,0.0605818293989,0.0312792807817
2041,6089,6,38,0.0530413985252,0.0105604603887,0.24135106802,0.0937008261681,-0.147650241852
2042,6344,9,55,0.051092389971,0.0185772608966,0.273924082518,0.227916076779,-0.0460080057383
2043,2031,2,6,0.0309363920242,0.00715305283666,0.0567816644907,0.0868914499879,0.0301097854972
2044,7959,3,15,0.0382842980325,0.0255997702479,0.171560183167,0.146552979946,-0.0250072032213
2045,7967,3,12,0.0329239107668,0.00486268429086,0.0676914080977,0.0952670499682,0.0275756418705
2046,3602,19,63,0.0664694160223,0.0311201419681,0.507428526878,0.583846926689,0.0764183998108
2047,6466,1,5,0.0733985304832,0.0470149070024,0.5230422616,0.299369305372,-0.223672956228
2048,7154,19,52,0.0600576885045,0.0336827076972,0.045641053468,0.0324925035238,-0.0131485499442
2049,2302,4,10,0.0772876739502,0.0151706133038,0.0244587883353,0.0263232607394,0.00186447240412
2050,1600,10,18,0.0931221246719,0.0254809353501,0.0477187745273,0.0396243482828,-0.0080944262445
2051,6818,3,8,0.0772233977914,0.0310798585415,0.0425944104791,0.0119266211987,-0.0306677892804
2052,4037,2,7,0.041262447834,0.0133968126029,0.0940371230245,0.0835386887193,-0.0104984343052
2053,7805,6,3,0.0608786791563,0.00293183233589,0.055066742003,0.0580244362354,0.00295769423246
2054,7915,6,13,0.148632779717,0.0383566021919,0.715894520283,0.257026284933,-0.45886823535
2055,4151,2,8,0.0255271941423,0.00799776706845,0.312782794237,0.200232550502,-0.112550243735
2056,1892,3,16,0.0222208742052,0.00900254957378,0.203796878457,0.20084913075,-0.00294774770737
2057,5791,3,5,0.0577183924615,0.00633476860821,0.0118744913489,0.0388188101351,0.0269443187863
2058,6884,1,5,0.0708368495107,0.0212979894131,0.077836856246,0.158726170659,0.0808893144131
2059,2507,1,7,0.0710475370288,0.0308893602341,0.197060927749,0.374679327011,0.177618399262
2060,2071,2,15,0.0944170728326,0.0305038578808,0.0183485802263,0.0557411909103,0.0373926088214
2061,437,4,12,0.0716525763273,0.035355117172,0.430480122566,0.17058326304,-0.259896874428
2062,8687,4,20,0.0876455083489,0.0165325440466,0.37569719553,0.152625262737,-0.223071932793
2063,4026,3,8,0.0131161697209,0.00667223706841,0.84108620882,0.767480909824,-0.073605298996
2064,4032,2,18,0.0624390728772,0.0188810229301,0.00578617723659,0.0120515124872,0.00626533525065
2065,8162,4,7,0.0671706274152,0.0219902284443,0.0113353161141,0.0678078755736,0.0564725585282
2066,3340,1,8,0.105566434562,0.0254022497684,0.107788272202,0.187551304698,0.079763032496
2067,1744,2,12,0.0897129774094,0.0772004052997,0.015068567358,0.027612246573,0.012543679215
2068,5105,1,9,0.0548946745694,0.0104590402916,0.458705335855,0.237836405635,-0.220868930221
2069,4871,1,10,0.0273701902479,0.013977650553,0.145160511136,0.105020456016,-0.04014005512
2071,7863,3,15,0.0884775742888,0.0221789535135,0.0324170924723,0.0494999140501,0.0170828215778
2072,6130,3,5,0.0777920261025,0.0134976217523,0.033052355051,0.020208729431,-0.01284362562
2073,1982,10,14,0.0799785330892,0.0145570291206,0.0637679770589,0.0995050445199,0.035737067461
2074,4136,3,9,0.0777159333229,0.0347206369042,0.280586123466,0.116354219615,-0.1642318964
2075,8430,5,11,0.10546964407,0.0274108517915,0.170258149505,0.163698211312,-0.00655993819237
2076,6431,6,23,0.0402567088604,0.0129648800939,0.00600370345637,0.00499341124669,-0.00101029220968
2077,7602,13,45,0.08255854249,0.0107555957511,0.0697037503123,0.0263444241136,-0.0433593243361
2078,4175,3,17,0.0504485815763,0.00845630187541,0.0252404846251,0.0614376850426,0.0361972004175
2079,7219,11,31,0.054887432605,0.0243926476687,0.0055282516405,0.0100835552439,0.00455530360341
2080,3215,2,7,0.041375529021,0.00727096106857,0.034427985549,0.0289757158607,-0.00545226968825
2081,1603,2,4,0.053069755435,0.0137913376093,0.174086689949,0.0608366467059,-0.113250046968
2082,576,14,41,0.2046905756,0.0928359404206,0.886951506138,0.331975132227,-0.554976344109
2083,3195,6,20,0.072134591639,0.00812008511275,0.0530863441527,0.0374747924507,-0.015611551702
2084,9263,9,19,0.0589908696711,0.0150150284171,0.270776927471,0.213197723031,-0.0575792044401
2085,4967,8,11,0.0867983773351,0.0506983138621,0.0734191909432,0.111298084259,0.0378788933158
2086,4780,2,16,0.0739099010825,0.0322155840695,0.236912280321,0.0884745046496,-0.148437768221
2087,958,3,13,0.109908781946,0.0187191944569,0.963288605213,0.607466220856,-0.355822384357
2088,1244,3,21,0.0744957029819,0.0371454022825,0.756741285324,0.452994585037,-0.303746700287
2089,891,3,2,0.0785806551576,0.0453046187758,0.13114656508,0.121407993138,-0.00973857194185
2090,5934,3,7,0.0292059239,0.00155102042481,0.260099738836,0.29509088397,0.034991145134
2091,3251,11,23,0.0249042138457,0.0148834194988,0.849574863911,0.694916963577,-0.154657900333
2092,1180,2,9,0.209091320634,0.0236931201071,0.947912573814,0.384332805872,-0.563579797745
2094,4951,10,26,0.0483260154724,0.0417381599545,0.682862401009,0.56234651804,-0.120515882969
2095,3090,15,48,0.0339827649295,0.0101220821962,0.263270884752,0.19737611711,-0.065894767642
2096,3103,2,5,0.0497454814613,0.0211743675172,0.48054137826,0.26504907012,-0.21549230814
2097,438,4,4,0.0450135134161,0.0189072228968,0.0393523126841,0.0858457908034,0.0464934781194
2098,9102,10,25,0.0686202570796,0.0112733440474,0.0638562217355,0.041486993432,-0.0223692283034
2099,1127,2,7,0.0682693049312,0.0234989505261,0.366232901812,0.582346975803,0.216114073992
2100,954,1,8,0.0360262207687,0.00997373461723,0.121832199395,0.105182401836,-0.0166497975588
2102,108,1,7,0.122729867697,0.0719050616026,0.847538590431,0.426671415567,-0.420867174864
2103,6838,1,12,0.0623740889132,0.0201955940574,0.301129192114,0.130124643445,-0.171004548669
2104,1413,6,13,0.104524470866,0.0488093346357,0.574710011482,0.281779170036,-0.292930841446
2105,2653,5,11,0.0929228067398,0.052616994828,0.294723182917,0.121230207384,-0.173492968082
2106,3827,3,8,0.0410216264427,0.0112287420779,0.452933341265,0.53838711977,0.0854537785053
2107,2185,1,7,0.0461223013699,0.015372864902,0.169556260109,0.188582673669,0.0190264135599
2108,8569,2,4,0.0376718044281,0.00631339661777,0.0286391377449,0.0307426024228,0.00210346467793
2109,441,2,3,0.153564974666,0.0353934168816,0.0416602492332,0.19579435885,0.154134109616
2110,2293,9,24,0.0537345595658,0.00442930869758,0.0674248784781,0.0223479885608,-0.0450768917799
2111,3869,5,17,0.12862496078,0.0446876138449,0.0795480310917,0.341860532761,0.262312501669
2112,8029,4,11,0.0473850034177,0.0226368494332,0.0418397784233,0.0215691309422,-0.0202706474811
2113,4401,6,9,0.0384984202683,0.00739195011556,0.425387859344,0.354840368032,-0.070547491312
2114,771,5,24,0.0464930646122,0.0322062037885,0.839760780334,0.66484183073,-0.174918949604
2115,6561,2,12,0.0404078401625,0.0124328751117,0.0224714875221,0.0103902742267,-0.0120812132955
2116,9043,5,11,0.0444246642292,0.00467215571553,0.167903468013,0.165315762162,-0.0025877058506
2117,7628,2,4,0.0470016412437,0.00383338914253,0.0149452006444,0.0145405270159,-0.000404673628509
2118,4303,3,12,0.110391505063,0.0177033785731,0.240783169866,0.258539110422,0.0177559405565
2119,1129,3,24,0.0386788807809,0.0224704407156,0.0862166881561,0.0758147761226,-0.0104019120336
2120,525,12,34,0.053657900542,0.00770642841235,0.14475184679,0.0538095533848,-0.0909422934055
2121,1053,4,4,0.0838577374816,0.0251112394035,0.202888816595,0.154122054577,-0.0487667620182
2122,7800,20,62,0.0629718527198,0.0340847745538,0.197227627039,0.221051692963,0.0238240659237
2123,2646,6,4,0.0899188891053,0.0455009527504,0.416721135378,0.180617853999,-0.236103281379
2124,1190,1,7,0.0682185441256,0.0123692043126,0.651742398739,0.352907180786,-0.298835217953
2125,338,9,40,0.108149029315,0.0660176500678,0.855403900146,0.458088994026,-0.39731490612
2126,5664,11,27,0.055075392127,0.0239864382893,0.278539508581,0.179783463478,-0.0987560451031
2127,8544,2,5,0.0487403273582,0.014709321782,0.0375593341887,0.0215059537441,-0.0160533804446
2128,761,9,24,0.0352052748203,0.00655467575416,0.403065621853,0.408193796873,0.00512817502022
2129,582,10,34,0.0563888736069,0.0257972832769,0.279072374105,0.200101196766,-0.0789711773396
2130,437,6,25,0.0408391058445,0.0423572845757,0.938649177551,0.776930510998,-0.161718666553
2131,453,8,44,0.0598578341305,0.0229060854763,0.899059474468,0.631094992161,-0.267964482307
2132,513,17,61,0.0185675043613,0.00450677378103,0.676322996616,0.73720407486,0.0608810782433
2133,352,4,15,0.0481350533664,0.0401335693896,0.140354722738,0.0960617661476,-0.0442929565907
2134,1555,15,64,0.0930326506495,0.0505355224013,0.172759339213,0.414579033852,0.241819694638
2135,305,6,18,0.0109260110185,0.00750240124762,0.459158420563,0.507806718349,0.0486482977867
2136,286,9,17,0.0737430378795,0.0213018599898,0.166615158319,0.327553361654,0.160938203335
2137,1422,12,26,0.0453662537038,0.0125525593758,0.232818618417,0.327732086182,0.0949134677649
2138,2336,2,5,0.0544755905867,0.0155583918095,0.0362308435142,0.0660194382071,0.0297885946929
2139,2872,6,9,0.0171817392111,0.0137896398082,0.938185155392,0.854372024536,-0.0838131308556
2140,1412,11,35,0.0470258034766,0.00187850510702,0.0744312778115,0.180422976613,0.105991698802
2141,1555,3,8,0.0719215646386,0.0460741445422,0.0112443491817,0.0572895519435,0.0460452027619
2143,338,5,14,0.0557914637029,0.0204895492643,0.177243888378,0.0874369442463,-0.0898069441319
2144,4519,1,14,0.113963596523,0.0299336519092,0.758253931999,0.399175137281,-0.359078794718
2145,1072,4,3,0.0431034564972,0.0226574577391,0.499418586493,0.316941469908,-0.182477116585
2146,2925,1,4,0.0302847996354,0.00702053168789,0.352613031864,0.309079915285,-0.0435331165791
2147,333,3,2,0.0468841902912,0.0107325594872,0.088306568563,0.105058588088,0.0167520195246
2148,6525,10,33,0.0215752068907,0.0101687246934,0.030642490834,0.0315734148026,0.000930923968554
2149,2959,3,5,0.0547946207225,0.027868622914,0.0652388259768,0.0578351914883,-0.00740363448858
2150,1437,4,20,0.0421741008759,0.0207548197359,0.894019007683,0.682879924774,-0.211139082909
2151,695,4,10,0.044611889869,0.0133828194812,0.0972351580858,0.171088635921,0.0738534778357
2152,2869,5,18,0.0185721572489,0.00943381525576,0.840162694454,0.735816001892,-0.104346692562
2153,413,11,18,0.0591363571584,0.00620132265612,0.266799807549,0.115820892155,-0.150978922844
2154,5724,2,9,0.229424953461,0.00822209473699,0.703382074833,0.106656044722,-0.596726059914
2155,601,4,17,0.020918270573,0.006120453123,0.545727491379,0.4789262712,-0.0668012201786
2156,3354,4,10,0.0344194807112,0.0144765060395,0.156671315432,0.223011016846,0.0663397014141
2157,4125,1,20,0.085691832006,0.0252825561911,0.0365887656808,0.143957793713,0.107369028032
2160,341,4,4,0.0263613145798,0.00519944215193,0.0331527665257,0.0349772013724,0.00182443484664
2161,4967,8,25,0.0765240266919,0.0300450325012,0.150138095021,0.300004959106,0.149866864085
2162,6959,18,61,0.109081983566,0.0136640733108,0.0384753830731,0.0156983118504,-0.0227770712227
2163,4798,5,16,0.070127248764,0.00776068074629,0.0153870871291,0.0154074132442,2.0326115191e-05
2164,426,5,28,0.0251611992717,0.0244614072144,0.873508870602,0.825733244419,-0.0477756261826
2165,5586,4,13,0.0469288416207,0.0143836168572,0.0502151437104,0.033385053277,-0.0168300904334
2166,266,1,5,0.0652197524905,0.0335214026272,0.532568335533,0.381428211927,-0.151140123606
2167,5759,9,23,0.0765815973282,0.025560406968,0.387842684984,0.252977609634,-0.13486507535
2168,7134,2,6,0.0528785288334,0.0207840055227,0.0162876583636,0.022024974227,0.00573731586337
2169,1198,6,14,0.0512902252376,0.0128215327859,0.470430850983,0.438813537359,-0.0316173136234
2170,338,1,5,0.083941757679,0.0134329702705,0.0749204307795,0.0815631821752,0.0066427513957
2171,5794,9,18,0.0664295479655,0.0221256539226,0.0897842422128,0.0406265407801,-0.0491577014327
2172,422,5,22,0.0422534048557,0.0117421364412,0.0585821084678,0.118965506554,0.0603833980858
2173,1152,6,20,0.0443348027766,0.0332191288471,0.0468869023025,0.0285800099373,-0.0183068923652
2174,3277,4,18,0.0457924306393,0.0188626479357,0.600458979607,0.411674827337,-0.188784152269
2175,5707,6,13,0.0707070752978,0.0371246039867,0.36460891366,0.192839622498,-0.171769291162
2176,566,23,41,0.0261428821832,0.0117015363649,0.425323784351,0.348685145378,-0.0766386389732
2177,162,2,17,0.0675875991583,0.00655222404748,0.036583147943,0.0647333785892,0.0281502306461
2178,7419,1,3,0.0410840325058,0.0261242389679,0.0146946329623,0.0111334435642,-0.00356118939817
2179,935,3,4,0.105995766819,0.0692845359445,0.0151879740879,0.00936647877097,-0.00582149531692
2180,5173,6,18,0.041776522994,0.00600622827187,0.00732548115775,0.00392143754289,-0.00340404361486
2181,1195,4,19,0.0367795415223,0.00709645263851,0.0104332510382,0.0156109584495,0.00517770741135
2182,4562,10,40,0.073942296207,0.0272949337959,0.0964232236147,0.0708751007915,-0.0255481228232
2183,4519,5,32,0.0337780825794,0.0327315591276,0.408692151308,0.540606796741,0.131914645433
2184,7336,1,6,0.0878490582108,0.0395821034908,0.00294975982979,0.00409139320254,0.00114163337275
2185,2854,5,13,0.0650788322091,0.0233123842627,0.190131112933,0.182705059648,-0.0074260532856
2186,340,2,6,0.0456265360117,0.0304322242737,0.635190427303,0.413353055716,-0.221837371588
2187,15,2,7,0.104589700699,0.0615905746818,0.537531554699,0.228232696652,-0.309298872948
2188,437,3,6,0.0390676185489,0.00621819542721,0.546595990658,0.522431313992,-0.0241646766663
2189,4481,6,21,0.054553437978,0.0306426789612,0.0274907071143,0.0330675728619,0.00557686574757
2191,1628,2,5,0.0508756749332,0.0103028472513,0.129614904523,0.192011594772,0.0623966902494
2192,5260,7,12,0.0674420669675,0.0252200514078,0.152600035071,0.23919506371,0.0865950286388
2193,466,2,3,0.0366907864809,0.0091575877741,0.0376617312431,0.0513486005366,0.0136868692935
2194,5195,2,5,0.0588403530419,0.0216275621206,0.0705969110131,0.0343347229064,-0.0362621881068
2195,1320,10,24,0.0530041567981,0.0183715820312,0.119351044297,0.115905344486,-0.00344569981098
2196,8281,8,18,0.0531653352082,0.0186546854675,0.0106612425297,0.009152084589,-0.00150915794075
2197,3038,2,8,0.0716147050261,0.0429974272847,0.531977474689,0.255534917116,-0.276442557573
2198,5067,3,5,0.114997960627,0.0411636196077,0.650420963764,0.253770679235,-0.396650284529
2199,559,1,5,0.0778158530593,0.0249613560736,0.089518904686,0.113260291517,0.0237413868308
2200,6303,2,5,0.0609211325645,0.0181942041963,0.0252361670136,0.048556085676,0.0233199186623
2202,2522,2,11,0.084352761507,0.0296816211194,0.534337103367,0.262128144503,-0.272208958864
2204,7700,2,4,0.0687151923776,0.0208507981151,0.304734230042,0.198933362961,-0.105800867081
2205,6803,3,6,0.0513555444777,0.00988793093711,0.0510481446981,0.0284312907606,-0.0226168539375
2206,1439,1,6,0.10681579262,0.0462168343365,0.480980008841,0.193319424987,-0.287660598755
2207,451,2,3,0.0467143319547,0.0202376190573,0.104881390929,0.0940011367202,-0.010880254209
2208,7700,5,8,0.125671774149,0.0301562175155,0.554254591465,0.17896284163,-0.375291764736
2209,6593,2,6,0.190630495548,0.0419434122741,0.899795293808,0.345108896494,-0.554686427116
2210,2075,6,19,0.0584426485002,0.0182037930936,0.160010874271,0.258107066154,0.0980961918831
2211,8334,12,17,0.0450532697141,0.0250876359642,0.0926730334759,0.168756321073,0.0760832875967
2212,4947,5,12,0.05233964324,0.0097904605791,0.089600853622,0.0796658843756,-0.00993496924639
2213,4185,2,4,0.0849062874913,0.0288238637149,0.0516223572195,0.0379684455693,-0.0136539116502
2214,3794,7,17,0.174744963646,0.0229855515063,0.516498088837,0.096059627831,-0.420438468456
2215,7982,3,3,0.0418800711632,0.00500455731526,0.0309924595058,0.0256411377341,-0.00535132177174
2216,5822,30,83,0.0992973223329,0.0472836457193,0.406103670597,0.100785672665,-0.305317997932
2217,2392,1,15,0.0599713623524,0.010765818879,0.29522639513,0.116532050073,-0.178694337606
2218,4115,3,9,0.0420673973858,0.0109836151823,0.162667289376,0.0812563598156,-0.0814109295607
2219,1184,2,10,0.135434046388,0.0185704920441,0.00749773019925,0.0103715816513,0.00287385145202
2220,4422,5,7,0.0940043702722,0.0490504913032,0.0155573701486,0.0220339316875,0.00647656153888
2222,4239,3,5,0.0986278280616,0.028351996094,0.117786258459,0.137357920408,0.0195716619492
2224,1704,16,29,0.0723305270076,0.0191611014307,0.545014798641,0.365243434906,-0.179771363735
2225,9180,2,14,0.0518418997526,0.0249936450273,0.0216995291412,0.0256705451757,0.00397101603448
2226,7510,4,10,0.0510265119374,0.0140077089891,0.0394691228867,0.0511382110417,0.011669088155
2227,7775,3,16,0.0444464385509,0.0267770327628,0.540571689606,0.34510114789,-0.195470541716
2228,6603,1,3,0.0386050492525,0.00333136459813,0.0872726291418,0.0771780088544,-0.0100946202874
2229,8066,5,15,0.155893936753,0.112058743834,0.1185451895,0.049474298954,-0.0690708905458
2230,4225,1,6,0.0767231360078,0.0374813005328,0.18286049366,0.0504433512688,-0.132417142391
2231,7131,1,11,0.0440837331116,0.0127486474812,0.178583338857,0.121205069125,-0.057378269732
2232,3431,4,5,0.0414311140776,0.00337391789071,0.0415413342416,0.0342636369169,-0.00727769732475
2233,6169,6,6,0.0565404482186,0.0142195215449,0.34793317318,0.430510163307,0.0825769901276
2234,1350,6,5,0.0426598228514,0.0145439840853,0.109212376177,0.148297548294,0.0390851721168
2235,8233,3,1,0.0400132797658,0.0123752495274,0.0188487041742,0.0189901236445,0.00014141947031
2236,7701,1,5,0.0736792162061,0.00416936445981,0.597486793995,0.263704150915,-0.33378264308
2237,1375,2,7,0.0516943000257,0.0085720717907,0.186322420835,0.213407799602,0.0270853787661
2238,5525,2,6,0.0311435703188,0.0139939915389,0.408974081278,0.497830480337,0.0888563990593
2239,6315,3,1,0.0463082976639,0.00495877768844,0.0247399806976,0.0198228862137,-0.00491709448397
2240,1242,7,12,0.0671593472362,0.0311938095838,0.0438866280019,0.06462354213,0.0207369141281
2241,5147,8,31,0.0696318969131,0.00955685134977,0.282136172056,0.555501163006,0.27336499095
2242,6531,2,9,0.0297213215381,0.00317007536069,0.240943953395,0.227902889252,-0.0130410641432
2243,9261,2,10,0.0545451976359,0.0123609378934,0.00944632757455,0.00476880557835,-0.0046775219962
2244,452,24,81,0.0432820431888,0.00358659448102,0.0248756036162,0.011179998517,-0.0136956050992
2245,1224,6,20,0.0340514555573,0.0149518577382,0.128047406673,0.187541469932,0.0594940632582
2247,6531,6,25,0.0206871442497,0.0154275232926,0.961609601974,0.866563081741,-0.0950465202332
2248,3306,4,16,0.0603560395539,0.0363427586854,0.282529592514,0.114983856678,-0.167545735836
2249,1496,3,3,0.0473434217274,0.00530643993989,0.0246236547828,0.0219632014632,-0.00266045331955
2250,6584,10,27,0.093867264688,0.0464390218258,0.633977949619,0.375477105379,-0.25850084424
2251,1178,1,7,0.0475445874035,0.00897532049567,0.196601644158,0.151078402996,-0.0455232411623
2252,5712,3,12,0.0861392617226,0.024907886982,0.0830625668168,0.0307902786881,-0.0522722899914
2253,5945,18,44,0.0219850316644,0.00567272026092,0.042604893446,0.0195463076234,-0.0230585858226
2254,8138,15,27,0.115795455873,0.0848410874605,0.942179143429,0.580380380154,-0.361798763275
2255,33,3,9,0.0359980426729,0.0079126348719,0.851508617401,0.656352460384,-0.195156157017
2256,4354,2,6,0.0631433799863,0.00192297063768,0.039525385946,0.104190461338,0.0646650791168
2257,4353,4,11,0.0372248142958,0.028801843524,0.818437755108,0.657861709595,-0.160576045513
2258,519,2,7,0.0785345807672,0.0135530345142,0.298844307661,0.106990508735,-0.191853791475
2259,8135,1,5,0.0434630662203,0.0088352477178,0.310082763433,0.334053754807,0.0239709913731
2260,444,1,10,0.106149889529,0.0523481816053,0.503698468208,0.276040643454,-0.227657824755
2261,176,3,16,0.101637624204,0.0488875322044,0.0960589572787,0.259100049734,0.163041085005
2262,603,15,40,0.0477907806635,0.0190789233893,0.298044681549,0.225571393967,-0.0724732875824
2263,209,6,12,0.0241405051202,0.00283831940033,0.391369432211,0.392928361893,0.00155892968178
2264,462,1,4,0.0690867900848,0.0144481956959,0.00213525746949,0.00409611454234,0.00196085707285
2265,4410,1,7,0.0528011061251,0.00479264464229,0.0548910051584,0.0297020822763,-0.0251889228821
2266,334,1,7,0.0787208750844,0.0373163856566,0.869014382362,0.56684756279,-0.302166819572
2267,9103,14,37,0.0661116838455,0.0301851481199,0.221210390329,0.134213894606,-0.0869964957237
2268,501,10,24,0.137854382396,0.0959889814258,0.655052304268,0.317595720291,-0.337456583977
2269,53,10,23,0.0571078360081,0.0122527414933,0.40872952342,0.326479554176,-0.082249969244
2270,6981,9,23,0.108922719955,0.0392504446208,0.0340659432113,0.0314273349941,-0.00263860821724
2271,4360,2,11,0.0140558285639,0.00741313770413,0.206768974662,0.156496226788,-0.0502727478743
2272,224,9,40,0.0825149789453,0.0104762231931,0.0474367961287,0.110751949251,0.0633151531219
2273,6567,2,7,0.0268727820367,0.00889703817666,0.0746052190661,0.0619044750929,-0.0127007439733
2274,585,7,28,0.0285336375237,0.0307878367603,0.974086046219,0.866326332092,-0.107759714127
2275,534,7,16,0.040544886142,0.0292214676738,0.500174045563,0.33268263936,-0.167491406202
2276,301,19,61,0.0232777651399,0.0126436632127,0.730033159256,0.675850570202,-0.0541825890541
2277,5775,7,12,0.0496456921101,0.021361367777,0.149530738592,0.0639712586999,-0.0855594798923
2278,255,3,11,0.0459767766297,0.0153459878638,0.591578125954,0.790157794952,0.198579668999
2279,3002,4,14,0.0480738319457,0.0176618807018,0.0917577669024,0.181147381663,0.0893896147609
2280,476,2,3,0.0767061412334,0.0418614968657,0.681758403778,0.423055499792,-0.258702903986
2281,1072,3,8,0.0432821847498,0.0194770265371,0.299014627934,0.402699738741,0.103685110807
2282,844,5,2,0.0817111060023,0.0267059579492,0.0716378986835,0.0566745996475,-0.014963299036
2283,319,2,6,0.0117568103597,0.00363743933849,0.742585301399,0.760455131531,0.0178698301315
2284,6595,8,23,0.0746085122228,0.0167771335691,0.679892241955,0.379018515348,-0.300873726606
2285,7263,3,12,0.059916537255,0.0294609330595,0.0792730227113,0.0572250634432,-0.0220479592681
2286,134,5,2,0.0305402074009,0.00320258317515,0.235391706228,0.23633877933,0.000947073101997
2287,131,7,21,0.0499529950321,0.0349568612874,0.708875596523,0.505523502827,-0.203352093697
2288,513,2,5,0.0335709154606,0.0108925262466,0.0277827139944,0.0311395376921,0.00335682369769
2289,196,1,10,0.0238927602768,0.00192077481188,0.339709609747,0.324533253908,-0.0151763558388
2290,4009,3,1,0.0707571431994,0.0296688545495,0.376412063837,0.180442139506,-0.195969924331
2292,516,7,12,0.0439419150352,0.0214828662574,0.053076762706,0.0699029043317,0.0168261416256
2293,439,1,8,0.00675817765296,0.00459041912109,0.919130265713,0.880186140537,-0.0389441251755
2294,230,2,5,0.0533843226731,0.0214573089033,0.571072220802,0.350560754538,-0.220511466265
2295,7852,4,18,0.0718024224043,0.015472442843,0.329255342484,0.282544672489,-0.0467106699944
2296,297,2,11,0.0409023240209,0.0225334353745,0.875925958157,0.681196987629,-0.194728970528
2297,449,2,5,0.0224314853549,0.0136409141123,0.391353785992,0.368295073509,-0.0230587124825
2298,4481,3,7,0.0378629267216,0.00682065309957,0.0725281089544,0.112004719675,0.0394766107202
2299,4223,1,6,0.0449044592679,0.00937601365149,0.093371771276,0.0376036502421,-0.0557681210339
2300,4945,4,11,0.0680367574096,0.0270526316017,0.0100008901209,0.0133746890351,0.00337379891425
2301,3530,3,5,0.0599648654461,0.0153952408582,0.00421755574644,0.00987641327083,0.00565885752439
2302,12,1,15,0.0502785928547,0.0110956579447,0.0194869339466,0.0402870737016,0.020800139755
2303,6178,4,5,0.125198468566,0.0345805250108,0.0180373657495,0.00535989226773,-0.0126774739474
2304,6813,3,7,0.0610467381775,0.0201664101332,0.140359342098,0.115550719202,-0.0248086228967
2305,6803,2,9,0.080818362534,0.0494071543217,0.2018648386,0.14310567081,-0.0587591677904
2306,381,7,33,0.0573020093143,0.0109761189669,0.0228913314641,0.103429734707,0.0805384069681
2307,3275,2,8,0.0561986267567,0.0036646835506,0.0532176978886,0.080683812499,0.0274661146104
2308,242,2,5,0.052416741848,0.022986959666,0.276183396578,0.279991000891,0.0038076043129
2309,6540,3,4,0.0445205122232,0.00717262132093,0.320532202721,0.255628079176,-0.0649041235447
2310,330,2,4,0.0561469830573,0.0199735444039,0.168198093772,0.0860052332282,-0.0821928605437
2311,1023,1,4,0.131611868739,0.0089771496132,0.978649318218,0.594462811947,-0.384186506271
2312,7572,7,24,0.108835674822,0.0399819165468,0.00220028776675,0.0177199523896,0.0155196646228
2313,4476,3,5,0.0609574913979,0.0388651005924,0.0629747211933,0.0918193683028,0.0288446471095
2314,4638,2,14,0.169174060225,0.030620707199,0.922977149487,0.417525082827,-0.505452036858
2315,3812,2,6,0.132289364934,0.0183720886707,0.305653780699,0.121657289565,-0.183996498585
2316,3017,1,12,0.0535790361464,0.0165403019637,0.1758056283,0.0834959968925,-0.0923096314073
2317,5470,1,9,0.0543563216925,0.0211564805359,0.076127499342,0.117574743927,0.0414472445846
2318,1538,1,4,0.0518255531788,0.0115289315581,0.0682536065578,0.116543792188,0.0482901856303
2319,337,4,4,0.0263305231929,0.0103336619213,0.194901674986,0.136607348919,-0.058294326067
2320,6251,6,7,0.101268820465,0.0291754920036,0.116346322,0.0264841243625,-0.0898621976376
2321,8124,1,7,0.0585411936045,0.016558887437,0.120014578104,0.0472182482481,-0.0727963298559
2322,1015,1,6,0.109249971807,0.0780619159341,0.964977920055,0.632665812969,-0.332312107086
2323,343,2,5,0.0534548200667,0.0169767793268,0.221820622683,0.204575374722,-0.0172452479601
2324,4570,1,7,0.093435883522,0.0337818972766,0.0274234991521,0.025990916416,-0.00143258273602
2325,5723,1,6,0.0839265063405,0.0174552816898,0.448767364025,0.147584840655,-0.301182508469
2327,2664,4,16,0.0252921637148,0.00448039732873,0.295525431633,0.250838845968,-0.0446865856647
2328,1626,4,21,0.031042272225,0.0271676462144,0.717894256115,0.608844280243,-0.109049975872
2329,1735,3,3,0.0473384410143,0.0063173417002,0.0786460116506,0.0724257528782,-0.00622025877237
2330,1878,2,5,0.0446184463799,0.0157945565879,0.139544472098,0.138839170337,-0.000705301761627
2331,5369,20,72,0.0430666022003,0.00935378111899,0.536472320557,0.378772884607,-0.157699435949
2332,1969,7,28,0.0206457469612,0.0105035388842,0.659686565399,0.65106344223,-0.00862312316895
2333,5303,8,34,0.0565620772541,0.0184346567839,0.00782644562423,0.0166753865778,0.00884894095361
2334,7510,5,26,0.0756265297532,0.0203274339437,0.377212405205,0.195202887058,-0.182009518147
2335,4812,10,13,0.0455956459045,0.00522004486993,0.080471791327,0.0689561516047,-0.0115156397223
2336,2310,1,17,0.0696265920997,0.0214824136347,0.00240420084447,0.00190811417997,-0.000496086664498
2337,7514,3,12,0.121152378619,0.0187043379992,0.0689309760928,0.0624865591526,-0.00644441694021
2338,1644,11,30,0.094152636826,0.0154941268265,0.156551256776,0.0396515987813,-0.116899654269
2339,5475,1,7,0.108041442931,0.0496434122324,0.212117820978,0.1077901721,-0.104327648878
2340,1961,3,6,0.0648432150483,0.0143369948491,0.240850418806,0.213199675083,-0.0276507437229
2341,4274,15,33,0.105129241943,0.0118800429627,0.0366022475064,0.0537327975035,0.0171305499971
2342,8120,24,61,0.0917470082641,0.0202707257122,0.0514911413193,0.181914791465,0.130423650146
2343,5698,3,12,0.0699820369482,0.0401467867196,0.0858794078231,0.072821199894,-0.0130582079291
2344,7675,9,39,0.0879871919751,0.0217190086842,0.0328814536333,0.103189878166,0.0703084245324
2345,4311,16,52,0.140319868922,0.0162648670375,0.0738900899887,0.122816115618,0.048926025629
2346,943,3,6,0.0465323366225,0.0182329434901,0.0294795427471,0.0460138209164,0.0165342781693
2347,7649,8,9,0.0576406121254,0.00436102505773,0.0742916315794,0.0424637794495,-0.0318278521299
2348,7654,1,6,0.0456553958356,0.00601269863546,0.0881946012378,0.0572290122509,-0.0309655889869
2349,7475,21,34,0.0650595650077,0.0138871083036,0.000928693567403,0.0098621705547,0.00893347710371
2350,1015,2,8,0.0286472961307,0.00340659939684,0.0414571166039,0.00881536304951,-0.0326417535543
2351,525,2,7,0.0528267510235,0.0167784318328,0.100525945425,0.078722782433,-0.021803162992
2352,2964,2,2,0.0966854989529,0.0700988397002,0.0516849532723,0.0423805229366,-0.00930443033576
2353,1070,3,5,0.0708822309971,0.0487250424922,0.0319533795118,0.0798339247704,0.0478805452585
2356,310,6,25,0.0485453307629,0.024934662506,0.903901576996,0.679381668568,-0.224519908428
2357,9060,1,5,0.0295119341463,0.00760518619791,0.262239545584,0.230233237147,-0.0320063084364
2358,8984,1,1,0.0589293390512,0.0249646436423,0.0108883772045,0.013044398278,0.00215602107346
2359,6563,1,4,0.0458382554352,0.0159231945872,0.0423834994435,0.114326708019,0.0719432085752
2360,5420,11,40,0.0547421276569,0.0193534139544,0.808986544609,0.57725417614,-0.231732368469
2361,8783,6,8,0.0960996672511,0.0306854676455,0.315480768681,0.312632232904,-0.00284853577614
2362,5385,6,20,0.0425152443349,0.00557433674112,0.0148547654971,0.0122624626383,-0.00259230285883
2363,7274,5,15,0.148044705391,0.0345018468797,0.0464478731155,0.034480586648,-0.0119672864676
2364,2298,1,13,0.146720021963,0.0924557745457,0.168427467346,0.116468034685,-0.0519594326615
2365,3343,4,8,0.0775654390454,0.031770747155,0.41945874691,0.293958097696,-0.125500649214
2366,2086,4,13,0.0557758398354,0.0258430372924,0.0144237903878,0.0225804205984,0.00815663021058
2367,4595,4,9,0.0301755983382,0.0176095291972,0.9454382658,0.803429841995,-0.142008423805
2368,7337,2,6,0.0421046502888,0.000418157636886,0.013702836819,0.0334993116558,0.0197964757681
2369,6059,17,59,0.0832628235221,0.0311683621258,0.121234439313,0.096780449152,-0.0244539901614
2370,8050,7,23,0.051610711962,0.0386989861727,0.070822365582,0.112973153591,0.0421507880092
2371,7073,4,18,0.0342338867486,0.0211798064411,0.524626195431,0.508177042007,-0.0164491534233
2372,8041,18,55,0.0733700692654,0.0195009950548,0.0692462772131,0.0422450192273,-0.0270012579858
2373,5123,7,33,0.0566834844649,0.0222567524761,0.380509674549,0.244807481766,-0.135702192783
2374,8057,3,7,0.0329192951322,0.0113383838907,0.164391636848,0.115359522402,-0.0490321144462
2375,297,8,11,0.0904816165566,0.0496269017458,0.212653458118,0.178592503071,-0.0340609550476
2376,4351,8,24,0.0184259265661,0.0129918698221,0.859418272972,0.762701034546,-0.0967172384262
2377,2117,2,2,0.0678281262517,0.0178464967757,0.00738063734025,0.0211805906147,0.0137999532744
2378,5157,3,16,0.107415355742,0.0453165061772,0.616867125034,0.276469111443,-0.340398013592
2379,4279,3,6,0.072300106287,0.0117309624329,0.408500254154,0.192536711693,-0.215963542461
2380,1239,2,6,0.06733571738,0.00429035257548,0.118471488357,0.0467783994973,-0.0716930925846
2381,3305,3,15,0.0565513037145,0.00734870322049,0.236743301153,0.0850887522101,-0.151654541492
2382,5510,1,5,0.0351803079247,0.0064269034192,0.181606441736,0.130485281348,-0.051121160388
2383,6335,3,5,0.0403990708292,0.0118960291147,0.060872387141,0.0632454827428,0.0023730956018
2385,1192,3,14,0.0539261139929,0.0358945168555,0.20404663682,0.330442070961,0.126395434141
2386,2544,6,10,0.0468612313271,0.030329413712,0.194716095924,0.142013013363,-0.0527030825615
2387,4266,5,14,0.112842403352,0.0155055429786,0.75570166111,0.343911319971,-0.411790341139
2388,2912,4,12,0.0753813385963,0.0194119736552,0.40530526638,0.175465226173,-0.229840040207
2389,5138,1,10,0.116016536951,0.0216486677527,0.00935779232532,0.0269786138088,0.0176208205521
2390,2911,2,5,0.0611522905529,0.00345684820786,0.139087826014,0.225716128945,0.0866283029318
2391,351,1,8,0.0360972248018,0.0160358082503,0.746104776859,0.568625450134,-0.177479326725
2392,2876,5,15,0.0294025894254,0.01317857299,0.471616148949,0.499936431646,0.0283202826977
2393,7786,2,11,0.179928049445,0.032136734575,0.804489612579,0.277983576059,-0.526506066322
2394,3286,4,11,0.0719314143062,0.0133056640625,0.603438019753,0.411978125572,-0.19145989418
2395,6298,3,6,0.0467708520591,0.017617797479,0.363805860281,0.239987149835,-0.123818710446
2396,2938,2,12,0.0409926325083,0.0168534647673,0.320754796267,0.451428025961,0.130673229694
2398,2873,1,5,0.00774461170658,0.0041766599752,0.92539536953,0.898476600647,-0.0269187688828
2399,3306,1,5,0.131547644734,0.0291100256145,0.975268483162,0.589928090572,-0.38534039259
2400,4346,3,7,0.0486759282649,0.0193623453379,0.443096339703,0.399780482054,-0.0433158576488
2401,1320,4,28,0.096143193543,0.0459564961493,0.818160831928,0.465285211802,-0.352875620127
2402,1092,2,10,0.0351007953286,0.0119841005653,0.350692391396,0.342878252268,-0.00781413912773
2403,421,5,6,0.037603829056,0.00745068117976,0.375697612762,0.535692512989,0.159994900227
2405,777,2,8,0.0323515944183,0.0326799452305,0.855425953865,0.723296642303,-0.132129311562
2406,6425,14,53,0.106168188155,0.0227576233447,0.00510136969388,0.0197060480714,0.0146046783775
2407,8414,11,46,0.105608038604,0.0468372553587,0.327462285757,0.103704273701,-0.223758012056
2408,5285,2,6,0.0663549900055,0.0121412985027,0.0298020448536,0.0465149730444,0.0167129281908
2409,7555,21,83,0.0784385055304,0.00245415209793,0.100285857916,0.0803883448243,-0.0198975130916
2410,5370,4,20,0.0419826358557,0.010965237394,0.278850257397,0.202969297767,-0.07588095963
2411,7727,10,46,0.0796798467636,0.0149752246216,0.28323340416,0.128235757351,-0.154997646809
2412,8518,1,11,0.0943150296807,0.0187583845109,0.0381504409015,0.0549157969654,0.0167653560638
2413,6434,2,10,0.0569558925927,0.00708387512714,0.0669109299779,0.121437348425,0.0545264184475
2414,4754,6,15,0.0478540509939,0.012277988717,0.199316173792,0.202581524849,0.00326535105705
2415,2503,2,6,0.0768926367164,0.0228695403785,0.0618162155151,0.0409117080271,-0.020904507488
2416,934,1,5,0.0432238131762,0.0142452875152,0.388911515474,0.460622400045,0.0717108845711
2417,5126,1,6,0.0315350703895,0.0307008791715,0.0107779568061,0.0251372102648,0.0143592534587
2418,6222,1,7,0.0559339486063,0.0138941984624,0.137881472707,0.0944710373878,-0.0434104353189
2420,3002,1,6,0.0417343638837,0.0320464372635,0.695833086967,0.507325053215,-0.188508033752
2421,1629,2,6,0.0759279057384,0.0433988012373,0.86282658577,0.569098055363,-0.293728530407
2422,441,2,20,0.0461744777858,0.0074602374807,0.0173225197941,0.0101255821064,-0.0071969376877
2423,2639,5,21,0.022857600823,0.0141234062612,0.861853301525,0.753463447094,-0.108389854431
2424,90,6,26,0.0796364545822,0.031959939748,0.0219151768833,0.0174074675888,-0.00450770929456
2425,916,2,13,0.04326197505,0.0228024851531,0.922702252865,0.734798252583,-0.187904000282
2426,3179,6,14,0.0616444535553,0.0346027500927,0.578328430653,0.351581960917,-0.226746469736
2427,5898,2,7,0.0443275868893,0.00914876069874,0.249340638518,0.22046585381,-0.028874784708
2428,946,1,7,0.0570616684854,0.0204435382038,0.25912964344,0.123574338853,-0.135555297136
2429,946,3,6,0.0490667261183,0.0160044543445,0.0288995262235,0.0525675266981,0.0236680004746
2430,5187,3,5,0.0674059092999,0.0233820024878,0.0717206522822,0.0454659350216,-0.0262547172606
2431,4123,1,6,0.0306521300226,0.00723869539797,0.0938947573304,0.0716598108411,-0.0222349464893
2432,6327,5,1,0.0640965253115,0.0182016436011,0.0168169215322,0.0121662812307,-0.00465064030141
2434,8321,14,36,0.0216266382486,0.00235647661611,0.422149986029,0.402172833681,-0.0199771523476
2435,5826,5,8,0.0321611613035,0.00450771348551,0.469061404467,0.423408895731,-0.0456525087357
2436,6787,1,7,0.057195097208,0.00335512985475,0.0342546924949,0.0167707689106,-0.0174839235842
2437,7487,2,15,0.100558482111,0.0508439429104,0.0911184847355,0.0910036489367,-0.00011483579874
2438,8477,1,8,0.0929366052151,0.0502246171236,0.0333543270826,0.0868655666709,0.0535112395883
2439,5275,7,41,0.0274866688997,0.0110835591331,0.661609768867,0.5429443717,-0.118665397167
2440,1877,5,17,0.0496816337109,0.0370580628514,0.127773657441,0.15296266973,0.025189012289
2441,8710,10,10,0.0691431984305,0.0205756388605,0.128232643008,0.108618281782,-0.0196143612266
2442,7639,2,11,0.0474776811898,0.0219826195389,0.0336289145052,0.035694938153,0.00206602364779
2443,7491,10,19,0.0538936555386,0.00857869721949,0.525299310684,0.303707927465,-0.221591383219
2444,4936,2,17,0.106896959245,0.0583979040384,0.104081764817,0.326818943024,0.222737178206
2445,5093,1,12,0.0581601858139,0.0101175894961,0.169188588858,0.195667430758,0.0264788419008
2446,8628,2,6,0.0608434788883,0.0282422099262,0.664158821106,0.392108440399,-0.272050380707
2447,1685,3,8,0.0902898386121,0.0485223531723,0.226740926504,0.129217162728,-0.0975237637758
2448,7798,2,12,0.0992411151528,0.0960123613477,0.109955079854,0.0822007134557,-0.0277543663979
2449,5200,5,21,0.0885867476463,0.0255141183734,0.0891572907567,0.130972906947,0.0418156161904
2450,5101,20,61,0.0276349931955,0.0139621356502,0.599905490875,0.557309925556,-0.0425955653191
2451,5990,12,32,0.0862488523126,0.0188579987735,0.0335772894323,0.0330083109438,-0.000568978488445
2452,4808,2,6,0.0578927583992,0.00812617503107,0.267312020063,0.133207961917,-0.134104058146
2453,3155,4,7,0.115787528455,0.0506366714835,0.0508368164301,0.0424353294075,-0.00840148702264
2454,6921,3,12,0.05934253335,0.00625627115369,0.0462457239628,0.0558168031275,0.00957107916474
2455,7742,5,16,0.14899264276,0.0510155893862,0.575504899025,0.169404312968,-0.406100571156
2456,3312,5,9,0.0531240403652,0.0032737837173,0.123009249568,0.065735720098,-0.05727352947
2457,5990,2,4,0.0469959378242,0.0142711531371,0.0299655422568,0.0648593828082,0.0348938405514
2458,5976,3,6,0.0960175991058,0.0306288711727,0.868093132973,0.504551231861,-0.363541901112
2459,654,1,1,0.0821896418929,0.0253179129213,0.218384131789,0.0593748949468,-0.159009233117
2460,641,3,5,0.162846699357,0.0277282390743,0.83900052309,0.332193613052,-0.506806910038
2461,648,2,8,0.039285261184,0.0132584962994,0.965870022774,0.80397683382,-0.161893188953
2462,713,1,4,0.076637044549,0.0513457767665,0.557304084301,0.331700325012,-0.225603759289
2463,3522,13,45,0.0370349287987,0.017708523199,0.0267668776214,0.0377180613577,0.0109511837363
2464,278,3,9,0.0266643669456,0.00806016195565,0.529954254627,0.570693552494,0.0407392978668
2465,305,8,34,0.0157859716564,0.00842679664493,0.773160815239,0.660503089428,-0.112657725811
2466,1080,3,9,0.0486658699811,0.0223580207676,0.55262607336,0.34508562088,-0.20754045248
2467,1244,3,15,0.0411800146103,0.0232755821198,0.960415184498,0.794497966766,-0.165917217731
2469,4128,5,6,0.0571022182703,0.0213808584958,0.684828519821,0.420179843903,-0.264648675919
2470,2933,18,52,0.037161719054,0.018735114485,0.0571641810238,0.021450733766,-0.0357134491205
2471,1424,8,28,0.0394910126925,0.0167531222105,0.207364678383,0.260658711195,0.0532940328121
2472,3047,3,15,0.0527882389724,0.0168085582554,0.118885785341,0.152345076203,0.0334592908621
2473,446,5,6,0.0220570862293,0.0103670582175,0.563187479973,0.453453153372,-0.109734326601
2474,7563,19,71,0.0483633391559,0.0087478524074,0.21143913269,0.264899253845,0.0534601211548
2475,3433,4,17,0.063900642097,0.0379726849496,0.482782900333,0.243460014462,-0.239322885871
2476,5280,5,18,0.067394413054,0.00413555419073,0.0175769608468,0.0327518545091,0.0151748936623
2477,1881,2,4,0.055673211813,0.0135814370587,0.141673713923,0.224915087223,0.0832413733006
2478,3845,1,6,0.0676630213857,0.0172233004123,0.532981216908,0.290922403336,-0.242058813572
2479,114,59,188,0.0891077816486,0.0327116250992,0.474087834358,0.801965713501,0.327877879143
2480,3846,8,19,0.073162175715,0.0305657349527,0.134203568101,0.0701548755169,-0.064048692584
2481,9271,3,10,0.0761246308684,0.0275204516947,0.13362249732,0.227394506335,0.0937720090151
2482,5321,5,21,0.111241072416,0.0558792762458,0.214278534055,0.088941000402,-0.125337541103
2483,6922,17,33,0.0378311090171,0.0126421581954,0.0142292790115,0.00993979629129,-0.0042894827202
2484,4546,6,14,0.0549784749746,0.0107594262809,0.132738634944,0.0975563004613,-0.0351823344827
2485,578,3,13,0.0443138889968,0.00242609949782,0.27938747406,0.356131464243,0.0767439901829
2486,1316,13,21,0.0310548245907,0.0105474768206,0.766381382942,0.592586040497,-0.173795342445
2487,2881,5,18,0.0584910325706,0.0152978552505,0.0229833666235,0.0217134524137,-0.00126991420984
2488,204,1,5,0.036983307451,0.00177655171137,0.263535261154,0.148033246398,-0.115502014756
2489,2942,6,24,0.0420055836439,0.0127586517483,0.168829023838,0.181824073195,0.0129950493574
2490,2866,1,4,0.0634056776762,0.0189569927752,0.503752470016,0.293231487274,-0.210520982742
2491,3769,2,8,0.0997252836823,0.0412903949618,0.109874978662,0.189919233322,0.0800442546606
2492,1644,13,29,0.0436704866588,0.0204714722931,0.459795236588,0.449231028557,-0.0105642080307
2493,1923,3,17,0.0491611771286,0.0266194976866,0.0848046243191,0.0811287909746,-0.00367583334446
2494,8059,3,7,0.0629741102457,0.017081040889,0.243842467666,0.116532385349,-0.127310082316
2495,5474,4,26,0.0754141956568,0.0122721455991,0.18504922092,0.119402296841,-0.0656469240785
2496,1686,6,12,0.0248827207834,0.0195291247219,0.516402304173,0.467612981796,-0.0487893223763
2497,7367,1,9,0.153845891356,0.0692946091294,0.0471959039569,0.17482252419,0.127626627684
2498,3640,3,23,0.0526478551328,0.0420806854963,0.0391535013914,0.0949214100838,0.0557679086924
2499,2762,3,6,0.0547692328691,0.0132858669385,0.236445769668,0.163172975183,-0.0732727944851
2500,1623,2,12,0.112563215196,0.0563312843442,0.604131162167,0.248186409473,-0.355944752693
2501,1777,8,22,0.0854978486896,0.00342891830951,0.0124424230307,0.0216336399317,0.00919121690094
2502,7989,7,11,0.0547907501459,0.0059201545082,0.0317170657218,0.0216113310307,-0.010105734691
2503,4789,2,18,0.0879123583436,0.00588593818247,0.0617539808154,0.031601279974,-0.0301527008414
2504,7651,7,11,0.0651309415698,0.0302614681423,0.0073583307676,0.0109480889514,0.00358975818381
2505,6540,13,27,0.0925643444061,0.0489555224776,0.2045596838,0.101859025657,-0.102700658143
2506,7016,17,40,0.0533978529274,0.0152952373028,0.259248256683,0.307937204838,0.0486889481544
2507,194,15,33,0.193952009082,0.0710613876581,0.0606916062534,0.321830540895,0.261138945818
2508,3259,4,13,0.0402481891215,0.0203902609646,0.107210248709,0.0939119383693,-0.0132983103395
2510,2486,2,9,0.0786309540272,0.0143384560943,0.290541619062,0.143929153681,-0.146612465382
2511,7488,9,11,0.0573597438633,0.00104118173476,0.174688890576,0.162700518966,-0.0119883716106
2512,5868,7,17,0.0996629595757,0.0144860483706,0.323016136885,0.0757087096572,-0.247307419777
2513,9278,23,60,0.0409380160272,0.0177300199866,0.185538828373,0.167579129338,-0.0179596990347
2514,3238,2,12,0.0741997361183,0.0301190782338,0.154546394944,0.137462928891,-0.017083466053
2515,172,6,5,0.103183306754,0.00502197351307,0.349085122347,0.125811055303,-0.223274067044
2516,2721,1,5,0.0948738083243,0.00763506861404,0.432285368443,0.220472991467,-0.211812376976
2517,7130,2,5,0.0762585029006,0.0240268912166,0.479454934597,0.312635570765,-0.166819363832
2518,1372,5,42,0.0954253450036,0.0657188743353,0.00509728537872,0.049629855901,0.0445325709879
2520,1570,11,54,0.0363431833684,0.0172804687172,0.0077283680439,0.0169775243849,0.00924915634096
2521,36,3,3,0.0546620003879,0.0183232836425,0.234314054251,0.450228363276,0.215914309025
2522,4085,10,33,0.0477908551693,0.0179725028574,0.54693543911,0.337454050779,-0.20948138833
2523,3590,1,9,0.0546032302082,0.00305294012651,0.035342939198,0.0277721341699,-0.00757080502808
2524,2754,4,4,0.0806862711906,0.06472735852,0.0344750136137,0.0240516979247,-0.010423315689
2525,1157,5,9,0.0581495352089,0.0312150642276,0.0362209975719,0.0479639284313,0.0117429308593
2526,3207,10,16,0.0517161227763,0.0279398523271,0.436821997166,0.308765918016,-0.128056079149
2527,1439,2,3,0.0921219214797,0.0315014868975,0.0457354523242,0.183266922832,0.137531474233
2528,2924,3,2,0.0541130490601,0.0129100354388,0.155573740602,0.0958297029138,-0.0597440376878
2529,37,2,4,0.193291738629,0.0447634495795,0.745219767094,0.205097869039,-0.540121912956
2530,2713,1,8,0.0599461086094,0.0195475686342,0.0529513396323,0.063802100718,0.0108507610857
2531,4394,2,4,0.0792071148753,0.0365278124809,0.274171590805,0.208971902728,-0.065199688077
2532,782,5,16,0.0984999611974,0.0613711550832,0.00444100610912,0.0709770396352,0.0665360316634
2533,8019,3,12,0.0518946200609,0.0275914315134,0.158545687795,0.249942660332,0.091396972537
2534,5818,2,6,0.0545414090157,0.0196766033769,0.0159104913473,0.0265870988369,0.0106766074896
2535,5806,3,2,0.0829913839698,0.0127257751301,0.363815128803,0.116753198206,-0.247061938047
2536,5934,7,20,0.0315486751497,0.0156281776726,0.609195888042,0.485372632742,-0.123823255301
2537,3128,10,19,0.0461340844631,0.00680618965998,0.033146109432,0.0149828493595,-0.0181632600725
2538,465,4,11,0.046403106302,0.0165251195431,0.288130223751,0.200043007731,-0.0880872160196
2539,1555,1,4,0.0477949976921,0.006853625644,0.0274515394121,0.0577366538346,0.0302851144224
2540,3024,7,32,0.0587071329355,0.0180729590356,0.498355448246,0.28966358304,-0.208691865206
2541,1413,2,6,0.0626926347613,0.0211516208947,0.758463263512,0.477308541536,-0.281154721975
2543,2819,13,44,0.0578221976757,0.00515826093033,0.0696151927114,0.186859965324,0.117244772613
2544,5555,17,55,0.0657751709223,0.038772944361,0.0890578776598,0.133311524987,0.0442536473274
2545,3525,2,6,0.0566288530827,0.00507572107017,0.218436270952,0.10862467438,-0.109811596572
2546,2580,1,6,0.0888584256172,0.0432909578085,0.107966408134,0.131307408214,0.0233410000801
2548,8939,3,5,0.0990223288536,0.0258995741606,0.234406247735,0.0333580523729,-0.201048195362
2549,6205,4,11,0.0583260394633,0.0167488269508,0.0142123624682,0.0223594680429,0.00814710557461
2550,7310,2,5,0.0432576499879,0.0169438049197,0.165908098221,0.103880524635,-0.0620275735855
2551,8013,3,1,0.0370893366635,0.0140342377126,0.0147530445829,0.0230220053345,0.00826896075159
2552,7617,4,1,0.0318434871733,0.00848430488259,0.124114349484,0.0813565328717,-0.0427578166127
2553,782,6,15,0.0670738443732,0.0230630133301,0.0528621859848,0.0303087830544,-0.0225534029305
2555,5646,6,23,0.0706545189023,0.0461925342679,0.112947121263,0.1052358374,-0.00771128386259
2556,5268,2,9,0.062045712024,0.0243880711496,0.0841833800077,0.128197908401,0.0440145283937
2557,164,3,10,0.0821195915341,0.036492086947,0.0286518000066,0.0935860797763,0.0649342834949
2559,285,1,6,0.0665617883205,0.0132546629757,0.0464692674577,0.0678466558456,0.0213773883879
2560,234,3,14,0.0698571428657,0.00328464712948,0.104750625789,0.0278284773231,-0.0769221484661
2561,136,2,6,0.0661686360836,0.0175609514117,0.14478635788,0.309581458569,0.164795100689
2562,155,5,17,0.0160875003785,0.00461556622759,0.0480341799557,0.0610695369542,0.0130353569984
2563,209,4,4,0.0961123406887,0.00871494598687,0.127673342824,0.202686682343,0.0750133395195
2564,4330,6,31,0.132144659758,0.0857431069016,0.0836847871542,0.144744217396,0.0610594302416
2565,511,3,14,0.0265104696155,0.00450087059289,0.111151173711,0.147052660584,0.0359014868736
2568,511,2,4,0.0328530557454,0.00952227320522,0.122240334749,0.109018743038,-0.013221591711
2569,184,7,15,0.122213669121,0.0265991110355,0.861195743084,0.415020495653,-0.446175247431
2570,2949,5,9,0.0768855437636,0.0249122232199,0.0177393034101,0.0602901875973,0.0425508841872
2571,1542,3,4,0.06762380898,0.0270495600998,0.0494713634253,0.0279605779797,-0.0215107854456
2572,511,12,39,0.0402921438217,0.0192098822445,0.23684117198,0.188819810748,-0.0480213612318
2573,8035,2,5,0.0766934677958,0.00724524166435,0.173141270876,0.0574698261917,-0.115671440959
2574,845,4,8,0.0625855326653,0.00610198965296,0.121191442013,0.102797083557,-0.0183943584561
2575,1388,3,6,0.0802273154259,0.0389417856932,0.0500077195466,0.0786410942674,0.0286333747208
2576,6088,15,31,0.0570097230375,0.0221594981849,0.0256227534264,0.0436403043568,0.0180175509304
2577,5240,19,57,0.0537668056786,0.0166584812105,0.0464164875448,0.00738077005371,-0.039035718888
2578,3075,20,83,0.133917748928,0.0345742478967,0.00693913409486,0.0314885266125,0.0245493929833
2580,3265,1,4,0.043370064348,0.0173616353422,0.0094037046656,0.0108300661668,0.00142636150122
2581,1284,3,8,0.0436631776392,0.00250439462252,0.0384319871664,0.0222650542855,-0.0161669328809
2582,4970,6,10,0.0512019507587,0.00705885188654,0.019912712276,0.0184249170125,-0.00148779526353
2583,6589,1,1,0.0614282786846,0.0264676120132,0.145356401801,0.154477462173,0.0091210603714
2584,1628,3,6,0.05945956707,0.0164184346795,0.0486261695623,0.11269197613,0.0640658065677
2585,3145,4,8,0.0331597551703,0.013132202439,0.633252978325,0.488780647516,-0.144472330809
2586,6958,3,9,0.0798174291849,0.0109939333051,0.299966484308,0.117449067533,-0.182517409325
2587,3436,2,10,0.0612825863063,0.0248303487897,0.0614331178367,0.222238183022,0.16080506146
2588,3115,3,6,0.0913076400757,0.0393174439669,0.0903268828988,0.17834405601,0.0880171731114
2589,3539,3,11,0.0903220400214,0.0264603067189,0.0165760405362,0.0306744296104,0.0140983890742
2590,6331,3,12,0.0338421650231,0.00309320911765,0.153817713261,0.0936785340309,-0.0601391792297
2591,1866,1,8,0.0690022334456,0.0146199744195,0.0716001838446,0.0203911308199,-0.0512090548873
2592,4709,1,7,0.052606869489,0.0098027838394,0.0448101349175,0.060175716877,0.0153655819595
2593,8272,4,5,0.0622463487089,0.00842909608036,0.0918516367674,0.0498326420784,-0.042018994689
2594,6332,4,10,0.0584834627807,0.0296684578061,0.716627955437,0.455095976591,-0.261531978846
2596,1816,2,9,0.0220031198114,0.00664301216602,0.00281342677772,0.00304901017807,0.000235583400354
2597,5906,2,10,0.0997738838196,0.0215882044286,0.225527733564,0.509861469269,0.284333735704
2599,4204,3,11,0.0516183711588,0.0458497703075,0.620696008205,0.463491588831,-0.157204419374
2600,1848,2,4,0.0471219159663,0.0173933263868,0.0635300725698,0.10043964535,0.0369095727801
2601,5263,3,8,0.0504567474127,0.0156124932691,0.337456226349,0.328364640474,-0.00909158587456
2602,6164,4,6,0.0709986910224,0.0572708509862,0.203148365021,0.118014909327,-0.0851334556937
2603,6870,2,8,0.0371655039489,0.0169132687151,0.099448852241,0.0908808782697,-0.00856797397137
2604,3896,3,8,0.0779138505459,0.036715913564,0.145927682519,0.254466146231,0.108538463712
2605,1628,2,4,0.06806845963,0.012533755973,0.00792162399739,0.0901592969894,0.082237675786
2606,11,1,11,0.0781405642629,0.0242257099599,0.696520388126,0.367040842772,-0.329479545355
2607,3722,3,9,0.0471981875598,0.00813638418913,0.0839106664062,0.0521064884961,-0.0318041779101
2608,1628,2,6,0.0524144507945,0.0237965006381,0.151603206992,0.245029464364,0.0934262573719
2609,2051,6,9,0.0551508776844,0.0160369500518,0.62275236845,0.366886228323,-0.255866140127
2610,6062,11,46,0.0863964781165,0.0138102415949,0.308852523565,0.108781792223,-0.200070738792
2611,771,2,9,0.0695501491427,0.015489783138,0.226690456271,0.496412754059,0.269722282887
2612,3395,4,8,0.0494675524533,0.0135801685974,0.240040689707,0.197727695107,-0.0423129945993
2613,7612,1,8,0.0625429227948,0.012669922784,0.0163309462368,0.0406798869371,0.0243489407003
2614,1087,3,12,0.0705017372966,0.0104141430929,0.102672301233,0.108810372651,0.00613807141781
2615,7655,4,5,0.0540032871068,0.0028897584416,0.144037991762,0.165446296334,0.0214083045721
2616,1132,2,9,0.0356138572097,0.0118173975497,0.263510197401,0.338556289673,0.0750460922718
2617,8370,30,38,0.0931717455387,0.04381621629,0.194154337049,0.346282690763,0.152128353715
2618,1071,11,19,0.0856545343995,0.0622970610857,0.491078048944,0.414727717638,-0.0763503313065
2619,4448,3,3,0.0587590821087,0.0137131363153,0.0377231948078,0.0529280006886,0.0152048058808
2620,8031,1,4,0.097367785871,0.00472855102271,0.1015778929,0.0462603159249,-0.0553175769746
2621,6641,2,6,0.0760831460357,0.0223759822547,0.202420115471,0.218430146575,0.0160100311041
2622,981,2,8,0.0728068649769,0.0159738026559,0.921235382557,0.626128256321,-0.295107126236
2623,6200,1,6,0.0398878492415,0.00934561248869,0.240165144205,0.11690787226,-0.123257271945
2624,6836,23,71,0.056983936578,0.00772658456117,0.145093724132,0.2008138448,0.0557201206684
2625,2006,13,27,0.0945796594024,0.00959359295666,0.0116149941459,0.0258839633316,0.0142689691857
2626,2260,5,6,0.0612305514514,0.0122601687908,0.132623448968,0.235452532768,0.1028290838
2628,4377,2,6,0.0693878158927,0.0616162121296,0.0442317277193,0.0391164720058,-0.00511525571346
2629,981,4,6,0.0522889792919,0.0134576382115,0.0428477860987,0.0302456375211,-0.0126021485776
2630,2749,1,5,0.0552341602743,0.0242898222059,0.129071801901,0.263112604618,0.134040802717
2631,1740,2,5,0.0308839287609,0.00865143723786,0.0120683386922,0.0220531448722,0.00998480618
2632,4902,6,10,0.142913475633,0.039072394371,0.611962199211,0.187603667378,-0.424358546734
2633,1414,2,10,0.0609126128256,0.0112561574206,0.0620624572039,0.0600251890719,-0.00203726813197
2634,7319,4,3,0.0938428863883,0.0281422697008,0.0270477999002,0.0623913295567,0.0353435277939
2635,1653,1,9,0.0417519323528,0.00671674497426,0.0467369407415,0.0563257522881,0.00958881154656
2636,7147,2,8,0.0826987698674,0.0130690438673,0.0148472245783,0.033445160836,0.0185979362577
2637,2066,2,8,0.0571395270526,0.0101820835844,0.0347589328885,0.0226284060627,-0.0121305268258
2638,2052,6,15,0.0605383403599,0.0258067585528,0.295518398285,0.412999153137,0.117480754852
2640,7076,4,14,0.0548219494522,0.0119633385912,0.0753058046103,0.0728075578809,-0.00249824672937
2641,2580,1,11,0.0841301307082,0.0216648150235,0.0171264708042,0.0130511587486,-0.00407531205565
2642,4860,1,4,0.0978644192219,0.0301384534687,0.307438671589,0.166311249137,-0.141127422452
2644,209,2,14,0.0716804713011,0.0310254599899,0.378075033426,0.691223442554,0.313148409128
2645,493,5,15,0.0628629773855,0.0368655174971,0.685391247272,0.447952419519,-0.237438827753
2646,2850,6,19,0.0877861380577,0.0407811962068,0.196534216404,0.25711452961,0.0605803132057
2647,877,5,22,0.0934259667993,0.0329787433147,0.559965312481,0.217571422458,-0.342393875122
2648,567,1,18,0.0317635238171,0.0156671777368,0.759856581688,0.605906069279,-0.153950512409
2649,567,2,3,0.0435000173748,0.00410916376859,0.0115954466164,0.00784589257091,-0.0037495540455
2652,2246,5,13,0.0536616705358,0.0125593552366,0.226821556687,0.127992764115,-0.098828792572
2653,3457,11,32,0.0437908358872,0.00970103219151,0.0163873117417,0.0154645023867,-0.000922809354961
2654,7556,1,8,0.0232594739646,0.00261807208881,0.0817162916064,0.0387990660965,-0.0429172255099
2655,6180,15,43,0.0521717108786,0.0154239870608,0.399335682392,0.204207465053,-0.19512821734
2656,2171,23,59,0.101294822991,0.035990215838,0.0172814223915,0.00946555286646,-0.00781586952507
2657,8791,8,19,0.0477951280773,0.0201489925385,0.128111958504,0.118509531021,-0.0096024274826
2658,6015,2,4,0.0895614400506,0.00966362096369,0.0266832150519,0.0275411959738,0.000857980921865
2659,2449,5,17,0.0809506773949,0.016746936366,0.464794367552,0.212622448802,-0.252171933651
2660,8406,4,18,0.0361746661365,0.0158961899579,0.0856475755572,0.0849611386657,-0.000686436891556
2661,7765,11,18,0.0614634118974,0.0144052430987,0.0579658262432,0.0524782724679,-0.00548755377531
2662,2433,9,36,0.059522498399,0.0199474748224,0.682562530041,0.506481945515,-0.176080584526
2663,6363,1,10,0.0425555706024,0.00577804632485,0.0287181958556,0.0445700883865,0.0158518925309
2664,1890,3,6,0.0553318411112,0.0192746892571,0.0847915410995,0.115901075304,0.031109534204
2665,6892,2,9,0.113909125328,0.0579781457782,0.375414639711,0.153245538473,-0.222169101238
2666,5295,1,6,0.0387009121478,0.0196636933833,0.0985690206289,0.151717767119,0.0531487464905
2667,4990,1,5,0.125101909041,0.0459026768804,0.0957924127579,0.0765568241477,-0.0192355886102
2669,8769,1,6,0.0373806469142,0.00496661290526,0.283265262842,0.289981484413,0.00671622157097
2670,7569,5,18,0.0522118993104,0.00324050849304,0.309248954058,0.295411080122,-0.0138378739357
2671,131,14,44,0.0585922896862,0.0115967197344,0.528745234013,0.323243707418,-0.205501526594
2672,1998,1,6,0.0372783280909,0.00401838123798,0.125358700752,0.170692637563,0.0453339368105
2673,4926,1,6,0.0260752812028,0.011209086515,0.158025428653,0.122321031988,-0.0357043966651
2674,2762,2,6,0.0348260104656,0.0105509702116,0.094261392951,0.0534088499844,-0.0408525429666
2675,2060,1,4,0.0511680431664,0.00826139096171,0.208757251501,0.367228358984,0.158471107483
2676,2560,3,4,0.057670596987,0.0057267844677,0.0368603728712,0.0515146963298,0.0146543234587
2680,260,4,20,0.114701956511,0.0504436828196,0.04107247293,0.259005367756,0.217932894826
2681,9269,3,10,0.0742837488651,0.0382351763546,0.0623965002596,0.057339694351,-0.00505680590868
2682,3117,3,12,0.0379956103861,0.0142188826576,0.633430182934,0.759677648544,0.126247465611
2684,276,2,8,0.0247926786542,0.00768899871036,0.00877536460757,0.0141006438062,0.00532527919859
2685,2863,4,8,0.0612761564553,0.00402398314327,0.104797571898,0.0903994813561,-0.0143980905414
2686,2366,4,22,0.178359568119,0.0371731668711,0.0501913018525,0.038620442152,-0.0115708597004
2689,3191,3,6,0.0862805470824,0.038367908448,0.0260483529419,0.023699440062,-0.00234891287982
2691,6181,7,13,0.0446655936539,0.0167225319892,0.120746716857,0.179005265236,0.0582585483789
2692,8472,6,29,0.0239217430353,0.00415564654395,0.645488917828,0.64169383049,-0.00379508733749
2693,6058,15,53,0.0217697322369,0.0089044412598,0.905323326588,0.762275218964,-0.143048107624
2694,6073,6,17,0.070327155292,0.0167526490986,0.368014186621,0.388536721468,0.0205225348473
2695,4021,2,7,0.0269171241671,0.0102698253468,0.69418823719,0.629573345184,-0.0646148920059
2696,5292,4,7,0.0368544571102,0.00607893755659,0.199879363179,0.292004853487,0.0921254903078
2697,2647,1,8,0.0908534750342,0.0347304232419,0.665170609951,0.451474994421,-0.21369561553
2698,1994,2,8,0.0312975160778,0.00784221570939,0.19809602201,0.20556165278,0.00746563076973
2699,6466,4,10,0.0411725118756,0.00875154417008,0.105803303421,0.0484839677811,-0.0573193356395
2700,2634,5,21,0.0439232625067,0.00558847840875,0.256653338671,0.158070608974,-0.0985827296972
2701,1959,1,11,0.0751559957862,0.0192388705909,0.0288891978562,0.0399910062551,0.011101808399
2702,3916,20,47,0.0939125195146,0.0173897724599,0.135786861181,0.13380394876,-0.00198291242123
2703,4758,5,15,0.0294825006276,0.00663520535454,0.193534627557,0.210399627686,0.0168650001287
2704,4130,4,9,0.0398826301098,0.00707473233342,0.403664618731,0.355664640665,-0.0479999780655
2705,1692,6,10,0.0479004383087,0.012707493268,0.202592507005,0.0847604647279,-0.117832042277
2706,4592,6,3,0.0450183749199,0.00874677393585,0.0626561269164,0.0560130216181,-0.00664310529828
2707,7336,1,1,0.044424880296,0.0142364092171,0.0653962939978,0.0325013995171,-0.0328948944807
2708,1604,2,8,0.0595994107425,0.0163197573274,0.412298232317,0.329606771469,-0.0826914608479
2709,2288,1,5,0.0552456788719,0.0231874044985,0.0140384025872,0.0246017966419,0.0105633940548
2711,2047,5,6,0.0562250614166,0.0191227998585,0.232042878866,0.11557739228,-0.116465486586
2712,6430,5,16,0.0402593128383,0.01092806831,0.0775291696191,0.0584447793663,-0.0190843902528
2714,3337,2,2,0.0704366788268,0.0179247707129,0.0911777541041,0.0474597811699,-0.0437179729342
2715,6813,2,5,0.0413418672979,0.0055081481114,0.0211244355887,0.0468125343323,0.0256880987436
2716,2261,5,8,0.0621589682996,0.00878468994051,0.137071982026,0.105864100158,-0.0312078818679
2718,2297,2,8,0.0662498697639,0.0125879189,0.123394824564,0.127770960331,0.00437613576651
2719,3476,4,9,0.0675399303436,0.0392031334341,0.228460326791,0.113947428763,-0.114512898028
2720,3453,3,8,0.0614373497665,0.0210740957409,0.195952787995,0.0652264431119,-0.130726337433
2721,1944,1,2,0.0787229314446,0.0371111147106,0.0411906018853,0.12485640496,0.0836658030748
2722,1984,2,6,0.0627631619573,0.0215031150728,0.0917283073068,0.0975707173347,0.00584241002798
2724,7346,1,1,0.047906819731,0.00368015305139,0.0254058148712,0.0166381690651,-0.00876764580607
2725,733,2,10,0.0913816913962,0.0154799642041,0.685237586498,0.398180097342,-0.287057489157
2726,722,4,1,0.0402608662844,0.00493717938662,0.0573481619358,0.0489079914987,-0.0084401704371
2727,702,2,6,0.00378854270093,0.0021381250117,0.994106054306,0.976074516773,-0.0180315375328
2728,716,4,11,0.0798670873046,0.0234133284539,0.75570744276,0.403546094894,-0.352161347866
2730,7946,1,3,0.0567615143955,0.0168441832066,0.56318384409,0.376143097878,-0.187040746212
2731,701,5,7,0.0357981324196,0.00886219087988,0.58954501152,0.581887483597,-0.00765752792358
2732,721,1,6,0.0738054811954,0.0192163102329,0.850122690201,0.546663403511,-0.30345928669
2734,4563,1,2,0.0856045261025,0.0394304953516,0.317337989807,0.118669651449,-0.198668330908
2735,702,1,3,0.0373622626066,0.0200837403536,0.965106248856,0.81152588129,-0.153580367565
2737,7304,7,31,0.0551951564848,0.00939127337188,0.0743621364236,0.0855104625225,0.0111483260989
2738,4831,1,7,0.0528542101383,0.00158015056513,0.102970406413,0.112194217741,0.00922381132841
2739,748,4,10,0.05519130826,0.0365384295583,0.545058429241,0.41112780571,-0.133930623531
2740,2165,2,1,0.0843382999301,0.0275761149824,0.021134885028,0.01800067164,-0.00313421338797
2741,3941,12,27,0.00619798479602,0.000479215406813,0.960357666016,0.924094498158,-0.0362631678581
2742,2256,64,134,0.0514886416495,0.0119714997709,0.040329951793,0.0118283592165,-0.0285015925765
2743,6855,18,45,0.0358956754208,0.0144008696079,0.455615133047,0.378618478775,-0.0769966542721
2744,7935,4,14,0.035450283438,0.00430495291948,0.0664462596178,0.0730891227722,0.00664286315441
2745,5500,10,53,0.0256625413895,0.0085040545091,0.340060502291,0.337772369385,-0.00228813290596
2746,8040,6,31,0.0166065003723,0.00463177124038,0.411968916655,0.568880259991,0.156911343336
2747,8550,12,19,0.056788969785,0.00753663713112,0.420444101095,0.172988846898,-0.247455254197
2748,5496,1,9,0.0468679107726,0.0167843066156,0.339790463448,0.162579253316,-0.177211210132
2749,8106,10,26,0.0389798842371,0.0256973002106,0.736470460892,0.607285618782,-0.12918484211
2750,7164,3,13,0.173836633563,0.0489671230316,0.0982333943248,0.0796003565192,-0.0186330378056
2751,8897,16,35,0.0295743960887,0.0086308484897,0.879991233349,0.693305075169,-0.18668615818
2752,7193,4,9,0.0781742855906,0.0468668788671,0.350578606129,0.319181889296,-0.0313967168331
2753,8557,4,8,0.122173406184,0.0802752748132,0.746709167957,0.38056537509,-0.366143792868
2754,8873,4,8,0.0658089518547,0.00658741546795,0.493270993233,0.283603698015,-0.209667295218
2755,4283,1,10,0.0486150532961,0.0102008283138,0.152020558715,0.133287474513,-0.0187330842018
2756,292,3,6,0.0688846930861,0.0536081902683,0.0339466370642,0.0646994933486,0.0307528562844
2757,2911,4,5,0.0752572715282,0.0217978619039,0.911605238914,0.601626574993,-0.309978663921
2758,2996,8,34,0.0528579503298,0.0186682790518,0.325130671263,0.412554949522,0.0874242782593
2760,308,6,15,0.0377085544169,0.0291331540793,0.539969027042,0.442982673645,-0.0969863533974
2761,8141,5,6,0.0397889018059,0.0116717768833,0.255105733871,0.20469276607,-0.0504129678011
2762,576,2,8,0.0502786748111,0.0170089509338,0.686474144459,0.462491035461,-0.223983108997
2763,588,6,9,0.0436833836138,0.0119528044015,0.134954169393,0.153990969062,0.0190367996693
2764,4003,3,3,0.0506413094699,0.0111974040046,0.163315683603,0.0758555009961,-0.0874601826072
2765,5033,4,10,0.0548641234636,0.0284121278673,0.580336332321,0.333420723677,-0.246915608644
2766,6534,10,10,0.0465483255684,0.00328315817751,0.0154674667865,0.0154928965494,2.54297628999e-05
2767,448,5,13,0.0702814981341,0.0144454725087,0.564217746258,0.291173636913,-0.273044109344
2768,1555,3,7,0.0597782433033,0.0232174042612,0.0952990725636,0.205145418644,0.10984634608
2770,2992,3,7,0.0526752956212,0.0173411685973,0.357416063547,0.486900210381,0.129484146833
2771,8833,33,97,0.123821638525,0.113855928183,0.968350708485,0.635982751846,-0.332367956638
2772,5013,36,97,0.254489570856,0.0358249843121,0.819939374924,0.171915128827,-0.648024260998
2773,8368,9,38,0.0163748338819,0.00889150332659,0.738279342651,0.714187681675,-0.0240916609764
2774,86,23,54,0.0298668649048,0.0070443735458,0.160583987832,0.160395815969,-0.000188171863556
2775,3941,21,38,0.00285898591392,0.00190814002417,0.974962890148,0.951171875,-0.0237910151482
2776,9240,1,3,0.0615866668522,0.0222603548318,0.666525781155,0.425597190857,-0.240928590298
2777,7241,3,5,0.0819350406528,0.0295597761869,0.0446220859885,0.110348112881,0.0657260268927
2778,7225,5,17,0.067989885807,0.0304888319224,0.182095423341,0.110534012318,-0.0715614110231
2779,5763,1,6,0.127191632986,0.0408954918385,0.277646631002,0.0521171800792,-0.225529447198
2780,1543,12,20,0.067639760673,0.0170524194837,0.118905626237,0.0321395285428,-0.0867660939693
2781,7683,5,5,0.115394771099,0.0414620004594,0.82846736908,0.410253554583,-0.418213814497
2782,6493,1,12,0.126661226153,0.0202137902379,0.77520608902,0.346947669983,-0.428258419037
2783,6253,2,7,0.0668460801244,0.00999736040831,0.268036007881,0.0772884115577,-0.190747588873
2784,6253,2,4,0.15442559123,0.0465083681047,0.733708977699,0.228764250875,-0.504944741726
2785,4257,2,10,0.062687292695,0.00972704403102,0.0372830182314,0.0232737287879,-0.0140092894435
2786,6253,1,8,0.158428609371,0.0683001279831,0.89684009552,0.427777141333,-0.469062954187
2787,697,5,11,0.071124881506,0.0308622792363,0.832331299782,0.511719882488,-0.320611417294
2788,113,17,30,0.0843118056655,0.00782628636807,0.0143653322011,0.011794578284,-0.0025707539171
2789,1,3,2,0.0386417768896,0.020411349833,0.0283612310886,0.0303133819252,0.00195215083659
2790,347,2,5,0.0843150913715,0.0556611828506,0.609458386898,0.311631917953,-0.297826468945
2791,1031,4,21,0.0387007966638,0.017104735598,0.345681756735,0.253124475479,-0.0925572812557
2792,351,10,16,0.0720643401146,0.0445541515946,0.792453110218,0.539877831936,-0.252575278282
2793,389,2,19,0.0540375858545,0.00597729859874,0.278595536947,0.197459220886,-0.081136316061
2794,421,6,8,0.0272314548492,0.00681438622996,0.364597558975,0.327009528875,-0.0375880300999
2795,7841,1,5,0.11882776767,0.0500735156238,0.0123401703313,0.010092344135,-0.00224782619625
2796,598,4,20,0.0325793512166,0.012343714945,0.717459022999,0.539683580399,-0.1777754426
2797,209,10,39,0.00645634764805,0.00296309660189,0.928225755692,0.883037090302,-0.04518866539
2798,274,4,9,0.0538357980549,0.0256214421242,0.251535773277,0.39714038372,0.145604610443
2799,297,2,12,0.0540570132434,0.0389422811568,0.64577037096,0.428084045649,-0.217686325312
2800,516,2,7,0.10266944766,0.0084482440725,0.614919602871,0.229471683502,-0.385447919369
2801,1589,8,26,0.074746645987,0.014312678948,0.165107399225,0.27815759182,0.113050192595
2802,9163,11,18,0.0777335241437,0.035128403455,0.199733003974,0.0638378486037,-0.135895162821
2803,3400,9,31,0.0720832869411,0.0118527300656,0.393167972565,0.133443370461,-0.259724617004
2804,3367,2,7,0.023522220552,0.00620176410303,0.467748075724,0.439146131277,-0.0286019444466
2805,5146,1,7,0.0544241666794,0.0102481944486,0.289084643126,0.258591681719,-0.0304929614067
2806,2626,2,5,0.111873783171,0.0212492421269,0.0313613750041,0.0672130510211,0.035851676017
2807,5950,1,4,0.0575714446604,0.0152877988294,0.203475862741,0.201210901141,-0.0022649616003
2808,5950,5,8,0.0573078580201,0.0117433015257,0.456061273813,0.316797107458,-0.139264166355
2809,5522,2,4,0.0435074865818,0.00530961994082,0.0588477216661,0.0962729454041,0.037425223738
2810,1410,1,2,0.0512469746172,0.0197760444134,0.0477153584361,0.0475854761899,-0.000129882246256
2811,4610,1,5,0.152936175466,0.00868834927678,0.0140961157158,0.0525165982544,0.03842048347
2812,8118,8,14,0.0765906125307,0.0214146655053,0.12438326329,0.100681722164,-0.0237015411258
2813,8748,16,38,0.0469309426844,0.00910641718656,0.683987617493,0.425111860037,-0.258875757456
2814,7783,3,10,0.101939164102,0.0320086926222,0.605851233006,0.275513976812,-0.330337256193
2815,8613,5,16,0.0795791074634,0.0673320889473,0.302086561918,0.271937608719,-0.0301489531994
2816,7853,8,21,0.0723112225533,0.0139206666499,0.607677400112,0.282056182623,-0.325621217489
2817,6232,11,22,0.0472224242985,0.0188888330013,0.81722766161,0.583929479122,-0.233298182487
2819,3321,3,5,0.059064347297,0.0335744656622,0.0282731577754,0.0837937220931,0.0555205643177
2820,4181,2,3,0.0920035243034,0.0214029420167,0.00779960909858,0.011462255381,0.00366264628246
2821,1299,1,23,0.0936940312386,0.0147788915783,0.0259839966893,0.0290379915386,0.00305399484932
2822,611,4,7,0.0322619043291,0.0106963785365,0.0630429685116,0.0695468783379,0.00650390982628
2823,4913,3,16,0.057934243232,0.0213341116905,0.0121628930792,0.0246426854283,0.012479792349
2824,33,4,16,0.0356945693493,0.0159199126065,0.601041793823,0.785148203373,0.18410640955
2825,6335,3,15,0.0589401610196,0.0508927889168,0.721339344978,0.536135494709,-0.185203850269
2826,7129,1,4,0.0700135827065,0.0189147330821,0.124263219535,0.0601366274059,-0.0641265958548
2827,5061,2,6,0.0700176507235,0.0408889316022,0.270184278488,0.257773846388,-0.0124104321003
2828,6997,2,6,0.0423944406211,0.016357133165,0.258607655764,0.14077745378,-0.117830201983
2829,1628,3,9,0.0600451119244,0.0271593146026,0.440494447947,0.323188275099,-0.117306172848
2830,5646,9,38,0.0697961822152,0.0169763881713,0.295904427767,0.205836698413,-0.0900677293539
2831,8439,2,8,0.0453481636941,0.00313277472742,0.129614070058,0.0884214416146,-0.0411926284432
2832,8030,5,23,0.0771847888827,0.0276653245091,0.0147461816669,0.0363470353186,0.0216008536518
2833,1325,2,14,0.0384967140853,0.0124942092225,0.0640067830682,0.104902215302,0.0408954322338
2834,151,2,6,0.0314331389964,0.00215508439578,0.0478531941772,0.0289215445518,-0.0189316496253
2836,6939,2,8,0.0439128577709,0.0158602725714,0.0836554467678,0.105815201998,0.0221597552299
2837,5806,2,7,0.0623364932835,0.0189548376948,0.142569333315,0.0944721326232,-0.0480972006917
2838,8067,3,19,0.0692917183042,0.0248058922589,0.209322139621,0.108565934002,-0.100756205618
2839,307,1,10,0.034392233938,0.00806732662022,0.173170626163,0.147552773356,-0.025617852807
2840,586,11,23,0.0440916717052,0.0295008942485,0.536060750484,0.449641376734,-0.0864193737507
2841,6572,8,21,0.0585973374546,0.0363280512393,0.012895914726,0.00747367506847,-0.00542223965749
2842,535,23,57,0.0484966598451,0.00444997148588,0.335659563541,0.167490497231,-0.16816906631
2843,317,1,6,0.0461179614067,0.00722093880177,0.393553167582,0.30629709363,-0.0872560739517
2844,277,1,6,0.0630713626742,0.00924246944487,0.120877385139,0.111756525934,-0.00912085920572
2845,23,4,10,0.0688641145825,0.0401559248567,0.085069976747,0.0477975904942,-0.0372723862529
2846,1447,1,4,0.0499963462353,0.00800170376897,0.338356733322,0.307866901159,-0.0304898321629
2847,1100,2,17,0.0500075183809,0.0145363733172,0.0429870821536,0.114426098764,0.0714390128851
2848,1412,12,42,0.0324142388999,0.00296578416601,0.571907579899,0.53452116251,-0.0373864173889
2849,5023,2,20,0.0643590763211,0.0395239032805,0.555373549461,0.387924939394,-0.167448610067
2850,1434,4,2,0.0647940337658,0.0103917168453,0.063513584435,0.0687663480639,0.00525276362896
2852,2134,3,6,0.067248813808,0.0260655414313,0.0257596727461,0.0674776211381,0.0417179465294
2853,6628,22,78,0.0692430585623,0.043066073209,0.137196853757,0.113735407591,-0.023461446166
2854,6475,25,68,0.0498124919832,0.0154877835885,0.149463698268,0.118716239929,-0.0307474583387
2855,2519,5,21,0.0302771627903,0.00752947386354,0.616770207882,0.475437432528,-0.141332775354
2856,3378,3,4,0.0552183687687,0.00987671595067,0.0147275943309,0.0207374431193,0.00600984878838
2857,401,3,6,0.0712105110288,0.0345058552921,0.0833123326302,0.200424194336,0.117111861706
2858,76,4,10,0.0519104488194,0.0310719199479,0.497846096754,0.583151936531,0.085305839777
2859,577,4,8,0.0649910643697,0.0112490914762,0.571520149708,0.497490078211,-0.074030071497
2860,417,12,28,0.0638744533062,0.0173086337745,0.171748608351,0.165691927075,-0.00605668127537
2861,576,5,16,0.0454790331423,0.0139008490369,0.84208971262,0.645187199116,-0.196902513504
2862,589,13,25,0.0551510863006,0.0250648595393,0.782235622406,0.512913405895,-0.269322216511
2863,489,2,6,0.0260232184082,0.00295508815907,0.676596105099,0.652451574802,-0.0241445302963
2865,7996,1,13,0.0735006779432,0.0442821905017,0.0411880277097,0.065247066319,0.0240590386093
2866,576,6,15,0.0488140545785,0.0321213901043,0.876352548599,0.633938610554,-0.242413938046
2868,208,4,9,0.0626597777009,0.024654019624,0.320032209158,0.242086306214,-0.0779459029436
2869,7606,8,18,0.0795081928372,0.0238688439131,0.06735753268,0.0616055428982,-0.00575198978186
2870,1095,10,32,0.124721236527,0.0366446971893,0.576102137566,0.163805350661,-0.412296772003
2872,476,1,5,0.100250996649,0.0535323545337,0.794890224934,0.410041689873,-0.384848535061
2873,4663,1,8,0.0347363352776,0.00512152351439,0.238834604621,0.269904732704,0.0310701280832
2874,4401,15,66,0.0410753265023,0.0210341364145,0.557792305946,0.715981423855,0.158189117908
2875,3946,2,6,0.0560281984508,0.00845990795642,0.11689902842,0.0672949180007,-0.0496041104198
2876,6906,2,4,0.0485658794641,0.00191088533029,0.016762746498,0.0388363264501,0.0220735799521
2877,782,6,19,0.0672047063708,0.0253184195608,0.909144878387,0.631314337254,-0.277830541134
2878,568,1,9,0.0565640516579,0.0270779542625,0.158705294132,0.310763508081,0.152058213949
2879,2772,17,69,0.0393144674599,0.0220616031438,0.0414416566491,0.0130661549047,-0.0283755026758
2880,904,5,19,0.107499718666,0.0104302726686,0.650858283043,0.247338429093,-0.403519868851
2881,1894,3,14,0.0825734958053,0.00629820255563,0.198638930917,0.0489832870662,-0.149655640125
2883,643,3,7,0.11864901334,0.0316191278398,0.698500871658,0.276384115219,-0.422116756439
2884,1016,3,5,0.0629407763481,0.0157368797809,0.257734417915,0.127343758941,-0.130390658975
2885,681,4,10,0.0278884302825,0.00266214483418,0.528623878956,0.49068775773,-0.0379361212254
2887,674,5,4,0.0486907474697,0.0199857521802,0.318898975849,0.310341626406,-0.00855734944344
2888,711,2,5,0.110868535936,0.0837612524629,0.901666581631,0.551836371422,-0.349830210209
2889,666,2,7,0.00895082019269,0.00484496122226,0.915509819984,0.845711052418,-0.0697987675667
2890,655,2,4,0.0553061030805,0.0201745145023,0.557201623917,0.363916486502,-0.193285137415
2891,738,2,2,0.043329834938,0.0184253398329,0.0333371125162,0.0481950342655,0.0148579217494
2892,650,3,4,0.0495225377381,0.0176477897912,0.722850203514,0.522329568863,-0.200520634651
2893,5641,3,5,0.0719075724483,0.00360921164975,0.0977841392159,0.243481338024,0.145697206259
2894,204,5,17,0.0219478812069,0.00881524942815,0.897464632988,0.778443038464,-0.119021594524
2895,789,3,6,0.123779438436,0.0237112361938,0.147927954793,0.382101655006,0.234173700213
2896,1427,2,17,0.0882469639182,0.017849991098,0.0758890733123,0.0811621025205,0.00527302920818
2897,578,3,6,0.0695547685027,0.0235592629761,0.278761982918,0.46983268857,0.191070705652
2898,4340,7,30,0.0592881254852,0.0391974411905,0.022333720699,0.0397582277656,0.0174245070666
2899,6460,4,30,0.084756962955,0.0387324094772,0.071249447763,0.0627927556634,-0.00845669209957
2900,3372,3,6,0.0408168807626,0.0121891275048,0.059244684875,0.0566625110805,-0.00258217379451
2901,1699,3,2,0.0491211563349,0.0178318917751,0.0666510611773,0.0206795558333,-0.0459715053439
2902,2837,6,13,0.0743286684155,0.0124184982851,0.042364988476,0.0932362303138,0.0508712418377
2903,260,4,23,0.121501944959,0.00910324603319,0.634848594666,0.217116907239,-0.417731702328
2904,404,6,22,0.0400901436806,0.0183107797056,0.490360051394,0.507337331772,0.0169772803783
2905,203,8,20,0.0940483883023,0.0374456271529,0.0989106819034,0.113174982369,0.0142643004656
2906,421,2,13,0.0193193573505,0.00253651826642,0.137656494975,0.138034060597,0.00037756562233
2907,260,3,6,0.0619026422501,0.00795641634613,0.0191549081355,0.0484838187695,0.0293289106339
2908,3392,4,9,0.0409215763211,0.00813642609864,0.340145289898,0.206636235118,-0.13350905478
2909,371,7,9,0.0291618276387,0.00490029901266,0.925367355347,0.769118964672,-0.156248390675
2910,260,2,8,0.0502081662416,0.0126922121271,0.187241479754,0.360232442617,0.172990962863
2911,5543,7,13,0.028714356944,0.00820328388363,0.230111777782,0.232563301921,0.00245152413845
2913,7888,2,7,0.0559663139284,0.00665589375421,0.0494647286832,0.0513762794435,0.00191155076027
2914,5530,1,7,0.0639951452613,0.0357145369053,0.0557836592197,0.0434381626546,-0.0123454965651
2915,8611,2,4,0.07021381706,0.0216088593006,0.0160008370876,0.0107957394794,-0.00520509760827
2916,4063,8,15,0.0445462465286,0.0124404244125,0.100898697972,0.0499864928424,-0.0509122051299
2917,7310,4,20,0.0601558573544,0.0258946418762,0.115387275815,0.179000690579,0.0636134147644
2918,95,29,57,0.0638909265399,0.00449256692082,0.730063676834,0.416385561228,-0.313678115606
2919,7604,6,11,0.0699211806059,0.0299767367542,0.0152444252744,0.0151074109599,-0.000137014314532
2920,8750,6,19,0.0147464694455,0.00749849481508,0.0877187550068,0.0882612392306,0.000542484223843
2921,5607,2,3,0.0610747672617,0.0176958665252,0.181792616844,0.232145249844,0.0503526329994
2923,4180,1,6,0.0931462645531,0.0231570508331,0.0989859327674,0.044565629214,-0.0544203035533
2925,8498,10,36,0.0588429458439,0.0226967446506,0.00701855029911,0.00852797087282,0.00150942057371
2926,2841,1,13,0.0461889542639,0.014794181101,0.110270120203,0.112686492503,0.00241637229919
2927,941,2,8,0.0445775836706,0.00966092199087,0.442076146603,0.405630558729,-0.0364455878735
2929,2915,1,9,0.0613397173584,0.0191004332155,0.147201746702,0.0708343014121,-0.0763674452901
2930,1415,3,13,0.057107809931,0.0206422712654,0.387375146151,0.278825372458,-0.108549773693
2931,4467,3,5,0.0530637614429,0.0103637063876,0.0661357566714,0.0817334502935,0.0155976936221
2932,2535,2,7,0.0660835579038,0.0207084994763,0.869212388992,0.576851069927,-0.292361319065
2933,7013,8,60,0.079309053719,0.0136728966609,0.0687978416681,0.0707969740033,0.00199913233519
2934,8817,8,24,0.037028785795,0.0220157280564,0.516623616219,0.50428134203,-0.012342274189
2935,3934,6,18,0.140300393105,0.0416333600879,0.568596959114,0.152728021145,-0.415868937969
2936,7227,3,12,0.0357226394117,0.0104638915509,0.0861015021801,0.14871481061,0.0626133084297
2937,7156,22,67,0.0273546185344,0.0181512795389,0.312856972218,0.481925159693,0.169068187475
2938,8555,1,6,0.0545267499983,0.0173299014568,0.198748409748,0.146406024694,-0.0523423850536
2939,8132,3,6,0.0635458528996,0.0433715172112,0.0137282833457,0.0142053514719,0.000477068126202
2940,6306,3,2,0.063764154911,0.00329116196372,0.027759604156,0.0189867988229,-0.00877280533314
2942,1352,3,7,0.104355551302,0.0572413802147,0.96329921484,0.632892906666,-0.330406308174
2943,5792,2,5,0.0837928876281,0.0263275261968,0.132357895374,0.369790196419,0.237432301044
2944,4403,7,17,0.0586595982313,0.00941040553153,0.0626497119665,0.144003763795,0.0813540518284
2945,5767,1,5,0.0855602249503,0.0254821777344,0.185872599483,0.0412225909531,-0.144650012255
2946,4270,1,6,0.0926797166467,0.0273847784847,0.484798043966,0.178857818246,-0.305940210819
2947,2787,9,27,0.0834657847881,0.0332330465317,0.0112583218142,0.0321504175663,0.0208920948207
2948,6530,4,10,0.0417462103069,0.0208930298686,0.144470766187,0.209974572062,0.0655038058758
2949,8523,1,7,0.0497622303665,0.0133735602722,0.0919922068715,0.0558692999184,-0.0361229069531
2950,8071,4,8,0.0573480725288,0.0214597061276,0.689477324486,0.40585565567,-0.283621668816
2952,684,6,5,0.0453801304102,0.0168371386826,0.577983677387,0.400405496359,-0.177578181028
2953,710,1,8,0.0193238835782,0.00481405109167,0.97119897604,0.879645764828,-0.0915532112122
2954,2160,2,13,0.0905576348305,0.0232322365046,0.0183198601007,0.0606773607433,0.0423575006425
2955,8868,9,12,0.0253569427878,0.00819515250623,0.415898472071,0.317953079939,-0.0979453921318
2956,4043,1,5,0.0299711972475,0.00301634264179,0.375086009502,0.305071413517,-0.0700145959854
2957,5512,2,5,0.0472442694008,0.0254872515798,0.446199387312,0.292514801025,-0.153684586287
2958,7057,15,46,0.0169419888407,0.00582915684208,0.969041883945,0.883129298687,-0.0859125852585
2959,6931,24,64,0.065785497427,0.0339443013072,0.00175891793333,0.0076256566681,0.0058667389676
2960,5633,3,7,0.0734954252839,0.00376270711422,0.125401973724,0.092118293047,-0.0332836806774
2961,8189,7,32,0.0380185879767,0.00894593261182,0.00466141523793,0.00354514108039,-0.00111627415754
2962,6314,3,9,0.0394284203649,0.0323034338653,0.289126396179,0.24646948278,-0.0426569133997
2963,8042,5,19,0.0412026382983,0.00947842840105,0.372582405806,0.263078659773,-0.109503746033
2964,7192,4,6,0.0962718650699,0.0283263474703,0.566380798817,0.219610288739,-0.346770524979
2966,7401,4,11,0.0580679178238,0.00822191033512,0.259379476309,0.301017910242,0.0416384339333
2967,11,3,12,0.0369431711733,0.011789297685,0.328263938427,0.266098707914,-0.0621652305126
2968,2402,4,7,0.11915051192,0.0967010930181,0.519582808018,0.25778362155,-0.261799186468
2969,4287,1,4,0.0829004049301,0.00700044212863,0.0744411051273,0.0971449613571,0.0227038562298
2970,3832,5,4,0.0604156367481,0.0185831747949,0.0818592458963,0.0493420101702,-0.0325172357261
2971,5026,2,10,0.0520640425384,0.049773465842,0.968153297901,0.793349981308,-0.174803316593
2972,110,9,18,0.0569299757481,0.0102842422202,0.507450520992,0.353218525648,-0.154231995344
2973,5782,2,4,0.0647566542029,0.0132889067754,0.0156841892749,0.0100536784157,-0.00563051085919
2974,6825,9,30,0.0431481897831,0.0111607955769,0.777579963207,0.648943424225,-0.128636538982
2975,8844,5,19,0.0498807542026,0.0112504055724,0.295425266027,0.443639755249,0.148214489222
2976,4265,2,3,0.061824709177,0.0177928935736,0.0609618462622,0.0319158770144,-0.0290459692478
2977,9087,10,13,0.0826461985707,0.0289635062218,0.736746311188,0.435106307268,-0.30164000392
2978,2629,3,6,0.0540863908827,0.00322632282041,0.0833773910999,0.0454819202423,-0.0378954708576
2979,5892,6,26,0.0413392782211,0.00974565465003,0.297729790211,0.149641007185,-0.148088783026
2980,126,2,6,0.0585289783776,0.0261183995754,0.1004049927,0.118371725082,0.0179667323828
2981,2196,3,12,0.118866823614,0.0561039112508,0.042513359338,0.0876241922379,0.0451108328998
2982,9249,4,18,0.0741689577699,0.0200172048062,0.293738096952,0.132488682866,-0.161249414086
2983,5933,1,6,0.0747733414173,0.00646003847942,0.370164722204,0.14554823935,-0.224616482854
2984,8119,3,4,0.118459559977,0.025866560638,0.611977815628,0.242676213384,-0.369301617146
2985,8797,9,67,0.0633040219545,0.00929817557335,0.106263078749,0.203225255013,0.0969621762633
2986,8383,3,12,0.0646797642112,0.00875644478947,0.632527530193,0.390761703253,-0.241765826941
2987,8876,4,13,0.0729297474027,0.0315368436277,0.540325522423,0.308012276888,-0.232313245535
2988,8556,16,63,0.115100421011,0.0463997460902,0.107921540737,0.242501303554,0.134579762816
2989,8188,2,6,0.043864082545,0.0218512788415,0.0972987487912,0.127511337399,0.0302125886083
2990,8042,6,19,0.0399783737957,0.0152289252728,0.404052823782,0.385327339172,-0.0187254846096
2991,8843,3,12,0.103081740439,0.0274339113384,0.194327786565,0.0934552624822,-0.100872524083
2992,843,2,2,0.0718820393085,0.00163076410536,0.288318634033,0.112608768046,-0.175709873438
2993,4595,1,8,0.0705412700772,0.0265609622002,0.853198468685,0.562456667423,-0.290741801262
2994,1341,1,2,0.0551903247833,0.0214865580201,0.0181056391448,0.0455818586051,0.0274762194604
2995,3325,4,18,0.0867350474,0.0414095632732,0.028831647709,0.0999973788857,0.0711657330394
2996,8541,3,4,0.0905925258994,0.036576025188,0.0298273656517,0.0201995763928,-0.00962778925896
2997,4126,1,7,0.0457562096417,0.00114349322394,0.216471642256,0.101650051773,-0.114821590483
2998,6754,7,19,0.0675406977534,0.0144736673683,0.0447457544506,0.0255450289696,-0.0192007254809
2999,5012,3,12,0.0618491210043,0.00412396807224,0.820260345936,0.532489001751,-0.287771344185
3001,8372,13,18,0.0235266629606,0.00996536761522,0.680121064186,0.589116632938,-0.0910044312477
3002,9178,9,22,0.071092441678,0.0238092280924,0.0179244838655,0.0278946589679,0.00997017510235
3003,7886,8,17,0.045441865921,0.0169379971921,0.0746409296989,0.0298235695809,-0.0448173582554
3004,6039,3,6,0.0634680092335,0.015214856714,0.110052444041,0.202041342854,0.0919888988137
3005,3000,3,15,0.0705041363835,0.0253052469343,0.148952409625,0.0272664502263,-0.121685959399
3006,9128,1,4,0.0687567666173,0.0103327808902,0.0143761122599,0.00428689597175,-0.0100892167538
3007,2103,2,6,0.0455527454615,0.01388903521,0.16198527813,0.136127710342,-0.0258575677872
3008,2616,5,4,0.0558738298714,0.0310840122402,0.315483897924,0.211307227612,-0.104176670313
3009,4194,2,9,0.0889431610703,0.0161333829165,0.0247357077897,0.0647842139006,0.0400485061109
3010,5065,4,9,0.0776506513357,0.0403001643717,0.111313931644,0.0594548992813,-0.0518590323627
3012,792,1,6,0.0421964861453,0.00505334371701,0.0831526815891,0.0686683729291,-0.01448430866
3013,8144,1,7,0.231898784637,0.0548367872834,0.823954880238,0.211417555809,-0.612537324429
3014,1688,3,10,0.0578030459583,0.0106833102182,0.347431242466,0.239670708776,-0.10776053369
3015,2685,3,14,0.105719558895,0.013111660257,0.515295565128,0.178384676576,-0.336910903454
3016,764,1,9,0.107487656176,0.0290773585439,0.905915856361,0.518192589283,-0.387723267078
3017,3307,2,3,0.127991572022,0.0147197898477,0.32951554656,0.0864262059331,-0.243089348078
3018,6108,2,4,0.034320641309,0.00736834434792,0.0038072639145,0.00745110353455,0.00364383962005
3019,876,1,13,0.124651648104,0.0392510853708,0.0104580596089,0.0776334926486,0.0671754330397
3022,6991,2,7,0.0335558019578,0.00423601130024,0.00149232218973,0.000641798484139,-0.000850523705594
3025,2264,3,4,0.0626997351646,0.0226921737194,0.113818518817,0.0439839959145,-0.069834522903
3026,3462,2,4,0.0573864467442,0.0294677317142,0.636863708496,0.396634727716,-0.24022898078
3027,782,3,2,0.0547063797712,0.0262049566954,0.948333919048,0.727602303028,-0.22073161602
3028,9247,2,6,0.0512518696487,0.0181026477367,0.398102015257,0.307368069887,-0.0907339453697
3029,8144,1,1,0.0812369287014,0.0183665752411,0.0065458943136,0.00343387504108,-0.00311201927252
3030,3307,1,1,0.160687163472,0.0841096043587,0.970914065838,0.5364138484,-0.434500217438
3031,6881,2,12,0.0494988746941,0.0279410220683,0.00938668008894,0.0416155122221,0.0322288312018
3033,7465,5,11,0.0453133024275,0.00891809351742,0.990476489067,0.837613761425,-0.152862727642
3034,6095,3,7,0.0529251880944,0.0106469290331,0.21256197989,0.103586412966,-0.108975566924
3035,6271,3,8,0.0541338771582,0.0115549843758,0.108869925141,0.0811242684722,-0.0277456566691
3036,4902,1,4,0.0486015193164,0.0199471823871,0.0581367500126,0.125443190336,0.0673064440489
3037,5260,1,8,0.0525709800422,0.0260678455234,0.983195841312,0.802658379078,-0.180537462234
3038,7407,2,4,0.0218361709267,0.00319076119922,0.716339766979,0.669525802135,-0.0468139648438
3039,9002,1,3,0.0470353066921,0.0529206208885,0.978059828281,0.827848374844,-0.150211453438
3040,4902,7,6,0.061059165746,0.0354102142155,0.545099794865,0.310913652182,-0.234186142683
3041,1605,1,7,0.0764088854194,0.0142561681569,0.061186555773,0.0794828608632,0.0182963050902
3043,9003,1,4,0.0658258870244,0.0247224587947,0.982130587101,0.762962639332,-0.219167947769
3044,4805,3,8,0.071523912251,0.0336771607399,0.122474104166,0.0509272925556,-0.0715468078852
3045,771,9,14,0.0483250208199,0.023852204904,0.132815942168,0.28149870038,0.148682758212
3046,4268,1,8,0.0696934983134,0.00977337080985,0.0485746785998,0.026024421677,-0.0225502569228
3047,7842,8,37,0.0580044835806,0.0160763636231,0.310366690159,0.204472884536,-0.105893805623
3048,4289,4,5,0.0893723145127,0.0308113619685,0.458855390549,0.232734873891,-0.226120516658
3049,8905,6,9,0.04649913311,0.0325520895422,0.0796639248729,0.0498394966125,-0.0298244282603
3050,238,2,7,0.0496871434152,0.00750951003283,0.0568543411791,0.0543776042759,-0.00247673690319
3051,2754,1,7,0.0300883129239,0.00735305435956,0.122233115137,0.0717146769166,-0.05051843822
3052,3507,4,5,0.0798052549362,0.00351899582893,0.0535321608186,0.0860778391361,0.0325456783175
3053,4668,2,10,0.100543655455,0.0503606982529,0.921238303185,0.576701104641,-0.344537198544
3054,4454,1,5,0.0390833951533,0.0099777020514,0.194673895836,0.193861916661,-0.000811979174614
3056,2779,7,15,0.028345009312,0.00110565696377,0.364143133163,0.301430165768,-0.0627129673958
3057,8995,1,8,0.0730543509126,0.00622042268515,0.031437151134,0.0255587678403,-0.00587838329375
3058,9002,1,5,0.0290145669132,0.0147305754945,0.996792972088,0.904597938061,-0.0921950340271
3059,4960,3,14,0.0300792697817,0.0266299620271,0.864553332329,0.747922718525,-0.116630613804
3060,7465,1,3,0.115977287292,0.0826422572136,0.973739266396,0.639047145844,-0.334692120552
3061,7450,3,10,0.022154673934,0.0125357620418,0.965622842312,0.861847102642,-0.10377573967
3062,5264,2,5,0.0341432094574,0.0384813211858,0.986720025539,0.873969078064,-0.112750947475
3064,8271,3,12,0.134685561061,0.0145906582475,0.766304135323,0.323946833611,-0.442357301712
3065,7450,3,4,0.123425848782,0.0553591810167,0.626992762089,0.279337197542,-0.347655564547
3066,9002,3,6,0.021803541109,0.00773590337485,0.99736893177,0.926397562027,-0.0709713697433
3067,7465,2,3,0.12096504122,0.0704242363572,0.959774971008,0.590720951557,-0.369054019451
3068,6737,17,41,0.116912998259,0.0105128074065,0.497868061066,0.223005831242,-0.274862229824
3069,6192,5,6,0.0471203960478,0.010489393957,0.0312114488333,0.0154886944219,-0.0157227553427
3070,2591,13,45,0.0845612958074,0.0289855785668,0.627358019352,0.326200097799,-0.301157921553
3071,4042,1,6,0.0699002295732,0.00723861902952,0.295855402946,0.1905284971,-0.105326905847
3072,4964,1,7,0.0708698108792,0.0264166779816,0.0947204008698,0.08360568434,-0.0111147165298
3073,4046,1,7,0.0440094582736,0.0148262595758,0.107822321355,0.117489241064,0.00966691970825
3074,4042,2,6,0.0562020950019,0.0168470647186,0.0355018228292,0.0815299749374,0.0460281521082
3075,2452,3,7,0.0413647182286,0.0101530812681,0.13967731595,0.114711426198,-0.0249658897519
3076,3309,3,5,0.0505251549184,0.0118414303288,0.362536907196,0.27700945735,-0.0855274498463
3077,4179,3,5,0.0529571957886,0.0244080722332,0.107373058796,0.0795476362109,-0.027825422585
3078,4042,1,8,0.088744007051,0.028071610257,0.0508952699602,0.0286012738943,-0.0222939960659
3079,4042,1,4,0.064157538116,0.0184463430196,0.0399118103087,0.0202610194683,-0.0196507908404
3080,1157,2,3,0.0557533949614,0.0117026856169,0.26811927557,0.120068103075,-0.148051172495
3081,8084,6,9,0.0938744321465,0.0348814055324,0.0496566854417,0.0525125265121,0.00285584107041
3082,834,1,6,0.146676570177,0.0284723285586,0.61661285162,0.199382781982,-0.417230069637
3083,131,4,6,0.0580239780247,0.0341785214841,0.752426862717,0.551614105701,-0.200812757015
3084,8446,1,9,0.0406254343688,0.00708770332858,0.0470610484481,0.0380995608866,-0.00896148756146
3085,531,3,27,0.0795107707381,0.0130788739771,0.0408013835549,0.0528841912746,0.0120828077197
3086,7305,5,16,0.0533063970506,0.0131295649335,0.325145751238,0.151026532054,-0.174119219184
3088,7929,3,7,0.063422717154,0.00869293138385,0.0390105172992,0.0327558033168,-0.00625471398234
3089,4697,1,6,0.0716873556376,0.0178855396807,0.0261326543987,0.0297424253076,0.00360977090895
3090,576,3,2,0.147274449468,0.105712175369,0.0426213890314,0.308344632387,0.265723228455
3091,3582,10,23,0.132333025336,0.0212060492486,0.0485891923308,0.0646191313863,0.0160299390554
3092,1160,1,12,0.0482779256999,0.00242187315598,0.108204737306,0.0573344826698,-0.0508702546358
3093,7330,3,7,0.0964652001858,0.0567012093961,0.204230234027,0.0595366507769,-0.14469358325
3094,5180,6,21,0.052506942302,0.010659724474,0.456711083651,0.289488911629,-0.167222172022
3095,841,9,24,0.10611140728,0.109336018562,0.845831274986,0.512423396111,-0.333407878876
3096,1249,2,9,0.133184358478,0.0347564779222,0.605393230915,0.202874973416,-0.4025182724
3097,2754,2,9,0.0361427590251,0.0107513954863,0.406382977962,0.529034435749,0.122651457787
3098,1413,1,15,0.0857885107398,0.052554089576,0.121744759381,0.108041621745,-0.0137031376362
3099,8609,4,8,0.0424840562046,0.00100910104811,0.21688991785,0.183113917708,-0.0337760001421
3100,4403,7,13,0.0780792683363,0.0131725687534,0.130399793386,0.307205021381,0.176805227995
3103,1123,2,15,0.0559935569763,0.0166671033949,0.117837250233,0.164210915565,0.0463736653328
3104,6074,11,32,0.0623610652983,0.0227876771241,0.639814317226,0.395382553339,-0.244431763887
3105,9059,5,4,0.0451976470649,0.00473157828674,0.0590239390731,0.0340433679521,-0.024980571121
3106,871,2,5,0.0402628704906,0.00950874201953,0.13340523839,0.150249660015,0.0168444216251
3107,3358,16,36,0.0268509630114,0.0157886147499,0.00466627674177,0.0283524468541,0.023686170578
3108,3538,4,19,0.0357238836586,0.013514903374,0.404024451971,0.343357235193,-0.0606672167778
3109,4160,1,5,0.0593209527433,0.0167720597237,0.466068208218,0.215064093471,-0.251004099846
3110,4713,17,21,0.0408203192055,0.00450723571703,0.0644300580025,0.12172883004,0.057298772037
3111,7731,5,19,0.0361053831875,0.00369109772146,0.301101863384,0.216883659363,-0.0842182040215
3112,2661,5,19,0.0354506485164,0.0148478047922,0.226796269417,0.203026488423,-0.0237697809935
3113,6689,1,5,0.0388667322695,0.0166511777788,0.0555243119597,0.065920136869,0.0103958249092
3115,3910,4,19,0.143485575914,0.0315654724836,0.935634076595,0.485139995813,-0.450494080782
3116,7655,1,7,0.0538515262306,0.00514352461323,0.0923645049334,0.189733028412,0.0973685234785
3117,7426,1,5,0.0391032360494,0.0295908842236,0.253991097212,0.172129511833,-0.0818615853786
3118,4078,1,8,0.041636865586,0.0109069496393,0.452675819397,0.472634196281,0.0199583768845
3119,7146,4,7,0.0508415549994,0.0125788701698,0.0274550803006,0.0460505783558,0.0185954980552
3120,6071,1,7,0.0408118925989,0.00682693114504,0.211356401443,0.163270041347,-0.0480863600969
3121,8348,1,7,0.0362443216145,0.00824509933591,0.144753277302,0.142832010984,-0.00192126631737
3122,2113,4,8,0.0445103980601,0.00342766195536,0.0286882184446,0.0550404600799,0.0263522416353
3123,6127,5,23,0.0821594893932,0.0504590943456,0.128619551659,0.196509495378,0.0678899437189
3124,2476,8,11,0.111408658326,0.0137632926926,0.315832108259,0.0691363736987,-0.24669572711
3125,3977,5,16,0.048894610256,0.0192402731627,0.201869949698,0.29474323988,0.0928732901812
3126,468,7,25,0.0162481348962,0.0127172041684,0.632572352886,0.573775589466,-0.0587967634201
3127,937,2,7,0.0595289170742,0.023914096877,0.795391440392,0.539226710796,-0.256164729595
3129,222,9,23,0.0280409958214,0.0246968697757,0.976088285446,0.864578008652,-0.111510276794
3130,507,2,5,0.0626957416534,0.0601771585643,0.965784728527,0.757473289967,-0.20831143856
3131,507,1,6,0.0274263713509,0.00492017855868,0.987765312195,0.88221091032,-0.105554401875
3133,8165,7,20,0.0290153268725,0.00849954597652,0.391547709703,0.367540597916,-0.0240071117878
3134,7270,8,19,0.0353397727013,0.0166062563658,0.432333648205,0.339574337006,-0.0927593111992
3135,3272,3,7,0.0815471634269,0.0385436452925,0.543075323105,0.268607884645,-0.274467438459
3136,5171,5,16,0.0805654898286,0.0129190860316,0.313232272863,0.189102575183,-0.12412969768
3137,4510,14,29,0.033812161535,0.0201494805515,0.711812853813,0.515931427479,-0.195881426334
3138,573,10,49,0.105714380741,0.0669028162956,0.292421638966,0.629109323025,0.336687684059
3139,342,3,11,0.0752454698086,0.0332166627049,0.775125801563,0.471522092819,-0.303603708744
3140,5582,4,8,0.0359187014401,0.0214092172682,0.607259809971,0.443499952555,-0.163759857416
3141,4460,2,8,0.0734426900744,0.011598225683,0.328936159611,0.0907666310668,-0.238169521093
3142,2971,1,14,0.0184272881597,0.0129054058343,0.788789153099,0.68802434206,-0.100764811039
3143,3304,2,5,0.0337622873485,0.008480229415,0.276989012957,0.198093488812,-0.0788955241442
3144,4902,1,5,0.0790142044425,0.00873490702361,0.0834014415741,0.182052195072,0.0986507534981
3145,2038,3,11,0.0541553199291,0.0146199511364,0.231572180986,0.301759213209,0.0701870322227
3146,391,3,17,0.0590019263327,0.0164845418185,0.548105120659,0.529713571072,-0.0183915495872
3147,268,1,4,0.0254866424948,0.0126020945609,0.669642448425,0.526146829128,-0.143495619297
3148,571,9,22,0.0353681854904,0.020259745419,0.61525529623,0.424587816,-0.19066748023
3149,3270,5,14,0.068412989378,0.0156430490315,0.420234441757,0.18168412149,-0.238550320268
3150,2938,4,20,0.0372375100851,0.00501547846943,0.433910787106,0.652600228786,0.218689441681
3151,385,9,31,0.0574397444725,0.059239178896,0.77162450552,0.660845398903,-0.110779106617
3152,363,9,23,0.0416209846735,0.0207376144826,0.367849767208,0.239067032933,-0.128782734275
3154,1033,5,10,0.0428536385298,0.00923082325608,0.334534943104,0.297294259071,-0.0372406840324
3155,131,5,21,0.0567467696965,0.0156199252233,0.230123490095,0.324083179235,0.0939596891403
3156,3638,1,11,0.0324120409787,0.00276941759512,0.0355233997107,0.0707827284932,0.0352593287826
3157,598,1,3,0.0665548369288,0.00952214468271,0.295606583357,0.139662608504,-0.155943974853
3158,3592,8,21,0.0573648996651,0.0317799262702,0.229355588555,0.135038867593,-0.0943167209625
3159,1244,4,8,0.138857930899,0.0870933607221,0.831993460655,0.405313163996,-0.426680296659
3160,7652,1,10,0.0406904183328,0.0295969229192,0.200610563159,0.15519694984,-0.0454136133194
3161,4231,4,19,0.0432510189712,0.00854147411883,0.229326888919,0.113254643977,-0.116072244942
3162,6295,5,12,0.0635973736644,0.00815364904702,0.0241609588265,0.0842183530331,0.0600573942065
3163,1611,5,11,0.0282474160194,0.0125362789258,0.118712581694,0.111361056566,-0.00735152512789
3164,8038,2,6,0.0666320696473,0.0153063684702,0.127310484648,0.0347940586507,-0.0925164222717
3166,4226,1,3,0.0381432175636,0.0139911528677,0.0973263829947,0.0913207307458,-0.00600565224886
3167,4867,5,19,0.0779289975762,0.0164645649493,0.3988699615,0.200551331043,-0.198318630457
3168,8451,3,11,0.101148568094,0.00525301415473,0.00334709580056,0.0142234666273,0.0108763705939
3169,9029,1,8,0.0782661885023,0.0186820309609,0.155071899295,0.142851874232,-0.0122200250626
3170,9029,2,1,0.0370745621622,0.00197870656848,0.0621280632913,0.0480522811413,-0.01407578215
3171,2682,3,7,0.0736838877201,0.0332469306886,0.0425697341561,0.0171556230634,-0.0254141110927
3172,9167,1,5,0.103118687868,0.0189043525606,0.00596354948357,0.0140022449195,0.00803869590163
3173,6629,3,4,0.0655944943428,0.0106460647658,0.00653693964705,0.00680593587458,0.000268996227533
3174,1331,1,6,0.075185649097,0.00502771884203,0.0202083960176,0.0522600524127,0.0320516563952
3175,4112,4,13,0.0486726649106,0.00956653058529,0.281424164772,0.241078138351,-0.0403460264206
3176,8579,1,8,0.049001570791,0.0133649138734,0.0187250990421,0.022479025647,0.00375392660499
3177,4754,7,18,0.0811124816537,0.00507092522457,0.0959923863411,0.145081952214,0.0490895658731
3178,1753,5,10,0.0319144614041,0.00860642362386,0.118845187128,0.117987193167,-0.000857993960381
3179,8137,2,12,0.0952982902527,0.043962802738,0.0244956370443,0.0324668772519,0.00797124020755
3180,8287,3,7,0.0539383180439,0.0134924892336,0.167828932405,0.114186801016,-0.0536421313882
3181,2638,3,16,0.0730358436704,0.00629653874785,0.0156157547608,0.0512234382331,0.0356076844037
3182,91,3,16,0.0494756400585,0.0295447316021,0.0287211053073,0.0904841348529,0.0617630295455
3183,5261,2,8,0.0693569555879,0.0259439274669,0.827168524265,0.547232925892,-0.279935598373
3184,2931,1,6,0.0572679825127,0.00751279620454,0.0710129141808,0.0765097737312,0.00549685955048
3185,394,8,19,0.169327095151,0.039223626256,0.68668949604,0.192247405648,-0.494442105293
3186,3246,1,9,0.123042106628,0.0673594102263,0.826628744602,0.415430635214,-0.411198109388
3187,7513,21,53,0.0693732276559,0.0077433809638,0.0230910722166,0.0324303656816,0.00933929346502
3188,672,1,4,0.0385162495077,0.010296234861,0.903053820133,0.714775562286,-0.188278257847
3189,1802,8,23,0.084129691124,0.0327899828553,0.680571854115,0.395736604929,-0.284835249186
3190,7713,2,8,0.052995596081,0.00736432243139,0.0135730775073,0.0241445694119,0.0105714919046
3191,5838,3,19,0.0644776150584,0.00958487577736,0.218576237559,0.337480664253,0.118904426694
3192,4085,3,5,0.0557607002556,0.00772849749774,0.118430949748,0.0483260862529,-0.0701048672199
3193,1554,1,12,0.04033395648,0.0175148360431,0.229206725955,0.169978663325,-0.0592280626297
3195,8848,6,19,0.082835547626,0.0194887183607,0.0939449667931,0.0508238188922,-0.0431211479008
3196,5830,2,5,0.069450892508,0.03607885167,0.619644999504,0.360056191683,-0.259588807821
3197,1356,1,6,0.0621755719185,0.018303386867,0.298741996288,0.22076022625,-0.0779817700386
3198,5905,3,3,0.0650314316154,0.0157446153462,0.0678322464228,0.165240421891,0.0974081754684
3199,6089,1,4,0.0644645318389,0.0275042019784,0.0550936423242,0.0516610331833,-0.00343260914087
3200,6463,7,30,0.0839233919978,0.0347647368908,0.0834417492151,0.0572830922902,-0.026158656925
3201,6269,4,8,0.0732331052423,0.00971427746117,0.0995344296098,0.14350309968,0.0439686700702
3202,9012,3,6,0.0728423297405,0.00923543795943,0.115246787667,0.0838520526886,-0.0313947349787
3203,4249,2,4,0.170151993632,0.0394193083048,0.702241003513,0.179402589798,-0.522838413715
3204,1524,3,3,0.197965025902,0.0875773653388,0.950915753841,0.42565703392,-0.525258719921
3205,131,2,6,0.0730571970344,0.0278746299446,0.350600898266,0.24707646668,-0.103524431586
3206,1050,1,6,0.0312923491001,0.00637774495408,0.159217983484,0.173293486238,0.0140755027533
3207,4281,1,4,0.0587676055729,0.00733493966982,0.0530175156891,0.0733869448304,0.0203694291413
3208,7172,4,24,0.044185411185,0.0290355831385,0.927591025829,0.757302045822,-0.170288980007
3209,2754,1,6,0.121588103473,0.0395960733294,0.750467181206,0.322398751974,-0.428068429232
3210,5176,6,13,0.0892370715737,0.0387773215771,0.0729263871908,0.0496661961079,-0.023260191083
3212,2806,4,9,0.0386957637966,0.012071785517,0.10032838583,0.105093441904,0.00476505607367
3213,148,3,6,0.0672345012426,0.0250229723752,0.163489758968,0.185343921185,0.0218541622162
3214,19,3,9,0.112479068339,0.0721756741405,0.0718116089702,0.101615346968,0.029803737998
3215,5719,3,9,0.0680711269379,0.0140840187669,0.0140918362886,0.0172554980963,0.00316366180778
3216,3491,2,7,0.0848499909043,0.0303487926722,0.0529115796089,0.0406039617956,-0.0123076178133
3217,7457,19,51,0.0552418828011,0.0201078876853,0.0626737773418,0.034781653434,-0.0278921239078
3218,9126,16,52,0.158119276166,0.0234453268349,0.404630243778,0.0522904396057,-0.352339804173
3219,3416,7,28,0.055960521102,0.0271137133241,0.00522018363699,0.00755445333198,0.00233426969498
3220,2609,8,20,0.033049043268,0.00738150952384,0.137780964375,0.103869698942,-0.0339112654328
3221,3333,4,26,0.0739047527313,0.0319720841944,0.0609677322209,0.0710200294852,0.0100522972643
3222,7033,4,17,0.0613152086735,0.0198585335165,0.335159897804,0.265625208616,-0.069534689188
3223,6699,13,38,0.0805518999696,0.0151158310473,0.118068829179,0.118422098458,0.000353269279003
3224,841,5,20,0.0149402990937,0.00694993557408,0.893303751945,0.821993172169,-0.0713105797768
3225,2815,2,9,0.0886027142406,0.0320010669529,0.0198811665177,0.0138186337426,-0.0060625327751
3226,1255,2,10,0.0967284813523,0.0114864129573,0.0425760149956,0.0515441559255,0.00896814092994
3227,6654,12,47,0.0147442147136,0.00273093162104,0.0841251388192,0.0469975359738,-0.0371276028454
3228,6713,1,6,0.0971939191222,0.0476605147123,0.554092884064,0.228103101254,-0.32598978281
3229,5643,1,12,0.0621161609888,0.0333366058767,0.145473793149,0.188073918223,0.0426001250744
3230,6694,2,6,0.0915967300534,0.0449292324483,0.599231958389,0.287529379129,-0.31170257926
3231,6625,4,13,0.0496332831681,0.0106352120638,0.756022274494,0.49052977562,-0.265492498875
3233,113,2,9,0.0484356619418,0.01568524912,0.125783294439,0.123791210353,-0.00199208408594
3235,968,3,6,0.0374015681446,0.00927355326712,0.164311304688,0.166826054454,0.0025147497654
3236,3164,3,4,0.0386068709195,0.00822609383613,0.0819996669888,0.0797620415688,-0.00223762542009
3237,5621,3,16,0.0677877292037,0.0191297512501,0.0161947347224,0.0367809943855,0.0205862596631
3238,1915,2,13,0.0873257517815,0.0423345305026,0.0988135933876,0.135887369514,0.0370737761259
3239,6185,24,67,0.101846180856,0.0621989667416,0.685497701168,0.353347808123,-0.332149893045
3240,1933,3,5,0.0670762136579,0.0231198202819,0.0281918291003,0.0402973555028,0.0121055264026
3241,3349,1,5,0.0695649161935,0.0160035379231,0.223762601614,0.337642520666,0.113879919052
3242,5196,6,11,0.159632906318,0.00793961621821,0.579576611519,0.108079582453,-0.471497029066
3244,4053,1,7,0.0648571029305,0.026336979121,0.0267649069428,0.0789738893509,0.052208982408
3245,2360,2,9,0.114060670137,0.0242222491652,0.252212673426,0.0911821499467,-0.16103053093
3246,8442,3,6,0.0673856213689,0.0276427529752,0.298040896654,0.204254969954,-0.0937859266996
3248,578,5,14,0.0553352050483,0.0146230002865,0.393579125404,0.478043794632,0.0844646692276
3249,8140,3,8,0.148905515671,0.0693319067359,0.658246099949,0.205750986934,-0.452495098114
3250,7828,1,5,0.118172846735,0.0760148242116,0.675784468651,0.289228767157,-0.386555701494
3251,1104,2,3,0.0566170364618,0.00726738199592,0.0656023547053,0.0600552000105,-0.0055471546948
3252,2956,14,19,0.0524932444096,0.0257448274642,0.0457951426506,0.0486945807934,0.00289943814278
3253,3012,5,10,0.091745339334,0.04227790609,0.178141698241,0.0677507296205,-0.110390968621
3254,207,3,10,0.0568713136017,0.0169850606471,0.430593311787,0.615948677063,0.185355365276
3256,269,13,26,0.0501827001572,0.0150413429365,0.567816793919,0.449584364891,-0.118232429028
3257,458,1,7,0.0939710140228,0.0299134384841,0.664409041405,0.286741167307,-0.377667874098
3258,5632,13,20,0.072550855577,0.0154763543978,0.1789842695,0.0617645382881,-0.117219731212
3259,171,10,28,0.0408211760223,0.00768879475072,0.0424185395241,0.0662861689925,0.0238676294684
3260,3067,4,19,0.0743359774351,0.0184707362205,0.317433744669,0.371254891157,0.0538211464882
3261,3972,6,12,0.112436078489,0.0431521348655,0.00706043140963,0.00537060387433,-0.0016898275353
3262,914,3,11,0.0603502206504,0.0218367353082,0.0642118453979,0.0809712037444,0.0167593583465
3263,2869,3,9,0.0738599076867,0.0296055432409,0.532812774181,0.325036734343,-0.207776039839
3264,7408,2,3,0.0985620096326,0.0366675667465,0.492783129215,0.200026735663,-0.292756378651
3265,2790,1,24,0.066668279469,0.00975832715631,0.0491442941129,0.084304638207,0.035160344094
3266,6001,10,16,0.0781463161111,0.040411144495,0.302587807178,0.22402971983,-0.0785580873489
3267,948,1,5,0.0698085576296,0.00489895045757,0.0118550835177,0.0390524417162,0.0271973572671
3268,6947,2,7,0.0277773682028,0.00936579890549,0.399620771408,0.469174772501,0.0695540010929
3269,3727,26,86,0.0220299512148,0.0076140766032,0.591894626617,0.516508102417,-0.0753865242004
3270,4183,17,45,0.0879418924451,0.0341130569577,0.0819012224674,0.2280408144,0.146139591932
3271,7600,5,6,0.0751217529178,0.025018915534,0.29998010397,0.10217320174,-0.197806894779
3272,8471,10,17,0.0566793940961,0.0169249903411,0.279136627913,0.138764604926,-0.140372022986
3273,7642,5,22,0.100222021341,0.0120784472674,0.0250861123204,0.0905194506049,0.0654333382845
3274,7600,4,13,0.0948860272765,0.00360946985893,0.314511299133,0.182306528091,-0.132204771042
3275,8231,4,6,0.0734556615353,0.0127756986767,0.196664854884,0.338533550501,0.141868695617
3276,6934,2,9,0.0701261758804,0.0270630009472,0.328304111958,0.294755458832,-0.0335486531258
3278,7913,5,9,0.0646224245429,0.0217151176184,0.013022493571,0.0485781021416,0.0355556085706
3279,2553,1,7,0.0692656561732,0.018504275009,0.594120085239,0.299214929342,-0.294905155897
3280,4327,3,8,0.105299890041,0.0327386185527,0.210641622543,0.0714584290981,-0.139183193445
3281,6366,2,11,0.0789605602622,0.021876655519,0.0137845352292,0.0122109754011,-0.0015735598281
3282,5543,7,15,0.054857801646,0.021150007844,0.263759225607,0.298610717058,0.0348514914513
3283,508,9,28,0.109505854547,0.0197905264795,0.559450089931,0.181979343295,-0.377470731735
3284,7474,1,10,0.143815115094,0.0549466609955,0.568715751171,0.144314602017,-0.424401164055
3285,5482,1,10,0.05195344612,0.00734088895842,0.0184232071042,0.0226066429168,0.00418343581259
3286,490,3,6,0.0793135985732,0.0158540364355,0.383130639791,0.215253993869,-0.167876645923
3287,2957,4,11,0.105950914323,0.0393864437938,0.0822413787246,0.0738389268517,-0.00840245187283
3288,8529,5,9,0.067138530314,0.0231982469559,0.0320810899138,0.0805756822228,0.048494592309
3289,1000,8,23,0.0703511536121,0.034066606313,0.0189732145518,0.0549892634153,0.0360160470009
3290,3786,1,6,0.0574776045978,0.0112626813352,0.00364116369747,0.00909315422177,0.00545199029148
3291,3148,2,7,0.0578500442207,0.0306772328913,0.321944236755,0.184489607811,-0.137454628944
3292,941,4,5,0.0347183980048,0.00101851706859,0.284892201424,0.249542251229,-0.0353499501944
3293,1546,4,23,0.0436886250973,0.0246908068657,0.2227678895,0.121562741697,-0.101205147803
3294,182,17,50,0.0934480056167,0.0149651616812,0.78988212347,0.464131355286,-0.325750768185
3295,544,2,11,0.0508064888418,0.0255500525236,0.091720148921,0.131426721811,0.0397065728903
3296,1340,2,7,0.0590558648109,0.0104163782671,0.0810381695628,0.165175929666,0.0841377601027
3297,2920,3,4,0.0774945914745,0.0101404041052,0.0840014591813,0.0368006043136,-0.0472008548677
3299,1402,1,6,0.0438009649515,0.0157427601516,0.0103231174871,0.00473518343642,-0.00558793405071
3300,3336,2,11,0.0365164205432,0.00709792086855,0.172410458326,0.185639873147,0.0132294148207
3301,6108,25,64,0.0774346590042,0.0473788790405,0.123877838254,0.210172697902,0.0862948596478
3302,1031,2,10,0.0672324076295,0.0154151227325,0.0932673960924,0.183064475656,0.0897970795631
3303,178,17,26,0.0528148598969,0.00653060153127,0.166960567236,0.126798942685,-0.0401616245508
3304,2953,1,3,0.0727405324578,0.0209321565926,0.107610292733,0.125737607479,0.0181273147464
3305,345,2,11,0.0203320868313,0.0108914636075,0.471522301435,0.531684696674,0.0601623952389
3306,8924,3,7,0.0683357715607,0.0197328645736,0.134005457163,0.117824472487,-0.0161809846759
3307,345,3,18,0.122687973082,0.0424928106368,0.0725305080414,0.0554258041084,-0.017104703933
3309,558,6,23,0.0358961485326,0.0125126214698,0.909429728985,0.745007812977,-0.164421916008
3311,209,1,3,0.0244638901204,0.0108172167093,0.503932774067,0.613264501095,0.109331727028
3312,4324,1,4,0.037655506283,0.0143544301391,0.200823828578,0.19899572432,-0.00182810425758
3313,951,3,14,0.114530690014,0.0340817831457,0.534974098206,0.222846373916,-0.312127709389
3314,1037,3,4,0.0355362258852,0.00959293171763,0.0881254673004,0.0618854872882,-0.0262399800122
3315,568,2,6,0.0400111116469,0.00669920817018,0.291045874357,0.145698085427,-0.14534778893
3316,222,3,20,0.0500873811543,0.0194424875081,0.584038197994,0.306070417166,-0.277967780828
3317,942,2,21,0.0425774157047,0.0266855657101,0.342050880194,0.212710142136,-0.129340738058
3318,2406,2,2,0.0719574913383,0.0190001651645,0.0653418824077,0.0997201502323,0.0343782678246
3319,345,3,4,0.07392732054,0.0105853332207,0.275062263012,0.121870420873,-0.153191834688
3321,345,3,6,0.0397962071002,0.028901880607,0.488332003355,0.316779971123,-0.171552032232
3322,5045,1,7,0.0772127136588,0.0150149120018,0.0126345036551,0.0111945932731,-0.00143991038203
3323,2741,2,10,0.0658513233066,0.0158650614321,0.305977374315,0.0975306034088,-0.208446770906
3324,406,4,12,0.0437623672187,0.030158597976,0.916737377644,0.734839618206,-0.181897759438
3325,2740,2,7,0.067943803966,0.0147401792929,0.0379474535584,0.0316346734762,-0.00631278008223
3326,955,4,15,0.0360569544137,0.00711253564805,0.132267296314,0.0762092322111,-0.0560580641031
3327,1555,5,9,0.104502417147,0.0744597762823,0.16905939579,0.455854684114,0.286795288324
3329,297,16,27,0.0171640124172,0.00782712455839,0.876970767975,0.780152797699,-0.0968179702759
3330,278,1,7,0.125514701009,0.0684545114636,0.590497434139,0.2717448771,-0.318752557039
3331,348,3,7,0.0636386945844,0.0236057844013,0.0830117613077,0.070505566895,-0.0125061944127
3332,490,3,9,0.0687341168523,0.0205670595169,0.494949191809,0.317935675383,-0.177013516426
3333,1667,2,12,0.112355791032,0.0604948624969,0.0515837483108,0.123533569276,0.0719498246908
3335,951,1,7,0.038925755769,0.0251550041139,0.45911732316,0.340233296156,-0.118884027004
3336,441,8,13,0.0664778351784,0.0592760555446,0.522775530815,0.289757430553,-0.233018100262
3337,1180,3,5,0.172367140651,0.036703068763,0.753449261189,0.218301191926,-0.535148084164
3338,4667,2,10,0.0563717596233,0.016102693975,0.331719338894,0.478778600693,0.147059261799
3339,3509,1,13,0.0673411786556,0.0344526171684,0.20827139914,0.334679484367,0.126408085227
3341,421,3,6,0.0229294467717,0.00615694047883,0.377668231726,0.397351354361,0.0196831226349
3342,131,2,3,0.0489383339882,0.0208712685853,0.372471988201,0.583823621273,0.211351633072
3343,3509,5,17,0.0582270771265,0.0336827971041,0.502631008625,0.259931743145,-0.24269926548
3344,2997,3,11,0.068146198988,0.0323486626148,0.656285226345,0.392860978842,-0.263424247503
3345,337,1,8,0.2035959512,0.128697529435,0.928342044353,0.409326821566,-0.519015192986
3347,650,2,3,0.021053949371,0.00555615080521,0.989125490189,0.905477285385,-0.0836482048035
3349,684,1,3,0.0357784517109,0.0130732739344,0.130881235003,0.139570116997,0.00868888199329
3350,676,1,4,0.0777526348829,0.0366058275104,0.984898626804,0.743561327457,-0.241337299347
3351,679,2,5,0.0678429231048,0.0244553890079,0.340238362551,0.314307123423,-0.0259312391281
3354,6131,1,11,0.140750348568,0.0316613651812,0.738642752171,0.281170934439,-0.457471817732
3355,715,3,8,0.00500071095303,0.00370231899433,0.981029629707,0.954056799412,-0.0269728302956
3356,694,1,5,0.0719366595149,0.0181701872498,0.914704024792,0.619336843491,-0.295367181301
3357,641,1,6,0.0168166477233,0.00786537490785,0.994637548923,0.932996928692,-0.0616406202316
3358,1674,5,6,0.04019799456,0.00809397082776,0.018001658842,0.00424088118598,-0.0137607771903
3359,7136,3,4,0.0611979179084,0.00989815685898,0.0459843054414,0.0680014267564,0.022017121315
3361,8513,4,12,0.0833835601807,0.0453016422689,0.07597964257,0.0995268598199,0.0235472172499
3362,796,4,4,0.0484571568668,0.0124042034149,0.202592343092,0.319230407476,0.116638064384
3363,4998,1,8,0.124239891768,0.0811158269644,0.0194006487727,0.0206008274108,0.0012001786381
3364,78,6,10,0.0666814371943,0.0175355020911,0.848168671131,0.55780851841,-0.290360152721
3365,3307,5,6,0.0732866600156,0.0104254269972,0.212628036737,0.0356588624418,-0.17696917057
3367,6501,3,16,0.0795158222318,0.0309527087957,0.23328115046,0.0627921894193,-0.17048895359
3368,40,1,3,0.0651402771473,0.0226554125547,0.036229595542,0.0739227607846,0.0376931652427
3369,1606,1,10,0.0511083491147,0.0197585597634,0.0294998232275,0.0570056475699,0.0275058243424
3370,3717,5,10,0.0673206150532,0.0247887931764,0.0852654650807,0.219024002552,0.133758544922
3371,2791,2,5,0.0851219892502,0.0508547052741,0.094877012074,0.160487309098,0.0656102970243
3372,6870,2,16,0.0458248965442,0.0229258108884,0.201747223735,0.0878568589687,-0.113890364766
3373,4660,1,4,0.0412577949464,0.0100166015327,0.156793922186,0.156292393804,-0.000501528382301
3374,4660,1,5,0.08610098809,0.0229131244123,0.0382575541735,0.0588064081967,0.0205488540232
3375,8608,1,4,0.0438495539129,0.00552801089361,0.0654449537396,0.0904149189591,0.0249699652195
3376,4263,2,2,0.137542530894,0.0512744709849,0.65576761961,0.316073209047,-0.339694410563
3377,3827,1,7,0.0590354390442,0.0276462361217,0.533310234547,0.351002573967,-0.18230766058
3378,2329,1,11,0.0937234088778,0.0196495521814,0.0222500246018,0.0254853889346,0.0032353643328
3380,7817,2,6,0.0895458757877,0.0149083603173,0.0633392482996,0.0836124196649,0.0202731713653
3381,4662,1,7,0.0627935752273,0.0028718970716,0.165533125401,0.126798704267,-0.038734421134
3382,6870,1,3,0.129094555974,0.0205232463777,0.0049948641099,0.0252837780863,0.0202889144421
3383,8165,1,8,0.0713043808937,0.0405450575054,0.560355246067,0.310800164938,-0.249555081129
3384,5971,1,4,0.0432524345815,0.00752980681136,0.361116379499,0.231708601117,-0.129407778382
3386,1690,8,32,0.0795332491398,0.0211587641388,0.066432453692,0.131299525499,0.0648670718074
3387,1634,7,11,0.104539163411,0.0729346871376,0.550626277924,0.345601648092,-0.205024629831
3388,3595,24,91,0.0580622404814,0.0304721277207,0.259034603834,0.219288229942,-0.0397463738918
3389,8098,11,32,0.0665418207645,0.0139061072841,0.265616357327,0.193312764168,-0.0723035931587
3390,5624,4,28,0.0459496341646,0.0220530945808,0.822491466999,0.598732173443,-0.223759293556
3391,1225,2,11,0.0960203707218,0.049446746707,0.0517131276429,0.0479080416262,-0.00380508601665
3392,48,4,20,0.166673660278,0.0353835485876,0.788853347301,0.272414952517,-0.516438364983
3393,6786,3,9,0.132061600685,0.0332701206207,0.743621468544,0.281984001398,-0.461637467146
3394,8530,1,14,0.0906244516373,0.0148776872084,0.210065454245,0.306548804045,0.0964833498001
3395,2857,7,17,0.0369021520019,0.0043435851112,0.0266995113343,0.0209652706981,-0.00573424063623
3396,819,4,4,0.0559695251286,0.0218001324683,0.0121374987066,0.0153315337375,0.0031940350309
3397,2029,1,5,0.0376248694956,0.00844662543386,0.000596166821197,0.00172664143611,0.00113047461491
3398,8924,6,19,0.128186479211,0.01157505624,0.113357447088,0.204120799899,0.0907633528113
3399,2590,1,14,0.100114196539,0.0490990653634,0.432574152946,0.151817306876,-0.280756831169
3400,4362,3,5,0.0531817339361,0.00745296152309,0.244719788432,0.186676248908,-0.0580435395241
3401,208,9,23,0.0446515791118,0.0314213037491,0.309762895107,0.23001909256,-0.0797438025475
3402,2487,4,9,0.0603855066001,0.00365619175136,0.124694414437,0.0862952768803,-0.0383991375566
3403,2346,5,29,0.0549162514508,0.0119816474617,0.146195501089,0.263215869665,0.117020368576
3404,2487,2,1,0.0474220775068,0.011186867021,0.0156798921525,0.0219528283924,0.00627293623984
3405,1798,5,10,0.0967665612698,0.0264473520219,0.142820373178,0.0744040980935,-0.068416275084
3406,3652,3,3,0.102696619928,0.0401467420161,0.0749616622925,0.0435299128294,-0.0314317494631
3407,326,1,8,0.0470197610557,0.0267696790397,0.406476587057,0.365050196648,-0.0414263904095
3408,3037,7,21,0.0879033580422,0.0106610571966,0.135528385639,0.172163650393,0.0366352647543
3409,439,4,9,0.0599267184734,0.00819504912943,0.521019816399,0.417589902878,-0.103429913521
3410,6759,1,5,0.0608831681311,0.00907833781093,0.0412055514753,0.0323240570724,-0.00888149440289
3411,293,3,4,0.0174294840544,0.00418137107044,0.571019351482,0.512524306774,-0.0584950447083
3412,5066,1,4,0.0293723400682,0.0044006863609,0.298526763916,0.261242419481,-0.0372843444347
3413,2933,3,3,0.0293891001493,0.0135055352002,0.374062925577,0.444077372551,0.0700144469738
3414,4573,5,12,0.0891328752041,0.0460548251867,0.0540616512299,0.0172032769769,-0.0368583723903
3415,588,2,3,0.0400400571525,0.0113288266584,0.0209933258593,0.0737091526389,0.0527158267796
3416,1474,2,3,0.0718976035714,0.0161871369928,0.0137602426112,0.0130451619625,-0.000715080648661
3417,4835,8,37,0.0548580288887,0.0153332147747,0.536242127419,0.463624924421,-0.0726172029972
3418,5449,11,34,0.106115855277,0.027999125421,0.0115873543546,0.00525866588578,-0.00632868846878
3419,1432,3,14,0.0677036270499,0.0207054056227,0.162945225835,0.0790338218212,-0.0839114040136
3420,4669,5,15,0.100772440434,0.0310875885189,0.24357907474,0.157777771354,-0.0858013033867
3421,5187,1,4,0.0975975990295,0.0203267000616,0.0181994158775,0.0183307658881,0.000131350010633
3424,2212,5,26,0.0718386247754,0.0138502744958,0.24416090548,0.36385974288,0.119698837399
3425,568,3,8,0.0719506070018,0.0270886272192,0.0262765642256,0.0246105734259,-0.00166599079967
3426,595,7,7,0.0674514174461,0.01824195683,0.562624394894,0.328547567129,-0.234076827765
3427,268,5,15,0.0811262205243,0.048385810107,0.669923186302,0.350476413965,-0.319446772337
3428,576,4,7,0.0610639192164,0.0542111061513,0.767784237862,0.555367648602,-0.21241658926
3429,378,4,9,0.049226641655,0.0285373665392,0.494658350945,0.430846661329,-0.0638116896152
3430,255,4,14,0.0742392912507,0.0183485783637,0.286888808012,0.381153941154,0.0942651331425
3431,438,6,19,0.0456433780491,0.0145630091429,0.309026837349,0.2325912714,-0.0764355659485
3432,4441,9,29,0.0464705638587,0.0101149892434,0.14681327343,0.0905779972672,-0.0562352761626
3433,268,4,5,0.048282712698,0.0215204656124,0.441651850939,0.219538196921,-0.222113654017
3434,3509,21,57,0.0440275631845,0.0197019726038,0.757879674435,0.643097579479,-0.114782094955
3435,1128,14,36,0.0484052486718,0.0269592963159,0.051621299237,0.156177356839,0.104556053877
3436,237,4,10,0.088474355638,0.0140469735488,0.342016160488,0.172323524952,-0.169692635536
3437,5543,13,22,0.0442576296628,0.0207951385528,0.0116186803207,0.0398516990244,0.0282330177724
3438,1555,2,23,0.0304906312376,0.0136867705733,0.644899189472,0.458443552256,-0.186455637217
3439,577,3,18,0.0905851498246,0.0631123483181,0.833128154278,0.501450717449,-0.331677436829
3440,1286,2,7,0.0568157173693,0.0084880432114,0.251683980227,0.116031758487,-0.135652214289
3441,2872,6,7,0.12685059011,0.0448474287987,0.786056041718,0.330111980438,-0.455944061279
3442,388,4,5,0.0542903728783,0.015776399523,0.394788384438,0.317591279745,-0.0771971046925
3444,169,2,6,0.130727231503,0.0243236403912,0.752877652645,0.286225408316,-0.466652244329
3445,421,1,5,0.0404460318387,0.0190126076341,0.251647979021,0.408802390099,0.157154411077
3446,944,7,18,0.15512804687,0.0957219898701,0.00414821738377,0.0400906354189,0.0359424166381
3447,439,4,9,0.00437734043226,0.00324584706686,0.870460867882,0.870429217815,-3.16500663757e-05
3448,2905,6,16,0.0240211989731,0.0112814037129,0.288067281246,0.271221131086,-0.0168461501598
3449,496,1,3,0.0560966767371,0.00583316991106,0.107045017183,0.0748457089067,-0.0321993082762
3450,475,2,11,0.0544729195535,0.0488611608744,0.579411029816,0.410634994507,-0.168776035309
3451,468,1,10,0.0733519867063,0.0814831033349,0.685745120049,0.530471980572,-0.155273139477
3452,1316,2,5,0.0918479189277,0.06846203655,0.803880274296,0.468417078257,-0.335463196039
3453,3994,6,9,0.0322929956019,0.00381928752176,0.204897329211,0.185438990593,-0.0194583386183
3454,378,6,12,0.0560443550348,0.0242493748665,0.702636539936,0.420376688242,-0.282259851694
3455,5194,1,3,0.0425285845995,0.0163517091423,0.0110079189762,0.0112329497933,0.000225030817091
3456,360,2,3,0.104892529547,0.0112240817398,0.455253720284,0.139524042606,-0.315729677677
3457,445,3,8,0.0714667141438,0.0110498284921,0.581645548344,0.284335970879,-0.297309577465
3458,9026,5,6,0.0766866505146,0.00408890005201,0.0156097002327,0.00392710743472,-0.0116825923324
3459,255,2,5,0.0609005354345,0.0452655591071,0.643875837326,0.412497252226,-0.2313785851
3460,6279,2,14,0.114360325038,0.065380834043,0.775003969669,0.412229031324,-0.362774938345
3462,753,2,6,0.0671355724335,0.0356159955263,0.275912165642,0.150739327073,-0.125172838569
3463,8152,3,15,0.0571002364159,0.0279664769769,0.015079957433,0.0143264709041,-0.000753486528993
3464,4595,5,12,0.0607155226171,0.0268812198192,0.41815212369,0.32672932744,-0.0914227962494
3465,7491,1,4,0.0743811875582,0.00906415749341,0.0401793308556,0.0520788617432,0.0118995308876
3467,370,4,26,0.0210600867867,0.0171513389796,0.976311981678,0.883081018925,-0.0932309627533
3468,867,4,19,0.0617801956832,0.0206610709429,0.848091065884,0.565367221832,-0.282723844051
3469,512,2,10,0.0502424500883,0.0213918536901,0.223609700799,0.371184110641,0.147574409842
3470,471,4,12,0.114084422588,0.0151996845379,0.332904279232,0.192703679204,-0.140200600028
3471,1070,2,6,0.111165463924,0.0193056184798,0.312796592712,0.312960088253,0.000163495540619
3472,4532,3,5,0.076182924211,0.0245792903006,0.363132625818,0.165239438415,-0.197893187404
3473,4499,2,3,0.0689990073442,0.0320609621704,0.27138787508,0.124731741846,-0.146656125784
3474,2865,1,4,0.0767635330558,0.0256490129977,0.24723623693,0.0718625709414,-0.175373673439
3475,4532,2,5,0.021811068058,0.0103943450376,0.0481008924544,0.0353923104703,-0.012708581984
3476,4425,2,12,0.0536632537842,0.00909734889865,0.449081689119,0.256440252066,-0.192641437054
3477,493,2,5,0.0461893826723,0.0120836701244,0.0426608882844,0.0574417449534,0.0147808566689
3478,4400,2,10,0.0675511062145,0.0347864851356,0.537111520767,0.272043824196,-0.265067696571
3479,6881,3,4,0.103869952261,0.0360639132559,0.276791036129,0.063090339303,-0.213700696826
3480,8447,6,16,0.0539963841438,0.0168991144747,0.0078675635159,0.00994553323835,0.00207796972245
3481,5072,6,13,0.113023556769,0.0550387203693,0.770390272141,0.375708460808,-0.394681811333
3482,2625,1,3,0.0544867925346,0.00241788011044,0.12477760762,0.0737431645393,-0.0510344430804
3483,2569,2,12,0.0672217831016,0.0240098871291,0.0536844581366,0.0324820764363,-0.0212023817003
3484,2826,2,7,0.0765221640468,0.0154373254627,0.0176703073084,0.0251423940063,0.00747208669782
3485,131,6,14,0.0841038003564,0.0485431775451,0.711839973927,0.373111486435,-0.338728487492
3486,7644,1,6,0.0703159943223,0.0433848686516,0.622217655182,0.379918903112,-0.242298752069
3487,7377,3,3,0.0338731072843,0.00626031681895,0.105033159256,0.0653090178967,-0.0397241413593
3488,7123,3,12,0.0893273726106,0.0161139760166,0.628986477852,0.265938043594,-0.363048434258
3489,5072,1,7,0.167263016105,0.0768471732736,0.953336060047,0.481239646673,-0.472096413374
3490,5836,1,7,0.0642977058887,0.0268137864769,0.200841322541,0.140685915947,-0.0601554065943
3491,3327,2,18,0.0649907663465,0.0175512693822,0.121868304908,0.134026929736,0.0121586248279
3492,6876,6,6,0.072846762836,0.0392899923027,0.0229584481567,0.0145670967177,-0.00839135143906
3493,4527,10,19,0.0271717067808,0.00927203148603,0.0305619947612,0.0582078695297,0.0276458747685
3494,4289,3,9,0.0536702312529,0.0174670480192,0.0875606164336,0.120144754648,0.0325841382146
3495,577,5,16,0.0276079922915,0.0246248729527,0.788139879704,0.674265801907,-0.113874077797
3496,6591,11,22,0.0655044391751,0.00189639185555,0.213767886162,0.169231966138,-0.0445359200239
3497,603,3,7,0.0233362708241,0.00474663637578,0.325609475374,0.278279095888,-0.0473303794861
3498,4459,7,8,0.063615180552,0.0282604638487,0.0118772163987,0.0189960654825,0.00711884908378
3499,2756,3,5,0.103846073151,0.0182074625045,0.387872338295,0.0907445475459,-0.297127783298
3500,1411,6,12,0.09322270751,0.0110052581877,0.0875908061862,0.0817922204733,-0.00579858571291
3501,7404,2,8,0.0564051158726,0.0121894897893,0.277877599001,0.238889873028,-0.0389877259731
3503,7262,1,5,0.0505619347095,0.00660557532683,0.0744817629457,0.0519397519529,-0.0225420109928
3504,4705,6,6,0.217726007104,0.0325305350125,0.882670402527,0.27980235219,-0.602868080139
3505,967,9,18,0.131728351116,0.0197728462517,0.00984742399305,0.0715323463082,0.0616849213839
3506,4975,2,8,0.0613891668618,0.00694227963686,0.0637887492776,0.0972264111042,0.0334376618266
3507,1149,1,2,0.0537892393768,0.0186118148267,0.0404311865568,0.092676974833,0.0522457882762
3508,52,4,11,0.05936832726,0.0202356744558,0.0182254631072,0.0452431738377,0.0270177107304
3509,4011,8,10,0.0625031292439,0.0379144959152,0.291334182024,0.198710665107,-0.0926235169172
3510,1516,13,39,0.0248816534877,0.00354550196789,0.948445081711,0.84122043848,-0.10722464323
3511,5720,3,18,0.087233684957,0.0746416673064,0.201090231538,0.0702685192227,-0.130821704865
3512,415,4,10,0.0788581594825,0.021963223815,0.29331856966,0.3066226542,0.0133040845394
3513,5179,9,11,0.0509105734527,0.00452319486067,0.125449150801,0.11016330868,-0.0152858421206
3515,439,1,6,0.028763204813,0.0143353687599,0.611263692379,0.493823409081,-0.117440283298
3516,961,4,16,0.0249079745263,0.0190692190081,0.511151194572,0.515672147274,0.00452095270157
3517,5608,3,10,0.0860039070249,0.0213006362319,0.501700222492,0.210399985313,-0.291300237179
3518,7087,5,26,0.038376070559,0.00880994554609,0.612201690674,0.6120236516,-0.000178039073944
3520,6495,6,8,0.144275784492,0.017318341881,0.0467523671687,0.113818205893,0.0670658349991
3521,4667,4,11,0.0263758227229,0.00272315950133,0.145246908069,0.113012701273,-0.0322342067957
3523,2976,1,13,0.0761289894581,0.0202381834388,0.90912270546,0.593512296677,-0.315610408783
3524,368,3,5,0.0664374828339,0.0206108000129,0.104307860136,0.065129943192,-0.039177916944
3525,255,4,8,0.0312246829271,0.0109109813347,0.245715633035,0.17271836102,-0.0729972720146
3526,278,7,17,0.0682248771191,0.00461749220267,0.272083699703,0.136963203549,-0.135120496154
3527,939,1,4,0.0801583603024,0.024882581085,0.52966427803,0.199947997928,-0.329716265202
3528,3040,3,2,0.0477099753916,0.00941956881434,0.0933898761868,0.0502636469901,-0.0431262291968
3530,1017,1,6,0.0214136075228,0.00422759354115,0.194929331541,0.204245135188,0.00931580364704
3531,7663,3,4,0.084710277617,0.0260024629533,0.561377942562,0.243766263127,-0.317611694336
3532,7622,2,9,0.0624753795564,0.0177202895284,0.559982538223,0.271956473589,-0.288026064634
3533,2068,4,8,0.0589570663869,0.0290152523667,0.126013055444,0.198090478778,0.0720774233341
3534,771,2,6,0.057356569916,0.00927279982716,0.226210132241,0.287512302399,0.0613021701574
3535,7301,6,26,0.0608699917793,0.0353168658912,0.785889267921,0.53444391489,-0.251445353031
3536,1817,15,25,0.0695159286261,0.0204054806381,0.493363648653,0.352977007627,-0.140386641026
3537,9156,3,6,0.0456779487431,0.013350289315,0.19149620831,0.166241571307,-0.0252546370029
3538,2544,2,12,0.0330747812986,0.016045499593,0.0441330224276,0.0480059422553,0.0038729198277
3539,7336,10,14,0.159011110663,0.0332919508219,0.931701898575,0.447484850883,-0.484217047691
3540,9112,4,7,0.05426639691,0.0240354742855,0.0635361224413,0.0788075402379,0.0152714177966
3541,3947,1,9,0.0451063401997,0.0144102768973,0.28915977478,0.380044728518,0.0908849537373
3542,2997,5,13,0.0384272150695,0.0159724541008,0.150639906526,0.163869187236,0.0132292807102
3543,5184,3,2,0.175791621208,0.0386711545289,0.75900298357,0.22346162796,-0.53554135561
3544,3414,5,2,0.0822399407625,0.0145724555477,0.0269116610289,0.0309555586427,0.00404389761388
3545,6882,1,6,0.0926561132073,0.0536520555615,0.661516845226,0.327504009008,-0.334012836218
3546,6175,1,5,0.0457932390273,0.00244483700953,0.0382043793797,0.0239679738879,-0.0142364054918
3548,760,2,3,0.0632581934333,0.0202362723649,0.0471689738333,0.0786811336875,0.0315121598542
3549,209,8,17,0.0905036106706,0.0351813398302,0.097850009799,0.188435673714,0.0905856639147
3550,6292,1,4,0.0394263155758,0.0259435158223,0.296155393124,0.227728292346,-0.0684271007776
3551,6766,1,3,0.0650521442294,0.0338277295232,0.0287225991488,0.0266841221601,-0.00203847698867
3552,3375,2,6,0.0474635623395,0.0294690206647,0.0802074745297,0.0410237647593,-0.0391837097704
3553,500,5,9,0.0790922418237,0.0345836691558,0.044476326555,0.135764315724,0.0912879854441
3554,3472,1,7,0.044824372977,0.0219254363328,0.0080725364387,0.0131533676758,0.00508083123714
3556,300,10,14,0.0372343175113,0.00363604491577,0.510874807835,0.45025396347,-0.0606208443642
3557,4358,1,3,0.029350541532,0.00509933568537,0.399886578321,0.320102959871,-0.0797836184502
3558,423,2,17,0.0431907735765,0.0119834104553,0.161165878177,0.20234541595,0.0411795377731
3559,448,3,3,0.0671142488718,0.0039515257813,0.171009942889,0.084937222302,-0.0860727205873
3560,8538,4,14,0.0571094639599,0.0425630807877,0.0347258523107,0.0353110954165,0.000585243105888
3561,7648,1,3,0.0414196029305,0.00708719389513,0.090194247663,0.0530790798366,-0.0371151678264
3562,5377,3,10,0.0545286349952,0.0323052108288,0.10903917253,0.0678946375847,-0.0411445349455
3563,87,2,10,0.0699479058385,0.00236141774803,0.0639225393534,0.0392925925553,-0.0246299467981
3565,6473,3,8,0.114968039095,0.0325605235994,0.451086521149,0.127198949456,-0.323887586594
3567,8416,2,7,0.0256677698344,0.00123072322458,0.625000357628,0.654388904572,0.0293885469437
3568,2039,3,4,0.0367977358401,0.0305802114308,0.793655991554,0.62891125679,-0.164744734764
3569,2470,6,8,0.0789038091898,0.0499693080783,0.938414573669,0.658518254757,-0.279896318913
3570,5994,11,41,0.0437893085182,0.0110167292878,0.133080765605,0.102593354881,-0.0304874107242
3571,5763,4,9,0.0514904744923,0.0070693991147,0.0162390749902,0.0529963187873,0.0367572456598
3572,595,1,13,0.0470509827137,0.0102798044682,0.0688970759511,0.0884001255035,0.0195030495524
3573,4558,6,17,0.0478131957352,0.0326682664454,0.0911756753922,0.120531618595,0.029355943203
3574,5144,3,6,0.0390419177711,0.0127986138687,0.265809565783,0.36190700531,0.0960974395275
3575,3309,3,6,0.101053982973,0.0195606015623,0.084952197969,0.019396988675,-0.0655552074313
3576,1556,1,2,0.0934392511845,0.0368536859751,0.0872390195727,0.187768384814,0.100529365242
3577,6639,10,28,0.0482522360981,0.0101686753333,0.262147963047,0.367372125387,0.10522416234
3579,3942,18,47,0.0924994125962,0.0419432334602,0.579154551029,0.270663678646,-0.308490872383
3580,131,5,13,0.038875259459,0.00701372558251,0.594640910625,0.561798155308,-0.0328427553177
3582,6244,16,52,0.0156960971653,0.00154626579024,0.891244590282,0.853894531727,-0.0373500585556
3583,1012,6,6,0.0485013611615,0.0203043743968,0.045741956681,0.0375808663666,-0.00816109031439
3584,4301,1,12,0.106171250343,0.0316863879561,0.221000552177,0.124366424978,-0.0966341271996
3585,2846,3,7,0.0509439408779,0.0354005582631,0.290362745523,0.269599765539,-0.0207629799843
3586,6547,11,15,0.0688084885478,0.0205480996519,0.716696560383,0.393967539072,-0.322729021311
3587,8253,2,7,0.0356225930154,0.00541992112994,0.123433589935,0.10180991143,-0.0216236785054
3588,9142,1,6,0.048688005656,0.0252171847969,0.043550837785,0.0306575167924,-0.0128933209926
3589,8104,1,7,0.074093811214,0.00930733606219,0.0642229244113,0.113427340984,0.049204416573
3590,3286,2,6,0.0296786669642,0.00451005017385,0.339701622725,0.319936990738,-0.0197646319866
3591,7424,6,5,0.0390844084322,0.00933117698878,0.115106545389,0.107481338084,-0.00762520730495
3592,3268,1,3,0.0390090681612,0.0108930338174,0.0828281119466,0.0695053935051,-0.0133227184415
3593,7456,1,6,0.0613185428083,0.0248964112252,0.0564103201032,0.0598789192736,0.00346859917045
3594,5968,2,2,0.0682455077767,0.0147364679724,0.0332089960575,0.0459405370057,0.0127315409482
3595,5955,2,7,0.136652931571,0.0440535806119,0.487026810646,0.0749226883054,-0.412104129791
3596,633,1,4,0.0771553292871,0.0321536883712,0.329832971096,0.188367530704,-0.141465440392
3597,4047,4,10,0.0804605856538,0.0107771782205,0.0386376567185,0.0184253733605,-0.020212283358
3598,908,2,7,0.117746867239,0.0211885198951,0.930621266365,0.535113275051,-0.395507991314
3599,940,4,29,0.0963612869382,0.018603136763,0.0466481558979,0.0274110361934,-0.0192371197045
3600,5478,2,5,0.0616071633995,0.0104055432603,0.0382773950696,0.0546811670065,0.0164037719369
3601,7336,3,11,0.0754167214036,0.0138884987682,0.0866690129042,0.0473627708852,-0.0393062420189
3603,7405,11,15,0.052501488477,0.0139066595584,0.29082262516,0.280112743378,-0.0107098817825
3605,3598,5,19,0.130127266049,0.0671562701464,0.323498517275,0.0726522430778,-0.250846266747
3606,4335,1,6,0.0647712051868,0.0183371789753,0.210692435503,0.132112160325,-0.078580275178
3607,7027,4,22,0.074441857636,0.0483226366341,0.216829493642,0.0974567532539,-0.119372740388
3608,3439,3,10,0.0718291699886,0.00442689005286,0.0242891926318,0.0341578349471,0.00986864231527
3609,7827,3,11,0.0630684867501,0.0040285512805,0.0288856457919,0.0150978760794,-0.0137877697125
3610,5258,3,9,0.0629135742784,0.0396676510572,0.391706496477,0.214258432388,-0.177448064089
3611,6086,3,8,0.0713502764702,0.0162785742432,0.0278347935528,0.0613568723202,0.0335220769048
3612,4187,2,10,0.254157572985,0.0966491252184,0.0159588288516,0.0588804297149,0.042921602726
3613,6813,2,7,0.10795404762,0.0507860928774,0.106673710048,0.163120999932,0.0564472898841
3614,3367,2,9,0.0321055538952,0.000557937775739,0.355214059353,0.239643499255,-0.115570560098
3615,9217,8,19,0.0362930446863,0.00591353373602,0.132126554847,0.0643390268087,-0.067787528038
3616,5660,2,5,0.0604214482009,0.0104190045968,0.0200400706381,0.0211001206189,0.00106004998088
3618,2354,1,5,0.180109739304,0.01919359155,0.00677674775943,0.0186235047877,0.0118467565626
3619,8279,4,15,0.117734640837,0.0413688607514,0.535795390606,0.147658020258,-0.388137370348
3620,881,3,10,0.0502514503896,0.0151977846399,0.0839687585831,0.112150758505,0.0281819999218
3621,7648,2,6,0.050859361887,0.00564857618883,0.0831404775381,0.133176669478,0.0500361919403
3622,1259,2,9,0.0879178419709,0.0368300378323,0.0982665792108,0.148592457175,0.0503258779645
3623,8723,3,9,0.0523040704429,0.000595092773438,0.111825115979,0.0621298067272,-0.0496953092515
3624,1556,2,3,0.21065826714,0.0268494337797,0.805079579353,0.219252347946,-0.585827231407
3626,255,4,4,0.0973318815231,0.0555993653834,0.0141082918271,0.0143428891897,0.000234597362578
3627,9172,4,5,0.0806579291821,0.0284605417401,0.2196598351,0.11139947176,-0.10826036334
3628,6545,1,4,0.072819955647,0.0281579531729,0.0321063436568,0.0449248887599,0.0128185451031
3629,172,4,6,0.0774982348084,0.0258203689009,0.237746059895,0.137947931886,-0.0997981280088
3630,7378,2,6,0.0670018866658,0.0202823914587,0.968934297562,0.733423531055,-0.235510766506
3632,5665,1,5,0.116083145142,0.0355301424861,0.0746079534292,0.0256448630244,-0.0489630922675
3633,1011,5,8,0.0757924541831,0.0252212323248,0.371907681227,0.165677651763,-0.206230029464
3634,1020,3,22,0.0187277365476,0.00462320866063,0.0246231239289,0.0237641576678,-0.000858966261148
3635,1685,6,10,0.0720599368215,0.0407356470823,0.131780534983,0.0539868287742,-0.0777937024832
3636,7491,4,7,0.0666611492634,0.0139699690044,0.17947909236,0.109892331064,-0.0695867612958
3637,5643,2,6,0.069068364799,0.0140098948032,0.07130972296,0.0678848773241,-0.00342484563589
3638,6959,2,8,0.0772398933768,0.0133318342268,0.162685185671,0.286008566618,0.123323380947
3639,6973,2,7,0.0452143140137,0.0182373933494,0.517258226871,0.422800540924,-0.0944576859474
3640,772,7,23,0.0330884717405,0.0120577700436,0.157201737165,0.234520420432,0.0773186832666
3641,6907,7,13,0.118220947683,0.0390999242663,0.0867107361555,0.166599169374,0.079888433218
3642,9221,4,10,0.136759385467,0.106391936541,0.829060912132,0.424018114805,-0.405042797327
3643,1208,3,14,0.0480514615774,0.0138960490003,0.412020176649,0.242417499423,-0.169602677226
3645,3398,2,3,0.0503006279469,0.00754778133705,0.182280525565,0.159238085151,-0.0230424404144
3646,5593,2,6,0.073917709291,0.00446720421314,0.42571669817,0.220531344414,-0.205185353756
3647,207,3,6,0.045661021024,0.0107998596504,0.145866930485,0.208375811577,0.0625088810921
3648,8929,3,6,0.0775185972452,0.0261203721166,0.138172656298,0.10954900831,-0.0286236479878
3649,5646,1,4,0.185624942183,0.0425871908665,0.878639817238,0.32716345787,-0.551476359367
3650,6330,6,12,0.196805879474,0.0576449818909,0.953552782536,0.428703159094,-0.524849653244
3651,2039,2,23,0.09753973037,0.0289038363844,0.067400611937,0.0458513312042,-0.0215492807329
3652,748,15,56,0.10191270709,0.0169277135283,0.360808163881,0.469981223345,0.109173059464
3653,3322,1,7,0.0545991249382,0.0126499598846,0.121189266443,0.0743293389678,-0.0468599274755
3654,7923,1,7,0.0431877858937,0.00729954056442,0.094951428473,0.041980907321,-0.052970521152
3655,7586,1,7,0.0386268906295,0.00499999569729,0.00463205389678,0.00641452008858,0.0017824661918
3656,5238,6,10,0.0285913851112,0.0124347563833,0.0535592697561,0.040026742965,-0.0135325267911
3657,7337,7,33,0.0442979633808,0.010225597769,0.0101570887491,0.0777237415314,0.0675666555762
3658,2535,1,6,0.0917946919799,0.0221444312483,0.123595133424,0.194155588746,0.0705604553223
3659,6457,4,9,0.0483843274415,0.00666082417592,0.295546621084,0.16936057806,-0.126186043024
3660,5326,4,6,0.0580944530666,0.00486913183704,0.0955302491784,0.0323602817953,-0.0631699711084
3662,6042,10,17,0.0487378649414,0.0182391181588,0.519144177437,0.536507487297,0.0173633098602
3663,107,3,23,0.0880736634135,0.0161194223911,0.273871123791,0.218252494931,-0.0556186288595
3665,5465,3,5,0.0182499680668,0.00452575506642,0.270284473896,0.288138151169,0.0178536772728
3666,6452,4,7,0.0903396978974,0.0199252907187,0.258267879486,0.0772721469402,-0.180995732546
3667,5217,5,5,0.0395708419383,0.0237580873072,0.0760993435979,0.0354760251939,-0.040623318404
3669,5393,2,10,0.121746867895,0.0091113243252,0.69569259882,0.309734940529,-0.385957658291
3670,3919,2,5,0.0440555475652,0.0140240518376,0.028003918007,0.03787310794,0.00986918993294
3671,3919,2,5,0.0602679550648,0.017587037757,0.154715940356,0.128898099065,-0.0258178412914
3672,2153,3,7,0.158746674657,0.0595780834556,0.028097383678,0.113103896379,0.0850065127015
3673,7117,1,4,0.0505279563367,0.0106983156875,0.015498121269,0.029794504866,0.014296383597
3674,2404,2,4,0.0367642231286,0.0079313274473,0.0395746901631,0.0841352343559,0.0445605441928
3675,4044,2,7,0.0378394499421,0.0109283030033,0.299095153809,0.261979967356,-0.0371151864529
3677,6606,15,36,0.0996142923832,0.0184423401952,0.145782396197,0.0602839440107,-0.0854984521866
3679,8953,4,4,0.0568633563817,0.0199402198195,0.0207174830139,0.0157838296145,-0.00493365339935
3681,8128,3,6,0.0722609013319,0.0210457928479,0.0611832402647,0.0667897388339,0.00560649856925
3682,8115,1,8,0.110739983618,0.0332798361778,0.00796774495393,0.0121257016435,0.0041579566896
3683,4079,4,5,0.0551585555077,0.0108286458999,0.0935834720731,0.0826751589775,-0.0109083130956
3684,1771,20,57,0.0408547893167,0.0174856409431,0.0198919028044,0.0249972175807,0.0051053147763
3685,5611,3,17,0.0350181795657,0.000845383736305,0.0502083301544,0.0241484474391,-0.0260598827153
3686,6851,20,69,0.105730630457,0.0418836958706,0.0443886034191,0.0222633872181,-0.0221252162009
3687,6847,3,15,0.125165313482,0.00566921010613,0.34691119194,0.0381624847651,-0.308748722076
3688,4546,6,19,0.0785567983985,0.0228287801147,0.109073378146,0.103513203561,-0.00556017458439
3689,7878,18,41,0.0533369779587,0.0286340154707,0.45402225852,0.357880234718,-0.0961420238018
3690,4179,2,17,0.0537618398666,0.010859916918,0.171543642879,0.245035350323,0.0734917074442
3691,6726,3,7,0.0891845151782,0.0306000169367,0.803793549538,0.465017795563,-0.338775753975
3692,839,4,11,0.060563147068,0.0150602702051,0.00627835234627,0.0155202159658,0.0092418640852
3693,1133,39,92,0.0995631217957,0.0279660094529,0.756684780121,0.514232814312,-0.242451965809
3695,1063,3,6,0.101991377771,0.0953062921762,0.967684447765,0.668111085892,-0.299573361874
3696,1618,3,12,0.0513088107109,0.0156680867076,0.0832354277372,0.105014510453,0.0217790827155
3697,3407,20,62,0.0640508159995,0.039449583739,0.0924320667982,0.10938283056,0.016950763762
3698,2585,1,6,0.0792459994555,0.00746730295941,0.0912153348327,0.110402978957,0.019187644124
3699,4401,7,23,0.107932604849,0.0486213304102,0.837040424347,0.46342381835,-0.373616605997
3700,6527,2,6,0.067633099854,0.0385545380414,0.144715860486,0.245407521725,0.100691661239
3701,3078,6,28,0.108567751944,0.0355120636523,0.293470144272,0.196138635278,-0.0973315089941
3702,2596,5,35,0.0102630071342,0.00777526339516,0.983109712601,0.931390762329,-0.0517189502716
3703,902,1,8,0.151448652148,0.0512483306229,0.333221107721,0.166326418519,-0.166894689202
3704,6691,7,16,0.127067968249,0.0245960317552,0.0591676235199,0.0480366162956,-0.0111310072243
3705,2616,7,26,0.106158435345,0.0754266157746,0.283885329962,0.594477415085,0.310592085123
3706,119,2,5,0.0525192320347,0.026571335271,0.19237844646,0.309347420931,0.116968974471
3707,28,4,16,0.0731858238578,0.0173122100532,0.0281412787735,0.0353032834828,0.00716200470924
3708,771,3,16,0.0334140360355,0.0229142233729,0.928730130196,0.786148309708,-0.142581820488
3709,1161,9,19,0.038525249809,0.0110969692469,0.762482762337,0.553951263428,-0.208531498909
3710,8581,9,38,0.0852376297116,0.00855374615639,0.0764775201678,0.223243191838,0.146765679121
3711,290,11,21,0.0743306875229,0.0249369889498,0.037177272141,0.0493391416967,0.0121618695557
3712,7122,2,4,0.0534174256027,0.0496920496225,0.205250933766,0.11479755491,-0.0904533788562
3713,106,16,48,0.00363137689419,0.000946263608057,0.921697556973,0.941399097443,0.0197015404701
3714,1250,9,29,0.0441164039075,0.0102903256193,0.347801506519,0.374235272408,0.0264337658882
3715,757,5,28,0.0482697673142,0.0324889831245,0.743010699749,0.521082818508,-0.221927881241
3716,949,1,7,0.058383513242,0.0129448585212,0.124030686915,0.0639461949468,-0.0600844919682
3717,3187,1,8,0.0635725855827,0.0251270513982,0.0517937541008,0.0619456581771,0.0101519040763
3718,1957,2,4,0.0528854727745,0.0070961243473,0.0303595326841,0.0431065447628,0.0127470120788
3719,8740,2,9,0.0459322445095,0.012718051672,0.263873279095,0.288150757551,0.0242774784565
3720,5244,7,14,0.062330853194,0.00490082753822,0.0510867312551,0.0729603096843,0.0218735784292
3721,5244,2,8,0.0571381896734,0.0408612638712,0.0727070271969,0.0729366466403,0.000229619443417
3722,6822,2,11,0.0866324529052,0.0240443758667,0.0295966826379,0.074630536139,0.0450338535011
3723,5929,2,4,0.06318218261,0.0245640724897,0.0379092432559,0.100616365671,0.0627071261406
3724,7463,3,9,0.0634145215154,0.00744722736999,0.993294000626,0.797913253307,-0.195380747318
3725,4393,2,11,0.036384537816,0.0232652053237,0.690599143505,0.529093921185,-0.161505222321
3726,7402,7,7,0.0529083795846,0.0393049679697,0.0209594145417,0.0332194976509,0.0122600831091
3727,2275,2,7,0.153256356716,0.0915560647845,0.687817871571,0.241401135921,-0.446416735649
3728,476,1,7,0.0288735385984,0.00913345906883,0.17210637033,0.24814748764,0.0760411173105
3729,363,2,24,0.0486208051443,0.0322107262909,0.715364038944,0.549870789051,-0.165493249893
3730,3983,2,12,0.0339107476175,0.00490863621235,0.29891577363,0.348493427038,0.0495776534081
3731,3389,2,6,0.0360262431204,0.0146192898974,0.498874515295,0.326266288757,-0.172608226538
3732,344,3,19,0.0574283562601,0.0604472160339,0.853816568851,0.625190377235,-0.228626191616
3733,4323,2,6,0.0600505955517,0.0279596149921,0.897758543491,0.663790524006,-0.233968019485
3734,533,3,4,0.0723604261875,0.0285182073712,0.22353990376,0.213567733765,-0.00997216999531
3735,4346,1,5,0.0857283845544,0.0330079719424,0.37016248703,0.245577558875,-0.124584928155
3736,3838,7,13,0.114673793316,0.0324749052525,0.854960024357,0.441135078669,-0.413824945688
3737,5217,3,5,0.11377170682,0.0537713505328,0.32531157136,0.157446458936,-0.167865112424
3738,4034,4,4,0.0296050999314,0.00530906114727,0.259781986475,0.371496796608,0.111714810133
3739,4237,2,14,0.0530786477029,0.0235446728766,0.170353591442,0.110705398023,-0.059648193419
3740,439,1,12,0.0495839603245,0.0446085631847,0.737036049366,0.566126763821,-0.170909285545
3741,164,3,7,0.0408591888845,0.00684054242447,0.0925460010767,0.114590324461,0.0220443233848
3742,350,12,24,0.053418174386,0.0111805591732,0.126052483916,0.123156882823,-0.00289560109377
3743,476,5,10,0.0423579700291,0.0153688583523,0.0649418085814,0.139605104923,0.0746632963419
3744,378,2,21,0.00679949717596,0.00762299820781,0.998188912868,0.975528538227,-0.0226603746414
3746,1316,5,4,0.0322917550802,0.0194838251919,0.402839422226,0.28614500165,-0.116694420576
3747,1316,2,10,0.116651661694,0.030936576426,0.256681591272,0.347353249788,0.0906716585159
3748,1005,3,9,0.0978322029114,0.0545992739499,0.424673169851,0.359498500824,-0.0651746690273
3749,5570,1,1,0.0527982152998,0.00407078070566,0.0653286874294,0.0298275873065,-0.0355011001229
3751,1018,2,7,0.0284222662449,0.00837761349976,0.190981224179,0.210305511951,0.0193242877722
3752,1522,5,3,0.0532126426697,0.0174035169184,0.0230892989784,0.0174997169524,-0.005589582026
3753,1205,5,11,0.0459263660014,0.0177707783878,0.564717531204,0.538807809353,-0.0259097218513
3754,1316,3,5,0.0684937015176,0.00817087851465,0.090286411345,0.21186812222,0.121581710875
3756,278,2,5,0.0137154385448,0.000933666189667,0.850942850113,0.764807164669,-0.0861356854439
3758,6587,3,4,0.0509556047618,0.00641028955579,0.0809082537889,0.0880513489246,0.00714309513569
3759,5560,15,25,0.0735563859344,0.0242131650448,0.353726059198,0.171457409859,-0.18226864934
3760,4313,9,10,0.0396908484399,0.0423809252679,0.0383998602629,0.0513834357262,0.0129835754633
3761,230,3,11,0.0218053180724,0.00345542095602,0.383878082037,0.35145393014,-0.0324241518974
3762,2052,2,5,0.1723408252,0.0359983257949,0.771012425423,0.248174309731,-0.522838115692
3763,8737,1,6,0.0401001721621,0.00871639512479,0.0216442029923,0.0305635314435,0.00891932845116
3764,2996,2,7,0.0563408285379,0.0271260030568,0.172163292766,0.14061576128,-0.0315475314856
3765,3374,3,7,0.101524241269,0.048578646034,0.751654326916,0.41074860096,-0.340905725956
3766,7821,3,13,0.0407225377858,0.00390340294689,0.0318897552788,0.0412105768919,0.00932082161307
3768,3472,1,2,0.0787114873528,0.0291566681117,0.0302468240261,0.0130753638223,-0.0171714611351
3769,6206,1,4,0.0157117862254,0.00943685229868,0.816164553165,0.758267343044,-0.0578972101212
3770,7587,1,5,0.0526047162712,0.0211440790445,0.00943602528423,0.017631566152,0.00819554086775
3771,5101,1,5,0.101388640702,0.0637108460069,0.817310929298,0.48176535964,-0.335545569658
3772,6443,5,15,0.117498509586,0.052114572376,0.841779947281,0.413872569799,-0.427907377481
3773,3732,18,36,0.0287145916373,0.00830344855785,0.0437464565039,0.0553083382547,0.0115618817508
3775,8678,2,9,0.0430118851364,0.0038878035266,0.0641812384129,0.0633805841208,-0.000800654292107
3776,1604,2,4,0.078262142837,0.0632319375873,0.0644895806909,0.0465226769447,-0.0179669037461
3777,1814,4,15,0.0398636162281,0.0030024938751,0.298204958439,0.277117103338,-0.0210878551006
3778,4467,3,8,0.0524319596589,0.018185198307,0.237143069506,0.175045728683,-0.0620973408222
3779,3214,8,31,0.115760475397,0.0791787952185,0.78164434433,0.387449890375,-0.394194453955
3780,456,8,17,0.0812735930085,0.0756635740399,0.786620020866,0.537783920765,-0.248836100101
3781,1010,14,39,0.0476343519986,0.0135893886909,0.134792849422,0.145783796906,0.010990947485
3782,1629,6,5,0.0566624403,0.00713250087574,0.0289056580514,0.0441624484956,0.0152567904443
3783,2923,1,5,0.0619260668755,0.0343994125724,0.490328967571,0.251515954733,-0.238813012838
3784,574,3,11,0.100342534482,0.0489119775593,0.210594892502,0.353451699018,0.142856806517
3785,853,2,8,0.0587369613349,0.0141799561679,0.214768499136,0.144083052874,-0.0706854462624
3786,919,2,4,0.0508728511631,0.0100828390568,0.205775216222,0.164815619588,-0.0409595966339
3787,440,7,10,0.0372884981334,0.0234023761004,0.385579645634,0.474574327469,0.0889946818352
3788,467,4,5,0.0505268536508,0.0235713627189,0.200943693519,0.175658658147,-0.0252850353718
3789,196,1,3,0.0682693496346,0.0385364815593,0.0793819949031,0.148537054658,0.0691550597548
3790,435,2,6,0.0724229738116,0.0521423481405,0.389627128839,0.32156264782,-0.06806448102
3791,4545,10,42,0.107367545366,0.0301262289286,0.135296195745,0.0917959213257,-0.0435002744198
3792,7564,11,21,0.127658098936,0.0276982299984,0.0349369347095,0.0507350601256,0.015798125416
3793,7622,2,12,0.0492339767516,0.0120591167361,0.201785102487,0.107897125185,-0.0938879773021
3794,7296,12,33,0.0883837938309,0.0555240511894,0.0829816162586,0.0953876376152,0.0124060213566
3795,6931,5,24,0.0695689097047,0.0242547467351,0.0642178952694,0.0639545097947,-0.000263385474682
3796,1833,3,9,0.0954461097717,0.0219466798007,0.205654367805,0.17615377903,-0.0295005887747
3797,6084,1,7,0.0428655482829,0.00318144843914,0.0574051253498,0.0451972298324,-0.0122078955173
3798,1390,8,17,0.0650787875056,0.0362437963486,0.0455562584102,0.0313680954278,-0.0141881629825
3800,7734,1,11,0.0573120824993,0.0214443150908,0.0389114320278,0.0220624580979,-0.0168489739299
3801,5571,7,32,0.087194532156,0.0481786839664,0.298804670572,0.457167983055,0.158363312483
3802,8932,11,14,0.0497371256351,0.012229250744,0.091644898057,0.0775276571512,-0.0141172409058
3803,2352,4,2,0.0464927963912,0.00970726460218,0.145853981376,0.102005816996,-0.0438481643796
3804,1939,2,4,0.0348156094551,0.0241299159825,0.167072862387,0.153641536832,-0.0134313255548
3806,3623,3,5,0.0520726703107,0.0206588786095,0.103698469698,0.0815098509192,-0.0221886187792
3807,1815,4,16,0.0880975350738,0.0406681261957,0.263875603676,0.133129581809,-0.130746021867
3808,1835,1,13,0.0584479123354,0.0240353252739,0.119680151343,0.0787181034684,-0.0409620478749
3809,2598,4,2,0.0301662236452,0.00642072828487,0.0510623678565,0.062102701515,0.0110403336585
3811,3657,5,7,0.0397391729057,0.00528064323589,0.304081261158,0.277924925089,-0.0261563360691
3812,771,11,30,0.148253008723,0.105148881674,0.0975652337074,0.475203663111,0.377638429403
3813,944,4,11,0.0238936189562,0.0154896080494,0.903882205486,0.777178525925,-0.126703679562
3814,6961,1,6,0.0552027337253,0.00568307423964,0.0722612515092,0.0514587461948,-0.0208025053144
3815,7301,4,24,0.0578690171242,0.0185687728226,0.128563508391,0.238465607166,0.109902098775
3816,5512,14,26,0.0485911332071,0.0270390864462,0.0672904849052,0.0255574826151,-0.0417330041528
3817,1136,3,5,0.120513297617,0.0383388102055,0.461434304714,0.176419600844,-0.285014688969
3818,3657,2,16,0.0745098516345,0.0335082225502,0.201266169548,0.20821672678,0.0069505572319
3819,409,2,15,0.0307374987751,0.00647276686504,0.475421786308,0.309836894274,-0.165584892035
3820,7297,5,11,0.0839444026351,0.0103288814425,0.174661502242,0.0550688616931,-0.119592636824
3821,7679,4,7,0.0519094057381,0.0100427754223,0.0338798798621,0.0176714863628,-0.0162083934993
3822,1801,3,9,0.132398664951,0.0428128428757,0.695322811604,0.267253309488,-0.428069502115
3824,1996,4,4,0.0725935697556,0.00292579084635,0.640020310879,0.337549000978,-0.3024713099
3825,4675,5,10,0.136216431856,0.0276476796716,0.511047661304,0.121220998466,-0.389826655388
3826,6282,4,12,0.092980645597,0.0335752591491,0.110158793628,0.161285981536,0.0511271879077
3828,1250,6,11,0.0596085898578,0.00908476021141,0.0541160963476,0.0295490249991,-0.0245670713484
3829,2134,1,3,0.0607914887369,0.026803586632,0.00730288075283,0.010129051283,0.00282617053017
3830,7929,7,11,0.0607540607452,0.0109311304986,0.135469153523,0.0698206722736,-0.0656484812498
3832,1561,2,6,0.0832802653313,0.0146869793534,0.0260051768273,0.0113929333165,-0.0146122435108
3833,2629,1,1,0.0615609772503,0.011425267905,0.0142592471093,0.023312645033,0.00905339792371
3834,6013,2,5,0.054008051753,0.0225774440914,0.30322766304,0.157179221511,-0.146048441529
3835,4769,7,12,0.0890124440193,0.0212462190539,0.309587359428,0.218880876899,-0.0907064825296
3836,1726,7,16,0.0638944655657,0.00690017919987,0.0802270844579,0.0371757745743,-0.0430513098836
3837,6725,8,28,0.0736491009593,0.0290032625198,0.253042936325,0.180540040135,-0.0725028961897
3838,1644,44,102,0.164554953575,0.0368469394743,0.311923712492,0.217874720693,-0.0940489917994
3839,6126,3,22,0.0495198369026,0.0251737777144,0.394704908133,0.311361789703,-0.0833431184292
3840,3682,8,24,0.0475221984088,0.0161302573979,0.0897003561258,0.0836201533675,-0.00608020275831
3841,1951,6,12,0.0811013802886,0.0249799750745,0.11425986886,0.109411038458,-0.0048488304019
3842,8732,2,17,0.0816016122699,0.046716760844,0.0519450046122,0.0554078109562,0.00346280634403
3843,3946,2,8,0.0850872397423,0.0542159974575,0.0196334775537,0.0431800372899,0.0235465597361
3844,7665,10,16,0.0322032868862,0.0108699193224,0.204309552908,0.209921821952,0.00561226904392
3845,6457,8,19,0.067814014852,0.0186948012561,0.16087679565,0.105232991278,-0.0556438043714
3846,6742,7,11,0.0439989380538,0.0127237951383,0.0133778983727,0.0207823906094,0.00740449223667
3847,5560,1,12,0.062074881047,0.0107359439135,0.229926526546,0.127641484141,-0.102285042405
3848,4970,1,5,0.0535049885511,0.00385452853516,0.0906802937388,0.155835449696,0.0651551559567
3850,7459,1,15,0.141514822841,0.0353605113924,0.112118512392,0.0733184814453,-0.0388000309467
3852,7462,3,7,0.0535351447761,0.0162231642753,0.342727303505,0.164543315768,-0.178183987737
3853,3789,7,12,0.134950831532,0.0187173541635,0.72995954752,0.291063517332,-0.438896030188
3854,7459,7,21,0.0512994416058,0.0103060780093,0.0135522708297,0.0247475598007,0.0111952889711
3855,7459,1,10,0.0401681102812,0.00856349151582,0.267005681992,0.156186327338,-0.110819354653
3856,790,4,2,0.0422544963658,0.00819674693048,0.273551642895,0.209709748626,-0.063841894269
3857,9220,5,16,0.066412948072,0.0149632794783,0.0679123550653,0.089050590992,0.0211382359266
3858,797,2,10,0.0378050543368,0.0206326469779,0.0236977599561,0.0252332091331,0.00153544917703
3860,1049,2,5,0.039476621896,0.00828655529767,0.0122216362506,0.0197381805629,0.00751654431224
3861,4090,2,5,0.0791338458657,0.0172041337937,0.0628770813346,0.0532266236842,-0.00965045765042
3862,3423,6,14,0.0848294794559,0.037008933723,0.25504553318,0.258530497551,0.00348496437073
3863,860,2,5,0.0396157875657,0.0107783498242,0.213450327516,0.199108287692,-0.0143420398235
3864,2028,3,5,0.0677739754319,0.0199271496385,0.190264582634,0.0886433050036,-0.10162127763
3865,4318,6,16,0.0838091149926,0.0213152002543,0.0128755569458,0.00572110479698,-0.00715445214882
3866,437,1,7,0.0247336868197,0.00750601384789,0.659754931927,0.742630183697,0.08287525177
3867,6973,5,30,0.0391229428351,0.0055667925626,0.238082498312,0.265701204538,0.0276187062263
3868,4743,11,24,0.0650403276086,0.0210076570511,0.118878699839,0.174858734012,0.0559800341725
3869,1974,3,5,0.0902680829167,0.02159967646,0.179581940174,0.121050834656,-0.0585311055183
3870,1570,3,10,0.0564187578857,0.00848026294261,0.0451819337904,0.0266829878092,-0.0184989459813
3871,5436,1,10,0.0608963221312,0.018277965486,0.574547290802,0.39599981904,-0.178547471762
3872,3328,3,5,0.0678656324744,0.0144001096487,0.0760455057025,0.103148162365,0.0271026566625
3873,3101,49,132,0.0331442840397,0.0209300592542,0.215079143643,0.359590917826,0.144511774182
3874,8824,5,20,0.0618332959712,0.0360557064414,0.0475918613374,0.0846818014979,0.0370899401605
3875,5353,3,7,0.131673976779,0.0179657060653,0.1953137815,0.17824716866,-0.0170666128397
3876,5369,5,10,0.115875013173,0.0091375047341,0.265908300877,0.256000369787,-0.0099079310894
3877,2314,2,14,0.0515082925558,0.00906762480736,0.0465874448419,0.0523796863854,0.00579224154353
3878,3316,2,6,0.0318099372089,0.00377805274911,0.130490079522,0.177858904004,0.047368824482
3879,8824,6,22,0.0794789195061,0.0428015701473,0.0863111764193,0.0464530549943,-0.0398581214249
3880,8214,2,7,0.077436029911,0.0177708882838,0.016860935837,0.0254283193499,0.00856738351285
3881,2399,4,13,0.0875413417816,0.0282225739211,0.572245180607,0.320386320353,-0.251858860254
3882,6240,2,6,0.0484425909817,0.027378693223,0.0366999097168,0.0614176094532,0.0247176997364
3883,990,4,7,0.0638005435467,0.0164146274328,0.0287597160786,0.0360384248197,0.00727870874107
3884,2891,2,4,0.0593064129353,0.00564069766551,0.195372611284,0.189886912704,-0.00548569858074
3885,6576,8,26,0.0440923422575,0.00423385342583,0.0273720026016,0.0237057786435,-0.00366622395813
3886,8568,8,34,0.0830492377281,0.0386141687632,0.153665944934,0.106048054993,-0.0476178899407
3887,3593,1,7,0.129558101296,0.094824232161,0.0141275152564,0.0313247032464,0.01719718799
3888,7583,1,5,0.0807713568211,0.0372648574412,0.0136252436787,0.0345205105841,0.0208952669054
3889,6545,4,2,0.100776225328,0.0706718489528,0.575128674507,0.272607803345,-0.302520871162
3891,782,7,5,0.0372627712786,0.0124846315011,0.0272630192339,0.0347902141511,0.0075271949172
3893,8107,2,18,0.040434319526,0.0108007388189,0.0312171373516,0.0402146205306,0.00899748317897
3894,293,7,8,0.0532070547342,0.0329095311463,0.619553744793,0.400971263647,-0.218582481146
3895,481,4,14,0.0887117311358,0.0198360979557,0.174986749887,0.0302196741104,-0.144767075777
3896,1034,3,2,0.0583574660122,0.0262331925333,0.0380322672427,0.0493620224297,0.011329755187
3897,8075,5,16,0.0715022608638,0.0397940017283,0.401795476675,0.210328146815,-0.19146732986
3898,350,4,7,0.0688896402717,0.00571123231202,0.418032705784,0.188965335488,-0.229067370296
3899,596,6,16,0.0350109711289,0.00594459613785,0.178057715297,0.164574250579,-0.0134834647179
3900,362,6,8,0.00654095364735,0.00152857415378,0.909147560596,0.857880651951,-0.0512669086456
3901,6779,21,71,0.129457399249,0.0789862275124,0.803984880447,0.489107131958,-0.314877748489
3902,3526,4,9,0.0510145239532,0.00857991818339,0.0847241356969,0.0615324564278,-0.0231916792691
3903,6502,5,18,0.10265776515,0.0119832316414,0.0193213354796,0.0469227619469,0.0276014264673
3904,7632,6,5,0.0662733241916,0.0202187877148,0.0318263657391,0.0504851751029,0.0186588093638
3905,4748,2,9,0.0700768455863,0.0249179899693,0.662810564041,0.353029996157,-0.309780567884
3907,1460,2,4,0.0749514177442,0.00665744999424,0.303450793028,0.0777413845062,-0.225709408522
3908,1517,2,6,0.0330403260887,0.00821979343891,0.41653162241,0.396654486656,-0.0198771357536
3909,5411,2,5,0.0407617688179,0.0156189752743,0.192911475897,0.158534392715,-0.0343770831823
3910,1850,2,8,0.103331893682,0.0141203096136,0.0234520602971,0.0852671861649,0.0618151277304
3911,1828,11,25,0.120490968227,0.0297658406198,0.391476631165,0.127932578325,-0.263544052839
3912,2678,1,10,0.108855217695,0.044247046113,0.0434594862163,0.0111188143492,-0.0323406718671
3913,5974,2,8,0.0518756955862,0.0168002452701,0.0872391685843,0.0636750385165,-0.0235641300678
3915,2337,1,3,0.182215049863,0.0415122061968,0.0174053013325,0.041245598346,0.0238402970135
3916,5753,10,14,0.108239322901,0.0345064625144,0.22017736733,0.273951292038,0.0537739247084
3917,6531,3,10,0.0920158103108,0.00914397463202,0.524162709713,0.200671553612,-0.323491156101
3918,7439,2,7,0.0440400540829,0.00781992450356,0.0348551906645,0.0358577370644,0.00100254639983
3919,4897,7,5,0.0609409213066,0.00418266188353,0.574297368526,0.270757526159,-0.303539842367
3920,1818,5,14,0.0827987194061,0.0228110179305,0.0489772520959,0.0272769331932,-0.0217003189027
3921,2885,3,4,0.0914331302047,0.0173915922642,0.0186735782772,0.0023324189242,-0.0163411591202
3923,1058,1,6,0.0732246413827,0.0193582382053,0.401790887117,0.419068813324,0.0172779262066
3924,3290,8,11,0.120319522917,0.0272443369031,0.0229617841542,0.0203409157693,-0.00262086838484
3925,7432,3,7,0.14408493042,0.0412536710501,0.697028815746,0.276719838381,-0.420308977365
3926,5400,3,3,0.0606466494501,0.0272776912898,0.053456466645,0.14332164824,0.0898651778698
3927,7393,5,2,0.0672188773751,0.0287973266095,0.0119428904727,0.0329726301134,0.021029740572
3928,1131,1,9,0.088509477675,0.0245623849332,0.202391862869,0.32384327054,0.121451407671
3929,7247,8,20,0.108137272298,0.00606747483835,0.226394087076,0.256741732359,0.0303476452827
3930,4660,1,5,0.0241368990391,0.00276737823151,0.551967263222,0.521401047707,-0.0305662155151
3931,7806,2,5,0.0698466822505,0.0500653274357,0.331598490477,0.164876028895,-0.166722461581
3932,3700,2,9,0.0666487962008,0.0231818128377,0.213422939181,0.240208253264,0.0267853140831
3933,839,1,4,0.0515717677772,0.0250358823687,0.0880924612284,0.060852278024,-0.0272401832044
3934,2340,7,28,0.104153610766,0.0298799499869,0.0787938088179,0.0338158346713,-0.0449779741466
3936,7878,6,24,0.0714569464326,0.0147960856557,0.0669307038188,0.0280058179051,-0.0389248877764
3937,2332,3,18,0.113128207624,0.0187952611595,0.90762501955,0.516312658787,-0.391312360764
3939,3148,3,9,0.0802711173892,0.0979775935411,0.918412089348,0.674764335155,-0.243647754192
3940,1641,1,14,0.0581713020802,0.0102870725095,0.0715722069144,0.0734331607819,0.00186095386744
3941,5898,2,2,0.110744990408,0.0216342508793,0.221779376268,0.0700872316957,-0.151692152023
3943,733,1,4,0.117117904127,0.0480255261064,0.512878954411,0.190544173121,-0.322334766388
3944,1093,5,11,0.0516276061535,0.00760465068743,0.012387573719,0.0147046484053,0.00231707468629
3947,2874,2,3,0.0721203908324,0.0217220429331,0.0818247944117,0.106774382293,0.0249495878816
3948,6783,1,7,0.0744668766856,0.0147716747597,0.0405286662281,0.0218284036964,-0.0187002625316
3949,3264,5,6,0.0249540507793,0.00910434219986,0.276417553425,0.238966956735,-0.0374505966902
3950,2933,4,23,0.042539358139,0.00834802910686,0.443851143122,0.40990447998,-0.0339466631413
3951,1449,7,15,0.0875545665622,0.00731311598793,0.0176294986159,0.066488660872,0.0488591641188
3952,370,4,12,0.0339241288602,0.0153547208756,0.960967123508,0.814200818539,-0.14676630497
3953,603,4,14,0.0443049408495,0.00507322046906,0.421909451485,0.26138356328,-0.160525888205
3954,523,3,9,0.0445611290634,0.0108021553606,0.0800812020898,0.164978280663,0.0848970785737
3955,408,1,6,0.0415530949831,0.0260021053255,0.14911057055,0.186788499355,0.0376779288054
3956,332,7,11,0.0406823419034,0.00790229998529,0.637267291546,0.443411201239,-0.193856090307
3957,2933,4,9,0.0376442149282,0.0116825485602,0.123979538679,0.109210334718,-0.0147692039609
3958,598,7,21,0.0845628902316,0.0224146675318,0.897532522678,0.552947580814,-0.344584941864
3959,2991,1,7,0.0694909542799,0.0152191258967,0.150386601686,0.203757122159,0.0533705204725
3960,4506,5,11,0.12849496305,0.0627111941576,0.709204494953,0.253881514072,-0.455322980881
3961,2933,2,4,0.0513811223209,0.0175890028477,0.0970815047622,0.070411734283,-0.0266697704792
3962,1318,4,19,0.0646813586354,0.00321862800047,0.0791456028819,0.0645194128156,-0.0146261900663
3964,271,2,6,0.0638896524906,0.0194280277938,0.455883085728,0.241104125977,-0.214778959751
3965,1005,2,16,0.0791907683015,0.019512405619,0.302542924881,0.576854407787,0.274311482906
3966,1324,1,7,0.070424169302,0.0190361086279,0.165628150105,0.139209866524,-0.0264182835817
3967,3990,4,17,0.0221963021904,0.00724721001461,0.055664960295,0.0616183616221,0.00595340132713
3968,5138,7,7,0.0365579538047,0.00925099849701,0.246288910508,0.168140411377,-0.0781484991312
3969,2933,3,2,0.0486256740987,0.0144543424249,0.0636950135231,0.170191422105,0.106496408582
3970,557,3,4,0.106236673892,0.0308504942805,0.399709612131,0.0714377239347,-0.328271895647
3971,2933,3,4,0.023339651525,0.00581419933587,0.316215902567,0.241345897317,-0.07487000525
3972,5676,2,15,0.0703399702907,0.0335634686053,0.140239477158,0.209920242429,0.0696807652712
3973,2933,1,4,0.0543969087303,0.0245375800878,0.629865527153,0.395397812128,-0.234467715025
3974,2933,2,3,0.122965335846,0.0778649151325,0.695598244667,0.33071872592,-0.364879518747
3975,439,2,5,0.0212944280356,0.0101830596104,0.738058209419,0.650196492672,-0.0878617167473
3976,5831,2,6,0.0638089179993,0.0253452844918,0.321125000715,0.230811908841,-0.0903130918741
3977,8104,1,5,0.0631778761744,0.0212130639702,0.215909868479,0.300545573235,0.0846357047558
3979,2781,4,14,0.0843437612057,0.0114246457815,0.0694944113493,0.0980460271239,0.0285516157746
3980,5919,2,5,0.0569117851555,0.0251259859651,0.143833234906,0.23977856338,0.095945328474
3981,5028,1,3,0.0522288046777,0.0219170507044,0.102827601135,0.133954837918,0.0311272367835
3982,866,2,5,0.0653396174312,0.0167589727789,0.0554389953613,0.0594110377133,0.00397204235196
3983,4066,9,27,0.159554496408,0.0394736342132,0.0667064636946,0.184500098228,0.117793634534
3984,2865,4,16,0.0937309861183,0.0492262840271,0.608060836792,0.275702357292,-0.3323584795
3985,9327,3,9,0.0821535512805,0.0106200948358,0.0298363566399,0.0233570057899,-0.00647935084999
3986,8353,4,12,0.0788333788514,0.00669966870919,0.013637217693,0.0605544634163,0.046917244792
3987,8227,2,8,0.0566573552787,0.025193143636,0.0879046916962,0.0838138237596,-0.00409086793661
3988,7976,1,12,0.0220437403768,0.00476257270202,0.0517245531082,0.0895142927766,0.0377897396684
3989,664,2,2,0.0877939239144,0.0372993275523,0.580606520176,0.309454649687,-0.271151870489
3990,718,3,5,0.0443266294897,0.0131317898631,0.209922119975,0.266782253981,0.0568601340055
3991,629,1,3,0.0248009338975,0.0217735413462,0.988729655743,0.896915435791,-0.0918142199516
3992,1409,3,2,0.0997839048505,0.0260535236448,0.0057421028614,0.0262314211577,0.0204893182963
3993,9058,1,6,0.0711985304952,0.0377941392362,0.204885154963,0.0785868242383,-0.126298338175
3994,5276,16,31,0.106907337904,0.0262006688863,0.00824025925249,0.0101866023615,0.00194634310901
3995,1595,3,18,0.0878424048424,0.013975052163,0.00729570258409,0.00667360099033,-0.000622101593763
3996,4660,10,23,0.0793587267399,0.0122483316809,0.444214403629,0.178667649627,-0.265546739101
3997,8260,1,5,0.0534511692822,0.0208520330489,0.0451456569135,0.0401367209852,-0.00500893592834
3998,355,3,11,0.0524205453694,0.0248813964427,0.1347938627,0.212793946266,0.0780000835657
3999,7660,5,8,0.139473989606,0.0295848045498,0.877638816833,0.414707183838,-0.462931632996
4001,7817,3,5,0.0709060057998,0.0258561428636,0.0112963197753,0.0606640167534,0.0493676960468
4002,5872,5,7,0.073144942522,0.0264498945326,0.0993179827929,0.0871076360345,-0.0122103467584
4003,32,13,23,0.0815348476171,0.0352523215115,0.026444086805,0.0602885447443,0.0338444560766
4004,4484,5,15,0.0331314280629,0.0122553678229,0.478053808212,0.4151866436,-0.0628671646118
4006,929,6,7,0.0534277968109,0.0175739917904,0.491223275661,0.409387350082,-0.0818359255791
4007,912,3,2,0.0623673386872,0.0110706482083,0.0281249731779,0.0162558704615,-0.0118691027164
4008,6477,2,7,0.0436278246343,0.0116741061211,0.0526250302792,0.0663067996502,0.013681769371
4009,2183,2,6,0.0635286569595,0.0209493115544,0.0998741984367,0.106220036745,0.00634583830833
4010,1246,3,23,0.0855757296085,0.0398327820003,0.693174123764,0.363620430231,-0.329553693533
4011,1916,2,6,0.0595895946026,0.00238276622258,0.0282129198313,0.0436671376228,0.0154542177916
4012,943,2,3,0.0591891109943,0.0154706519097,0.114218950272,0.0542216151953,-0.0599973350763
4013,9173,6,4,0.120211623609,0.0884366333485,0.169850498438,0.186089500785,0.016239002347
4014,2148,2,8,0.041898239404,0.0122782345861,0.0758472159505,0.0532200597227,-0.0226271562278
4015,6261,1,7,0.0636827871203,0.0246975757182,0.293695271015,0.16306309402,-0.130632176995
4016,6763,1,8,0.0512406937778,0.0124008432031,0.0697801560163,0.0334375314415,-0.0363426245749
4017,9266,1,13,0.100674271584,0.0108489450067,0.126677975059,0.145006120205,0.0183281451464
4018,5606,1,7,0.0663762614131,0.0398032739758,0.0428781658411,0.0053453524597,-0.0375328138471
4019,1209,5,13,0.124905623496,0.0983753949404,0.73801523447,0.371529459953,-0.366485774517
4020,2639,7,29,0.0781253799796,0.0500645413995,0.682391703129,0.387976884842,-0.294414818287
4021,4341,3,3,0.0611859969795,0.00928315147758,0.143450334668,0.0654829442501,-0.0779673904181
4022,5193,2,5,0.0505199767649,0.0338570065796,0.333026230335,0.226936534047,-0.106089696288
4023,2901,1,3,0.0586883313954,0.0241644736379,0.11442502588,0.0967604741454,-0.0176645517349
4024,4484,1,3,0.0565838329494,0.0129843065515,0.0407451353967,0.0452358312905,0.00449069589376
4025,2903,3,1,0.0623607970774,0.00447103334591,0.0256923530251,0.0255251582712,-0.000167194753885
4026,3307,2,2,0.121337600052,0.0363708846271,0.588845193386,0.209547385573,-0.379297792912
4027,2846,2,8,0.0391575992107,0.0102209690958,0.311264276505,0.293000727892,-0.0182635486126
4028,4070,3,5,0.0451947264373,0.0201414916664,0.442039817572,0.418457359076,-0.0235824584961
4029,1376,3,5,0.0417800210416,0.0145576084033,0.311730563641,0.325584203005,0.0138536393642
4030,4658,5,10,0.0290290415287,0.0149775445461,0.503034174442,0.426196247339,-0.076837927103
4031,3202,3,3,0.0832652971148,0.0232409741729,0.79945653677,0.435863852501,-0.363592684269
4032,134,4,25,0.0152628021315,0.00299689080566,0.888298988342,0.914573967457,0.0262749791145
4033,930,4,8,0.0433452986181,0.0142817990854,0.167920917273,0.249082550406,0.0811616331339
4034,2590,1,5,0.0484646558762,0.0230146348476,0.0375658087432,0.0394302010536,0.00186439231038
4035,682,1,4,0.0279380828142,0.0121455052868,0.188020929694,0.213753938675,0.0257330089808
4037,660,1,7,0.0474083013833,0.0163848418742,0.541180551052,0.663434565067,0.122254014015
4038,739,2,3,0.0548285283148,0.018029846251,0.503725647926,0.460841298103,-0.042884349823
4039,6474,5,12,0.0591297186911,0.010811205022,0.0433600731194,0.079914778471,0.0365547053516
4041,2011,4,7,0.0450196750462,0.0115473754704,0.0342346727848,0.0455504953861,0.0113158226013
4042,5013,1,8,0.0537861138582,0.039736405015,0.00606211926788,0.0502782911062,0.044216170907
4043,7319,6,12,0.0527799129486,0.0113698355854,0.0769753679633,0.0788596495986,0.00188428163528
4044,948,4,8,0.0369093492627,0.0169289372861,0.0103105977178,0.0312364529818,0.0209258552641
4045,4721,1,5,0.109443001449,0.0215983837843,0.242818102241,0.0410677455366,-0.201750352979
4046,771,8,24,0.0488817431033,0.00287586683407,0.592291295528,0.743321239948,0.15102994442
4047,3062,3,4,0.0763014182448,0.00360876019113,0.0400880761445,0.0271834935993,-0.0129045825452
4048,6664,7,21,0.0304659660906,0.00414373772219,0.330767720938,0.314897805452,-0.0158699154854
4049,7010,25,51,0.0384884439409,0.00793340429664,0.0329538434744,0.0711545273662,0.0382006838918
4050,7977,5,20,0.0437483899295,0.00450872024521,0.159049466252,0.232144758105,0.073095291853
4051,1629,6,16,0.0517401099205,0.0131955975667,0.274608552456,0.260691255331,-0.0139172971249
4052,6151,20,41,0.029604723677,0.0105282850564,0.469005286694,0.461372494698,-0.007632791996
4053,2687,4,20,0.0820838212967,0.0301140323281,0.261746048927,0.114671461284,-0.147074580193
4054,5747,2,11,0.0681971386075,0.0379043072462,0.04744021222,0.171529531479,0.124089315534
4055,2909,3,9,0.0469360910356,0.000491133949254,0.122303344309,0.133497878909,0.0111945345998
4056,9119,5,10,0.0382665544748,0.0214179493487,0.31455206871,0.256427079439,-0.0581249892712
4057,9194,11,8,0.0583447031677,0.0096550649032,0.033529188484,0.0266183223575,-0.00691086612642
4058,989,10,23,0.0270850583911,0.00714064016938,0.626790702343,0.586453735828,-0.0403369665146
4059,1063,2,8,0.0860640183091,0.0727933347225,0.774964213371,0.462685257196,-0.312278956175
4060,1404,2,11,0.038184735924,0.0100915348157,0.249228537083,0.297242671251,0.0480141341686
4061,3088,9,19,0.0328215509653,0.0119703616947,0.329079627991,0.217828646302,-0.111250981688
4062,3302,4,25,0.0671862587333,0.0567073263228,0.0139335514978,0.0937782898545,0.0798447355628
4063,3087,1,14,0.0401709079742,0.0181467197835,0.119799166918,0.144032776356,0.0242336094379
4064,2855,1,9,0.0286962538958,0.0129591710865,0.0359380282462,0.0583989582956,0.0224609300494
4065,8073,5,5,0.0314495302737,0.00304059847258,0.00383891863748,0.00303418096155,-0.000804737675935
4066,4055,4,12,0.0453842580318,0.0154516771436,0.123809814453,0.108457170427,-0.0153526440263
4067,2176,11,52,0.084749661386,0.0290584545583,0.187444224954,0.0687126666307,-0.118731558323
4068,3494,2,2,0.0445204637945,0.00774347083643,0.0158023703843,0.0502486489713,0.0344462767243
4069,1631,1,5,0.0878931805491,0.0554376207292,0.517680227757,0.243596360087,-0.274083852768
4070,1631,1,6,0.0685135796666,0.00538360700011,0.0321938283741,0.112152516842,0.079958692193
4071,4934,4,22,0.0447080470622,0.0139359617606,0.405639827251,0.401320695877,-0.00431913137436
4072,7565,3,2,0.0487545579672,0.0236129555851,0.192023798823,0.124646663666,-0.0673771351576
4073,3666,6,8,0.112016253173,0.0395035296679,0.46598058939,0.194448754191,-0.271531820297
4074,4150,2,6,0.0739664062858,0.0343903638422,0.0857920348644,0.0399739816785,-0.0458180531859
4076,4730,14,41,0.058502998203,0.00997722987086,0.284643620253,0.207572758198,-0.0770708620548
4077,1373,3,8,0.0426610670984,0.00966819189489,0.0815034881234,0.0699706673622,-0.0115328207612
4078,4664,1,7,0.0866076722741,0.0369708314538,0.0801061689854,0.025801571086,-0.054304599762
4079,6224,3,13,0.0411318428814,0.0159291420132,0.0256883967668,0.0181980524212,-0.00749034434557
4080,1425,3,21,0.0557491742074,0.028544511646,0.868097186089,0.613982021809,-0.25411516428
4081,4124,5,2,0.0430072881281,0.00429757777601,0.0125357704237,0.019383078441,0.00684730801731
4082,368,3,4,0.092781431973,0.0220656432211,0.0240297820419,0.0134188672528,-0.0106109147891
4083,304,2,8,0.10100146383,0.00977153610438,0.607594311237,0.409890204668,-0.197704106569
4084,664,1,4,0.0395348519087,0.0194542501122,0.984809815884,0.842730224133,-0.142079591751
4088,6339,5,7,0.0822815001011,0.0290725212544,0.29774928093,0.0757119581103,-0.222037315369
4089,910,2,7,0.0602055229247,0.0171404704452,0.058584690094,0.102642841637,0.0440581515431
4090,870,5,2,0.0716764554381,0.0214045401663,0.0652309134603,0.0417715907097,-0.0234593227506
4092,5574,4,7,0.049927610904,0.0015158514725,0.352608770132,0.231985926628,-0.120622843504
4094,5528,2,8,0.129177942872,0.0279044508934,0.635818302631,0.20110706985,-0.43471121788
4095,5510,1,9,0.0805882662535,0.0418199561536,0.110219344497,0.215302959085,0.105083614588
4096,4253,2,5,0.0586466938257,0.0152417588979,0.0615095756948,0.0232147406787,-0.0382948368788
4097,6451,4,7,0.0787993893027,0.00691854441538,0.00429400755093,0.00361156463623,-0.000682442914695
4098,6841,6,23,0.0769262313843,0.0138718923554,0.0979627817869,0.047614838928,-0.0503479428589
4099,6947,4,3,0.0496263951063,0.0107317240909,0.269316256046,0.312638908625,0.0433226525784
4100,7620,4,3,0.0917436778545,0.02541474998,0.0223383139819,0.0444076359272,0.0220693219453
4101,5995,6,8,0.0556275881827,0.0139858266339,0.0577010028064,0.0427349619567,-0.0149660408497
4102,6355,1,1,0.0495819151402,0.00940709002316,0.202703133225,0.108737669885,-0.0939654633403
4103,4197,11,33,0.0830410793424,0.00900315120816,0.0378879457712,0.00790492538363,-0.0299830213189
4104,7714,4,7,0.0957930907607,0.0325268134475,0.00626319414005,0.00736097618937,0.00109778204933
4105,5927,6,22,0.0713073909283,0.0211015213281,0.505711853504,0.393285185099,-0.112426668406
4106,1687,1,5,0.059990465641,0.0180445685983,0.0209170952439,0.0352440886199,0.014326993376
4107,7111,2,4,0.120921574533,0.0379507392645,0.355986356735,0.0921570435166,-0.263829320669
4109,6466,2,6,0.147571176291,0.0589803978801,0.0094041833654,0.0147648351267,0.00536065176129
4110,3001,5,2,0.07777325809,0.0259839389473,0.455128639936,0.206233024597,-0.248895615339
4111,5553,2,5,0.0456749983132,0.0145789645612,0.0246248729527,0.040707256645,0.0160823836923
4113,5045,1,2,0.0609873346984,0.00380225619301,0.180948868394,0.108811549842,-0.0721373185515
4114,5843,2,5,0.0448261350393,0.0182263478637,0.021612059325,0.0463012158871,0.0246891565621
4115,1550,2,4,0.0634348765016,0.00748881697655,0.0716532468796,0.179549634457,0.107896387577
4116,2629,1,4,0.0535932444036,0.00408938387409,0.225818127394,0.0837721452117,-0.142045974731
4117,1384,2,1,0.0500151403248,0.0146027011797,0.0618012808263,0.0590847730637,-0.00271650776267
4118,557,1,21,0.0350536704063,0.0238369908184,0.0876617357135,0.0952148661017,0.00755313038826
4119,327,2,9,0.0252637956291,0.0151033187285,0.46094635129,0.390427827835,-0.0705185234547
4120,570,2,10,0.0539241544902,0.0131359389052,0.405140668154,0.225195884705,-0.179944783449
4121,3509,4,18,0.0339993312955,0.0280249733478,0.628925025463,0.489729732275,-0.139195293188
4123,255,3,4,0.0588462613523,0.0103821456432,0.37812641263,0.298273533583,-0.0798528790474
4124,2941,2,3,0.0549504421651,0.00763259828091,0.0398832373321,0.0634258985519,0.0235426612198
4126,630,5,4,0.057634010911,0.0251961294562,0.050297178328,0.206193491817,0.155896306038
4127,8101,1,4,0.0950721278787,0.0513450875878,0.69222176075,0.364067882299,-0.32815387845
4129,6989,3,5,0.0727890953422,0.0109026366845,0.0476056858897,0.0334702134132,-0.0141354724765
4130,4281,2,4,0.027010127902,0.00778397917747,0.0307898670435,0.0244017150253,-0.00638815201819
4131,779,5,18,0.0994753912091,0.00827583577484,0.347665458918,0.0946727991104,-0.252992659807
4132,7406,2,7,0.11592259258,0.0330111347139,0.130528509617,0.0364753454924,-0.0940531641245
4133,338,2,11,0.0531833171844,0.00930827390403,0.0352194420993,0.029135286808,-0.00608415529132
4134,1432,4,9,0.0684200003743,0.0374139770865,0.032847519964,0.0211964454502,-0.0116510745138
4135,8085,3,2,0.0492845289409,0.0113874226809,0.255759418011,0.175939500332,-0.0798199176788
4136,4658,1,6,0.04694384709,0.0124604711309,0.288669854403,0.286556452513,-0.0021134018898
4137,839,2,5,0.0404561273754,0.0381580553949,0.994853794575,0.871345996857,-0.123507797718
4138,2758,2,11,0.082703910768,0.0438840687275,0.732222437859,0.41075232625,-0.321470111609
4140,7821,1,6,0.0903898403049,0.0225274097174,0.0477612987161,0.0609288103878,0.0131675116718
4141,4086,3,5,0.0396331399679,0.00849895365536,0.202534973621,0.157021924853,-0.045513048768
4142,4102,4,10,0.0657863095403,0.0113653093576,0.431242972612,0.284307032824,-0.146935939789
4143,4086,1,4,0.0954766646028,0.0301983430982,0.0689300373197,0.143869206309,0.0749391689897
4144,4358,2,6,0.0494047068059,0.0113786272705,0.413747280836,0.209573552012,-0.204173728824
4145,4087,4,9,0.047594666481,0.0197779815644,0.177857622504,0.165215134621,-0.0126424878836
4146,4087,1,6,0.10485676676,0.016727976501,0.0806316137314,0.179991915822,0.0993603020906
4147,4087,2,7,0.0563861839473,0.0140776783228,0.00445961533114,0.00682779913768,0.00236818380654
4148,884,4,10,0.075884513557,0.00870302319527,0.363244473934,0.205527707934,-0.157716766
4149,427,7,17,0.0602846331894,0.0166624933481,0.0625558197498,0.120868124068,0.058312304318
4150,270,2,5,0.0453745760024,0.0156411956996,0.356219291687,0.263880133629,-0.0923391580582
4152,2960,1,4,0.104743279517,0.0137774618343,0.00845115631819,0.00886343047023,0.00041227415204
4153,8032,21,54,0.083157017827,0.0068947779946,0.00079983175965,0.00110310933087,0.00030327757122
4154,2931,6,16,0.0427702628076,0.00671495078132,0.0386691950262,0.0757841765881,0.0371149815619
4155,6494,1,9,0.0528636425734,0.0166821479797,0.389139145613,0.227872774005,-0.161266371608
4156,273,3,11,0.0414615385234,0.0189681053162,0.131609871984,0.16859126091,0.0369813889265
4157,399,3,13,0.0625226870179,0.0276414304972,0.050663985312,0.0932079777122,0.0425439924002
4158,1516,2,8,0.0466140396893,0.00944857951254,0.0226270258427,0.0293323192745,0.00670529343188
4159,1896,5,7,0.0553075969219,0.00577207934111,0.129498913884,0.106371425092,-0.0231274887919
4160,2165,3,11,0.0543802529573,0.00888421945274,0.16618271172,0.189224600792,0.0230418890715
4161,4403,2,11,0.0333985649049,0.00855739228427,0.0918786525726,0.0909046754241,-0.000973977148533
4162,2206,2,13,0.0846268162131,0.0207101628184,0.0367065370083,0.0570038966835,0.0202973596752
4163,1636,5,5,0.0587393753231,0.00578742753714,0.0123204793781,0.046303793788,0.0339833125472
4164,2183,6,21,0.0163011308759,0.0100823910907,0.941686987877,0.865508139133,-0.0761788487434
4165,495,3,11,0.0480968803167,0.0225415490568,0.00105480849743,0.00172301323619,0.000668204738759
4166,1636,3,15,0.0509035699069,0.0143732530996,0.623286783695,0.439832359552,-0.183454424143
4167,1911,5,6,0.0462824515998,0.0115931453183,0.247681885958,0.152813315392,-0.0948685705662
4168,1524,2,5,0.04360852018,0.0346429087222,0.516543447971,0.355958491564,-0.160584956408
4170,1222,7,22,0.0637057498097,0.0207858197391,0.371212005615,0.233067974448,-0.138144031167
4171,2421,6,21,0.0658882781863,0.0201749000698,0.0636462643743,0.0483624748886,-0.0152837894857
4172,2163,2,14,0.142718061805,0.0438611805439,0.0894019827247,0.0951868668199,0.00578488409519
4173,2056,3,7,0.0816166177392,0.00682578003034,0.239066898823,0.0798420011997,-0.159224897623
4174,4317,2,4,0.109520636499,0.0374737232924,0.0123761938885,0.0108537720516,-0.00152242183685
4175,2208,3,12,0.0459637530148,0.0164422784001,0.275155693293,0.207032456994,-0.0681232362986
4176,7485,3,5,0.0612143091857,0.0335096269846,0.0119751133025,0.00483586359769,-0.00713924970478
4177,2136,4,2,0.0358804538846,0.00682652229443,0.0873211622238,0.081936262548,-0.00538489967585
4178,935,3,11,0.0567134879529,0.0319434255362,0.415907293558,0.308254480362,-0.107652813196
4179,5955,1,9,0.0907827690244,0.0097789671272,0.615181803703,0.243727564812,-0.371454238892
4180,567,2,4,0.00669135525823,0.00502883968875,0.937610805035,0.898960411549,-0.038650393486
4181,322,1,6,0.0406606048346,0.0033831181936,0.150742411613,0.131972298026,-0.0187701135874
4182,5898,2,11,0.0702856555581,0.0220386050642,0.491358548403,0.24689848721,-0.244460061193
4183,5566,12,38,0.0896563455462,0.00395835470408,0.129119828343,0.231180489063,0.10206066072
4184,340,12,45,0.0421671420336,0.0177551954985,0.167906716466,0.17152941227,0.00362269580364
4185,6732,4,14,0.0685638487339,0.00960264075547,0.732980489731,0.436071068048,-0.296909421682
4189,1094,2,4,0.0692269876599,0.014132884331,0.367975950241,0.181468173862,-0.18650777638
4190,1660,8,5,0.0733857750893,0.018681332469,0.0212256852537,0.0589647553861,0.0377390682697
4191,6719,8,16,0.0380186587572,0.00394996395335,0.0279912706465,0.0672878846526,0.0392966121435
4192,5551,8,16,0.0401323474944,0.0197138469666,0.621344327927,0.442766696215,-0.178577631712
4193,3167,7,6,0.0665425136685,0.0255421008915,0.200243517756,0.182794928551,-0.0174485892057
4194,782,3,7,0.0631033703685,0.0205725934356,0.0429609455168,0.0291197448969,-0.0138412006199
4195,1480,3,20,0.0490878820419,0.0304464958608,0.62451583147,0.399509996176,-0.225005835295
4197,3273,2,7,0.129747524858,0.0157172940671,0.584591627121,0.153077960014,-0.431513667107
4199,2931,3,4,0.0768575742841,0.0183957982808,0.137563556433,0.166201770306,0.0286382138729
4200,5160,2,8,0.0505663454533,0.0176687818021,0.117843143642,0.0680705085397,-0.0497726351023
4201,1205,5,5,0.106157146394,0.0395043902099,0.972206413746,0.641253888607,-0.330952525139
4202,867,3,6,0.0490867309272,0.0262742023915,0.172677531838,0.13908457756,-0.033592954278
4203,4325,1,1,0.0558695942163,0.016595909372,0.0319875478745,0.0471541471779,0.0151665993035
4204,3117,1,4,0.0395792908967,0.0147892776877,0.180613264441,0.0921216830611,-0.0884915813804
4205,513,6,12,0.0133200483397,0.00519365957007,0.0920958593488,0.12508584559,0.0329899862409
4206,1318,2,7,0.0408884771168,0.00723750935867,0.0550711378455,0.0477795340121,-0.00729160383344
4207,2656,13,46,0.0352791808546,0.00580253452063,0.0882100611925,0.158146709204,0.0699366480112
4208,58,15,55,0.045187395066,0.0183193944395,0.665944695473,0.502675771713,-0.163268923759
4209,5174,4,4,0.0496922619641,0.0199573412538,0.00903528742492,0.0254120696336,0.0163767822087
4210,751,4,24,0.0366513542831,0.0119391763583,0.487406373024,0.529127180576,0.0417208075523
4211,6707,4,12,0.0391110889614,0.00997701380402,0.0884978920221,0.123769499362,0.0352716073394
4212,359,3,4,0.0643511340022,0.0417639501393,0.0601033307612,0.0318089313805,-0.0282943993807
4213,3879,7,23,0.0286460947245,0.0139639414847,0.448896408081,0.434530586004,-0.0143658220768
4214,5786,1,7,0.0526092946529,0.0167250595987,0.0116325831041,0.0296665150672,0.0180339328945
4215,3209,1,6,0.0470090545714,0.0114300446585,0.0851481035352,0.122721642256,0.0375735387206
4216,112,6,18,0.034817006439,0.0147465486079,0.108124427497,0.143381044269,0.0352566167712
4217,3652,3,12,0.118967629969,0.0329948216677,0.00493824994192,0.00654681026936,0.00160856032744
4218,4161,8,22,0.0376017391682,0.0138676371425,0.461051464081,0.406610131264,-0.0544413328171
4219,6720,2,4,0.0774881392717,0.0302201081067,0.302784413099,0.129557624459,-0.17322678864
4220,3302,1,6,0.0838828980923,0.0385805778205,0.0636558234692,0.0582248270512,-0.005430996418
4221,7786,2,5,0.0813092291355,0.0140018826351,0.132852748036,0.081023491919,-0.0518292561173
4223,497,13,38,0.0402410514653,0.0280271731317,0.461971104145,0.503752291203,0.0417811870575
4224,2945,11,26,0.0187856946141,0.00500099686906,0.117653273046,0.147821113467,0.0301678404212
4225,134,2,7,0.00939150154591,0.00154746987391,0.881696343422,0.84125161171,-0.0404447317123
4226,6560,2,3,0.0445913933218,0.0224538464099,0.0558678396046,0.0416667871177,-0.0142010524869
4227,517,2,5,0.0406139194965,0.0293445289135,0.015015123412,0.0612198859453,0.0462047606707
4228,1103,2,6,0.028290649876,0.00351195875555,0.492087006569,0.5212200284,0.0291330218315
4229,4963,23,83,0.0339284203947,0.00303674815223,0.196517184377,0.111437946558,-0.0850792378187
4230,7457,3,7,0.0542652122676,0.0139889139682,0.00507083255798,0.00322570465505,-0.00184512790293
4231,4836,6,32,0.0368211828172,0.0256918109953,0.0436342842877,0.0756678208709,0.0320335365832
4232,7518,3,4,0.0530882067978,0.0154514666647,0.114494986832,0.118078149855,0.00358316302299
4233,3503,2,5,0.0543246082962,0.0103900814429,0.24036154151,0.310621231794,0.0702596902847
4234,3727,4,11,0.0716921463609,0.0141995800659,0.198817327619,0.0806864723563,-0.118130855262
4235,3421,3,16,0.0278960186988,0.00834820698947,0.126526370645,0.13599589467,0.00946952402592
4236,2540,2,13,0.050974432379,0.0216328687966,0.0835872516036,0.108297489583,0.0247102379799
4237,567,6,8,0.0184767004102,0.00410829251632,0.814557313919,0.691319167614,-0.123238146305
4238,1927,4,19,0.0959491506219,0.0259844958782,0.096989184618,0.107939183712,0.010949999094
4239,6867,4,9,0.0875009298325,0.0697713345289,0.17808008194,0.154616251588,-0.0234638303518
4240,4895,6,15,0.0888049975038,0.0290053803474,0.124479077756,0.0693353489041,-0.0551437288523
4241,1933,7,5,0.0730550810695,0.0150026101619,0.160323679447,0.130248621106,-0.030075058341
4242,3687,3,7,0.0423190928996,0.0187718328089,0.122278630733,0.0593167953193,-0.0629618316889
4243,1953,2,4,0.0336357839406,0.012877844274,0.231455951929,0.172987937927,-0.0584680140018
4244,1953,4,10,0.056485619396,0.00880586821586,0.105668194592,0.118319742382,0.0126515477896
4246,2034,3,11,0.0248986836523,0.00878591928631,0.225075960159,0.241792157292,0.0167161971331
4247,5850,1,6,0.0364445447922,0.00746878376231,0.343639820814,0.294973939657,-0.0486658811569
4248,1660,2,11,0.116230718791,0.0663130506873,0.0168741587549,0.071774803102,0.0549006462097
4249,7290,4,7,0.0733128935099,0.0133148999885,0.0969660282135,0.0322110429406,-0.0647549852729
4250,2092,1,15,0.0451921336353,0.0178260020912,0.345910072327,0.295647352934,-0.0502627193928
4251,6294,6,21,0.0918827652931,0.0104373684153,0.0139702260494,0.0128711210564,-0.00109910499305
4252,1627,4,7,0.085221581161,0.0189267061651,0.0182946268469,0.0302847698331,0.0119901429862
4253,7439,7,21,0.0516287833452,0.00925505626947,0.00161108979955,0.00188011303544,0.000269023235887
4254,4689,5,9,0.0675014406443,0.0441508367658,0.00332250981592,0.0089039793238,0.00558146927506
4255,2906,4,9,0.0532081574202,0.00241865031421,0.0829436331987,0.040906265378,-0.0420373678207
4256,6328,1,7,0.0823321416974,0.0345543809235,0.173030808568,0.178641915321,0.00561110675335
4257,5773,2,8,0.0682727694511,0.00186182232574,0.160503312945,0.270686298609,0.110182985663
4259,187,3,5,0.0631865113974,0.0262449495494,0.0789118483663,0.0483212731779,-0.0305905751884
4260,460,12,18,0.0375724509358,0.011361328885,0.433929234743,0.310773044825,-0.123156189919
4261,2838,1,8,0.0648515447974,0.00752145331353,0.132810115814,0.246621593833,0.113811478019
4262,5553,3,2,0.0649173036218,0.0289838127792,0.0265296660364,0.0626111403108,0.0360814742744
4263,1031,2,6,0.0829484760761,0.0320576131344,0.118655756116,0.0673671513796,-0.0512886047363
4264,6606,1,7,0.0739384666085,0.0222804658115,0.0408768057823,0.0231604333967,-0.0177163723856
4265,458,9,24,0.0331480875611,0.0291854832321,0.788704693317,0.708877384663,-0.0798273086548
4266,4922,5,19,0.068602591753,0.037171266973,0.156247034669,0.20163397491,0.0453869402409
4267,9158,14,60,0.0748694166541,0.0189279485494,0.110691078007,0.0619947426021,-0.0486963354051
4268,4183,12,25,0.0720170363784,0.0302623920143,0.072156727314,0.0345652699471,-0.0375914573669
4269,2133,5,13,0.0489368923008,0.00443414226174,0.324424147606,0.410585403442,0.0861612558365
4270,5632,7,26,0.0968704000115,0.0137938782573,0.129423931241,0.11646360904,-0.0129603222013
4271,8755,4,21,0.042434964329,0.00816049985588,0.0664854869246,0.0803300738335,0.0138445869088
4272,1612,3,11,0.0334174223244,0.00558017054573,0.0275060143322,0.019356386736,-0.00814962759614
4274,7262,10,11,0.0615333877504,0.0189428813756,0.226800531149,0.089465893805,-0.137334644794
4277,9182,2,6,0.0635416731238,0.0119525520131,0.0409508012235,0.0535858906806,0.012635089457
4278,8034,3,6,0.0495538860559,0.0219030547887,0.053244151175,0.0323701016605,-0.0208740495145
4279,1950,5,12,0.071035169065,0.0119565641508,0.0325362533331,0.0471709705889,0.0146347172558
4280,2354,4,12,0.0590484179556,0.0148351453245,0.00550526054576,0.0113412374631,0.0058359769173
4281,6918,2,5,0.0468630157411,0.00791209004819,0.0661769881845,0.053968321532,-0.0122086666524
4282,5588,5,18,0.0662654712796,0.0153020173311,0.0328938290477,0.0257594417781,-0.00713438726962
4283,3751,7,10,0.065726801753,0.0411509536207,0.0960277691483,0.128398120403,0.0323703512549
4284,6918,1,5,0.0494232773781,0.00335571961477,0.151745706797,0.287100046873,0.135354340076
4285,5890,6,18,0.0147396931425,0.00806483998895,0.94045239687,0.870777666569,-0.0696747303009
4286,3723,2,6,0.0556175448,0.00592528469861,0.201077729464,0.217157319188,0.0160795897245
4287,577,8,22,0.0277184695005,0.0143586462364,0.655027210712,0.770775258541,0.115748047829
4288,8525,2,5,0.10350690037,0.0295150261372,0.0437807887793,0.0399259850383,-0.00385480374098
4289,4050,4,10,0.0800798237324,0.00679658725858,0.0188111830503,0.0373816676438,0.0185704845935
4290,6187,1,4,0.0418554805219,0.0101621933281,0.0944094285369,0.0881089866161,-0.00630044192076
4291,8754,3,5,0.0551299452782,0.0174262989312,0.0564092583954,0.0535705722868,-0.00283868610859
4292,6399,2,4,0.0494505055249,0.00913749262691,0.0350954420865,0.0569736547768,0.0218782126904
4293,8729,2,6,0.0421345643699,0.0120377000421,0.0841586589813,0.144668698311,0.0605100393295
4294,799,17,57,0.0148851191625,0.00209888094105,0.930169403553,0.862247049809,-0.0679223537445
4295,1186,9,36,0.0398456938565,0.00460662553087,0.215956673026,0.0967385992408,-0.119218073785
4296,7294,7,16,0.0375097990036,0.0115774599835,0.196725711226,0.130790263414,-0.0659354478121
4297,7868,3,13,0.103949956596,0.0495962835848,0.0908456593752,0.215924188495,0.125078529119
4298,1265,3,9,0.0390765927732,0.0137962065637,0.152217194438,0.136946752667,-0.0152704417706
4299,6977,9,19,0.0902907773852,0.0127533543855,0.236154466867,0.173446699977,-0.0627077668905
4300,820,4,8,0.0557710044086,0.0145777268335,0.066465318203,0.0551146529615,-0.0113506652415
4301,763,4,13,0.0743155106902,0.0294287018478,0.685769975185,0.443994671106,-0.241775304079
4302,900,31,69,0.0258538033813,0.00659726466984,0.494348168373,0.356884688139,-0.137463480234
4303,944,1,11,0.100694298744,0.0194466896355,0.0905176401138,0.0553507469594,-0.0351668931544
4304,8998,1,5,0.138463273644,0.0725913196802,0.672175884247,0.232265546918,-0.43991035223
4305,1160,3,8,0.0518203526735,0.00664095766842,0.206026822329,0.173849448562,-0.0321773737669
4306,5712,5,4,0.0562151372433,0.0146427778527,0.0238150078803,0.0317350290716,0.00792002119124
4307,3380,2,5,0.0764945670962,0.0255664363503,0.724366605282,0.394408494234,-0.329958111048
4308,2248,1,5,0.0873827114701,0.00707389274612,0.327329099178,0.0987269878387,-0.22860211134
4309,2154,4,3,0.0649306848645,0.0121872927994,0.0401021055877,0.0392402149737,-0.000861890614033
4312,7658,1,3,0.0357674695551,0.00828680116683,0.147601976991,0.0897953286767,-0.057806648314
4313,418,3,4,0.0629676803946,0.0148521410301,0.080759473145,0.0836561918259,0.00289671868086
4314,304,1,5,0.037587121129,0.0148532260209,0.4658677876,0.620136857033,0.154269069433
4315,131,2,7,0.0277354717255,0.00594559963793,0.609738767147,0.491731405258,-0.118007361889
4316,7028,1,7,0.0915950909257,0.00623798975721,0.162945881486,0.0486271232367,-0.114318758249
4317,5192,3,8,0.0942582711577,0.0740659609437,0.0765505209565,0.0757331997156,-0.000817321240902
4318,209,3,14,0.00987014826387,0.00116937735584,0.704531371593,0.700157701969,-0.00437366962433
4319,249,4,14,0.0626984909177,0.027720907703,0.446004092693,0.530916154385,0.0849120616913
4320,994,10,32,0.0414256043732,0.0101273311302,0.514175117016,0.40452799201,-0.109647125006
4321,278,7,10,0.0543163977563,0.0327761508524,0.843208312988,0.621181547642,-0.222026765347
4322,214,2,11,0.0671461746097,0.0178632922471,0.0907443761826,0.109090268612,0.0183458924294
4323,578,1,2,0.0375217236578,0.0183959659189,0.0592064484954,0.0816383361816,0.0224318876863
4324,196,8,20,0.0700293183327,0.0149332648143,0.239033743739,0.212562844157,-0.0264708995819
4325,5661,6,22,0.0198155585676,0.00470607168972,0.070840112865,0.0675443783402,-0.00329573452473
4328,401,3,5,0.101521871984,0.024429468438,0.706546902657,0.32225972414,-0.384287178516
4329,234,2,7,0.0472685843706,0.0276466887444,0.422202676535,0.349989295006,-0.0722133815289
4330,2898,12,27,0.0858252942562,0.0345350317657,0.0815237462521,0.0564449839294,-0.0250787623227
4331,480,11,26,0.00958859920502,0.00460639037192,0.00459496676922,0.0193207990378,0.0147258322686
4332,196,2,4,0.0627993941307,0.0369625426829,0.176735803485,0.113767065108,-0.0629687383771
4333,1555,1,7,0.0265545789152,0.0114788161591,0.188508421183,0.262837052345,0.0743286311626
4334,5155,2,3,0.0600627250969,0.0140487793833,0.0153665663674,0.0163514632732,0.00098489690572
4335,313,1,3,0.040683362633,0.0327156595886,0.392033785582,0.371321409941,-0.0207123756409
4336,2936,3,15,0.0316769964993,0.0110526420176,0.130358487368,0.221630200744,0.091271713376
4338,4582,7,20,0.0351111330092,0.00674157077447,0.64572250843,0.510520875454,-0.135201632977
4339,4846,2,5,0.0256045889109,0.00744017353281,0.0498615987599,0.0448297969997,-0.0050318017602
4340,4582,3,9,0.0496716909111,0.00920572970062,0.257213264704,0.326825171709,0.0696119070053
4342,196,1,4,0.0394997932017,0.0165820289403,0.323662519455,0.271648168564,-0.0520143508911
4343,5946,11,28,0.0647041723132,0.0401264615357,0.0234868321568,0.0273813977838,0.00389456562698
4344,2749,3,17,0.131488189101,0.0306841470301,0.814910113811,0.365020036697,-0.449890077114
4345,3367,5,5,0.0599845536053,0.0135325938463,0.135914817452,0.123829506338,-0.0120853111148
4346,6225,3,4,0.0788524746895,0.0093433894217,0.0463946461678,0.0214488878846,-0.0249457582831
4347,5869,8,8,0.0622246749699,0.0234595332295,0.34541207552,0.198222145438,-0.147189930081
4348,1672,3,8,0.0459180064499,0.0209459774196,0.470318436623,0.590333640575,0.120015203953
4349,837,2,6,0.0627211779356,0.0362992882729,0.61135995388,0.415635108948,-0.195724844933
4350,3171,5,10,0.086764074862,0.0310288220644,0.686286747456,0.357530921698,-0.328755825758
4351,2932,3,14,0.0433045737445,0.00943156704307,0.0329512320459,0.0326467715204,-0.000304460525513
4352,5599,2,2,0.0519984774292,0.0221997909248,0.0534004531801,0.0429207384586,-0.0104797147214
4353,3193,1,6,0.0462279655039,0.0102245388553,0.0326137840748,0.0466729365289,0.0140591524541
4354,3196,4,4,0.0386252105236,0.0131275439635,0.055153876543,0.0447252206504,-0.0104286558926
4355,5928,3,4,0.0625387057662,0.014568220824,0.161268398166,0.0759767889977,-0.0852916091681
4356,579,6,13,0.0321398489177,0.00884304381907,0.0197688434273,0.0240675974637,0.00429875403643
4357,141,8,18,0.0602992326021,0.00128373492043,0.744795203209,0.439975231886,-0.304819971323
4358,3287,4,4,0.0422713048756,0.0325045138597,0.427770167589,0.305939793587,-0.121830374002
4359,8360,9,29,0.0826312676072,0.0242070481181,0.208403140306,0.110281318426,-0.0981218218803
4360,6934,2,14,0.083166398108,0.0088424384594,0.246633097529,0.11275126785,-0.13388183713
4361,4714,10,31,0.0976313129067,0.00336386240087,0.0235699284822,0.0731030106544,0.0495330840349
4362,8687,4,7,0.0577528290451,0.0173099990934,0.0812292322516,0.0466722249985,-0.0345570072532
4363,6192,1,5,0.067113339901,0.0213983934373,0.142753258348,0.169046476483,0.0262932181358
4364,4848,2,4,0.071913830936,0.0272590238601,0.203838557005,0.169589266181,-0.0342492908239
4365,4771,7,32,0.0787205174565,0.0199087262154,0.0729158222675,0.0541106909513,-0.0188051313162
4366,3486,12,23,0.0485364794731,0.00868308264762,0.282216787338,0.21155500412,-0.0706617832184
4367,3868,6,9,0.0598160736263,0.0112459864467,0.0401095636189,0.0595441013575,0.0194345377386
4368,746,2,7,0.0578231662512,0.0244155544788,0.0180352833122,0.0226769689471,0.00464168563485
4369,2760,2,4,0.095232270658,0.0449785105884,0.0797885134816,0.0642861202359,-0.0155023932457
4370,1503,1,8,0.128138780594,0.0508003756404,0.62774682045,0.199240848422,-0.428505957127
4371,4062,5,7,0.0351075194776,0.00977229233831,0.688337802887,0.597949206829,-0.0903885960579
4372,8999,2,4,0.069377116859,0.0270634740591,0.25457495451,0.127652361989,-0.126922592521
4373,3175,5,7,0.0552909336984,0.00579187134281,0.281545311213,0.133064866066,-0.148480445147
4374,2447,2,6,0.0452031828463,0.00804874766618,0.0179402604699,0.0217693094164,0.0038290489465
4376,4248,2,9,0.0673751085997,0.00186519580893,0.130020529032,0.254406809807,0.124386280775
4377,2890,2,8,0.0533983744681,0.00885280687362,0.0518095642328,0.0520830750465,0.000273510813713
4378,8353,2,6,0.0522474050522,0.0226005595177,0.100594744086,0.126741573215,0.0261468291283
4379,2450,2,8,0.0994753316045,0.0517307966948,0.214558467269,0.100767932832,-0.113790534437
4380,6232,1,6,0.0856764987111,0.0189331267029,0.0471292994916,0.032303404063,-0.0148258954287
4381,891,3,1,0.0599133782089,0.0171285811812,0.0711312741041,0.125792458653,0.0546611845493
4382,5899,1,1,0.0882188677788,0.0263834036887,0.118101574481,0.296937674284,0.178836107254
4383,8432,2,7,0.0651508867741,0.0113398162648,0.027544785291,0.041447404772,0.0139026194811
4384,5018,1,7,0.0691630244255,0.0154534699395,0.0764998719096,0.068721011281,-0.0077788606286
4385,4656,1,5,0.0865943729877,0.0341735556722,0.984846591949,0.718860089779,-0.265986502171
4386,1048,1,6,0.150153800845,0.0425784178078,0.789698421955,0.283962279558,-0.505736112595
4387,3274,3,7,0.0911139920354,0.0531773790717,0.471893370152,0.295106261969,-0.176787108183
4388,204,5,6,0.0415353141725,0.00852536968887,0.532198607922,0.458186596632,-0.0740120112896
4389,436,1,5,0.0554385073483,0.00268693361431,0.429822653532,0.210897490382,-0.21892516315
4390,5954,2,3,0.0619956515729,0.0286458879709,0.166140705347,0.0695052370429,-0.0966354683042
4392,1320,1,20,0.0263758096844,0.00652547413483,0.23491384089,0.236916020513,0.00200217962265
4393,153,5,10,0.0281213913113,0.00900398846716,0.425910025835,0.448516517878,0.0226064920425
4394,2847,1,3,0.038485262543,0.0111996494234,0.0853891223669,0.0885908007622,0.00320167839527
4395,4434,3,7,0.0799760296941,0.00668244389817,0.273996680975,0.114747188985,-0.159249484539
4396,585,2,6,0.172215089202,0.0470916777849,0.698930084705,0.199811697006,-0.499118387699
4397,840,28,48,0.178359791636,0.15661251545,0.699072897434,0.318113774061,-0.380959123373
4398,1371,4,3,0.0660617053509,0.00876117590815,0.0565049573779,0.06102367118,0.0045187138021
4399,6507,4,7,0.0647264420986,0.0319620743394,0.627247035503,0.344744086266,-0.282502949238
4400,19,1,3,0.0541549660265,0.0111887305975,0.0386798791587,0.0875481143594,0.0488682352006
4401,2889,3,6,0.0708468556404,0.0173414107412,0.0638074427843,0.0793923586607,0.0155849158764
4402,1699,3,4,0.055845130235,0.0258703492582,0.014096500352,0.015888588503,0.00179208815098
4403,8158,2,2,0.0522381551564,0.0159841254354,0.0755511671305,0.0875941291451,0.0120429620147
4404,3433,3,17,0.063664406538,0.010429892689,0.372413933277,0.174397408962,-0.198016524315
4405,4806,1,13,0.0275651644915,0.00563427060843,0.486123651266,0.518035471439,0.0319118201733
4406,3496,2,10,0.00566945923492,0.00511754350737,0.940591096878,0.924407482147,-0.0161836147308
4407,1345,4,5,0.0550804138184,0.0165472254157,0.638071238995,0.53684002161,-0.101231217384
4408,8578,5,17,0.0371377617121,0.0208389926702,0.511533439159,0.471609324217,-0.0399241149426
4409,2378,5,9,0.0365710482001,0.0209257695824,0.843479335308,0.638047993183,-0.205431342125
4410,3834,5,9,0.0506937988102,0.0468868799508,0.481427371502,0.658706247807,0.177278876305
4412,6692,10,22,0.0507125705481,0.0262170210481,0.0831630080938,0.0819701850414,-0.00119282305241
4413,6735,12,32,0.0444259047508,0.000129475112772,0.281404197216,0.41254940629,0.131145209074
4414,7033,17,57,0.0987045690417,0.0408616699278,0.519623577595,0.233326494694,-0.286297082901
4415,1884,4,8,0.0617942400277,0.0371102541685,0.131967321038,0.243492648005,0.111525326967
4416,5390,15,43,0.0873366296291,0.0163911636919,0.0193192679435,0.0184395741671,-0.000879693776369
4417,489,7,11,0.0720468088984,0.0261106360704,0.223607465625,0.165034130216,-0.0585733354092
4418,6464,1,5,0.0570369176567,0.0113878929988,0.0208684261888,0.0654768273234,0.044608399272
4419,9210,7,21,0.123107232153,0.0339863486588,0.635056257248,0.266177266836,-0.368878990412
4420,4252,6,13,0.142051443458,0.0521174818277,0.0141840744764,0.0299192219973,0.0157351475209
4421,5277,4,12,0.0645699799061,0.00786717515439,0.067160859704,0.0467572957277,-0.0204035639763
4422,2211,2,7,0.034950081259,0.00845602620393,0.104264289141,0.0565730445087,-0.047691244632
4423,3460,3,7,0.124221086502,0.0516564548016,0.749967515469,0.334878712893,-0.415088802576
4424,8662,3,6,0.0604206435382,0.0179540254176,0.144524201751,0.137496426702,-0.00702777504921
4425,567,2,3,0.0496205128729,0.0421958900988,0.355103045702,0.325857967138,-0.0292450785637
4426,3236,4,21,0.0352660827339,0.00547325983644,0.140147522092,0.16631898284,0.0261714607477
4427,461,7,15,0.0715282857418,0.0403890609741,0.0546704530716,0.104636453092,0.0499660000205
4428,4325,8,8,0.0865254998207,0.0534905046225,0.711618304253,0.425009518862,-0.286608785391
4429,141,9,16,0.0240714177489,0.00994378793985,0.910085260868,0.788703262806,-0.121381998062
4430,1462,1,4,0.0978755578399,0.0428666621447,0.0688349530101,0.0393557548523,-0.0294791981578
4431,2976,2,5,0.0716185197234,0.0190667584538,0.182756468654,0.269461899996,0.0867054313421
4432,7833,2,4,0.0640779286623,0.0211299899966,0.00600769463927,0.00740762474015,0.00139993010089
4433,3349,1,8,0.0786326825619,0.020088750869,0.0497532747686,0.0226106774062,-0.0271425973624
4434,2151,2,20,0.0716667026281,0.0299307126552,0.0245669353753,0.0177053641528,-0.00686157122254
4435,4100,2,5,0.0671443417668,0.0120067568496,0.147248789668,0.191571190953,0.0443224012852
4436,2392,4,17,0.0977419838309,0.0107136694714,0.0263607054949,0.0728248357773,0.0464641302824
4437,8757,5,10,0.119056485593,0.0569929629564,0.202562198043,0.46868827939,0.266126096249
4438,7121,3,2,0.109373420477,0.0148386368528,0.00575759587809,0.0167373102158,0.0109797138721
4440,154,4,13,0.0725157484412,0.0174733586609,0.0593244917691,0.0384882055223,-0.0208362862468
4441,1058,3,16,0.0554798841476,0.0187061429024,0.0450855381787,0.164821967483,0.119736433029
4442,3812,3,13,0.174861237407,0.130488276482,0.93582957983,0.508179247379,-0.427650332451
4443,8321,9,21,0.0301984157413,0.00640335306525,0.372975558043,0.334237903357,-0.038737654686
4444,6543,3,11,0.0467437617481,0.0183224007487,0.157739311457,0.320289820433,0.162550508976
4445,437,2,7,0.0898009836674,0.0727096870542,0.0612859874964,0.182650819421,0.121364831924
4446,193,3,3,0.0847219899297,0.00148395157885,0.198701709509,0.163089364767,-0.0356123447418
4447,337,4,10,0.104274220765,0.012102057226,0.816533088684,0.430829674006,-0.385703414679
4448,7269,12,51,0.0698941275477,0.0222931802273,0.034012183547,0.0305919796228,-0.00342020392418
4449,2346,7,36,0.0644533857703,0.00957031454891,0.100104629993,0.12034008652,0.0202354565263
4450,8764,2,2,0.0645725652575,0.01677942276,0.181450381875,0.0685185492039,-0.112931832671
4451,1967,12,22,0.0526507608593,0.00270734960213,0.0857139378786,0.122822396457,0.0371084585786
4452,4784,2,9,0.0504287220538,0.00833293329924,0.0491272509098,0.0635840073228,0.014456756413
4453,7897,2,5,0.058065906167,0.0131177669391,0.0349561423063,0.0336990579963,-0.00125708431005
4454,8305,5,12,0.0764351934195,0.00418486027047,0.0273436456919,0.0357032269239,0.00835958123207
4455,3077,2,18,0.0680060312152,0.0140011673793,0.0402084104717,0.0886442884803,0.0484358780086
4456,1345,3,3,0.0285325944424,0.0213512517512,0.945005714893,0.826638281345,-0.118367433548
4457,2039,2,6,0.03524177894,0.0033183216583,0.0617809481919,0.0479821003973,-0.0137988477945
4458,9022,3,15,0.0838341340423,0.0375616662204,0.252010732889,0.171981990337,-0.0800287425518
4459,2589,2,6,0.0666191652417,0.00640869140625,0.0428988970816,0.0414313971996,-0.00146749988198
4460,9026,7,19,0.11500159651,0.0596251152456,0.0977471917868,0.167151018977,0.0694038271904
4461,2268,5,5,0.0268402341753,0.00798617582768,0.0704536214471,0.042196650058,-0.0282569713891
4462,47,5,6,0.0990401133895,0.0506470091641,0.0263988059014,0.0268633011729,0.000464495271444
4463,9206,5,13,0.0421208031476,0.00678600231186,0.651650667191,0.62475591898,-0.0268947482109
4464,5993,5,16,0.0199310611933,0.0188881959766,0.878854393959,0.816324174404,-0.0625302195549
4465,3216,1,13,0.212212845683,0.0340201333165,0.0167955681682,0.0639153346419,0.0471197664738
4466,2960,2,7,0.0173680558801,0.00322403991595,0.0366248339415,0.0449556000531,0.00833076611161
4467,3790,5,18,0.0705902129412,0.0269413348287,0.0905224382877,0.109615214169,0.0190927758813
4468,6250,24,38,0.0576189793646,0.0193994604051,0.0442322939634,0.0722871273756,0.0280548334122
4469,3281,19,64,0.0327121391892,0.00670298654586,0.0144680179656,0.0312396679074,0.0167716499418
4470,3645,5,34,0.0570015460253,0.0163020864129,0.262833029032,0.268227547407,0.0053945183754
4471,5737,18,62,0.0440824069083,0.00810112338513,0.018033452332,0.0461148358881,0.0280813835561
4472,7278,3,14,0.0518404506147,0.0250222031027,0.455604285002,0.233491972089,-0.222112312913
4473,2412,2,16,0.0448502004147,0.00995498895645,0.0866443067789,0.122222602367,0.0355782955885
4474,5814,5,14,0.0431458204985,0.0105566782877,0.439301550388,0.286745756865,-0.152555793524
4475,437,3,13,0.0354692675173,0.0104625569656,0.469587564468,0.488241523504,0.0186539590359
4476,7140,2,7,0.0660391673446,0.0174082126468,0.14892360568,0.0711750462651,-0.0777485594153
4477,602,1,7,0.0860104337335,0.0265612974763,0.417892634869,0.131255209446,-0.286637425423
4478,4097,2,5,0.0400923900306,0.0210695229471,0.0258972365409,0.0496556051075,0.0237583685666
4480,1945,2,7,0.0525168478489,0.0199193414301,0.0892941728234,0.0737427100539,-0.0155514627695
4481,1749,3,11,0.055136885494,0.00691357860342,0.212948217988,0.15694732964,-0.0560008883476
4482,4839,9,30,0.072171472013,0.0175959710032,0.200528681278,0.061628062278,-0.138900622725
4483,7905,2,10,0.0578422434628,0.013022989966,0.0341262184083,0.0485761649907,0.0144499465823
4485,6408,4,16,0.0452892482281,0.0023207408376,0.27364769578,0.30716073513,0.0335130393505
4486,2581,2,4,0.0552297383547,0.00616451306269,0.0703951120377,0.0565234869719,-0.0138716250658
4487,2585,1,7,0.155138790607,0.0648674666882,0.60722976923,0.186536684632,-0.420693099499
4488,7407,8,11,0.0929781123996,0.0159554984421,0.237680464983,0.294858723879,0.0571782588959
4489,4203,5,8,0.0746403262019,0.0229442063719,0.112966418266,0.126360490918,0.0133940726519
4490,3450,3,10,0.0497730188072,0.0137119814754,0.274729162455,0.265614658594,-0.00911450386047
4491,4712,3,7,0.0823479071259,0.0200858060271,0.262512862682,0.12206786871,-0.140444993973
4492,6112,4,6,0.0779372230172,0.0245532076806,0.295387387276,0.114454306662,-0.180933088064
4493,4909,3,8,0.117539130151,0.0297314208001,0.727807700634,0.335179954767,-0.392627745867
4494,2375,2,6,0.0477187484503,0.00823820568621,0.0706597939134,0.0639003291726,-0.00675946474075
4495,37,3,14,0.0699721053243,0.0176185965538,0.18781709671,0.456791251898,0.268974155188
4496,3114,1,9,0.0551239401102,0.0272800698876,0.518329560757,0.388476848602,-0.129852712154
4497,4096,1,7,0.0656114593148,0.0416374355555,0.095178283751,0.0681151971221,-0.0270630866289
4498,2445,3,8,0.0537518560886,0.0165054611862,0.414092004299,0.260502636433,-0.153589367867
4499,3694,3,4,0.113753497601,0.0861821323633,0.00880733970553,0.0115355402231,0.00272820051759
4500,6891,2,3,0.101933695376,0.0315143167973,0.126488089561,0.0931413993239,-0.0333466902375
4501,7745,4,21,0.0745706707239,0.019949266687,0.562167227268,0.253204911947,-0.308962315321
4502,2351,3,18,0.0566803812981,0.0157216712832,0.660783231258,0.538422584534,-0.122360646725
4503,5395,4,16,0.211415946484,0.0324526280165,0.701635122299,0.161706924438,-0.539928197861
4504,8981,3,9,0.0386200584471,0.0173908304423,0.44322642684,0.476126551628,0.0329001247883
4505,5984,2,9,0.0283409748226,0.00470096990466,0.0270263068378,0.0299833472818,0.00295704044402
4506,7122,1,5,0.0584101080894,0.0159100964665,0.0990749076009,0.0871995314956,-0.0118753761053
4507,2501,2,12,0.0346010811627,0.00408502621576,0.244809955359,0.143158704042,-0.101651251316
4508,1345,5,2,0.112569399178,0.0469825714827,0.0635836273432,0.186610653996,0.123027026653
4509,1914,5,31,0.0464394390583,0.0190037488937,0.0748207196593,0.0723705217242,-0.0024501979351
4510,3841,6,18,0.082669146359,0.0130330780521,0.56669819355,0.241139873862,-0.325558304787
4511,3421,5,10,0.0597720332444,0.028430454433,0.0817527025938,0.0985070690513,0.0167543664575
4512,3827,1,10,0.0453869812191,0.0275678951293,0.601358771324,0.511481165886,-0.0898776054382
4513,6009,3,6,0.0395371504128,0.013809225522,0.146703407168,0.109181456268,-0.0375219509006
4514,3901,15,34,0.0373891368508,0.00766621669754,0.33229264617,0.289574891329,-0.0427177548409
4515,384,10,48,0.0432639680803,0.0389291085303,0.84857493639,0.718325912952,-0.130249023438
4516,489,2,8,0.0370024554431,0.00975814741105,0.336329460144,0.340128183365,0.00379872322083
4517,1272,5,18,0.0187405440956,0.0120360497385,0.466098457575,0.46709099412,0.0009925365448
4518,940,3,12,0.0166473723948,0.00685321399942,0.00104938261211,0.00151985127013,0.000470468658023
4519,2948,10,30,0.0472081564367,0.0109997456893,0.246356606483,0.252433627844,0.0060770213604
4520,939,8,14,0.0485132597387,0.0248477142304,0.854105532169,0.661362349987,-0.192743182182
4521,338,3,6,0.0809261649847,0.0179414693266,0.630428016186,0.312819004059,-0.317609012127
4522,5666,7,15,0.011573930271,0.00269341934472,0.169646039605,0.156607434154,-0.0130386054516
4524,8837,3,9,0.0527301691473,0.0100665576756,0.0568735376,0.133650586009,0.076777048409
4525,498,2,11,0.0362384654582,0.00857744179666,0.335568159819,0.315144777298,-0.0204233825207
4526,998,5,13,0.0252696629614,0.0182342268527,0.0409916862845,0.0417868606746,0.000795174390078
4528,358,1,14,0.0925355553627,0.093562938273,0.901996672153,0.589401066303,-0.31259560585
4529,5551,6,19,0.0514288954437,0.0223360843956,0.676740586758,0.504432201385,-0.172308385372
4530,86,4,27,0.075890801847,0.00553168449551,0.291218012571,0.0888009443879,-0.202417075634
4531,33,4,8,0.0517322868109,0.0136161334813,0.126548439264,0.187213554978,0.0606651157141
4532,2755,3,10,0.1438998878,0.0323646366596,0.457429021597,0.0904468372464,-0.366982191801
4533,230,1,9,0.0367901623249,0.017759418115,0.603955328465,0.49071213603,-0.113243192434
4534,916,1,5,0.0631855428219,0.0221800878644,0.316427141428,0.175306081772,-0.141121059656
4535,213,3,10,0.0574127025902,0.0344080105424,0.0597578883171,0.0499772578478,-0.00978063046932
4536,6790,4,3,0.0503653250635,0.00827648304403,0.133973449469,0.18104852736,0.0470750778913
4537,2185,15,27,0.0669900476933,0.0338988415897,0.0535899437964,0.0318621322513,-0.0217278115451
4538,2616,10,21,0.049453612417,0.0175442248583,0.210120067,0.145249396563,-0.0648706704378
4539,4427,5,6,0.0458120591938,0.00621062703431,0.0194333046675,0.0541689246893,0.0347356200218
4540,1065,1,9,0.0512466542423,0.0107632344589,0.111093111336,0.0806099176407,-0.0304831936955
4541,9118,1,5,0.0851616337895,0.0234319660813,0.400681942701,0.126751199365,-0.273930728436
4542,7058,1,6,0.0377349928021,0.0150156756863,0.0880883410573,0.0397804789245,-0.0483078621328
4543,950,3,6,0.0479475446045,0.0192656032741,0.0307724345475,0.024576626718,-0.0061958078295
4544,875,5,13,0.111626066267,0.0277564208955,0.119889780879,0.0799425467849,-0.0399472340941
4545,3554,1,11,0.0434053093195,0.00827722158283,0.230445444584,0.151616975665,-0.0788284689188
4548,8000,2,6,0.0470455437899,0.0156500283629,0.24985229969,0.219423174858,-0.0304291248322
4549,6765,1,3,0.0592236220837,0.00734535977244,0.0652156993747,0.0122095393017,-0.0530061610043
4550,4071,2,5,0.0570086985826,0.00913336314261,0.273775190115,0.116921387613,-0.156853795052
4551,883,5,1,0.0757339671254,0.0261835046113,0.0638170167804,0.0692819878459,0.00546497106552
4552,6765,3,6,0.0850249454379,0.00637068599463,0.0756487101316,0.0546494908631,-0.0209992192686
4553,8178,3,10,0.0780790969729,0.0104111246765,0.220474421978,0.0530804805458,-0.167393937707
4554,5902,7,8,0.0713589861989,0.00549718923867,0.0284627340734,0.0208162218332,-0.00764651224017
4555,7275,3,4,0.0729698240757,0.00249143829569,0.12605369091,0.131935670972,0.00588198006153
4556,105,5,6,0.0771890953183,0.0152363264933,0.611536860466,0.351982444525,-0.259554415941
4557,48,2,8,0.127603724599,0.0143452743068,0.442596018314,0.081652879715,-0.360943138599
4558,3190,3,4,0.0880430415273,0.0259606577456,0.0929212793708,0.165681138635,0.0727598592639
4559,995,3,11,0.0369574539363,0.0197809264064,0.980094492435,0.839613378048,-0.140481114388
4560,5172,6,17,0.122954510152,0.0628350004554,0.683126688004,0.260162323713,-0.42296436429
4561,2785,2,8,0.13191704452,0.0365910232067,0.555076658726,0.165951684117,-0.38912498951
4562,8342,3,5,0.0622918121517,0.0167496744543,0.276827871799,0.483628302813,0.206800431013
4563,2982,1,5,0.0553990192711,0.00266159814782,0.0855623707175,0.079810962081,-0.00575140863657
4564,3124,3,3,0.0968928709626,0.052957881242,0.0364258401096,0.0206619072706,-0.015763932839
4565,7896,12,49,0.0450989939272,0.0271381754428,0.461575180292,0.364969402552,-0.0966057777405
4566,5942,13,21,0.126566305757,0.00774870114401,0.480838686228,0.120547376573,-0.360291302204
4567,1542,5,18,0.0715396925807,0.0247459840029,0.0917760655284,0.110119111836,0.0183430463076
4568,3023,3,13,0.0512930862606,0.0137507012114,0.016436336562,0.0200894195586,0.00365308299661
4569,475,3,5,0.0630367770791,0.0227953754365,0.0591228753328,0.0764502808452,0.0173274055123
4570,8013,5,15,0.044855799526,0.00487398309633,0.149299815297,0.0648800730705,-0.0844197422266
4571,982,2,9,0.0481892041862,0.0185029543936,0.131072685122,0.123571060598,-0.00750162452459
4573,1438,1,4,0.0577500201762,0.01172279194,0.397620409727,0.238167822361,-0.159452587366
4574,5880,1,7,0.0911105871201,0.034811489284,0.0100769707933,0.00905720889568,-0.00101976189762
4576,5767,2,6,0.0967420116067,0.0868146121502,0.023292850703,0.0431921593845,0.0198993086815
4577,865,1,8,0.0233807265759,0.00974646117538,0.929590582848,0.814943790436,-0.114646792412
4578,3238,5,7,0.0292588621378,0.00957694463432,0.652186274529,0.629218876362,-0.0229673981667
4579,374,4,9,0.102749489248,0.0492878444493,0.104532644153,0.133802771568,0.0292701274157
4580,331,3,2,0.0456236898899,0.015213066712,0.24728564918,0.162858650088,-0.0844269990921
4581,3179,6,10,0.112693049014,0.0108873788267,0.438741415739,0.141688719392,-0.297052681446
4582,998,1,6,0.11363786459,0.036508936435,0.0625858083367,0.0904517546296,0.0278659462929
4584,6336,1,6,0.0509257726371,0.0100710438564,0.0664581432939,0.0710351243615,0.00457698106766
4585,6646,3,15,0.0371138565242,0.00976512394845,0.157681152225,0.10957223177,-0.048108920455
4586,7422,5,5,0.0550692863762,0.0195064451545,0.0677872151136,0.100754790008,0.0329675748944
4588,489,2,10,0.0802556052804,0.00826936308295,0.861636817455,0.520483970642,-0.341152846813
4590,2203,20,67,0.0477224476635,0.00754869123921,0.0409126654267,0.0532466955483,0.0123340301216
4591,2336,4,8,0.093282751739,0.0494597963989,0.514009475708,0.285450845957,-0.228558629751
4592,5984,11,29,0.0328153669834,0.0168473720551,0.00905791670084,0.0224535707384,0.0133956540376
4593,1950,4,5,0.105296202004,0.0734761655331,0.61947709322,0.29122748971,-0.32824960351
4594,7048,13,24,0.0397570021451,0.00946509931237,0.483880192041,0.319564968348,-0.164315223694
4595,451,2,3,0.0458795726299,0.00498752389103,0.149462297559,0.12692181766,-0.0225404798985
4596,995,2,12,0.0302795823663,0.00425541773438,0.607368469238,0.583032429218,-0.02433604002
4597,6499,11,14,0.0211412925273,0.00377945834771,0.0600139796734,0.0744969174266,0.0144829377532
4598,3990,6,12,0.0989968180656,0.0604631267488,0.103156924248,0.159351274371,0.0561943501234
4600,566,5,13,0.111570201814,0.0410554558039,0.476500421762,0.13032259047,-0.346177816391
4601,2086,4,16,0.0453709475696,0.0226588342339,0.133867889643,0.0947907194495,-0.0390771701932
4602,7542,3,5,0.0677246376872,0.00313121359795,0.0755329653621,0.0209336336702,-0.0545993298292
4603,4227,1,10,0.0797878578305,0.0388734899461,0.276071190834,0.160727828741,-0.115343362093
4604,1743,1,5,0.0689938366413,0.0181473903358,0.0249002780765,0.0247147530317,-0.000185525044799
4605,6319,2,3,0.053602386266,0.0207639597356,0.0571308843791,0.109412647784,0.0522817634046
4606,4911,2,5,0.0547723509371,0.00948773976415,0.0116686569527,0.0191845167428,0.00751585979015
4607,6401,6,12,0.0901957377791,0.0264750495553,0.053318195045,0.059399459511,0.00608126446605
4608,3232,1,14,0.145730376244,0.126406461,0.935803830624,0.528376400471,-0.407427430153
4609,5954,3,7,0.105060018599,0.0197477266192,0.0763259083033,0.029693165794,-0.0466327443719
4610,3352,5,11,0.047703564167,0.0125184208155,0.122444026172,0.0604439564049,-0.0620000697672
4611,6762,2,8,0.0549376904964,0.0153244202957,0.112804830074,0.051810964942,-0.0609938651323
4612,4423,6,14,0.147235795856,0.0574758052826,0.414988905191,0.0768981873989,-0.338090717793
4613,3706,7,5,0.0381144434214,0.00964489486068,0.0120453620329,0.0163880605251,0.00434269849211
4614,2869,1,5,0.0435483790934,0.00870135705918,0.290390193462,0.158095285296,-0.132294908166
4615,3005,1,3,0.0682983621955,0.02050983347,0.218838855624,0.120408065617,-0.0984307900071
4616,321,1,15,0.12168636173,0.0852919816971,0.794197380543,0.384819030762,-0.409378349781
4617,435,4,7,0.0585469901562,0.0184571743011,0.228967651725,0.293962448835,0.0649947971106
4619,669,1,5,0.132686331868,0.0871312841773,0.94976580143,0.562523066998,-0.387242734432
4620,690,1,3,0.0479305684566,0.0233064964414,0.271130770445,0.432821601629,0.161690831184
4621,668,2,2,0.0722989365458,0.0206994898617,0.0628501921892,0.165607258677,0.102757066488
4622,6775,13,42,0.102746479213,0.0300192460418,0.0804907977581,0.024469146505,-0.0560216531157
4623,3563,12,27,0.050075173378,0.0174209401011,0.0455789864063,0.035107228905,-0.0104717575014
4624,2179,4,10,0.0300862919539,0.00872710999101,0.0759252533317,0.026407962665,-0.0495172888041
4625,8066,2,11,0.0569905750453,0.00862332247198,0.0791963860393,0.120070546865,0.0408741608262
4626,3881,4,9,0.0683172643185,0.0232429280877,0.0230594258755,0.0380872040987,0.0150277782232
4627,7737,11,11,0.0693621858954,0.0238352846354,0.11958771199,0.103869833052,-0.0157178789377
4628,2173,2,12,0.0508944280446,0.0288787893951,0.747354507446,0.555844724178,-0.191509783268
4629,4544,4,15,0.071280553937,0.0270807687193,0.0762323662639,0.0917273163795,0.0154949501157
4630,6192,5,7,0.058361813426,0.0088796056807,0.0759301632643,0.0558639653027,-0.0200661979616
4631,6192,7,26,0.0829294994473,0.023193821311,0.0332169570029,0.0270674452186,-0.00614951178432
4632,2214,3,7,0.072390332818,0.0119444839656,0.0221518408507,0.0271996110678,0.00504777021706
4633,1458,1,3,0.0552108287811,0.0229231249541,0.106813244522,0.0445041209459,-0.0623091235757
4634,464,6,20,0.0860288366675,0.0461564436555,0.173807322979,0.387037247419,0.21322992444
4635,2252,2,11,0.103353254497,0.0030008261092,0.49219763279,0.164040133357,-0.328157484531
4636,2250,2,10,0.0718515217304,0.00689980806783,0.193528994918,0.0902009829879,-0.10332801193
4637,7627,12,33,0.0470929779112,0.0143278967589,0.0296207889915,0.0320762507617,0.0024554617703
4638,1673,5,5,0.039836589247,0.0108313057572,0.0166294369847,0.0133685311303,-0.0032609058544
4639,7527,7,23,0.034007396549,0.0173418130726,0.0105845183134,0.00780202634633,-0.00278249196708
4640,947,2,5,0.155786603689,0.0446423478425,0.833834528923,0.337402433157,-0.496432095766
4641,6112,2,9,0.0790131762624,0.0108846407384,0.0379433557391,0.0737132355571,0.035769879818
4642,462,1,10,0.0526212565601,0.0200182180852,0.263384014368,0.140916272998,-0.12246774137
4643,268,1,10,0.0804795399308,0.0418948568404,0.0139448875561,0.025837527588,0.0118926400319
4644,1184,1,4,0.063112527132,0.00860804039985,0.0524068400264,0.0376958027482,-0.0147110372782
4645,3005,2,6,0.105228580534,0.015458622016,0.769922196865,0.356412738562,-0.413509458303
4646,2804,3,13,0.0305006429553,0.0154908113182,0.0599877275527,0.092737108469,0.0327493809164
4647,317,2,9,0.0386778786778,0.0255134571344,0.878775656223,0.699651479721,-0.179124176502
4648,6925,3,7,0.0598503760993,0.0329793952405,0.0178897883743,0.0220578610897,0.0041680727154
4649,2791,2,6,0.0673735886812,0.0157793574035,0.0379007235169,0.0920130610466,0.0541123375297
4650,771,5,20,0.156876951456,0.109069243073,0.129355743527,0.346297293901,0.216941550374
4651,793,3,4,0.0541594959795,0.0036328737624,0.0615362338722,0.104942262173,0.0434060283005
4652,567,2,8,0.023496421054,0.01639813371,0.637001812458,0.554204940796,-0.0827968716621
4653,391,5,21,0.074870288372,0.0162673722953,0.141144767404,0.107420086861,-0.0337246805429
4654,2931,2,6,0.0489472448826,0.0153205003589,0.0176895353943,0.00636986643076,-0.0113196689636
4655,7319,5,22,0.053294647485,0.00640222150832,0.155307620764,0.180366680026,0.0250590592623
4657,9061,4,6,0.0409920699894,0.0212135836482,0.0289436224848,0.0376396290958,0.00869600661099
4659,2174,1,9,0.0883370041847,0.00447891606018,0.107069008052,0.146682903171,0.0396138951182
4660,5834,4,8,0.0403323359787,0.0171554498374,0.0890948995948,0.171377241611,0.0822823420167
4661,2678,4,9,0.0519794635475,0.0178881958127,0.317634254694,0.400835394859,0.0832011401653
4662,7375,1,12,0.0771825835109,0.0298142209649,0.055148858577,0.0881205201149,0.0329716615379
4663,2931,1,3,0.0772947445512,0.0278745871037,0.0676822215319,0.0955614671111,0.0278792455792
4665,534,2,8,0.100311756134,0.0675478801131,0.0451092980802,0.156181499362,0.111072197556
4666,3144,1,9,0.0591414384544,0.0261572282761,0.17409299314,0.14686897397,-0.0272240191698
4668,3044,2,5,0.051412563771,0.0237793475389,0.966041982174,0.777498066425,-0.188543915749
4669,344,3,14,0.0488867014647,0.0478863529861,0.908160507679,0.700190007687,-0.207970499992
4670,437,4,8,0.0364614725113,0.0192928481847,0.842436432838,0.700786650181,-0.141649782658
4671,1130,1,7,0.0533054172993,0.00801191013306,0.0182401221246,0.0340503640473,0.0158102419227
4672,489,3,4,0.0274009611458,0.00627541262656,0.45135217905,0.338608890772,-0.112743288279
4673,261,5,14,0.0366919785738,0.0221266523004,0.58349186182,0.389994949102,-0.193496912718
4674,248,2,4,0.0142658762634,0.00801413878798,0.495177924633,0.558130562305,0.0629526376724
4675,131,1,6,0.0878327265382,0.0256715323776,0.181292161345,0.310292989016,0.12900082767
4676,1555,1,10,0.0551639199257,0.0377617627382,0.785279214382,0.605232894421,-0.180046319962
4677,578,2,5,0.0494400374591,0.0323447622359,0.509054422379,0.407661437988,-0.10139298439
4678,6940,2,10,0.0534756332636,0.0150390444323,0.619129478931,0.365487128496,-0.253642350435
4679,2134,4,3,0.0595551542938,0.0106632513925,0.140613183379,0.170314192772,0.0297010093927
4680,864,3,16,0.0799389109015,0.0301106832922,0.258560627699,0.101711057127,-0.156849563122
4681,9228,1,6,0.0454001836479,0.0127008585259,0.0991136133671,0.131624236703,0.0325106233358
4682,131,2,5,0.0255369246006,0.027658386156,0.85730522871,0.776828050613,-0.0804771780968
4683,4866,1,5,0.0415576957166,0.0206010490656,0.389683902264,0.528371334076,0.138687431812
4684,2931,4,3,0.174203157425,0.0153495231643,0.853873372078,0.309387415648,-0.544485926628
4685,304,1,4,0.0485093183815,0.0211187489331,0.322197556496,0.193771764636,-0.12842579186
4686,489,2,4,0.0874696746469,0.0469226837158,0.869097948074,0.558218896389,-0.310879051685
4687,363,3,6,0.0647222325206,0.0278675537556,0.563199877739,0.283478230238,-0.279721647501
4688,371,3,5,0.0471510477364,0.0169210545719,0.722834587097,0.477863460779,-0.244971126318
4689,598,2,16,0.0342228598893,0.0231604911387,0.530958771706,0.506952702999,-0.0240060687065
4690,330,5,8,0.0602641552687,0.0349871255457,0.564777970314,0.484104275703,-0.0806736946106
4691,2986,4,7,0.028223246336,0.00886839907616,0.531080782413,0.515243947506,-0.0158368349075
4692,994,14,13,0.00238744565286,0.00101925409399,0.980862498283,0.966274082661,-0.0145884156227
4693,441,3,6,0.040826652199,0.0209478996694,0.0972639992833,0.0707877203822,-0.0264762789011
4694,8610,1,5,0.0873443707824,0.0232632942498,0.429866582155,0.137016192079,-0.292850375175
4695,2987,3,8,0.0463396757841,0.0142286140472,0.125689685345,0.111504681408,-0.0141850039363
4696,2931,2,3,0.0316540263593,0.0190974082798,0.0471710339189,0.0252916812897,-0.0218793526292
4697,4341,2,6,0.0425554327667,0.00338082923554,0.213169321418,0.128000631928,-0.0851686894894
4698,490,7,24,0.0545758344233,0.0348561033607,0.213290974498,0.388026088476,0.174735113978
4699,1641,4,16,0.101505339146,0.00718991830945,0.0471173860133,0.0738997980952,0.026782412082
4700,9,3,6,0.0488301552832,0.0111466785893,0.111597239971,0.122452579439,0.0108553394675
4701,4199,2,7,0.0642439052463,0.0098038399592,0.389783501625,0.138975813985,-0.250807702541
4702,2575,3,6,0.0598299391568,0.0225666090846,0.0618063099682,0.0290533155203,-0.0327529944479
4703,6208,2,8,0.0792657509446,0.0195783525705,0.0333090908825,0.0413576364517,0.00804854556918
4704,5936,2,5,0.104128181934,0.0359545648098,0.204935491085,0.461670011282,0.256734520197
4705,6339,2,6,0.0611657649279,0.0167138557881,0.220037162304,0.0821189954877,-0.137918174267
4707,7403,12,25,0.0428942479193,0.00300070969388,0.0523464642465,0.0477164722979,-0.0046299919486
4709,3441,8,19,0.0527654252946,0.0505203492939,0.557947456837,0.350613921881,-0.207333534956
4710,2758,1,11,0.219784989953,0.0451772324741,0.655840814114,0.115087889135,-0.54075294733
4711,6111,4,8,0.0625251606107,0.00355775281787,0.251980185509,0.224026724696,-0.0279534608126
4712,1631,3,7,0.0666030570865,0.00142324506305,0.273956984282,0.20513741672,-0.0688195675611
4713,5936,2,4,0.0938170179725,0.0372507013381,0.054522562772,0.225090965629,0.170568406582
4714,4288,2,6,0.104581058025,0.0258256252855,0.824960410595,0.448077589273,-0.376882821321
4715,782,1,7,0.0710815414786,0.0188140179962,0.368858039379,0.673952519894,0.305094480515
4716,8203,5,12,0.040627155453,0.0168503038585,0.0378069654107,0.0282229632139,-0.00958400219679
4717,4802,9,32,0.0688054785132,0.00474614556879,0.173394948244,0.117518521845,-0.0558764263988
4718,8625,3,4,0.09401794523,0.0110931713134,0.255070567131,0.0679270774126,-0.187143489718
4719,4732,1,4,0.0755986571312,0.0293647069484,0.0637212917209,0.0685378238559,0.00481653213501
4720,1005,4,13,0.0453215688467,0.011497120373,0.414940744638,0.293645322323,-0.121295422316
4721,3382,3,4,0.0482861511409,0.0278300736099,0.285945594311,0.163193285465,-0.122752308846
4722,589,2,14,0.0359588526189,0.0135565474629,0.769026637077,0.711512863636,-0.0575137734413
4723,190,9,15,0.13237850368,0.0449513681233,0.0715485215187,0.0927152112126,0.0211666896939
4724,4128,9,18,0.041632194072,0.0218971837312,0.45218077302,0.369849681854,-0.0823310911655
4725,2945,4,12,0.0511937737465,0.00882171839476,0.365776330233,0.245701745152,-0.12007458508
4726,486,6,9,0.0643889307976,0.0165784470737,0.183485493064,0.12882900238,-0.0546564906836
4727,939,2,13,0.0733394995332,0.0637499317527,0.521749317646,0.527637302876,0.00588798522949
4729,205,2,3,0.0443904288113,0.0212972406298,0.249626651406,0.178003430367,-0.0716232210398
4730,1821,2,2,0.0798236876726,0.0365507788956,0.0132211865857,0.00890515465289,-0.00431603193283
4731,558,4,12,0.0365485660732,0.0293367169797,0.378845781088,0.284083843231,-0.0947619378567
4732,2866,1,8,0.0550012886524,0.0288370847702,0.926627039909,0.694317758083,-0.232309281826
4733,588,2,15,0.0941751971841,0.0738788098097,0.708525061607,0.38587975502,-0.322645306587
4734,138,4,17,0.0175299588591,0.00826716609299,0.803366005421,0.703441917896,-0.0999240875244
4736,471,3,9,0.0920112356544,0.0774815157056,0.690295517445,0.411861926317,-0.278433591127
4737,1005,5,12,0.0979302898049,0.0186778791249,0.60063457489,0.244080737233,-0.356553852558
4738,4526,2,4,0.0267490874976,0.0104209734127,0.0410572290421,0.108317345381,0.0672601163387
4739,997,4,6,0.0358648560941,0.0248641911894,0.88388222456,0.720991134644,-0.162891089916
4740,255,3,3,0.0659767612815,0.0259779170156,0.289842456579,0.138914331794,-0.150928124785
4741,2850,9,11,0.0298473909497,0.0117647387087,0.187080323696,0.18324701488,-0.00383330881596
4742,339,1,6,0.119766771793,0.0502971373498,0.0762128382921,0.0752557516098,-0.00095708668232
4743,1696,5,12,0.0682093128562,0.0717836767435,0.028493931517,0.0893410667777,0.0608471333981
4744,9158,6,1,0.0693448185921,0.063807874918,0.00639695627615,0.0149430679157,0.00854611210525
4745,6480,3,21,0.0527512393892,0.0152477612719,0.354880303144,0.23190651834,-0.122973784804
4746,1471,8,9,0.0560745857656,0.0205686949193,0.173725992441,0.296384453773,0.122658461332
4747,7666,1,11,0.116617195308,0.0254221502692,0.616148114204,0.182519868016,-0.433628261089
4748,3957,2,5,0.0754227265716,0.0118411937729,0.355891287327,0.192567527294,-0.163323760033
4749,3549,3,16,0.0631890818477,0.00796882901341,0.0974094346166,0.0874214395881,-0.0099879950285
4750,1163,2,7,0.0789505392313,0.0128942457959,0.155867099762,0.247673407197,0.091806307435
4751,5623,2,15,0.0240823030472,0.00362698896788,0.98919314146,0.89690464735,-0.0922884941101
4752,5619,8,18,0.0835549607873,0.00530711980537,0.0139865577221,0.0302928388119,0.0163062810898
4753,2772,9,24,0.0915200486779,0.0181963853538,0.153741851449,0.257389754057,0.103647902608
4754,3733,7,12,0.040874209255,0.00574192916974,0.0219528581947,0.0198686886579,-0.00208416953683
4755,9158,2,7,0.105148591101,0.029641116038,0.68041652441,0.2704872787,-0.40992924571
4756,9158,3,3,0.0488012544811,0.00965517293662,0.159904897213,0.266928583384,0.107023686171
4757,5830,3,7,0.0601805448532,0.0215009059757,0.422817349434,0.303414016962,-0.119403332472
4758,1240,1,7,0.0738724470139,0.0136771705002,0.835901975632,0.525479614735,-0.310422360897
4759,1246,1,5,0.0358496904373,0.00341115007177,0.298400789499,0.227356031537,-0.0710447579622
4760,1216,5,12,0.0544852204621,0.0265490785241,0.743266224861,0.49759042263,-0.245675802231
4761,5812,2,6,0.0379598326981,0.00560684222728,0.103708744049,0.126916274428,0.0232075303793
4764,6166,2,5,0.0634679123759,0.00604837294668,0.148353546858,0.0796069726348,-0.068746574223
4765,5318,18,42,0.0650497376919,0.0315847508609,0.0847738906741,0.221161320806,0.136387437582
4766,9160,2,4,0.0766854658723,0.00895099341869,0.267592608929,0.188081488013,-0.0795111209154
4767,7290,1,9,0.0694342926145,0.0187306459993,0.0937995165586,0.0896199718118,-0.00417954474688
4768,6855,17,49,0.0691935569048,0.0024444560986,0.0448303297162,0.0456931293011,0.000862799584866
4769,1931,2,3,0.0919679403305,0.0272384211421,0.170417413116,0.208636581898,0.0382191687822
4770,8237,17,37,0.0803536996245,0.0241899695247,0.0304728224874,0.0542000941932,0.0237272717059
4771,7729,6,21,0.0358098037541,0.00942076090723,0.449067473412,0.368244171143,-0.080823302269
4772,216,3,10,0.0322217307985,0.00204162951559,0.355647176504,0.300167351961,-0.055479824543
4773,6804,2,9,0.130864307284,0.0417594462633,0.0331417955458,0.0316565968096,-0.00148519873619
4774,6779,4,15,0.0627604052424,0.0186018720269,0.189869090915,0.0782793536782,-0.111589737236
4775,8176,15,24,0.0835420489311,0.0241443812847,0.0415976755321,0.0122738620266,-0.0293238125741
4776,1442,3,6,0.0767112448812,0.0308030862361,0.227545082569,0.25416263938,0.0266175568104
4777,7668,1,6,0.0581698529422,0.018796313554,0.116521678865,0.201406702399,0.0848850235343
4778,248,1,6,0.0858522579074,0.0180635973811,0.183430507779,0.207000240684,0.0235697329044
4779,1524,1,7,0.0671680867672,0.0141782481223,0.201362118125,0.391370892525,0.1900087744
4780,221,2,3,0.0479884259403,0.0253487210721,0.284628868103,0.366478830576,0.0818499624729
4781,578,6,4,0.0562375895679,0.00149753957521,0.01444836054,0.0275861304253,0.0131377698854
4782,3217,4,6,0.0670130476356,0.0139257330447,0.117659434676,0.112217359245,-0.00544207543135
4783,6928,27,65,0.100442320108,0.03086790815,0.205135554075,0.0959580466151,-0.10917750746
4784,1585,9,18,0.0379010699689,0.00758337276056,0.138162225485,0.0735242441297,-0.0646379813552
4785,8544,3,7,0.0283781271428,0.00878466013819,0.0229185875505,0.0138013968244,-0.0091171907261
4786,4964,3,12,0.0738916918635,0.017467642203,0.192210838199,0.119655482471,-0.0725553557277
4787,4901,2,8,0.0433094017208,0.00117284420412,0.00662030046806,0.00927624013275,0.00265593966469
4788,2854,8,26,0.1047937572,0.0627951994538,0.372355043888,0.291404575109,-0.0809504687786
4789,4931,7,25,0.0489495284855,0.00275897304527,0.00801697559655,0.00434936303645,-0.00366761256009
4790,1445,9,17,0.0653477162123,0.0323332697153,0.130161434412,0.153128042817,0.0229666084051
4791,1445,2,4,0.043879147619,0.00906002707779,0.0218294933438,0.0239434521645,0.0021139588207
4792,2358,3,11,0.0435451082885,0.00704196002334,0.113824635744,0.0747385844588,-0.0390860512853
4793,216,3,15,0.0645295381546,0.0504455156624,0.943651616573,0.722325980663,-0.22132563591
4794,2461,2,6,0.0556243360043,0.0175027884543,0.316275298595,0.201961323619,-0.114313974977
4795,1519,3,10,0.0778861865401,0.0239995196462,0.480849325657,0.287061244249,-0.193788081408
4796,5663,3,7,0.0549756772816,0.00692891841754,0.0227984916419,0.0393236875534,0.0165251959115
4797,7311,14,55,0.0955336466432,0.0543684326112,0.781751155853,0.450625270605,-0.331125885248
4798,7311,3,11,0.0577027983963,0.00124412949663,0.032453417778,0.0263720285147,-0.00608138926327
4799,7261,7,27,0.0951752662659,0.0396501682699,0.0994165688753,0.225584030151,0.126167461276
4800,2066,2,12,0.0450911223888,0.0101768570021,0.245331525803,0.283038169146,0.037706643343
4801,2566,2,21,0.0542402677238,0.00624628923833,0.00481157703325,0.00612284755334,0.00131127052009
4802,3561,7,9,0.0785246863961,0.0243095923215,0.118167459965,0.0648126527667,-0.053354807198
4804,8719,2,2,0.0988519266248,0.0204636696726,0.0385554283857,0.0290104094893,-0.00954501889646
4805,256,1,6,0.130344852805,0.0297299493104,0.838726580143,0.401226431131,-0.437500149012
4806,5466,3,4,0.0437822602689,0.00779615156353,0.088628269732,0.0628142878413,-0.0258139818907
4807,7598,2,10,0.104473598301,0.0427910760045,0.0174061376601,0.133676424623,0.116270288825
4808,9132,2,13,0.096747122705,0.0372788161039,0.445224136114,0.148199900985,-0.297024250031
4809,1840,5,18,0.0309649650007,0.00881160330027,0.180309131742,0.165371075273,-0.014938056469
4810,4766,8,22,0.033460624516,0.0061212759465,0.196678221226,0.149542048573,-0.0471361726522
4811,3536,8,13,0.0389359146357,0.00330871297047,0.0377461984754,0.0434746928513,0.00572849437594
4812,9156,16,22,0.049019087106,0.0161285325885,0.164105117321,0.223445937037,0.0593408197165
4813,5902,3,8,0.124064944685,0.0285654477775,0.460303872824,0.160279974341,-0.300023913383
4814,2509,2,8,0.0597093217075,0.00368125992827,0.177499979734,0.292335420847,0.114835441113
4815,4287,1,7,0.0622204653919,0.00307202292606,0.040752928704,0.0204360391945,-0.0203168895096
4816,5377,1,3,0.0802941918373,0.0300251413137,0.024993730709,0.0241813305765,-0.000812400132418
4817,5827,5,15,0.0699320137501,0.0127913253382,0.247551143169,0.101269267499,-0.146281868219
4818,1761,4,17,0.0530195720494,0.010358245112,0.2474860847,0.111828751862,-0.135657340288
4819,2282,10,20,0.0615693628788,0.0141032813117,0.77669095993,0.520114481449,-0.256576478481
4820,3831,4,10,0.0566659532487,0.0354299470782,0.0470457747579,0.0413359254599,-0.005709849298
4821,4296,1,4,0.167307332158,0.0372778438032,0.893855810165,0.405029326677,-0.488826483488
4822,3241,1,3,0.081336684525,0.0155480252579,0.163976088166,0.0801941305399,-0.0837819576263
4823,5145,5,18,0.115000247955,0.0250305719674,0.242598339915,0.386766314507,0.144167974591
4824,913,6,8,0.0925407037139,0.023524440825,0.575573682785,0.242724344134,-0.33284932375
4825,3979,3,3,0.0406954437494,0.00393895525485,0.089824616909,0.0971242114902,0.00729959458113
4826,4522,3,5,0.0409963317215,0.017393860966,0.0809236317873,0.156353607774,0.0754299759865
4827,5510,2,5,0.0275949686766,0.0166208762676,0.0956310480833,0.0987066924572,0.00307564437389
4828,6746,8,30,0.0245256405324,0.00682631321251,0.65237903595,0.572494983673,-0.0798840522766
4829,957,5,10,0.0496116317809,0.014863259159,0.0867758989334,0.115955732763,0.0291798338294
4830,7401,4,19,0.0767960548401,0.0416925176978,0.151043355465,0.300786674023,0.149743318558
4831,1505,2,8,0.0951614975929,0.0292983688414,0.0435180440545,0.0753986015916,0.0318805575371
4833,3088,2,6,0.0452183894813,0.00906531326473,0.0983856022358,0.0950274169445,-0.00335818529129
4834,5982,2,3,0.0720473602414,0.0124812601134,0.105039611459,0.040023740381,-0.0650158673525
4835,7153,2,6,0.0517347753048,0.0106745231897,0.0354605279863,0.0988368093967,0.0633762776852
4836,4069,4,9,0.0341410897672,0.0149893155321,0.716238796711,0.548230171204,-0.168008625507
4838,6328,3,7,0.0809363946319,0.0319050587714,0.0102739809081,0.0255901217461,0.015316140838
4840,1387,2,4,0.0371580682695,0.0140968421474,0.562241494656,0.432461172342,-0.129780322313
4841,251,2,4,0.0669358596206,0.00276171439327,0.134200870991,0.127738401294,-0.006462469697
4842,970,2,3,0.0510934852064,0.00617325073108,0.0281470436603,0.034879565239,0.00673252157867
4843,437,3,8,0.0637703165412,0.0194334201515,0.059032894671,0.0448692701757,-0.0141636244953
4844,1894,6,10,0.0562106408179,0.00405191956088,0.316184848547,0.249303892255,-0.0668809562922
4845,534,3,10,0.0535982213914,0.00671107461676,0.00506264995784,0.00378178223036,-0.00128086772747
4846,899,2,15,0.0555307865143,0.00927351601422,0.177406340837,0.0785788595676,-0.0988274812698
4847,2867,1,4,0.0919646397233,0.0335032120347,0.0186710413545,0.0600529611111,0.0413819178939
4848,5896,2,7,0.0550720058382,0.0115963378921,0.0638154819608,0.0359427444637,-0.0278727374971
4849,695,1,5,0.0615829825401,0.0320965647697,0.324981361628,0.163746878505,-0.161234483123
4850,2509,5,22,0.072780624032,0.0152512956411,0.183044478297,0.19288136065,0.00983688235283
4851,36,4,11,0.0514424033463,0.0195244234055,0.227611228824,0.152820304036,-0.0747909247875
4852,695,2,3,0.0513648279011,0.0131641086191,0.00897478871047,0.00831025000662,-0.000664538703859
4853,2781,4,13,0.0509516038001,0.0105139035732,0.367454379797,0.321678340435,-0.045776039362
4854,310,3,9,0.0453962273896,0.0121040670201,0.140920966864,0.137186452746,-0.00373451411724
4855,2886,1,11,0.0312727205455,0.0153844924644,0.23767118156,0.219008743763,-0.0186624377966
4856,2854,1,1,0.0397881045938,0.00608365656808,0.0326128229499,0.0215934310108,-0.011019391939
4857,1556,6,12,0.0414389260113,0.0242236796767,0.396101385355,0.542098343372,0.145996958017
4858,3207,1,7,0.0732258930802,0.039000634104,0.404544115067,0.247674182057,-0.156869933009
4859,3002,2,2,0.0734169259667,0.0109729683027,0.111266151071,0.128984495997,0.0177183449268
4860,695,2,9,0.0266310721636,0.0098019996658,0.328972250223,0.31430247426,-0.0146697759628
4861,38,1,4,0.0674277618527,0.00882171839476,0.105186626315,0.0513343662024,-0.0538522601128
4862,358,2,4,0.151811733842,0.0339058376849,0.821153521538,0.332482486963,-0.488671034575
4863,904,2,5,0.120432130992,0.0116488039494,0.785185694695,0.358786314726,-0.426399379969
4864,8017,1,4,0.110937930644,0.0449291095138,0.459735870361,0.187304362655,-0.272431492805
4865,9000,3,3,0.248120471835,0.0383808761835,0.954580485821,0.339143186808,-0.615437269211
4866,5896,3,4,0.111341021955,0.0546832755208,0.486295551062,0.166856095195,-0.319439470768
4867,1624,4,6,0.0662534460425,0.0427000485361,0.0906882286072,0.10409206152,0.0134038329124
4868,1967,3,6,0.0585780590773,0.0217895340174,0.0673314929008,0.0670540183783,-0.000277474522591
4869,1595,2,10,0.0380202829838,0.0106000052765,0.00656926445663,0.0126837193966,0.00611445493996
4870,1858,5,15,0.0884101912379,0.0382788255811,0.0719004273415,0.0939132943749,0.0220128670335
4871,3834,3,11,0.067736916244,0.0195566490293,0.0472012124956,0.0263735726476,-0.020827639848
4872,7689,2,11,0.0907546654344,0.0368531830609,0.100080750883,0.189430654049,0.0893499031663
4873,3725,1,4,0.045925360173,0.0149054313079,0.181872189045,0.0751576647162,-0.106714524329
4874,6187,1,7,0.050829809159,0.0158181991428,0.0459119416773,0.14133925736,0.0954273194075
4875,2540,2,4,0.0334697328508,0.00644060084596,0.0536428801715,0.0481285341084,-0.00551434606314
4876,577,5,9,0.0290680173784,0.0104126753286,0.650193274021,0.634105503559,-0.016087770462
4877,452,2,3,0.047993555665,0.0199838653207,0.0154288429767,0.0372363813221,0.0218075383455
4878,273,2,5,0.0470143668354,0.00433867797256,0.314420938492,0.304562687874,-0.00985825061798
4879,5847,1,5,0.0550106652081,0.0337881296873,0.0818167626858,0.0604027025402,-0.0214140601456
4880,5249,11,9,0.0465136133134,0.0188979357481,0.744682490826,0.624238431454,-0.120444059372
4881,1915,2,5,0.102970205247,0.0296335909516,0.0657803863287,0.200603052974,0.134822666645
4882,2849,4,9,0.14965364337,0.0588878877461,0.771293640137,0.283030837774,-0.488262802362
4883,5596,4,4,0.0385862216353,0.019070180133,0.0877726152539,0.0530594103038,-0.0347132049501
4884,871,1,7,0.089381121099,0.0136681282893,0.650836586952,0.377440303564,-0.273396283388
4885,1689,3,3,0.0766793861985,0.0390629805624,0.502418935299,0.229959011078,-0.272459924221
4886,3771,1,5,0.0388727039099,0.0229303780943,0.0268875341862,0.0639050528407,0.0370175167918
4887,6397,6,16,0.0685048177838,0.0357234105468,0.142991781235,0.0814629867673,-0.0615287944674
4888,7025,3,16,0.0792708024383,0.0159072410315,0.245262861252,0.158770605922,-0.0864922553301
4889,7471,3,1,0.0570299588144,0.0204028375447,0.0436428822577,0.0449656099081,0.0013227276504
4890,9190,1,5,0.0638046339154,0.0148313231766,0.0305124223232,0.0461099483073,0.015597525984
4891,4996,1,8,0.0854870975018,0.0174827631563,0.0357163101435,0.0526402108371,0.0169239006937
4892,6924,3,7,0.0626953318715,0.0153993004933,0.0299488324672,0.0218227151781,-0.00812611728907
4893,3988,1,4,0.0652708262205,0.0267337206751,0.0953708216548,0.0536711327732,-0.0416996888816
4894,323,4,14,0.0384213291109,0.00791206117719,0.15945661068,0.130437672138,-0.0290189385414
4895,477,2,7,0.0518717579544,0.0129570756108,0.0541247166693,0.0521935634315,-0.00193115323782
4896,301,3,6,0.031763471663,0.0100789703429,0.485202074051,0.362032145262,-0.123169928789
4897,334,4,14,0.156263306737,0.0636428371072,0.650903344154,0.173367902637,-0.477535426617
4898,326,6,11,0.071139998734,0.0234063658863,0.953817367554,0.688585996628,-0.265231370926
4899,323,2,3,0.047739982605,0.0143333561718,0.0717926174402,0.133013427258,0.0612208098173
4900,4360,5,16,0.0643911883235,0.0129998074844,0.266513377428,0.102248601615,-0.164264768362
4902,589,5,10,0.0758924633265,0.0235164314508,0.678714871407,0.347696393728,-0.331018477678
4903,961,1,3,0.0439178906381,0.0175305828452,0.16899420321,0.126942798495,-0.0420514047146
4904,411,4,8,0.0454152077436,0.0216717086732,0.791763246059,0.610590994358,-0.181172251701
4906,504,1,3,0.0385576821864,0.0068485531956,0.27668723464,0.11178162694,-0.1649056077
4907,470,2,6,0.0847030058503,0.0285623650998,0.523618876934,0.224470809102,-0.299148082733
4908,3991,4,8,0.0750292092562,0.00852607283741,0.778276145458,0.473360747099,-0.304915398359
4909,248,2,3,0.064317278564,0.0377498008311,0.145463511348,0.300781399012,0.155317887664
4911,2522,11,25,0.125306889415,0.0263468697667,0.0488460510969,0.0233591590077,-0.0254868920892
4912,2815,1,5,0.0517829954624,0.00172633491457,0.14175774157,0.099606782198,-0.0421509593725
4913,4664,1,4,0.0705716609955,0.00751931685954,0.171939194202,0.0995687842369,-0.0723704099655
4914,2578,4,15,0.0628211721778,0.00867051072419,0.097477838397,0.0690789222717,-0.0283989161253
4915,7317,3,9,0.0413659587502,0.00630758563057,0.196914806962,0.166555315256,-0.0303594917059
4916,4759,2,4,0.0423569343984,0.0117721036077,0.0358148366213,0.0354066379368,-0.000408198684454
4917,4519,4,7,0.084803968668,0.0238357819617,0.0260086338967,0.0516396015882,0.0256309676915
4918,3167,2,12,0.0635277628899,0.0299172606319,0.0168810449541,0.0164607092738,-0.000420335680246
4920,6303,2,5,0.0414555929601,0.00341500435024,0.0139352520928,0.0151192462072,0.0011839941144
4921,5751,2,8,0.0211924966425,0.00681410217658,0.000127331921249,0.00111354514956,0.000986213213764
4922,7733,1,7,0.0444612316787,0.0155713753775,0.281654596329,0.181814387441,-0.0998402088881
4923,4361,1,5,0.0478177629411,0.0139092300087,0.178136393428,0.132967457175,-0.0451689362526
4924,1781,2,4,0.0481482557952,0.0089402962476,0.0329320766032,0.0196946989745,-0.0132373776287
4925,4588,2,10,0.0895072817802,0.011706107296,0.0887716934085,0.0478745102882,-0.0408971831203
4926,2143,1,7,0.068090416491,0.031407341361,0.0100286109373,0.00818047020584,-0.00184814073145
4927,1604,3,5,0.0585687607527,0.0125149050727,0.0252632796764,0.0170568097383,-0.00820646993816
4928,5878,2,18,0.0508420877159,0.0064302533865,0.151636302471,0.11760456115,-0.0340317413211
4929,5471,3,7,0.0440200679004,0.0193807650357,0.669688642025,0.452747970819,-0.216940671206
4930,1428,3,14,0.0555221028626,0.00760592101142,0.345297634602,0.194366380572,-0.150931254029
4931,7460,4,6,0.0650314763188,0.0214350409806,0.00664662150666,0.0149969654158,0.00835034437478
4932,2397,4,7,0.0518855154514,0.00655101565644,0.114783905447,0.0747547671199,-0.0400291383266
4933,2111,3,7,0.083310097456,0.0409326516092,0.0803451538086,0.0704379379749,-0.00990721583366
4934,5872,5,9,0.0613525509834,0.0120624462143,0.0850709602237,0.0677886381745,-0.0172823220491
4935,5465,4,9,0.0347478836775,0.00551559310406,0.278301477432,0.254271537066,-0.0240299403667
4936,8428,1,6,0.0655392929912,0.0242587383837,0.030674720183,0.0235364083201,-0.00713831186295
4937,6958,4,4,0.0518132336438,0.005004464183,0.0273343659937,0.0555550418794,0.0282206758857
4938,3498,1,4,0.0670129954815,0.0176912751049,0.124278306961,0.149207130075,0.0249288231134
4939,3779,4,7,0.0446361787617,0.00478802714497,0.0372626297176,0.0357896946371,-0.00147293508053
4940,9122,1,6,0.0490817092359,0.0218155328184,0.0958170741796,0.0805142000318,-0.0153028741479
4941,3197,3,17,0.0500332303345,0.0415917262435,0.899206936359,0.693157672882,-0.206049263477
4942,7396,1,4,0.0360127203166,0.00730127096176,0.0489827133715,0.0787199214101,0.0297372080386
4943,8498,2,1,0.0433856137097,0.00397433619946,0.0414643622935,0.0501261502504,0.00866178795695
4944,406,2,9,0.0774327665567,0.0326241962612,0.137132763863,0.0856931209564,-0.0514396429062
4945,385,6,6,0.0306718293577,0.0109811583534,0.248618230224,0.205409482121,-0.0432087481022
4946,293,2,8,0.0154382390901,0.00274897320196,0.097510561347,0.107249684632,0.00973912328482
4947,7,5,2,0.0658911243081,0.044187720865,0.0665196180344,0.0260304231197,-0.0404891967773
4948,4519,4,14,0.0577168427408,0.0398478172719,0.164617702365,0.335068941116,0.170451238751
4949,268,3,11,0.0395517908037,0.00426612095907,0.284437835217,0.474446088076,0.190008252859
4950,4485,6,10,0.0924695506692,0.0420439094305,0.224330857396,0.172290027142,-0.0520408302546
4951,235,2,5,0.10777964443,0.0611054822803,0.370380669832,0.171778395772,-0.19860227406
4952,531,1,11,0.0276549700648,0.0173758938909,0.0453638397157,0.0292714554816,-0.0160923842341
4953,296,1,8,0.0534422360361,0.0164176411927,0.406391769648,0.219890892506,-0.186500877142
4954,4315,3,8,0.0360621772707,0.0167748127133,0.329469889402,0.259334653616,-0.0701352357864
4955,7123,3,4,0.0396091453731,0.00495951715857,0.0548486821353,0.049585480243,-0.00526320189238
4956,700,1,6,0.0453388355672,0.034654263407,0.641123950481,0.56567710638,-0.075446844101
4957,5698,2,5,0.0727308690548,0.022064588964,0.19005638361,0.108261309564,-0.0817950740457
4959,726,1,5,0.0146726621315,0.0063150273636,0.0542243272066,0.0583269484341,0.0041026212275
4960,700,2,2,0.0449729971588,0.00697329966351,0.0763166919351,0.0536304451525,-0.0226862467825
4961,671,1,3,0.128844469786,0.0829554647207,0.917232871056,0.521688759327,-0.395544111729
4962,5976,2,1,0.0363703407347,0.00405959784985,0.078187443316,0.130049169064,0.0518617257476
4963,6810,1,7,0.0521005243063,0.0368226580322,0.647332191467,0.540129184723,-0.107203006744
4964,63,3,25,0.0737687125802,0.00488895969465,0.218362882733,0.184759020805,-0.033603861928
4965,8644,4,6,0.0454006530344,0.00225912546739,0.0701813474298,0.0930936560035,0.0229123085737
4966,8994,3,10,0.0970116481185,0.0421537347138,0.0112959593534,0.0103720892221,-0.000923870131373
4967,8126,3,7,0.0673426315188,0.0155667327344,0.00407758774236,0.00895783118904,0.00488024344668
4968,8898,4,8,0.0549322068691,0.00719841383398,0.185106739402,0.131679728627,-0.0534270107746
4969,4848,4,8,0.103473879397,0.0429541505873,0.0194850862026,0.0847744569182,0.0652893707156
4970,903,1,7,0.0493326969445,0.0197022650391,0.510894834995,0.344088345766,-0.166806489229
4971,2685,2,11,0.0660481676459,0.00762887578458,0.288990169764,0.125580012798,-0.163410156965
4972,8726,1,8,0.118909813464,0.0146875493228,0.0135776074603,0.0508270300925,0.0372494235635
4973,3137,2,4,0.102651081979,0.0366002731025,0.0622537992895,0.18817178905,0.125917986035
4974,3832,2,3,0.0567778944969,0.0103203458712,0.119034960866,0.0983434617519,-0.020691499114
4975,1579,4,2,0.110463537276,0.0542577728629,0.00670492043719,0.0216507855803,0.0149458646774
4976,5380,10,22,0.0684834197164,0.00674027530476,0.0302174594253,0.0240342374891,-0.00618322193623
4977,1690,5,8,0.0318573862314,0.0266878064722,0.00754371704534,0.0179574843496,0.0104137677699
4978,2507,2,18,0.0511961020529,0.0315810292959,0.437816053629,0.43048992753,-0.00732612609863
4979,8214,2,15,0.0571095049381,0.00795444007963,0.186922952533,0.227190196514,0.0402672439814
4980,3112,4,4,0.0633602887392,0.0270550325513,0.0267469547689,0.0145268663764,-0.0122200883925
4981,6823,2,11,0.0850004777312,0.0156748685986,0.149350821972,0.146621361375,-0.00272946059704
4982,4071,1,5,0.0501509457827,0.011330049485,0.13165718317,0.104411505163,-0.0272456780076
4983,3367,2,3,0.0690173432231,0.0329100564122,0.00159463635646,0.00584270665422,0.00424807053059
4984,1476,4,11,0.0446193404496,0.0113560557365,0.300541907549,0.3950715065,0.0945295989513
4985,8760,3,11,0.0381330251694,0.00709832226858,0.0202641505748,0.0219779442996,0.00171379372478
4986,4865,9,7,0.0822129324079,0.0241283290088,0.172463476658,0.0582757554948,-0.114187717438
4987,4112,2,12,0.0742989853024,0.0189680811018,0.00242027919739,0.0133894057944,0.010969126597
4988,8127,3,6,0.0576804727316,0.0188603810966,0.0177780501544,0.0263943281025,0.00861627794802
4989,437,3,8,0.0790660083294,0.0692217871547,0.76487839222,0.490389466286,-0.274488925934
4990,2989,4,10,0.166233852506,0.08949033916,0.83825814724,0.332997381687,-0.505260765553
4991,237,2,5,0.0618983507156,0.0080461865291,0.0899881795049,0.150074541569,0.0600863620639
4992,286,6,23,0.080716483295,0.0253310520202,0.0898213535547,0.0993491634727,0.00952780991793
4993,5657,3,12,0.107639230788,0.0506439544261,0.654192447662,0.286452591419,-0.367739856243
4994,6493,2,2,0.0436047725379,0.0191444382071,0.289558857679,0.190475985408,-0.0990828722715
4995,377,2,5,0.0722499862313,0.0494010299444,0.913343608379,0.631721198559,-0.281622409821
4996,2911,3,11,0.104427777231,0.0241597089916,0.508977591991,0.243237957358,-0.265739619732
4997,1047,3,12,0.0520411096513,0.0113140707836,0.23062492907,0.166724979877,-0.063899949193
4998,3975,6,8,0.067878857255,0.0448653660715,0.0158363319933,0.0497760623693,0.033939730376
4999,444,5,9,0.0325098894536,0.0108451135457,0.123630970716,0.101483285427,-0.0221476852894
5000,326,2,5,0.0878773033619,0.0407825149596,0.477107435465,0.199781671166,-0.277325749397
5001,7678,4,7,0.0440631024539,0.0177398826927,0.267596960068,0.144539728761,-0.123057231307
5002,6592,4,10,0.0184177830815,0.0046290718019,0.998484909534,0.939992725849,-0.0584921836853
5003,3290,2,3,0.0679254308343,0.0351075381041,0.129032760859,0.06255453825,-0.0664782226086
5006,512,1,2,0.166312918067,0.0822209492326,0.854197502136,0.343512296677,-0.51068520546
5007,1205,1,5,0.0658831745386,0.0410454496741,0.657851457596,0.400953620672,-0.256897836924
5008,5896,1,15,0.0824377015233,0.00516211846843,0.656736910343,0.332374453545,-0.324362456799
5009,1111,3,5,0.0758368596435,0.0324777662754,0.0319198779762,0.0244296137244,-0.00749026425183
5011,5933,4,22,0.137159973383,0.0972832739353,0.0205736812204,0.0166698042303,-0.00390387699008
5012,4072,4,10,0.0743707567453,0.00635729590431,0.129883885384,0.146131977439,0.0162480920553
5013,5012,2,5,0.0571671836078,0.00659041944891,0.0216968171299,0.00700706616044,-0.0146897509694
5014,4909,10,26,0.0676556751132,0.0214304998517,0.514535009861,0.321446657181,-0.19308835268
5015,4230,3,18,0.072978399694,0.00948225427419,0.20094281435,0.128837391734,-0.072105422616
5016,2801,4,10,0.0605023615062,0.0133895510808,0.22400021553,0.16023157537,-0.0637686401606
5017,6995,2,10,0.098062954843,0.033117774874,0.0601970478892,0.0245956126601,-0.0356014370918
5018,4241,5,12,0.0730757340789,0.0175175946206,0.118989303708,0.287246972322,0.168257668614
5019,4902,2,7,0.057733040303,0.0253072809428,0.192881464958,0.371195703745,0.178314238787
5020,2269,1,6,0.0536605119705,0.0171224959195,0.104623563588,0.0968789234757,-0.00774464011192
5021,5947,6,13,0.0567932873964,0.0192392282188,0.40829333663,0.194737747312,-0.213555589318
5022,2404,4,7,0.0791394338012,0.0162774883211,0.343130350113,0.157920286059,-0.185210064054
5024,3446,4,3,0.0405163541436,0.018619146198,0.044992774725,0.0168028771877,-0.0281898975372
5026,6838,3,4,0.0839380025864,0.0156301110983,0.303430616856,0.0954099521041,-0.208020657301
5027,7924,4,6,0.0541656129062,0.0358585678041,0.601180076599,0.396982103586,-0.204197973013
5028,1735,2,5,0.114969067276,0.0590889751911,0.12685880065,0.136804699898,0.00994589924812
5029,4230,1,5,0.0269955247641,0.014902443625,0.881912529469,0.753425180912,-0.128487348557
5030,6616,1,2,0.072444498539,0.0154908504337,0.0764429792762,0.0668850392103,-0.00955794006586
5031,4230,2,4,0.0393734835088,0.00828996859491,0.787124097347,0.572958648205,-0.214165449142
5032,6451,1,2,0.0581618398428,0.026294156909,0.0736113712192,0.0732764825225,-0.000334888696671
5033,6268,5,4,0.0474778302014,0.000183740150533,0.273174196482,0.215906724334,-0.0572674721479
5034,4665,1,4,0.0598910190165,0.041732236743,0.136745542288,0.0337719321251,-0.102973610163
5035,1382,6,6,0.0955305323005,0.0565163306892,0.723158597946,0.416487574577,-0.306671023369
5036,1050,3,12,0.0533476285636,0.00757324928418,0.118054062128,0.10438901931,-0.0136650428176
5037,5864,2,6,0.0665978863835,0.0192948952317,0.239132791758,0.187691941857,-0.0514408499002
5038,4217,8,13,0.084700666368,0.0426957458258,0.534209787846,0.232426211238,-0.301783561707
5039,2007,5,17,0.075991384685,0.0145053705201,0.0072580142878,0.00666579091921,-0.000592223368585
5040,8186,1,6,0.0753436461091,0.0245942045003,0.0484761334956,0.0594119913876,0.010935857892
5041,8396,2,2,0.100183598697,0.0366587005556,0.028779508546,0.0368475206196,0.00806801207364
5042,8432,3,7,0.0811450257897,0.0323808752,0.0168580058962,0.0376045368612,0.020746530965
5043,6262,5,12,0.0486378334463,0.0123225282878,0.148973718286,0.278094023466,0.129120305181
5044,2571,3,5,0.06390863657,0.0163252782077,0.197005659342,0.120446123183,-0.076559536159
5045,1364,1,4,0.043312150985,0.0206367522478,0.59503364563,0.389478832483,-0.205554813147
5047,4085,1,5,0.0509823560715,0.0124685689807,0.130611374974,0.148787200451,0.0181758254766
5048,6331,2,6,0.057389665395,0.0155632020906,0.258905053139,0.303132742643,0.0442276895046
5050,902,2,4,0.0703831836581,0.0174763165414,0.20405010879,0.209088027477,0.00503791868687
5051,4080,3,9,0.0857978761196,0.0184200070798,0.0804856568575,0.205143913627,0.124658256769
5052,8921,4,7,0.0746882930398,0.0166991669685,0.310161322355,0.123827807605,-0.186333507299
5053,1392,3,1,0.0755686610937,0.0176935512573,0.278207182884,0.0876809582114,-0.190526217222
5054,5947,1,3,0.0900674536824,0.0202848017216,0.0775980353355,0.191447243094,0.113849207759
5055,2494,2,5,0.0403692685068,0.00527334120125,0.181678310037,0.160156756639,-0.0215215533972
5056,6974,1,7,0.0709013566375,0.0154842957854,0.204766646028,0.0642714425921,-0.140495210886
5057,1355,6,12,0.0854344591498,0.0266813002527,0.0832315161824,0.0578420609236,-0.0253894552588
5058,1355,1,3,0.0812432691455,0.0019141115481,0.192230567336,0.297475337982,0.105244770646
5059,4191,5,5,0.0786223039031,0.0202176254243,0.0984857454896,0.0530088357627,-0.0454769097269
5060,4072,5,9,0.0718252584338,0.00827031955123,0.249680072069,0.147564575076,-0.102115496993
5061,6322,3,4,0.0473023839295,0.0107001541182,0.396539926529,0.285365432501,-0.111174494028
5062,6195,4,5,0.0952767953277,0.0296666808426,0.131356269121,0.118185520172,-0.0131707489491
5064,7496,25,52,0.043817628175,0.0138567527756,0.169477820396,0.284122884274,0.114645063877
5065,5344,5,18,0.0447849519551,0.011855205521,0.07041118294,0.129018291831,0.058607108891
5066,3425,5,5,0.0676221624017,0.00402340432629,0.0137805780396,0.0261652246118,0.0123846465722
5067,8135,3,8,0.0587200038135,0.01292269025,0.0269223116338,0.0410613827407,0.0141390711069
5068,8284,1,6,0.0594158135355,0.025519862771,0.0219551939517,0.0201319735497,-0.001823220402
5069,602,3,8,0.0753730610013,0.0311897043139,0.285858482122,0.125344112515,-0.160514369607
5070,2823,6,13,0.0583076477051,0.010975302197,0.485939532518,0.245105326176,-0.240834206343
5071,5048,1,4,0.0559699051082,0.0275465026498,0.358520001173,0.165570870042,-0.192949131131
5072,6281,2,4,0.0825058743358,0.0198042858392,0.0612522102892,0.149055108428,0.0878029018641
5073,588,3,6,0.121062286198,0.0728321000934,0.844475805759,0.425233930349,-0.41924187541
5075,941,2,10,0.0108651695773,0.00293883122504,0.891798317432,0.847204208374,-0.0445941090584
5077,436,1,4,0.0356457531452,0.0114783225581,0.0818256884813,0.0765174403787,-0.00530824810266
5078,6759,2,8,0.0492945313454,0.0378559753299,0.00751061178744,0.0695382431149,0.0620276331902
5079,3511,8,12,0.0465661995113,0.00812004134059,0.234719008207,0.19359152019,-0.0411274880171
5080,603,1,7,0.0313764177263,0.012708414346,0.146776333451,0.180834844708,0.0340585112572
5081,9324,10,28,0.0970378741622,0.0178035739809,0.0553016997874,0.0966676473618,0.0413659475744
5082,3732,10,29,0.109095156193,0.0262754224241,0.0780733823776,0.230628505349,0.152555122972
5083,3862,7,13,0.0356820560992,0.0058752973564,0.476186782122,0.493569403887,0.0173826217651
5084,989,5,11,0.0299862232059,0.00648185657337,0.74681353569,0.694878876209,-0.051934659481
5085,6978,5,15,0.0896324515343,0.00262858951464,0.286448329687,0.241128757596,-0.0453195720911
5086,2592,4,2,0.0563006289303,0.00575602287427,0.171562790871,0.0724896788597,-0.099073112011
5087,1629,3,7,0.153805866838,0.0402080193162,0.677150070667,0.203566908836,-0.473583161831
5088,8128,3,6,0.0521954037249,0.0216272491962,0.515674173832,0.329230040312,-0.18644413352
5089,906,5,20,0.0575222484767,0.00844659097493,0.241581216455,0.210150435567,-0.0314307808876
5091,3483,1,6,0.0376891903579,0.0129167558625,0.0492105484009,0.101963214576,0.0527526661754
5092,763,8,23,0.0659426748753,0.0401685349643,0.423862248659,0.439745873213,0.0158836245537
5093,576,2,6,0.117696620524,0.0218341480941,0.330533057451,0.345222234726,0.0146891772747
5094,2607,2,6,0.0512293092906,0.00878196023405,0.473658829927,0.407748073339,-0.065910756588
5095,489,2,6,0.0462096892297,0.00444696191698,0.0904631912708,0.0523271895945,-0.0381360016763
5096,3117,5,17,0.0184206012636,0.00773109542206,0.131777331233,0.122351586819,-0.00942574441433
5097,4463,2,12,0.0757324770093,0.00464869989082,0.560885131359,0.663015246391,0.102130115032
5099,142,2,4,0.0930082127452,0.0226942878217,0.108685724437,0.0513767004013,-0.0573090240359
5100,5048,3,11,0.125759780407,0.0320852547884,0.336991548538,0.0627411976457,-0.274250358343
5103,2881,2,7,0.0462149381638,0.000711295288056,0.0131323002279,0.0117815239355,-0.00135077629238
5104,501,1,4,0.0479835085571,0.0189647097141,0.0780058279634,0.105386696756,0.0273808687925
5105,271,4,19,0.0397826619446,0.0114335687831,0.310348957777,0.253181964159,-0.057166993618
5106,342,2,10,0.0744369029999,0.00524214375764,0.160130083561,0.393977552652,0.233847469091
5107,369,1,12,0.0502998642623,0.0109800212085,0.201338469982,0.20047467947,-0.000863790512085
5108,5035,3,3,0.0881674066186,0.0300831031054,0.0209737457335,0.0217196252197,0.000745879486203
5109,513,1,4,0.0715363547206,0.0308180097491,0.251440405846,0.274399012327,0.0229586064816
5110,578,2,11,0.0495918802917,0.016021002084,0.0819124057889,0.0445616953075,-0.0373507104814
5111,6530,1,4,0.0808826386929,0.0189646426588,0.077790863812,0.124284602702,0.0464937388897
5112,7421,2,3,0.06800827384,0.041548807174,0.601081252098,0.504910051823,-0.0961712002754
5113,1371,7,14,0.0615686923265,0.0147187216207,0.0424362868071,0.064753100276,0.0223168134689
5114,1469,2,5,0.0509915240109,0.0136861987412,0.089454703033,0.0584724992514,-0.0309822037816
5115,205,3,5,0.0278242435306,0.00624734675512,0.0491881407797,0.0723291113973,0.0231409706175
5116,8915,2,11,0.0601404793561,0.0111829014495,0.00618272926658,0.0120353316888,0.00585260242224
5117,8125,2,5,0.0777498111129,0.0145340105519,0.0393332950771,0.0187312271446,-0.0206020679325
5118,6117,1,4,0.120038725436,0.0252658445388,0.268104106188,0.0280594825745,-0.240044623613
5119,2918,3,12,0.050772741437,0.00119876209646,0.296452701092,0.239369511604,-0.0570831894875
5120,2734,8,27,0.0570242516696,0.0100416401401,0.348310917616,0.539278328419,0.190967410803
5121,4179,5,4,0.0412822850049,0.00780435977504,0.0416439659894,0.0375253371894,-0.00411862879992
5123,6788,8,29,0.0453637950122,0.0177534874529,0.0499740242958,0.0485479533672,-0.00142607092857
5124,2414,3,5,0.052758757025,0.00933386478573,0.111322164536,0.151324316859,0.0400021523237
5125,9192,8,18,0.0657546669245,0.0234921146184,0.0641581341624,0.0872718170285,0.0231136828661
5126,5292,6,21,0.0534277558327,0.0483630485833,0.086801238358,0.193176746368,0.10637550801
5127,7763,3,6,0.0759344473481,0.0485207661986,0.356808722019,0.155762374401,-0.201046347618
5128,5113,3,11,0.0456593446434,0.028808856383,0.0354410000145,0.0432290583849,0.00778805837035
5129,7643,27,40,0.0570846088231,0.0383364968002,0.0365012921393,0.0940340980887,0.0575328059494
5130,5124,2,11,0.0343970060349,0.0119380159304,0.321161627769,0.147248625755,-0.173913002014
5132,4648,3,13,0.0397665090859,0.0145315835252,0.281775861979,0.300733029842,0.0189571678638
5133,8686,3,5,0.0797098055482,0.00941055454314,0.146036267281,0.0390147604048,-0.107021510601
5134,4648,3,2,0.079473733902,0.0118166292086,0.0507513396442,0.0230874102563,-0.0276639293879
5135,2086,2,7,0.0564444549382,0.00475599616766,0.0572385750711,0.0480479858816,-0.00919058918953
5136,9071,8,20,0.0587193109095,0.0224778540432,0.0534855313599,0.0567212216556,0.0032356902957
5137,9252,6,8,0.0462705828249,0.000859518244397,0.142018839717,0.162219703197,0.0202008634806
5138,2550,3,23,0.0635705068707,0.0609906055033,0.759263217449,0.542239427567,-0.217023789883
5140,6446,7,22,0.0323703996837,0.0190750975162,0.796923696995,0.651184499264,-0.145739197731
5141,1699,5,5,0.141499310732,0.0789411142468,0.771093010902,0.318724304438,-0.452368706465
5142,4820,17,39,0.0613203644753,0.0153298443183,0.0358496159315,0.0990668460727,0.0632172301412
5143,5863,1,7,0.176599562168,0.0448953919113,0.0965240076184,0.0505346916616,-0.0459893159568
5144,6964,1,14,0.0403035022318,0.0105839753523,0.797281205654,0.61897701025,-0.178304195404
5145,771,8,19,0.165963351727,0.0821670666337,0.0827082172036,0.414816945791,0.332108736038
5146,4028,5,6,0.053546115756,0.00783196650445,0.310367196798,0.336584210396,0.0262170135975
5147,5200,5,4,0.0685330405831,0.0107157770544,0.0331546962261,0.0240611638874,-0.00909353233874
5148,3112,3,4,0.046774238348,0.0178175810724,0.283970028162,0.0985507667065,-0.185419261456
5149,913,1,10,0.04295617342,0.012943523936,0.333124369383,0.205726400018,-0.127397969365
5150,4538,13,43,0.0601989142597,0.0401146039367,0.0434582382441,0.0151056377217,-0.028352599591
5151,8070,3,5,0.0765638798475,0.0128324879333,0.577584862709,0.25642824173,-0.321156620979
5152,8620,1,2,0.116379611194,0.0122034447268,0.711525678635,0.288526058197,-0.422999620438
5153,5338,5,11,0.0748911425471,0.0343672968447,0.561556100845,0.393371462822,-0.168184638023
5154,4850,3,6,0.129271149635,0.104616694152,0.035990100354,0.0188246760517,-0.0171654243022
5155,8397,3,7,0.0496377162635,0.0215146876872,0.230560466647,0.111407972872,-0.119152493775
5156,2449,1,9,0.0283061433583,0.0206338129938,0.692799627781,0.615240216255,-0.0775594115257
5157,1579,2,8,0.121974408627,0.0378970466554,0.562444984913,0.161858633161,-0.400586366653
5158,1629,2,9,0.0628433153033,0.0169168990105,0.150209352374,0.107987932861,-0.0422214195132
5159,79,2,5,0.0297467913479,0.0173247903585,0.575509309769,0.558829784393,-0.0166795253754
5160,4579,6,15,0.0756564214826,0.0429509840906,0.64235419035,0.370498806238,-0.271855384111
5161,7653,1,1,0.051067519933,0.0217108819634,0.217258259654,0.117612101138,-0.0996461585164
5162,3235,5,7,0.0777915716171,0.0386834181845,0.549843609333,0.301626563072,-0.248217046261
5163,3179,5,3,0.0619227439165,0.0124050769955,0.0876950919628,0.0460133440793,-0.0416817478836
5164,965,1,6,0.0598347969353,0.0228685420007,0.246861740947,0.117667973042,-0.129193767905
5165,450,1,3,0.0665995180607,0.0165873356164,0.0562466457486,0.0792267173529,0.0229800716043
5166,3232,4,8,0.0713729932904,0.0230411756784,0.00106769136619,0.00850105751306,0.00743336603045
5167,1338,4,20,0.06459030509,0.0172548498958,0.0518410727382,0.0827468037605,0.0309057310224
5168,6826,2,6,0.0778677538037,0.0237102340907,0.17948462069,0.060548376292,-0.118936240673
5169,8085,3,3,0.0576769262552,0.00840661022812,0.0491668619215,0.0265149641782,-0.0226518977433
5170,5505,1,6,0.0427786111832,0.0176746025681,0.162457868457,0.0736768171191,-0.0887810513377
5171,437,1,7,0.0368673801422,0.0203741155565,0.510814726353,0.46148750186,-0.049327224493
5172,3085,7,28,0.0849241688848,0.0225457269698,0.600138545036,0.289705097675,-0.310433447361
5173,7376,1,5,0.0521744675934,0.01139228791,0.0581530816853,0.0631263181567,0.00497323647141
5174,6646,4,14,0.063790038228,0.0406096540391,0.154124870896,0.105675280094,-0.0484495908022
5175,3700,4,5,0.0451175682247,0.0234122686088,0.373504012823,0.29832598567,-0.075178027153
5176,7376,3,3,0.0863065943122,0.0366807878017,0.00772762484848,0.047573979944,0.0398463532329
5177,1595,1,13,0.0474356599152,0.0158240478486,0.00195483048446,0.00319037027657,0.00123553979211
5178,6408,8,15,0.048617079854,0.015781423077,0.518804073334,0.306422472,-0.212381601334
5179,9112,1,6,0.0354352295399,0.00744710955769,0.171359583735,0.137115374207,-0.034244209528
5180,1867,2,6,0.0869494974613,0.0300813540816,0.0377444326878,0.044144269079,0.00639983639121
5181,6431,10,22,0.052138555795,0.0249794572592,0.102425523102,0.0941649153829,-0.00826060771942
5183,4785,3,9,0.0396423637867,0.00968018360436,0.126169115305,0.09166431427,-0.0345048010349
5184,1631,2,3,0.0336239673197,0.00711453193799,0.234121263027,0.264921158552,0.030799895525
5185,1863,1,4,0.0514616109431,0.034672819078,0.081432133913,0.209784343839,0.128352209926
5186,5845,3,16,0.0355386920273,0.0107829011977,0.321390897036,0.266647696495,-0.0547432005405
5187,1863,2,5,0.0586854852736,0.00436433358118,0.152767792344,0.0314879231155,-0.121279865503
5188,867,1,3,0.071918129921,0.0134846437722,0.291360735893,0.107092946768,-0.184267789125
5189,4285,2,8,0.0578295886517,0.00725673744455,0.0288084354252,0.0201544482261,-0.00865398719907
5190,1861,2,8,0.0773848220706,0.0421974025667,0.945796966553,0.666193008423,-0.27960395813
5191,4295,1,9,0.0700094327331,0.00778476428241,0.012555883266,0.0122531345114,-0.000302748754621
5192,2974,2,8,0.102433405817,0.0133450478315,0.514833271503,0.176266148686,-0.338567137718
5193,902,3,14,0.0832326337695,0.0230780709535,0.0517030060291,0.0585898011923,0.00688679516315
5194,8890,3,10,0.156146541238,0.0835956186056,0.00381174962968,0.00577103346586,0.00195928383619
5195,168,2,5,0.0585115738213,0.0170473717153,0.0187153741717,0.016213381663,-0.00250199250877
5196,7446,8,34,0.0387973748147,0.00834581162781,0.192351385951,0.224259957671,0.0319085717201
5197,6723,12,15,0.0594483017921,0.0162761211395,0.109455563128,0.128609135747,0.019153572619
5198,4902,13,25,0.0891957581043,0.0469360426068,0.587303936481,0.356161981821,-0.23114195466
5199,7291,3,6,0.0839916840196,0.0214013103396,0.0261474791914,0.0461806841195,0.020033204928
5200,2616,4,10,0.0608711726964,0.0313847698271,0.0495830886066,0.0775774717331,0.0279943831265
5201,5232,4,23,0.0698332190514,0.0229353159666,0.127511695027,0.081017576158,-0.0464941188693
5202,6619,4,4,0.044806048274,0.00610160781071,0.151455193758,0.232868552208,0.0814133584499
5203,7279,3,4,0.0717860534787,0.0377575717866,0.169670045376,0.0808955430984,-0.0887745022774
5204,8333,3,13,0.0464360415936,0.00830612331629,0.0627957955003,0.0398054122925,-0.0229903832078
5205,13,16,52,0.0432078428566,0.00606753258035,0.0444315187633,0.0475103110075,0.0030787922442
5206,1597,7,25,0.0819472074509,0.0191542226821,0.0114552630112,0.0195905100554,0.00813524704427
5207,6662,4,8,0.0683740600944,0.0355812460184,0.0687947198749,0.0627657547593,-0.00602896511555
5208,7745,4,5,0.110861249268,0.0438594296575,0.564316987991,0.316442906857,-0.247874081135
5209,3095,8,21,0.0556414425373,0.0189321059734,0.0488872490823,0.135615497828,0.0867282450199
5210,6952,9,27,0.0583410821855,0.0339250639081,0.005581128411,0.0195086952299,0.0139275668189
5211,5321,2,6,0.069398663938,0.0235004480928,0.0563252046704,0.0251504611224,-0.031174743548
5212,8000,4,13,0.115979552269,0.0695705115795,0.144944578409,0.0960359498858,-0.0489086285233
5213,6704,8,42,0.0521738529205,0.00950221996754,0.185814604163,0.355801969767,0.169987365603
5214,4721,4,11,0.0424238145351,0.00941389333457,0.017866300419,0.0185996666551,0.000733366236091
5216,4392,2,13,0.0186016019434,0.0106173651293,0.0883409455419,0.0957234501839,0.00738250464201
5217,1797,7,14,0.0842246711254,0.0109576163813,0.0180579461157,0.0256187338382,0.00756078772247
5218,5478,2,5,0.0609605498612,0.0224375650287,0.0082849804312,0.0215684995055,0.0132835190743
5219,4608,3,9,0.041139870882,0.0109371412545,0.00740470085293,0.0180786289275,0.0106739280745
5220,2650,11,37,0.0271934773773,0.0139698907733,0.220326974988,0.216931924224,-0.00339505076408
5221,71,3,15,0.0632831528783,0.0192759037018,0.0477505773306,0.0401391200721,-0.00761145725846
5222,921,4,20,0.123333893716,0.0584958307445,0.234201014042,0.58382242918,0.349621415138
5223,1062,7,8,0.0238585006446,0.00581154599786,0.515950500965,0.56958681345,0.0536363124847
5224,2735,12,27,0.059618178755,0.016673527658,0.108689524233,0.0711447671056,-0.0375447571278
5225,1869,12,13,0.0463681332767,0.00952377077192,0.0610222481191,0.0402349308133,-0.0207873173058
5226,7043,1,8,0.0339669398963,0.011264976114,0.304335951805,0.275920897722,-0.0284150540829
5227,135,6,20,0.0712743550539,0.0134237809107,0.223097264767,0.310017466545,0.0869202017784
5228,269,8,14,0.0177053026855,0.00510481186211,0.791796207428,0.749129772186,-0.0426664352417
5229,4206,2,5,0.0511615164578,0.00624187057838,0.0409269332886,0.0206718482077,-0.0202550850809
5230,75,8,6,0.072898067534,0.0094347205013,0.291083872318,0.164691522717,-0.126392349601
5231,3077,9,15,0.0448087491095,0.0233345311135,0.70124733448,0.528491258621,-0.172756075859
5233,3077,3,5,0.0607163496315,0.0258987471461,0.0263077598065,0.0859514251351,0.059643663466
5234,443,3,6,0.0510361231863,0.0286563560367,0.0363064110279,0.0325407348573,-0.00376567617059
5236,7447,2,5,0.0415773540735,0.0167992785573,0.218831256032,0.265066295862,0.0462350398302
5237,538,6,10,0.110267102718,0.0169094651937,0.0618318207562,0.12612080574,0.0642889887094
5238,7450,3,9,0.200197860599,0.0308398511261,0.731516122818,0.17563764751,-0.555878460407
5239,5525,10,43,0.0537438653409,0.0276693906635,0.161552906036,0.144397050142,-0.0171558558941
5240,3700,1,6,0.0621679723263,0.0142778977752,0.007276694756,0.0278562996536,0.020579604432
5241,4252,2,7,0.0450031012297,0.0112948128954,0.0544679053128,0.0781628787518,0.023694973439
5243,567,3,5,0.0282319393009,0.0117623396218,0.646775364876,0.810060083866,0.16328471899
5244,2262,3,12,0.0648033097386,0.0186817925423,0.00490460777655,0.00333995767869,-0.00156465009786
5245,6803,1,6,0.0721825286746,0.0283427219838,0.523630321026,0.237597703934,-0.286032617092
5246,2420,1,2,0.0664519146085,0.0164299551398,0.0334754250944,0.0167542118579,-0.0167212132365
5247,4736,5,3,0.0365922003984,0.00816719420254,0.0790915712714,0.0642833635211,-0.0148082077503
5248,5411,2,4,0.0637242868543,0.0190464034677,0.017245773226,0.0374572090805,0.0202114358544
5249,934,1,4,0.0415106751025,0.00113982229959,0.209092661738,0.180639788508,-0.02845287323
5250,5789,5,12,0.0529170595109,0.0103006884456,0.24309681356,0.325808316469,0.0827115029097
5251,1696,4,22,0.0570107363164,0.0300636868924,0.0207300633192,0.0318109989166,0.0110809355974
5252,7149,6,32,0.0330991633236,0.00417898641899,0.0728423818946,0.0427271015942,-0.0301152803004
5253,3778,18,33,0.0682067275047,0.028347151354,0.0609783940017,0.214430212975,0.153451815248
5254,934,2,17,0.0385426059365,0.00137435027864,0.551722288132,0.546342074871,-0.00538021326065
5255,3562,6,13,0.0559722818434,0.00987092684954,0.0906387120485,0.14119438827,0.0505556762218
5256,5806,1,11,0.0771069377661,0.0263285879046,0.0583269074559,0.0563042014837,-0.00202270597219
5257,1696,1,6,0.0500128977001,0.0131299290806,0.106616541743,0.103495262563,-0.00312127918005
5258,2031,6,16,0.0729822441936,0.0144522404298,0.221520006657,0.239317640662,0.0177976340055
5259,58,3,9,0.0851561799645,0.0479356013238,0.195678144693,0.134606733918,-0.0610714107752
5260,3099,4,7,0.0448481403291,0.0127187296748,0.032072648406,0.0334214754403,0.00134882703424
5261,6746,2,7,0.0718993321061,0.0299895815551,0.337687432766,0.148366972804,-0.189320459962
5262,3222,2,4,0.0526489056647,0.0154751054943,0.190640509129,0.165371254086,-0.0252692550421
5263,958,5,5,0.0392876565456,0.0102416602895,0.134441286325,0.114077456295,-0.02036383003
5264,7449,3,5,0.161354005337,0.0396006703377,0.480979859829,0.0802744850516,-0.400705367327
5265,2703,2,16,0.0763037502766,0.0313903726637,0.707628905773,0.438722848892,-0.268906056881
5266,966,4,9,0.0693154856563,0.0327983535826,0.522890746593,0.303758352995,-0.219132393599
5267,3595,7,17,0.0542326681316,0.00889593921602,0.0893277004361,0.0967878326774,0.00746013224125
5268,8842,10,22,0.0176291540265,0.00881682429463,0.169855937362,0.0827476456761,-0.0871082916856
5269,4379,9,10,0.0333995856345,0.00335962022655,0.230740606785,0.179730772972,-0.0510098338127
5270,4096,1,6,0.0514071695507,0.0196310412139,0.0536728724837,0.0824583247304,0.0287854522467
5271,8544,3,5,0.0877232626081,0.0661658942699,0.0101559357718,0.0212582107633,0.0111022749916
5272,5267,2,11,0.0598460249603,0.0105487685651,0.202386751771,0.0476347021759,-0.15475204587
5273,6683,1,5,0.0590771883726,0.00945036578923,0.0205081254244,0.00453841639683,-0.0159697085619
5274,434,3,7,0.217427179217,0.0365313626826,0.852773487568,0.2573826015,-0.595390915871
5275,844,1,5,0.211271643639,0.0389137305319,0.780106186867,0.183713361621,-0.596392810345
5276,576,3,9,0.0486315637827,0.010001632385,0.613096415997,0.834206819534,0.221110403538
5277,6513,2,8,0.0527257919312,0.00854099728167,0.0230610463768,0.00640701921657,-0.0166540276259
5279,522,2,6,0.0625172257423,0.0330386720598,0.154286623001,0.223206922412,0.0689202994108
5280,8889,4,5,0.0710049048066,0.00720247160643,0.00896145217121,0.0136113232002,0.00464987102896
5281,7993,6,14,0.0559053309262,0.0321259647608,0.0461209379137,0.0189526770264,-0.0271682608873
5283,6482,4,3,0.0978705659509,0.0132693918422,0.404321551323,0.138440802693,-0.265880763531
5284,1358,2,6,0.054296195507,0.0338483825326,0.0166611131281,0.0494608394802,0.0327997282147
5285,1769,2,6,0.075890623033,0.028325073421,0.102931141853,0.134461089969,0.0315299481153
5286,1769,3,8,0.0508085601032,0.0313940569758,0.59405195713,0.517690479755,-0.076361477375
5288,7517,3,7,0.1112350896,0.0143966013566,0.0461864434183,0.158858507872,0.112672060728
5289,1873,10,9,0.0723432675004,0.0333555303514,0.2268589288,0.136375024915,-0.0904839038849
5290,589,2,6,0.062639631331,0.00760197127238,0.228597268462,0.310948044062,0.0823507755995
5291,3084,1,5,0.0631258264184,0.0344926454127,0.184692144394,0.264387637377,0.0796954929829
5292,3098,1,6,0.0769470483065,0.0547861382365,0.661613583565,0.424223423004,-0.237390160561
5293,6641,3,7,0.0582615733147,0.00721338950098,0.292246758938,0.196849480271,-0.0953972786665
5294,1092,1,5,0.0912708714604,0.05726948753,0.771866679192,0.402275830507,-0.369590848684
5295,1072,2,5,0.0798034742475,0.0317250080407,0.273310303688,0.127628028393,-0.145682275295
5296,462,1,4,0.0541546940804,0.0211499650031,0.110102564096,0.140579804778,0.0304772406816
5297,2905,2,4,0.0317820198834,0.0116125699133,0.205422058702,0.171774372458,-0.0336476862431
5298,3101,6,13,0.0810788050294,0.0030505368486,0.333810120821,0.112145729363,-0.221664398909
5299,1865,1,7,0.0518332235515,0.0293281357735,0.871091008186,0.694399058819,-0.176691949368
5300,1670,3,9,0.0532192327082,0.0272070337087,0.326580613852,0.207824870944,-0.118755742908
5301,1728,10,36,0.0427350252867,0.0196395255625,0.421860963106,0.389914184809,-0.0319467782974
5302,1871,5,9,0.0451841764152,0.00238222884946,0.732890546322,0.54245454073,-0.190436005592
5304,1715,2,4,0.0566123016179,0.0124148791656,0.0951351374388,0.155256137252,0.0601209998131
5305,204,3,5,0.0624960362911,0.0290687270463,0.0519449561834,0.0892219617963,0.0372770056129
5307,1873,3,4,0.108840674162,0.0377768538892,0.0373436845839,0.241814896464,0.204471215606
5308,39,2,6,0.0905875787139,0.0204444993287,0.101726710796,0.107340544462,0.00561383366585
5309,4834,7,14,0.0939751565456,0.0461628884077,0.0450777634978,0.146422341466,0.101344577968
5310,3140,3,6,0.0829635336995,0.0281561743468,0.451986640692,0.184214159846,-0.267772495747
5311,2482,1,8,0.0524609200656,0.0104705318809,0.0194786377251,0.0527339465916,0.0332553088665
5312,5158,2,8,0.133000150323,0.0318993218243,0.661280095577,0.216282069683,-0.444998025894
5313,2212,1,3,0.123416058719,0.0449308119714,0.790161132812,0.352223902941,-0.437937229872
5314,3363,2,4,0.089052118361,0.0466862507164,0.271881103516,0.121208705008,-0.150672405958
5315,8149,7,14,0.0181788858026,0.0064238528721,0.852064371109,0.849849402905,-0.0022149682045
5316,702,2,6,0.0158957522362,0.00593373179436,0.994899690151,0.935934305191,-0.0589653849602
5317,913,1,8,0.0786782875657,0.0409759357572,0.207380279899,0.251001864672,0.0436215847731
5318,4601,9,11,0.0756884291768,0.0110879018903,0.0582221411169,0.0915719494224,0.0333498083055
5319,211,3,7,0.0421850420535,0.0133982812986,0.0907014831901,0.0733037292957,-0.0173977538943
5320,7408,4,14,0.0448962338269,0.0382581874728,0.755843698978,0.558639764786,-0.197203934193
5321,426,3,3,0.0591615997255,0.00507817463949,0.0259513296187,0.0416415818036,0.0156902521849
5322,5599,6,17,0.0512104593217,0.0165701955557,0.409075438976,0.284487098455,-0.124588340521
5323,378,2,1,0.0453859008849,0.0142716746777,0.137764886022,0.0992594286799,-0.0385054573417
5324,4103,1,3,0.0466467291117,0.00775724509731,0.390464633703,0.26171913743,-0.128745496273
5327,4103,3,2,0.0609094910324,0.0140121802688,0.502576172352,0.307339698076,-0.195236474276
5328,7660,2,5,0.0813562646508,0.06111144647,0.988099813461,0.754135131836,-0.233964681625
5329,1031,1,3,0.0796893313527,0.00498446496204,0.195874586701,0.0696438476443,-0.126230746508
5330,535,6,17,0.0285827945918,0.00676635652781,0.263139486313,0.339941710234,0.0768022239208
5331,437,5,5,0.0719378963113,0.0225580129772,0.691662013531,0.393950492144,-0.297711521387
5333,209,8,3,0.0658862963319,0.0179538838565,0.275875449181,0.17732231319,-0.0985531359911
5335,662,1,1,0.0382415875793,0.0073578460142,0.104401625693,0.0944695472717,-0.00993207842112
5336,6424,9,22,0.0690205395222,0.0107268095016,0.301503866911,0.504433035851,0.20292916894
5338,7257,3,12,0.0735715255141,0.0225038640201,0.12329569459,0.17640312016,0.0531074255705
5339,6528,2,5,0.0645406246185,0.0264795348048,0.132231876254,0.0805553644896,-0.0516765117645
5340,968,5,18,0.0719629228115,0.0141272991896,0.0643199905753,0.211945191026,0.147625207901
5341,302,2,8,0.0230895970017,0.00675676716492,0.718548536301,0.608184397221,-0.11036413908
5342,6246,1,5,0.054233212024,0.0260268952698,0.0612662881613,0.0620994269848,0.000833138823509
5343,1372,2,5,0.0694658905268,0.0226220693439,0.0504404045641,0.0393977500498,-0.0110426545143
5345,940,4,4,0.08436075598,0.0307567156851,0.121851116419,0.0535150654614,-0.0683360546827
5347,7257,2,4,0.0474287755787,0.00576319824904,0.13579402864,0.0999437496066,-0.0358502790332
5349,644,1,2,0.072589315474,0.0410253144801,0.883657753468,0.598873198032,-0.284784555435
5350,740,1,3,0.0529006011784,0.0247270166874,0.236287951469,0.160363674164,-0.0759242773056
5352,6291,3,10,0.0485533922911,0.0036969750654,0.034194547683,0.0718483105302,0.0376537628472
5353,7056,3,13,0.107936382294,0.0599567331374,0.00539976824075,0.0102256396785,0.00482587143779
5354,3648,3,10,0.120658673346,0.0359298959374,0.00952606555074,0.0200286395848,0.010502574034
5355,3752,1,7,0.0937255620956,0.0282395631075,0.276642858982,0.126450970769,-0.150191888213
5356,4263,5,9,0.0624610818923,0.0674590244889,0.698344945908,0.521312654018,-0.177032291889
5357,155,4,13,0.0447927080095,0.0176773983985,0.309908509254,0.190447613597,-0.119460895658
5358,2191,1,5,0.0789474621415,0.0304365698248,0.499863177538,0.216287896037,-0.283575296402
5359,7142,3,12,0.0700964555144,0.030018184334,0.0919693633914,0.162818297744,0.0708489343524
5360,4710,2,21,0.0639902949333,0.00244016619399,0.102229468524,0.0566762499511,-0.0455532185733
5361,7729,5,9,0.0753776580095,0.0137889310718,0.297119230032,0.151792764664,-0.145326465368
5362,4505,2,2,0.0747756138444,0.00847663823515,0.0766517147422,0.042478132993,-0.0341735817492
5363,605,5,13,0.0372812114656,0.00858766213059,0.16209359467,0.19556812942,0.03347453475
5364,1494,2,7,0.0814880505204,0.0298606287688,0.174125730991,0.0798265114427,-0.0942992195487
5365,3380,1,3,0.0936990454793,0.0289324186742,0.0288859307766,0.076403491199,0.0475175604224
5366,612,3,11,0.107532590628,0.0423480533063,0.352813929319,0.448833137751,0.0960192084312
5367,6067,13,38,0.0280381217599,0.00832164473832,0.44295579195,0.48316565156,0.0402098596096
5368,952,5,2,0.0696262344718,0.0282081402838,0.246025830507,0.133251205087,-0.112774625421
5369,7562,3,5,0.0705861598253,0.018978362903,0.00977525487542,0.023319169879,0.0135439150035
5370,2550,2,12,0.0677616968751,0.0129146156833,0.0137215815485,0.00879950076342,-0.00492208078504
5371,2014,2,3,0.0484519302845,0.0100976293907,0.0404312238097,0.0348308421671,-0.00560038164258
5372,604,2,4,0.0759905055165,0.0162096042186,0.0901442691684,0.10716637224,0.0170221030712
5373,164,8,22,0.0502781681716,0.0200319066644,0.00675087468699,0.0201139654964,0.0133630912751
5374,4981,3,9,0.0783289670944,0.0309123042971,0.472107082605,0.184031426907,-0.288075655699
5375,8507,3,5,0.0759297385812,0.0128788333386,0.0189818423241,0.0721747726202,0.0531929284334
5376,4712,4,10,0.106530666351,0.00760922627524,0.702883720398,0.308050334454,-0.394833385944
5377,8148,3,8,0.043121535331,0.0240183807909,0.0563498288393,0.0310231652111,-0.0253266636282
5379,3240,1,8,0.0347760133445,0.0137017723173,0.047942571342,0.0628675743937,0.0149250030518
5380,800,4,7,0.0777063965797,0.0191597416997,0.0769782736897,0.0521875731647,-0.024790700525
5382,883,5,9,0.0856953337789,0.0719040185213,0.740044176579,0.434883922338,-0.30516025424
5383,1569,2,2,0.0423150956631,0.00932270754129,0.0727777928114,0.0456137619913,-0.0271640308201
5384,3121,4,10,0.0552877299488,0.0148182176054,0.0972706153989,0.0618545003235,-0.0354161150753
5387,871,3,8,0.0319889597595,0.0261378213763,0.98919403553,0.877620995045,-0.111573040485
5388,6185,2,12,0.0270284693688,0.00342238531448,0.533685684204,0.539531648159,0.00584596395493
5389,4504,3,6,0.0593416057527,0.0273466371,0.211363226175,0.111196286976,-0.100166939199
5390,6125,2,8,0.0428319871426,0.00274295569398,0.523569405079,0.606113016605,0.0825436115265
5391,3701,5,9,0.112377814949,0.0397238656878,0.588360965252,0.227417901158,-0.360943078995
5392,1560,4,2,0.0605901069939,0.0283359996974,0.211909845471,0.110393129289,-0.101516716182
5393,364,29,71,0.0623938925564,0.00158940639812,0.382352262735,0.346846491098,-0.035505771637
5394,4749,9,25,0.0957837700844,0.038640871644,0.0770930722356,0.0227682739496,-0.054324798286
5395,1188,10,32,0.0885130092502,0.0379205197096,0.982917368412,0.713573932648,-0.269343435764
5396,2514,1,9,0.0919843912125,0.0943499431014,0.925753891468,0.65430867672,-0.271445214748
5397,3563,3,11,0.0781277045608,0.0679024085402,0.955319941044,0.694737136364,-0.26058280468
5398,359,1,9,0.0818781629205,0.0269254799932,0.538994133472,0.533906698227,-0.00508743524551
5399,1524,2,3,0.0493588112295,0.00596349313855,0.214440584183,0.0776940062642,-0.136746585369
5400,840,4,6,0.169030442834,0.168617293239,0.973358929157,0.587270081043,-0.386088848114
5401,4466,6,15,0.083822876215,0.0509673543274,0.931319713593,0.637336552143,-0.293983161449
5402,926,2,8,0.0611075051129,0.0329971089959,0.971839666367,0.755807876587,-0.21603178978
5403,1709,3,18,0.0766735598445,0.0442161075771,0.0270617511123,0.0905360206962,0.0634742677212
5404,6318,5,12,0.127875223756,0.0229329802096,0.635921955109,0.223518118262,-0.412403821945
5405,4303,2,8,0.0789257958531,0.0318107642233,0.133742704988,0.234674230218,0.10093152523
5406,5012,1,5,0.055861029774,0.0338837988675,0.625916600227,0.440664738417,-0.185251861811
5407,8707,4,16,0.041375849396,0.00211197836325,0.0776543319225,0.0461339652538,-0.0315203666687
5408,6641,3,14,0.0584057308733,0.0177435055375,0.640667676926,0.381664246321,-0.259003430605
5409,3060,5,11,0.0501310117543,0.0134546356276,0.0296251960099,0.0452763624489,0.0156511664391
5410,9184,5,12,0.0539515316486,0.0125739835203,0.277069926262,0.191502824426,-0.0855671018362
5411,617,2,6,0.0370031446218,0.0077216560021,0.273974239826,0.320644915104,0.0466706752777
5412,7536,6,19,0.0851589813828,0.015726076439,0.545651614666,0.28566300869,-0.259988605976
5413,3097,2,16,0.0526887513697,0.0320662893355,0.0740617588162,0.0529732219875,-0.0210885368288
5414,3421,1,4,0.0382982976735,0.00802665948868,0.326805472374,0.265074342489,-0.0617311298847
5415,5531,1,5,0.0938094630837,0.00350633542985,0.210237681866,0.0663338005543,-0.143903881311
5416,1602,2,9,0.0582170002162,0.0124539388344,0.315746575594,0.20033402741,-0.115412548184
5417,1715,1,8,0.0759333819151,0.019417995587,0.0184769872576,0.0154467746615,-0.00303021259606
5418,7551,2,6,0.0662329122424,0.0135415364057,0.230029091239,0.143262133002,-0.0867669582367
5419,4382,3,4,0.084510229528,0.00310695311055,0.28805321455,0.202825382352,-0.0852278321981
5420,6199,3,6,0.0601704083383,0.0116016780958,0.537845253944,0.297945320606,-0.239899933338
5421,6973,2,6,0.0661635026336,0.00632836995646,0.150783851743,0.0719126090407,-0.078871242702
5423,5257,5,4,0.0536824576557,0.00289221480489,0.0988666713238,0.0431532412767,-0.055713430047
5424,2454,1,4,0.0531518943608,0.00270420871675,0.0194320585579,0.0229795034975,0.00354744493961
5425,5208,2,9,0.0993157699704,0.00852003600448,0.00689239334315,0.0256290137768,0.0187366195023
5426,4976,1,8,0.0623871982098,0.0129593834281,0.104437239468,0.0683758035302,-0.0360614359379
5427,2513,3,5,0.0677713230252,0.0266733858734,0.660935938358,0.397094756365,-0.263841181993
5428,1589,2,5,0.0546950213611,0.0379466675222,0.835189461708,0.667475223541,-0.167714238167
5429,3419,1,2,0.104349784553,0.0161699410528,0.44704040885,0.179619327188,-0.267421066761
5430,3450,2,11,0.0531888753176,0.00165457627736,0.244597285986,0.156092345715,-0.0885049402714
5431,3493,2,6,0.0616818033159,0.027143266052,0.265323728323,0.133064329624,-0.132259398699
5433,3815,1,6,0.0350083820522,0.0207649748772,0.360314905643,0.367438524961,0.00712361931801
5434,813,1,9,0.0553747303784,0.0127322692424,0.225278258324,0.334428906441,0.109150648117
5436,4846,2,7,0.0524106808007,0.0268845614046,0.408905923367,0.511444151402,0.102538228035
5437,3539,2,9,0.0529711954296,0.016161037609,0.131245940924,0.052520737052,-0.0787252038717
5440,2123,1,2,0.0598957054317,0.0215365365148,0.0170167163014,0.0281768571585,0.0111601408571
5441,7072,4,1,0.0785212293267,0.015433659777,0.0247442852706,0.042939722538,0.0181954372674
5442,3740,2,3,0.0613680891693,0.0090985763818,0.0505680814385,0.0405338704586,-0.0100342109799
5443,2268,4,5,0.0594558306038,0.0244331527501,0.301767557859,0.127528488636,-0.174239069223
5444,2138,4,2,0.057453840971,0.0126134455204,0.0907939523458,0.117011599243,0.0262176468968
5446,338,2,6,0.0282014738768,0.0076578753069,0.0316921919584,0.069837577641,0.0381453856826
5448,150,7,8,0.0279895812273,0.0068571283482,0.613875389099,0.589052200317,-0.0248231887817
5449,449,1,8,0.100876539946,0.058217395097,0.830629110336,0.445621967316,-0.385007143021
5450,1216,2,6,0.152053445578,0.0272862650454,0.514604628086,0.103255420923,-0.411349207163
5451,3019,3,6,0.087476760149,0.0388919152319,0.175449892879,0.104413546622,-0.0710363462567
5452,7585,2,8,0.0424043834209,0.00476974481717,0.117284096777,0.048646774143,-0.0686373263597
5454,1604,2,6,0.0633707344532,0.0292031764984,0.033363327384,0.0493660569191,0.0160027295351
5455,5030,10,9,0.0339541397989,0.0165089163929,0.0659924894571,0.0995918810368,0.0335993915796
5456,3397,3,3,0.0692412629724,0.0023711589165,0.441178739071,0.206517860293,-0.234660878778
5457,3452,5,8,0.0316554307938,0.013159584254,0.624788165092,0.757024765015,0.132236599922
5458,7716,2,8,0.0694662481546,0.0197638366371,0.349196910858,0.148726761341,-0.200470149517
5459,120,5,10,0.0519475452602,0.0135765839368,0.0927070900798,0.102222025394,0.00951493531466
5460,2207,4,8,0.055287912488,0.0279214754701,0.00275113899261,0.00739321112633,0.00464207213372
5462,2589,8,21,0.0928698852658,0.0208272133023,0.0076078963466,0.0215600505471,0.0139521546662
5463,4802,3,3,0.0564117543399,0.00460213795304,0.0572492666543,0.0490025877953,-0.008246678859
5464,2362,1,8,0.0618027932942,0.00340452278033,0.26167306304,0.342113822699,0.0804407596588
5465,58,3,6,0.0567519068718,0.0421026721597,0.0486898869276,0.0428733341396,-0.00581655278802
5466,2687,9,29,0.0113358059898,0.00435636425391,0.822499454021,0.795522689819,-0.0269767642021
5467,4160,5,4,0.0366095043719,0.0112941376865,0.320833742619,0.221258640289,-0.0995751023293
5468,1810,2,7,0.0732522085309,0.053951907903,0.191347122192,0.11310595274,-0.0782411694527
5469,2018,8,8,0.0453944168985,0.00903563853353,0.04708840698,0.0514853000641,0.00439689308405
5470,7923,3,7,0.0627221018076,0.0130939083174,0.137523144484,0.128476664424,-0.00904648005962
5471,2211,4,15,0.0707276016474,0.0293442662805,0.0101803895086,0.0104759214446,0.00029553193599
5472,5943,1,7,0.04292742908,0.0263873208314,0.603020370007,0.375200599432,-0.227819770575
5473,8164,2,5,0.0403400622308,0.0167675521225,0.169599100947,0.205355867743,0.0357567667961
5474,7073,5,14,0.0571192912757,0.0179630946368,0.342313081026,0.550293684006,0.20798060298
5475,2047,4,2,0.0605254024267,0.0211720746011,0.00672353757545,0.00417001033202,-0.00255352724344
5476,917,6,18,0.162404477596,0.0442397929728,0.777365803719,0.308572113514,-0.468793690205
5477,4304,1,11,0.0890894606709,0.016413833946,0.065046004951,0.233269572258,0.168223559856
5478,140,10,28,0.154485031962,0.0256055761129,0.994103252888,0.593639910221,-0.400463342667
5480,4725,2,6,0.0462602563202,0.00677220430225,0.299286663532,0.283806413412,-0.0154802501202
5481,3335,4,7,0.0615139864385,0.0163475126028,0.104506194592,0.0669214650989,-0.0375847294927
5482,7628,4,6,0.0643367990851,0.0241801496595,0.0286545623094,0.0326753482223,0.00402078591287
5483,8810,4,9,0.0447239987552,0.0102273738012,0.0390792749822,0.04400151968,0.00492224469781
5485,7557,3,6,0.0577260106802,0.0128181269392,0.0465268827975,0.0302916765213,-0.0162352062762
5486,702,2,5,0.0110153630376,0.00633998541161,0.959907114506,0.895136356354,-0.064770758152
5487,5965,5,12,0.0146946506575,0.00927468016744,0.0218638237566,0.0793567374349,0.0574929118156
5488,4404,2,9,0.105396419764,0.0425565317273,0.4539270401,0.255904227495,-0.198022812605
5489,1260,2,5,0.066668599844,0.0138170672581,0.0410475060344,0.0628627091646,0.0218152031302
5490,5972,2,2,0.085432164371,0.0194903053343,0.532966256142,0.308592826128,-0.224373430014
5491,6720,1,8,0.0846100375056,0.0400512181222,0.200453355908,0.189956650138,-0.0104967057705
5492,3868,1,10,0.0354949347675,0.00484989536926,0.122142896056,0.0987574234605,-0.0233854725957
5493,2360,1,7,0.0424592904747,0.00407355371863,0.23417390883,0.253535538912,0.0193616300821
5494,2676,5,15,0.121477156878,0.0162483677268,0.460754871368,0.145306363702,-0.315448522568
5495,5148,2,9,0.0708208084106,0.0122025674209,0.135098412633,0.102090485394,-0.0330079272389
5496,3921,2,5,0.0451673157513,0.00855453498662,0.0926460772753,0.107791654766,0.0151455774903
5497,5930,3,5,0.015560858883,0.00698110135272,0.654595375061,0.681243419647,0.0266480445862
5498,4270,2,4,0.058980062604,0.00654705194756,0.0240838993341,0.0268225129694,0.0027386136353
5500,7680,7,4,0.0443145930767,0.00725771579891,0.0263099949807,0.0183131042868,-0.0079968906939
5501,569,3,10,0.0568130351603,0.0359046161175,0.228954508901,0.241992413998,0.013037905097
5502,45,6,16,0.0419332869351,0.0177874621004,0.104322426021,0.13530254364,0.030980117619
5503,4476,5,8,0.0749017745256,0.0326006226242,0.653340160847,0.367588669062,-0.285751491785
5504,1314,1,4,0.0407324396074,0.00164922024123,0.0348653011024,0.0217950213701,-0.0130702797323
5505,7179,5,23,0.100295931101,0.039025016129,0.00343077001162,0.00707482127473,0.00364405126311
5506,204,2,5,0.0527158491313,0.0366430580616,0.635874211788,0.400607436895,-0.235266774893
5507,2037,1,4,0.0645098015666,0.00964365154505,0.173952534795,0.236173808575,0.0622212737799
5508,8439,2,11,0.0334245823324,0.00745304767042,0.128811344504,0.141426503658,0.0126151591539
5509,8038,2,5,0.0695485398173,0.0124731995165,0.0493513420224,0.0246941838413,-0.0246571581811
5510,4012,2,2,0.0501677133143,0.0116043267772,0.0551803223789,0.0428118109703,-0.0123685114086
5511,3536,2,7,0.117359548807,0.0470515042543,0.0144417770207,0.030160760507,0.0157189834863
5512,8256,1,8,0.0856525525451,0.0353343524039,0.420889407396,0.24944023788,-0.171449169517
5513,6613,4,7,0.0333184674382,0.00829283893108,0.181425869465,0.202254340053,0.0208284705877
5514,876,1,4,0.130322754383,0.136508762836,0.691448450089,0.368997961283,-0.322450488806
5515,6904,3,16,0.0654333308339,0.0166998784989,0.337443947792,0.126689136028,-0.210754811764
5516,996,2,3,0.0459011308849,0.022911330685,0.328761249781,0.217122271657,-0.111638978124
5517,4241,3,2,0.0603901855648,0.00824766792357,0.0830317139626,0.121603749692,0.0385720357299
5518,4162,3,9,0.0771287456155,0.022401522845,0.322655707598,0.156977429986,-0.165678277612
5519,5516,3,6,0.0681524053216,0.0255796201527,0.110037781298,0.118923783302,0.00888600200415
5520,7250,2,9,0.0447940677404,0.00817889627069,0.0462099462748,0.0254901181906,-0.0207198280841
5521,6129,2,7,0.0721971169114,0.00395582430065,0.0414683818817,0.0461834855378,0.00471510365605
5522,7673,2,4,0.0455785281956,0.0114227505401,0.0937275141478,0.202083989978,0.10835647583
5523,782,2,7,0.139108926058,0.0979552194476,0.88563144207,0.461069196463,-0.424562245607
5524,7403,1,5,0.0634584203362,0.0293279178441,0.0639952123165,0.0508797951043,-0.0131154172122
5525,8496,2,3,0.0804158225656,0.0147706177086,0.23753631115,0.0877678617835,-0.149768441916
5526,577,2,5,0.0698587596416,0.0310284011066,0.44049602747,0.233678504825,-0.206817522645
5527,409,1,7,0.0733405575156,0.0772034227848,0.118752479553,0.181729972363,0.0629774928093
5528,3368,17,40,0.0554117709398,0.0386133529246,0.0591916888952,0.0370559506118,-0.0221357382834
5530,941,9,21,0.0355574376881,0.018116414547,0.91557008028,0.749045193195,-0.166524887085
5531,319,1,13,0.0363169498742,0.0242361295968,0.437170743942,0.466272085905,0.0291013419628
5532,1243,3,4,0.0496412999928,0.0128075601533,0.0294899344444,0.0770915672183,0.0476016327739
5533,204,5,6,0.0419630408287,0.0178715605289,0.91511785984,0.718053162098,-0.197064697742
5534,428,2,8,0.0489371307194,0.0173184759915,0.24941252172,0.188890054822,-0.060522466898
5535,394,1,3,0.0491833202541,0.0169107522815,0.0740767121315,0.164182886481,0.0901061743498
5536,6991,1,14,0.0855440199375,0.0147235216573,0.138052105904,0.369994491339,0.231942385435
5537,6532,3,4,0.0564160682261,0.0238666683435,0.0624319389462,0.112548880279,0.0501169413328
5538,2561,1,9,0.0695817247033,0.0264671966434,0.0775628313422,0.142184570432,0.0646217390895
5539,6167,3,6,0.0661654174328,0.0110389087349,0.121123865247,0.066417939961,-0.0547059252858
5540,8094,1,3,0.0483805648983,0.00583530496806,0.0593953952193,0.047958701849,-0.0114366933703
5541,760,3,7,0.0335123315454,0.00362816010602,0.0924437791109,0.0888689383864,-0.00357484072447
5542,300,2,6,0.0612614862621,0.0193832386285,0.103089950979,0.12215641886,0.0190664678812
5543,443,5,10,0.0636875107884,0.00628525065258,0.0436454936862,0.0346404574811,-0.00900503620505
5544,2657,3,7,0.0492318160832,0.023018989712,0.0385059416294,0.0384947322309,-1.12093985081e-05
5545,355,2,9,0.0300533380359,0.00959810614586,0.0962897464633,0.126434549689,0.030144803226
5546,5274,1,2,0.0711652860045,0.0148746669292,0.372182160616,0.270571500063,-0.101610660553
5547,4421,8,20,0.0667153298855,0.0198888927698,0.199934363365,0.132228314877,-0.0677060484886
5548,3185,3,10,0.0581723935902,0.00639192108065,0.0307024978101,0.0652745440602,0.0345720462501
5550,5490,4,11,0.0443890281022,0.030424380675,0.205027729273,0.148693144321,-0.0563345849514
5551,541,5,9,0.122592449188,0.0592155382037,0.0181099902838,0.0312483161688,0.0131383258849
5552,3127,1,10,0.0645888522267,0.0344013385475,0.132466137409,0.172813370824,0.0403472334146
5553,2927,2,2,0.0459984131157,0.00866136234254,0.168887302279,0.185728386045,0.016841083765
5554,251,6,7,0.0327496081591,0.0103236790746,0.333187043667,0.29610311985,-0.0370839238167
5555,230,3,12,0.0383252687752,0.0121633084491,0.282758802176,0.285181581974,0.00242277979851
5557,7477,5,13,0.0575982965529,0.0151571398601,0.135100379586,0.200660869479,0.065560489893
5558,3879,4,8,0.0553907640278,0.00536089716479,0.0930658653378,0.119382224977,0.0263163596392
5559,3782,7,18,0.0930889844894,0.0571327134967,0.263610422611,0.175924256444,-0.0876861661673
5560,8131,12,42,0.0654553696513,0.0117454426363,0.0456988625228,0.0544930696487,0.0087942071259
5561,3552,9,13,0.0920650959015,0.00906197354198,0.323436945677,0.464729994535,0.141293048859
5562,6820,3,15,0.0729785487056,0.0146535234526,0.255291849375,0.131701514125,-0.12359033525
5563,5384,1,9,0.0701949670911,0.0330886282027,0.141581967473,0.33442863822,0.192846670747
5564,6651,2,8,0.112321294844,0.0452416092157,0.717589735985,0.319761157036,-0.397828578949
5565,2608,3,12,0.103048868477,0.0266256909817,0.15161652863,0.43624997139,0.284633457661
5566,3456,6,28,0.0889066457748,0.00955351348966,0.0717945843935,0.17759257555,0.105797991157
5567,2846,2,1,0.0708480626345,0.0526566058397,0.0534470789135,0.0483314730227,-0.00511560589075
5569,436,5,9,0.0597009658813,0.0232117380947,0.24720607698,0.258840918541,0.0116348415613
5570,2879,3,1,0.0565778724849,0.00924063008279,0.0183163899928,0.0199304837734,0.00161409378052
5572,2459,4,9,0.0444958098233,0.00736100180075,0.0558009706438,0.0731875374913,0.0173865668476
5573,6603,4,5,0.0748482868075,0.0207681711763,0.0943820476532,0.0832431986928,-0.0111388489604
5574,4585,12,21,0.0682344213128,0.0201575700194,0.429508686066,0.459361642599,0.0298529565334
5575,8540,3,7,0.0393518395722,0.00495646474883,0.0636088252068,0.057788848877,-0.0058199763298
5576,2169,3,8,0.0519444644451,0.0240592118353,0.0523793511093,0.103287138045,0.0509077869356
5577,2109,10,31,0.0730653181672,0.0176164284348,0.0145422378555,0.0501259565353,0.0355837196112
5578,7391,6,15,0.0353846438229,0.0142400478944,0.293763667345,0.242563679814,-0.0511999875307
5579,1115,2,16,0.0711065009236,0.0191372353584,0.533194005489,0.342816501856,-0.190377503633
5580,5870,2,8,0.0816818103194,0.0448352284729,0.0630297735333,0.0759043097496,0.0128745362163
5581,5885,6,10,0.100926689804,0.0240027103573,0.0759402140975,0.0805855765939,0.00464536249638
5582,7072,8,13,0.0651885420084,0.00505275605246,0.033691085875,0.068309366703,0.034618280828
5583,4840,2,5,0.191988453269,0.0168420542032,0.900554835796,0.344986438751,-0.555568397045
5585,5106,1,19,0.0107238888741,0.006353110075,0.938563883305,0.873151600361,-0.0654122829437
5587,1688,8,8,0.095582164824,0.0412204712629,0.619079470634,0.280271321535,-0.338808149099
5589,6712,3,19,0.0373187810183,0.00655819987878,0.0471131056547,0.0484718196094,0.00135871395469
5590,4615,4,5,0.162938013673,0.0494085550308,0.604302048683,0.157031312585,-0.447270750999
5591,2937,1,2,0.045072671026,0.00293972366489,0.119667522609,0.091234087944,-0.0284334346652
5592,9045,3,6,0.0900051370263,0.0301313307136,0.904367387295,0.576689958572,-0.327677428722
5593,296,2,6,0.0622553639114,0.00243060593493,0.317129969597,0.125406056643,-0.191723912954
5594,2166,9,32,0.0653401687741,0.0141906738281,0.0115174399689,0.0147539647296,0.00323652476072
5595,6258,4,11,0.0979890450835,0.0325066074729,0.0266870539635,0.0601056553423,0.0334186032414
5596,6013,1,6,0.114719666541,0.00996645446867,0.0908349826932,0.158634468913,0.0677994862199
5597,194,1,7,0.0744808092713,0.00279881292954,0.0520704127848,0.036947440356,-0.0151229724288
5598,4176,3,3,0.108231715858,0.00940837711096,0.84853041172,0.446167230606,-0.402363181114
5599,1329,4,7,0.0342193208635,0.00562291033566,0.0914462357759,0.12558272481,0.0341364890337
5600,5959,2,2,0.068297713995,0.0131697580218,0.0862087085843,0.178290441632,0.092081733048
5601,2924,2,4,0.0411065854132,0.018673883751,0.239870354533,0.107962183654,-0.131908178329
5602,48,6,10,0.0950253605843,0.00969028007239,0.410163700581,0.119409404695,-0.290754288435
5603,598,8,10,0.0252647101879,0.0159604940563,0.560757577419,0.564103543758,0.00334596633911
5604,2968,2,11,0.0399375222623,0.00630700401962,0.0622314214706,0.0985809341073,0.0363495126367
5605,4456,1,7,0.0735573098063,0.039113547653,0.112866982818,0.0915796533227,-0.021287329495
5606,2968,3,6,0.0283409450203,0.0134498290718,0.339327037334,0.260791838169,-0.0785351991653
5607,1048,1,9,0.0182967334986,0.0067121242173,0.602435290813,0.592046499252,-0.0103887915611
5608,8009,4,14,0.0394195914268,0.0234172716737,0.280059635639,0.279918402433,-0.000141233205795
5609,7698,5,8,0.0792295783758,0.0232184827328,0.47890907526,0.237541720271,-0.241367354989
5611,8611,2,10,0.0638188496232,0.0219475291669,0.27574211359,0.146629884839,-0.129112228751
5612,2840,6,4,0.0477461703122,0.00854415912181,0.037685174495,0.0518827624619,0.0141975879669
5613,7684,1,5,0.0810238793492,0.0109340697527,0.0541703477502,0.0375767834485,-0.0165935643017
5614,1450,5,4,0.082087866962,0.0342046357691,0.596442997456,0.280088186264,-0.316354811192
5615,36,2,8,0.0360199697316,0.0147457504645,0.744188249111,0.699415028095,-0.0447732210159
5616,6531,3,1,0.0474456883967,0.0104767335579,0.43533501029,0.424447178841,-0.0108878314495
5617,5518,3,8,0.0839955732226,0.00839990470558,0.107175923884,0.104856431484,-0.00231949239969
5618,5962,1,3,0.0599430091679,0.00906521081924,0.220129877329,0.130544021726,-0.0895858556032
5619,1965,2,10,0.0679495558143,0.0410452224314,0.112194471061,0.0901790857315,-0.0220153853297
5620,6413,2,7,0.068441554904,0.00768528087065,0.0401608794928,0.0289473440498,-0.0112135354429
5621,3329,1,15,0.0524843297899,0.0228570848703,0.662258684635,0.512912273407,-0.149346411228
5622,249,3,3,0.0500675849617,0.0168914869428,0.116661258042,0.0625338628888,-0.054127395153
5624,371,3,11,0.0721321329474,0.0611197426915,0.935724556446,0.682768046856,-0.25295650959
5625,1092,4,6,0.0904688462615,0.0160703081638,0.0950504690409,0.129910632968,0.0348601639271
5626,377,2,10,0.0376059263945,0.00611047353595,0.461600422859,0.452321439981,-0.00927898287773
5627,558,5,9,0.0680436044931,0.0288792084903,0.123424574733,0.0530114136636,-0.0704131573439
5628,330,8,36,0.0295240487903,0.00931296311319,0.36376953125,0.431673049927,0.0679035186768
5629,33,1,6,0.0822009518743,0.0191080495715,0.34660923481,0.129650995135,-0.216958239675
5630,589,2,6,0.0415670908988,0.00673595629632,0.316890627146,0.417510986328,0.100620359182
5631,378,3,6,0.0334116853774,0.0181645005941,0.824752271175,0.636215746403,-0.188536524773
5632,2911,2,8,0.0373436398804,0.0149989323691,0.405131608248,0.357434272766,-0.0476973354816
5633,782,3,7,0.0865390002728,0.0173790305853,0.0209161881357,0.0164648983628,-0.00445128977299
5634,2854,2,5,0.0355049706995,0.0110373897478,0.24373370409,0.193476125598,-0.0502575784922
5635,4291,2,8,0.0500145405531,0.0298874732107,0.0739511176944,0.0444864220917,-0.0294646956027
5636,205,3,6,0.0237779263407,0.0119429510087,0.549449205399,0.556210935116,0.00676172971725
5637,5722,5,10,0.0429300926626,0.0159052144736,0.284153521061,0.236617878079,-0.0475356429815
5638,317,3,5,0.0456842072308,0.0154412379488,0.582874596119,0.548621177673,-0.0342534184456
5639,326,3,7,0.104626119137,0.0446191430092,0.749828159809,0.359427213669,-0.39040094614
5640,278,5,16,0.0104494951665,0.00364237790927,0.989806711674,0.941980361938,-0.0478263497353
5641,602,3,6,0.0386358238757,0.00670563429594,0.237603083253,0.281022101641,0.0434190183878
5642,5766,3,6,0.0554418154061,0.0150679284707,0.0777389928699,0.176472127438,0.0987331345677
5643,471,8,6,0.054195497185,0.0303527507931,0.536793231964,0.384323745966,-0.152469485998
5645,326,2,6,0.049491494894,0.0181634388864,0.330800265074,0.275551319122,-0.0552489459515
5646,3411,1,5,0.0505749173462,0.0189770255238,0.0416063889861,0.0473229289055,0.00571653991938
5647,425,1,7,0.116397440434,0.0409501306713,0.772047996521,0.354485422373,-0.417562574148
5648,3112,2,9,0.068174906075,0.0162884686142,0.210649847984,0.178371608257,-0.032278239727
5650,5476,1,9,0.0400425754488,0.0238294731826,0.674950838089,0.590375304222,-0.0845755338669
5651,6146,6,13,0.0429610572755,0.00605388497934,0.429865986109,0.341497689486,-0.0883682966232
5652,6668,6,13,0.0751989483833,0.0345929823816,0.0620157979429,0.124222792685,0.0622069947422
5653,490,4,20,0.0419696308672,0.0344235226512,0.445403188467,0.569583117962,0.124179929495
5654,4403,3,14,0.0278533045202,0.0076450528577,0.0695824995637,0.0886129960418,0.0190304964781
5655,366,2,8,0.0500050187111,0.00970572978258,0.373371750116,0.19058136642,-0.182790383697
5656,6563,1,4,0.0470095984638,0.0142653118819,0.096423484385,0.103633761406,0.00721027702093
5658,172,1,1,0.0706380829215,0.00791953224689,0.0132322963327,0.0212730076164,0.00804071128368
5659,4304,2,5,0.0410473160446,0.00574886891991,0.0450034700334,0.0309131219983,-0.0140903480351
5660,1432,1,8,0.0737982019782,0.0264810733497,0.424516111612,0.175321623683,-0.249194487929
5662,7414,1,4,0.0522120557725,0.0144835971296,0.340391606092,0.192797124386,-0.147594481707
5663,4666,1,9,0.121105097234,0.0548486448824,0.500881910324,0.183642700315,-0.317239224911
5665,1381,1,5,0.062697224319,0.0210763048381,0.778090953827,0.510957539082,-0.267133414745
5666,6605,2,4,0.130590572953,0.0298965442926,0.0272242501378,0.119469888508,0.0922456383705
5667,1415,3,7,0.0476407110691,0.00631461339071,0.121229618788,0.192190289497,0.0709606707096
5668,2848,5,6,0.0459480620921,0.0249681547284,0.240627259016,0.357809066772,0.117181807756
5669,304,3,17,0.0839426144958,0.0392305441201,0.339742273092,0.429438114166,0.089695841074
5670,450,6,12,0.0463206321001,0.00906301382929,0.0480513200164,0.042257796973,-0.00579352304339
5673,3578,7,9,0.0677253976464,0.00376913696527,0.206503793597,0.136552885175,-0.0699509084225
5674,1569,1,3,0.119473956525,0.0184817891568,0.243068352342,0.0676153004169,-0.175453051925
5676,2715,5,2,0.0739322677255,0.0125035885721,0.0101568046957,0.00887388177216,-0.00128292292356
5677,5772,1,3,0.0441662184894,0.0125573808327,0.127794608474,0.099225141108,-0.0285694673657
5678,1032,3,5,0.0388054698706,0.00973503571004,0.179676935077,0.105118595064,-0.074558340013
5680,1104,2,4,0.162086293101,0.0861923471093,0.526481688023,0.209601804614,-0.316879868507
5681,5192,2,7,0.0704192891717,0.0416023917496,0.489976018667,0.253849387169,-0.236126631498
5682,8451,6,11,0.125221192837,0.0252251010388,0.291663974524,0.109792686999,-0.181871294975
5683,4131,5,16,0.0708348155022,0.011425094679,0.132524371147,0.157624274492,0.0250999033451
5684,8407,8,25,0.046700399369,0.00740414531901,0.301476746798,0.208770558238,-0.0927061885595
5685,4712,4,4,0.0531576983631,0.0121037410572,0.148292139173,0.0922326743603,-0.0560594648123
5686,66,2,6,0.0899361893535,0.0454106405377,0.023635039106,0.0208675954491,-0.00276744365692
5687,3593,2,5,0.0634466558695,0.00646688276902,0.0422541685402,0.0304244663566,-0.0118297021836
5689,111,2,8,0.0529562048614,0.00835485197604,0.238360315561,0.321579575539,0.0832192599773
5690,5788,5,17,0.0728836655617,0.0149244684726,0.0999774187803,0.0179239138961,-0.0820535048842
5691,6460,2,8,0.0428698472679,0.0101493718103,0.0375854335725,0.0444094054401,0.00682397186756
5692,4960,2,3,0.0317431800067,0.0345237031579,0.980216801167,0.870481193066,-0.109735608101
5693,4382,2,5,0.0635494887829,0.0255815144628,0.250843793154,0.14573520422,-0.105108588934
5694,6148,5,7,0.0634362101555,0.00679333228618,0.0423271618783,0.0535301752388,0.0112030133605
5695,9108,1,5,0.0681727603078,0.00386267434806,0.10672274977,0.0502049326897,-0.05651781708
5696,2381,11,23,0.102927722037,0.0336311459541,0.00348946615122,0.0144354077056,0.0109459413216
5697,3287,1,4,0.134360387921,0.0476846694946,0.0868912562728,0.0742926821113,-0.0125985741615
5698,5,5,17,0.107849299908,0.0171533226967,0.681976795197,0.283890038729,-0.398086756468
5699,6627,2,5,0.0413024239242,0.0200449116528,0.0616487450898,0.100546576083,0.0388978309929
5701,6844,9,29,0.0825242474675,0.0156558584422,0.447722434998,0.326039522886,-0.121682912111
5702,6627,1,2,0.0382618233562,0.0207124389708,0.0729238688946,0.0697145164013,-0.00320935249329
5703,6072,8,10,0.08085218817,0.0505324788392,0.110992051661,0.113185226917,0.00219317525625
5704,1909,3,9,0.0670458599925,0.0389246940613,0.394168376923,0.617927372456,0.223758995533
5705,5367,17,51,0.0227300971746,0.0105393920094,0.137234181166,0.219049975276,0.0818157941103
5706,771,7,16,0.0361926667392,0.048027433455,0.973365485668,0.867003440857,-0.106362044811
5707,5826,3,4,0.0344397835433,0.00843913760036,0.313928842545,0.310533434153,-0.00339540839195
5708,3885,11,26,0.0344440601766,0.0138367610052,0.547471880913,0.436301589012,-0.111170291901
5709,3652,9,28,0.0152906822041,0.00239556306042,0.0102271065116,0.0075417063199,-0.00268540019169
5710,2550,2,6,0.0775928422809,0.0488625578582,0.542915582657,0.332141757011,-0.210773825645
5711,5473,7,19,0.0710572004318,0.0118425507098,0.0354040339589,0.0252208765596,-0.0101831573993
5712,4911,4,8,0.0420867912471,0.00501154223457,0.0741025805473,0.0565533675253,-0.017549213022
5713,6907,2,12,0.0462467558682,0.0110360402614,0.2073815763,0.214439019561,0.00705744326115
5714,967,2,8,0.0384135358036,0.00825727544725,0.0668705180287,0.0368611626327,-0.030009355396
5715,1670,4,15,0.0360421910882,0.0120237125084,0.36699578166,0.314846992493,-0.0521487891674
5716,5306,3,7,0.0657649859786,0.056866388768,0.556523501873,0.430850625038,-0.125672876835
5717,6906,2,8,0.0500084757805,0.013163250871,0.420942217112,0.279217898846,-0.141724318266
5718,7482,5,5,0.116806805134,0.0194997768849,0.577593505383,0.240963205695,-0.336630284786
5719,5306,1,8,0.138021349907,0.0390703901649,0.0884087979794,0.0686007291079,-0.0198080688715
5720,7482,1,4,0.128803089261,0.0171768143773,0.975488245487,0.595477640629,-0.380010604858
5721,1374,4,10,0.0377795062959,0.0103453919291,0.400385797024,0.255371242762,-0.145014554262
5722,7119,2,10,0.131559476256,0.0551941096783,0.0838006585836,0.0528655610979,-0.0309350974858
5723,1137,2,5,0.0812421217561,0.0213953796774,0.0120107904077,0.00783657748252,-0.00417421292514
5724,2631,2,5,0.0557239241898,0.00593066541478,0.25824406743,0.137652948499,-0.120591118932
5725,803,2,9,0.179448366165,0.0649118572474,0.836610913277,0.318490713835,-0.51812016964
5726,9003,2,2,0.185170397162,0.0175779126585,0.631423830986,0.100736521184,-0.530687332153
5728,9260,2,14,0.056655228138,0.0190910864621,0.172321975231,0.134525671601,-0.0377963036299
5729,5710,5,3,0.031985476613,0.00656548282132,0.743547022343,0.650083422661,-0.0934635996819
5730,3126,1,9,0.0343086346984,0.00379232340492,0.107862606645,0.0861876010895,-0.0216750055552
5731,790,5,13,0.065073736012,0.0118379881606,0.427211374044,0.440653711557,0.013442337513
5732,5260,4,6,0.119503103197,0.0288443099707,0.301657468081,0.0544441379607,-0.247213333845
5734,5082,15,24,0.0383929722011,0.00831029098481,0.199425265193,0.263504713774,0.0640794485807
5735,9242,6,9,0.0550612621009,0.00804776325822,0.100179329515,0.073445238173,-0.0267340913415
5736,8933,1,11,0.0947085544467,0.0351323187351,0.111773960292,0.031468167901,-0.0803057923913
5737,4155,2,4,0.0719384923577,0.0140128694475,0.0542471520603,0.0365931428969,-0.0176540091634
5739,5352,3,5,0.0497024320066,0.0198885314167,0.279482662678,0.297262072563,0.0177794098854
5740,3901,2,6,0.0876153036952,0.0112829850987,0.0715464130044,0.14820176363,0.0766553506255
5741,5199,3,5,0.0404657386243,0.00656330166385,0.697126090527,0.486031740904,-0.211094349623
5742,5220,2,8,0.048312548548,0.0429994016886,0.951234519482,0.769658267498,-0.181576251984
5743,5326,4,7,0.131436154246,0.0564060434699,0.698983728886,0.257492184639,-0.441491544247
5744,4902,1,6,0.0389008484781,0.0118076065555,0.61143964529,0.716457664967,0.105018019676
5745,3343,24,83,0.0662134215236,0.0329676568508,0.0953329354525,0.0993271172047,0.0039941817522
5746,3207,5,9,0.0444299839437,0.0145866125822,0.208409965038,0.17624913156,-0.032160833478
5747,6239,5,18,0.0721261799335,0.00599431572482,0.21808603406,0.0585701875389,-0.159515842795
5748,5099,6,10,0.0392311252654,0.0153130181134,0.273890018463,0.269977658987,-0.00391235947609
5749,6255,1,4,0.121347166598,0.0663281753659,0.791077435017,0.367219686508,-0.423857748508
5750,5333,1,5,0.0440894700587,0.022236071527,0.699502527714,0.518114626408,-0.181387901306
5751,7690,3,7,0.0408818610013,0.00831634830683,0.0307991504669,0.0534139983356,0.0226148478687
5752,3747,2,10,0.0670551732183,0.0382134914398,0.0125724608079,0.0349678434432,0.0223953835666
5753,2008,6,17,0.0804324299097,0.0148053346202,0.141621127725,0.0381990820169,-0.103422045708
5754,6083,1,9,0.0769379809499,0.0147349499166,0.177138209343,0.04970484972,-0.127433359623
5755,4902,4,18,0.0513368360698,0.0351145491004,0.398469656706,0.313212156296,-0.0852575004101
5758,1673,8,32,0.0138662056997,0.014652621001,0.705223441124,0.770742714405,0.0655192732811
5759,7146,1,11,0.0486485511065,0.0195442158729,0.53045886755,0.37182494998,-0.15863391757
5760,8601,9,31,0.0415192805231,0.00440939422697,0.1253734231,0.195021227002,0.0696478039026
5761,4933,10,34,0.0521691329777,0.0287188477814,0.118301525712,0.137703761458,0.0194022357464
5762,5396,3,4,0.0647630766034,0.0166422538459,0.114979110658,0.0586412139237,-0.0563378967345
5763,112,1,7,0.0407392792404,0.0133980857208,0.255485504866,0.220187976956,-0.0352975279093
5766,4960,2,10,0.0820306763053,0.0462669022381,0.0592219680548,0.129520639777,0.0702986717224
5767,6437,1,5,0.0328510850668,0.0125724412501,0.232216536999,0.245834290981,0.0136177539825
5768,6646,7,22,0.0680959820747,0.0263249725103,0.410904377699,0.22142355144,-0.189480826259
5769,5254,5,4,0.0695995241404,0.0276963710785,0.0571428090334,0.102693259716,0.0455504506826
5770,8898,2,6,0.0491328090429,0.0120394555852,0.063556112349,0.0473236143589,-0.0162324979901
5771,8321,8,13,0.0674308910966,0.00958766881377,0.109689086676,0.252479702234,0.142790615559
5772,6133,2,6,0.0424633137882,0.0122995637357,0.0996645614505,0.0859513506293,-0.0137132108212
5773,6930,6,12,0.0623966492712,0.0142905870453,0.0822625905275,0.0198304802179,-0.0624321103096
5774,6934,3,7,0.0865955352783,0.0606897473335,0.376444637775,0.132992565632,-0.243452072144
5776,6881,1,7,0.0635742619634,0.0285640209913,0.215910673141,0.0775669142604,-0.138343751431
5777,5091,3,10,0.032374959439,0.00419520959258,0.479129880667,0.528453886509,0.0493240058422
5778,7775,6,5,0.0908949375153,0.0128286769614,0.025513054803,0.0507466942072,0.0252336394042
5779,6705,5,12,0.0414528287947,0.0126061104238,0.114432550967,0.13249219954,0.0180596485734
5780,4710,2,7,0.0630788058043,0.00982120912522,0.0491599962115,0.0504614710808,0.00130147486925
5781,5826,5,3,0.0333030708134,0.0121758347377,0.175284460187,0.168755337596,-0.00652912259102
5782,6957,2,7,0.0703111290932,0.0100543498993,0.0941290780902,0.091899164021,-0.00222991406918
5783,6856,8,9,0.0803819894791,0.017148014158,0.0742461308837,0.0607339330018,-0.0135121978819
5784,8234,1,8,0.0353300385177,0.010606427677,0.19086882472,0.106646440923,-0.0842223837972
5785,2052,2,6,0.0748189985752,0.0236159134656,0.0446310676634,0.058841843158,0.0142107754946
5786,3425,2,8,0.0527775622904,0.0181053485721,0.124270372093,0.231747031212,0.107476659119
5787,6635,1,10,0.0345107987523,0.0170867294073,0.505618035793,0.363428682089,-0.142189353704
5789,3747,2,7,0.0318625420332,0.00983097124845,0.317377060652,0.222688019276,-0.0946890413761
5790,4902,2,5,0.108297102153,0.0199243333191,0.434802889824,0.156789451838,-0.278013437986
5791,5389,7,9,0.0413427166641,0.00848925020546,0.259240180254,0.140828296542,-0.118411883712
5792,4902,2,5,0.0412708409131,0.0119221685454,0.311973810196,0.503252804279,0.191278994083
5793,77,4,6,0.0637890025973,0.0248973127455,0.0129577619955,0.0227471720427,0.00978941004723
5794,820,2,8,0.0720844864845,0.0256089940667,0.0241050738841,0.0672484710813,0.0431433990598
5795,3705,4,11,0.0619619935751,0.00286333123222,0.123616196215,0.0350300185382,-0.0885861814022
5796,1665,1,7,0.103700220585,0.0511619821191,0.028062954545,0.0159218590707,-0.0121410954744
5798,4902,4,5,0.0604634098709,0.0135792167857,0.187306925654,0.158785641193,-0.028521284461
5799,4847,4,6,0.0560221076012,0.00772177660838,0.0176381617785,0.0498092472553,0.0321710854769
5800,3467,1,6,0.0486480034888,0.0098786726594,0.0438327305019,0.0489973016083,0.00516457110643
5801,1357,3,6,0.0666792020202,0.0492158271372,0.501294732094,0.271579474211,-0.229715257883
5802,5614,4,5,0.06945643574,0.0431666783988,0.0252847895026,0.0255193803459,0.00023459084332
5804,5540,3,5,0.0642969980836,0.037286337465,0.356015175581,0.149918600917,-0.206096574664
5805,788,2,6,0.076813839376,0.046435456723,0.0464484728873,0.0758709609509,0.0294224880636
5806,2037,6,7,0.0824733451009,0.0267180837691,0.175679653883,0.471976429224,0.296296775341
5807,4960,5,2,0.031085178256,0.0126937599853,0.307306408882,0.225035354495,-0.0822710543871
5808,2039,1,2,0.0884558185935,0.00956500973552,0.107600316405,0.223531320691,0.115931004286
5809,1670,1,7,0.044642586261,0.0210468657315,0.779639303684,0.552275955677,-0.227363348007
5811,2039,1,4,0.0432241000235,0.00881374999881,0.564939975739,0.433443278074,-0.131496697664
5813,755,1,5,0.0660663023591,0.016454000026,0.736784040928,0.408350855112,-0.328433185816
5814,4403,2,7,0.0723781511188,0.0331253632903,0.0867722034454,0.081151843071,-0.00562036037445
5816,6327,1,6,0.0514153540134,0.0105118770152,0.176723495126,0.131193056703,-0.0455304384232
5817,855,1,9,0.0626748502254,0.0218082107604,0.0598633438349,0.0972902178764,0.0374268740416
5818,5212,1,6,0.050738722086,0.0216401163489,0.0428236946464,0.0850684568286,0.0422447621822
5819,4902,1,7,0.075082950294,0.0133666126058,0.0199434608221,0.0246761944145,0.00473273359239
5820,5993,2,4,0.0596525669098,0.0183093007654,0.342277109623,0.263623148203,-0.0786539614201
5821,4902,1,2,0.0975643023849,0.0156373623759,0.170915916562,0.097009986639,-0.0739059299231
5822,4224,2,1,0.0337903089821,0.00624204799533,0.013147899881,0.0226654689759,0.0095175690949
5823,5716,2,7,0.04236452654,0.0110675776377,0.395157724619,0.326059371233,-0.0690983533859
5824,3903,4,11,0.0332290492952,0.00543361809105,0.447953909636,0.37210431695,-0.0758495926857
5825,6275,2,3,0.0671112686396,0.00813157483935,0.00657725380734,0.00935129541904,0.0027740416117
5827,5091,1,4,0.0615257360041,0.00878769811243,0.449055731297,0.302609533072,-0.146446198225
5828,2506,3,11,0.0782631635666,0.0550571493804,0.137415349483,0.239851906896,0.102436557412
5829,4534,2,7,0.0617483258247,0.00913495663553,0.444473087788,0.234217166901,-0.210255920887
5830,8453,1,9,0.134735256433,0.0252632480115,0.203690752387,0.191898703575,-0.0117920488119
5831,983,4,4,0.0597043819726,0.0066089052707,0.489627510309,0.3011251688,-0.188502341509
5832,6356,1,5,0.0679159983993,0.0224611554295,0.250934749842,0.106114715338,-0.144820034504
5833,4896,1,5,0.0660558715463,0.00831580162048,0.0551566891372,0.0738884210587,0.0187317319214
5834,6999,4,7,0.0553998202085,0.017665065825,0.0483228899539,0.0766421854496,0.0283192954957
5835,5208,1,5,0.045172482729,0.0218604821712,0.0529507994652,0.0361077152193,-0.0168430842459
5837,9057,2,8,0.0813330486417,0.055042013526,0.0985865667462,0.136877283454,0.0382907167077
5838,9221,3,3,0.115095436573,0.0356587804854,0.397693425417,0.0873291790485,-0.310364246368
5839,7460,2,4,0.0437816828489,0.0203470736742,0.0395216979086,0.0425275154412,0.00300581753254
5841,439,1,4,0.0693207085133,0.024201516062,0.017484953627,0.0582591444254,0.0407741889358
5842,6264,3,7,0.0853282883763,0.0363015532494,0.179409444332,0.07056555897,-0.108843885362
5845,6959,4,3,0.0679671242833,0.0182628650218,0.0910592377186,0.0563145466149,-0.0347446911037
5846,3026,2,6,0.0610268227756,0.011807275936,0.0709691420197,0.0399896390736,-0.0309795029461
5847,5902,1,4,0.0425230525434,0.0129952216521,0.0429800003767,0.0996714159846,0.0566914156079
5848,1685,3,19,0.0681578293443,0.045771099627,0.519851386547,0.289351403713,-0.230499982834
5849,2030,20,61,0.0457441359758,0.0119047602639,0.925636947155,0.736729562283,-0.188907384872
5851,9144,17,58,0.0704613775015,0.0216378029436,0.134632647038,0.224209919572,0.0895772725344
5852,6007,4,30,0.0489737838507,0.0198668204248,0.771144866943,0.560257017612,-0.210887849331
5853,3813,6,11,0.0295489858836,0.00971713569015,0.599737823009,0.499625116587,-0.100112706423
5854,943,3,4,0.0740144625306,0.0339064374566,0.0364516228437,0.0320847295225,-0.00436689332128
5855,6028,2,5,0.0924019739032,0.0137745887041,0.05982388556,0.104765303433,0.0449414178729
5856,7325,2,10,0.063904851675,0.0240860171616,0.453202009201,0.26400962472,-0.189192384481
5857,6943,1,7,0.114908635616,0.0344568453729,0.884763360023,0.488350957632,-0.396412402391
5858,2506,5,13,0.066148430109,0.0138146579266,0.442127168179,0.296052008867,-0.146075159311
5859,5433,4,13,0.060670286417,0.0237689167261,0.38620942831,0.384636878967,-0.00157254934311
5860,6120,2,4,0.0743696838617,0.00119545578491,0.0408795587718,0.0412326939404,0.000353135168552
5861,8032,1,7,0.0453722067177,0.0189414992929,0.135397881269,0.135749310255,0.000351428985596
5862,7882,4,4,0.0414048470557,0.00957995001227,0.260649979115,0.290494114161,0.029844135046
5863,2615,3,4,0.100571967661,0.00362966791727,0.264147222042,0.0813232436776,-0.182823985815
5864,784,3,4,0.0574413239956,0.0118946544826,0.0447016842663,0.0463709793985,0.00166929513216
5865,1674,3,4,0.0519300438464,0.0147501435131,0.153569281101,0.202449604869,0.0488803237677
5866,8397,3,10,0.0852914229035,0.051748149097,0.726523816586,0.418828040361,-0.307695776224
5867,5338,2,4,0.0632998272777,0.0295901559293,0.145996972919,0.104266725481,-0.041730247438
5868,7965,5,19,0.0231939535588,0.00854232255369,0.954586446285,0.842585802078,-0.112000644207
5869,3630,5,6,0.0652590766549,0.0099438149482,0.155397921801,0.172825798392,0.0174278765917
5870,8357,4,7,0.169035956264,0.000416204275098,0.734935522079,0.208305642009,-0.52662986517
5872,4369,11,24,0.142696037889,0.0394164733589,0.0250937528908,0.125539183617,0.100445434451
5873,4016,3,6,0.0800728723407,0.0469441749156,0.48194026947,0.217796459794,-0.264143824577
5874,2763,2,5,0.0368367172778,0.0104673178867,0.0446770824492,0.0486640743911,0.00398699194193
5875,7110,1,7,0.0810899659991,0.0171288177371,0.0132406037301,0.0110196471214,-0.00222095660865
5876,4804,4,4,0.0430755056441,0.0185036435723,0.141854628921,0.118221841753,-0.023632787168
5877,5210,1,5,0.0581392459571,0.02375311777,0.167038425803,0.266616493464,0.0995780676603
5878,2263,3,8,0.0707993581891,0.050948292017,0.113228082657,0.0686528012156,-0.0445752814412
5879,867,2,9,0.0499589443207,0.0156555473804,0.861834526062,0.622758090496,-0.239076435566
5880,368,2,6,0.0924738645554,0.00881276652217,0.0524216257036,0.0953561291099,0.0429345034063
5881,434,1,6,0.116998873651,0.025541279465,0.524971187115,0.14453150332,-0.380439698696
5882,1471,2,4,0.0636466145515,0.0129004558548,0.0675393566489,0.0629827678204,-0.00455658882856
5883,595,4,17,0.0124895544723,0.00390748679638,0.691953837872,0.609265625477,-0.0826882123947
5884,3011,3,7,0.0527989119291,0.00996064767241,0.201539382339,0.180489167571,-0.0210502147675
5885,371,3,12,0.0355533324182,0.0178982019424,0.649068832397,0.617362439632,-0.031706392765
5886,2911,3,9,0.0310110691935,0.00287109636702,0.646247386932,0.559894621372,-0.0863527655602
5887,387,6,16,0.0564853362739,0.0269882809371,0.126470059156,0.127657473087,0.00118741393089
5889,939,4,8,0.04857397452,0.0237375404686,0.458952635527,0.394486516714,-0.0644661188126
5890,331,2,5,0.034043032676,0.0123753007501,0.96437561512,0.817310333252,-0.147065281868
5891,2865,2,10,0.0399391427636,0.0029595955275,0.116788454354,0.14012491703,0.0233364626765
5892,2201,1,5,0.0498134605587,0.0223681628704,0.135157823563,0.211733281612,0.0765754580498
5893,603,10,15,0.050025165081,0.00852200295776,0.409983128309,0.172113910317,-0.237869217992
5894,460,4,6,0.056694816798,0.0195941738784,0.416891604662,0.370695978403,-0.0461956262589
5895,939,4,3,0.0776450410485,0.0396549664438,0.366420775652,0.245893105865,-0.120527669787
5896,476,4,5,0.0434039793909,0.0116029921919,0.326687842607,0.20768661797,-0.119001224637
5897,5302,3,5,0.0689020380378,0.0181997884065,0.6376080513,0.371299952269,-0.266308099031
5899,8284,2,4,0.0493491888046,0.0132387299091,0.045868691057,0.0815677270293,0.0356990359724
5900,1822,8,8,0.0854422524571,0.0218326561153,0.10839240253,0.0848758593202,-0.0235165432096
5902,6512,2,10,0.060976203531,0.00636854767799,0.189192339778,0.124601721764,-0.0645906180143
5903,1408,5,7,0.0970791578293,0.0411144606769,0.143637031317,0.0768879130483,-0.0667491182685
5904,4679,1,6,0.0771167129278,0.00952067691833,0.0454314537346,0.0719272270799,0.0264957733452
5905,9244,4,7,0.0497362278402,0.0113445380703,0.03421927616,0.0335870273411,-0.000632248818874
5906,6780,4,6,0.0778968930244,0.00816300977021,0.00707293301821,0.00405046204105,-0.00302247097716
5907,4153,2,5,0.0630276277661,0.014520002529,0.139849200845,0.100537121296,-0.0393120795488
5908,7435,3,5,0.0506173968315,0.0148220583797,0.227465987206,0.131771847606,-0.0956941395998
5909,7734,3,5,0.0637901946902,0.0256161578,0.0844197645783,0.0169486347586,-0.0674711316824
5910,7961,3,6,0.056670319289,0.0461262948811,0.328857392073,0.252250641584,-0.0766067504883
5911,7440,4,5,0.0448795668781,0.00214715627953,0.112654022872,0.052723031491,-0.0599309913814
5912,1109,5,8,0.0420494787395,0.00388709991239,0.0342930369079,0.0492855422199,0.014992505312
5913,5,4,6,0.0758397951722,0.0367993414402,0.503926813602,0.235286071897,-0.268640756607
5914,5367,4,8,0.0505883954465,0.0215997248888,0.240911483765,0.145726278424,-0.0951852053404
5915,7056,13,39,0.0165748205036,0.00510166119784,0.164594113827,0.209237650037,0.0446435362101
5916,3968,1,9,0.0423584096134,0.0102299228311,0.108006641269,0.0840533152223,-0.0239533260465
5917,5831,8,25,0.113879881799,0.0255475156009,0.125453576446,0.208981156349,0.0835275799036
5918,8392,2,8,0.0522257052362,0.0218935441226,0.0677881166339,0.0657908841968,-0.00199723243713
5919,5433,2,20,0.0642185360193,0.0109984017909,0.51426666975,0.775120735168,0.260854065418
5920,9098,8,17,0.0315825641155,0.0141874048859,0.583701133728,0.529906094074,-0.0537950396538
5921,8551,4,28,0.058096319437,0.0124933058396,0.527035593987,0.344821304083,-0.182214289904
5922,7236,9,21,0.0549989640713,0.034843813628,0.311680406332,0.116624392569,-0.195056021214
5923,7277,3,15,0.100239358842,0.0108058517799,0.121834501624,0.268204808235,0.146370306611
5924,8014,12,42,0.0323008336127,0.00770913250744,0.149456128478,0.0867537334561,-0.0627023950219
5925,4078,5,10,0.0396954528987,0.00806212984025,0.122068814933,0.154054045677,0.0319852307439
5926,375,3,12,0.0687828585505,0.0206979941577,0.073583856225,0.244228959084,0.170645102859
5927,6486,3,10,0.0490737743676,0.0133288037032,0.143782779574,0.0528094768524,-0.090973302722
5928,3359,5,7,0.0409966409206,0.00920160021633,0.124503798783,0.0889885053039,-0.035515293479
5929,5729,2,5,0.0917691588402,0.0243812333792,0.00996499601752,0.0500672720373,0.0401022769511
5930,5162,2,9,0.0532488562167,0.00655005639419,0.232045188546,0.169204592705,-0.0628405958414
5931,38,1,5,0.0719180256128,0.01992460154,0.215568393469,0.226343527436,0.0107751339674
5932,1674,3,11,0.0727249905467,0.0407642833889,0.00505449110642,0.00456846691668,-0.00048602418974
5933,576,5,9,0.0551806986332,0.0177610013634,0.0608831457794,0.135240450501,0.0743573009968
5934,3305,1,5,0.0428085625172,0.0189752355218,0.077745936811,0.138398885727,0.060652948916
5935,7754,2,10,0.0723688527942,0.0138725303113,0.180637329817,0.122893840075,-0.0577434897423
5936,2596,5,5,0.0507233291864,0.0089083891362,0.0782140642405,0.190664231777,0.112450167537
5937,3502,2,4,0.119362808764,0.0300389714539,0.0519795306027,0.16790664196,0.115927115083
5938,6117,2,12,0.0804921910167,0.00772260548547,0.286211013794,0.127343699336,-0.158867314458
5939,6578,2,5,0.090648829937,0.0432135686278,0.326913803816,0.148366525769,-0.178547278047
5940,4658,1,8,0.0883084535599,0.0420919507742,0.610201001167,0.458120465279,-0.152080535889
5941,1609,1,6,0.096396625042,0.0170617550611,0.308811098337,0.0626592934132,-0.246151804924
5942,7598,3,7,0.110399879515,0.0117140598595,0.954137265682,0.593848228455,-0.360289037228
5943,1894,2,5,0.10285949707,0.0291904266924,0.0132943494245,0.0304118301719,0.0171174816787
5944,7833,1,6,0.0716164335608,0.0203119758517,0.0262731388211,0.0316049903631,0.005331851542
5945,8927,3,7,0.0537347197533,0.0110431574285,0.250581949949,0.155418977141,-0.0951629728079
5946,752,4,4,0.097507327795,0.0824423357844,0.628248810768,0.381920456886,-0.246328353882
5947,592,2,3,0.0534794218838,0.0139738852158,0.0435327664018,0.125612318516,0.082079552114
5948,423,1,4,0.0588871352375,0.0145389121026,0.187326014042,0.0883502140641,-0.0989757999778
5949,3478,3,3,0.062031019479,0.0166465286165,0.198585689068,0.126732721925,-0.0718529671431
5950,2651,7,10,0.0366026498377,0.0163000933826,0.0760963559151,0.0502353943884,-0.0258609615266
5951,1345,1,8,0.0664522722363,0.0328454934061,0.155558109283,0.18442504108,0.0288669317961
5952,877,4,10,0.118683420122,0.0138196451589,0.436312645674,0.0819364264607,-0.354376226664
5953,8005,4,4,0.117472074926,0.0434868857265,0.539002656937,0.173826888204,-0.365175783634
5954,2932,1,4,0.0450041852891,0.0155758233741,0.986376106739,0.828460872173,-0.157915234566
5955,6589,3,4,0.0483808927238,0.00724321743473,0.167640551925,0.133042156696,-0.0345983952284
5956,6589,1,4,0.0635255128145,0.00910245254636,0.271626889706,0.344731539488,0.0731046497822
5957,6589,3,7,0.0743057206273,0.0194557998329,0.0298495013267,0.0566359162331,0.0267864149064
5958,9128,1,7,0.0603136532009,0.00751474825665,0.100861042738,0.0267194528133,-0.0741415917873
5959,6553,4,2,0.0706426724792,0.0218084026128,0.273796051741,0.133663758636,-0.140132293105
5960,4840,3,9,0.0507912524045,0.0154817765579,0.36514043808,0.266734451056,-0.0984059870243
5961,1696,15,20,0.0467090941966,0.00687741581351,0.166178882122,0.165382161736,-0.000796720385551
5962,182,4,3,0.0284743309021,0.00174092350062,0.539093375206,0.522488772869,-0.0166046023369
5963,2810,3,8,0.0285578221083,0.00672166561708,0.196345418692,0.180069088936,-0.0162763297558
5964,1561,1,5,0.0543357729912,0.0129405865446,0.120949238539,0.111769042909,-0.0091801956296
5966,3005,2,7,0.0402004010975,0.0223121140152,0.141828328371,0.0822456255555,-0.0595827028155
5967,4128,3,12,0.149161219597,0.0320519730449,0.742536187172,0.273261129856,-0.469275057316
5968,7664,1,6,0.0714452043176,0.0177898760885,0.172052636743,0.0920772254467,-0.0799754112959
5969,970,4,7,0.0239268988371,0.00438952166587,0.0393389761448,0.0243165288121,-0.0150224473327
5970,6515,2,4,0.0387384295464,0.0220851767808,0.0757945254445,0.102138243616,0.0263437181711
5971,998,2,3,0.136047139764,0.0504227243364,0.689573705196,0.252662092447,-0.436911612749
5972,576,1,3,0.0257939975709,0.00323522323743,0.493651270866,0.580428183079,0.0867769122124
5973,557,3,4,0.0505027584732,0.0230881161988,0.388900965452,0.260138243437,-0.128762722015
5974,3752,8,10,0.0248106047511,0.014176433906,0.582688212395,0.462947815657,-0.119740396738
5975,9052,1,6,0.0301459338516,0.0160481482744,0.360877841711,0.288471102715,-0.0724067389965
5976,7151,4,14,0.0670209527016,0.031401142478,0.0900711268187,0.0455346405506,-0.044536486268
5980,5462,1,6,0.0703267976642,0.0201898049563,0.0210564155132,0.0244867652655,0.00343034975231
5982,1374,2,10,0.0401884280145,0.0152986431494,0.797817349434,0.592664599419,-0.205152750015
5983,2589,2,6,0.0386782996356,0.0142987351865,0.0197551045567,0.0180615633726,-0.00169354118407
5984,5947,2,5,0.0721081718802,0.0199778173119,0.336266249418,0.231534481049,-0.10473176837
5985,5947,6,24,0.140144303441,0.0269569903612,0.239083349705,0.0743367001414,-0.164746642113
5986,4975,3,10,0.0655008479953,0.0235598161817,0.231734529138,0.187572345138,-0.044162184
5987,3861,3,2,0.0402944274247,0.0113929724321,0.087714754045,0.145083174109,0.0573684200644
5988,5377,2,7,0.0928967967629,0.0462245717645,0.28912627697,0.138150498271,-0.150975778699
5989,7371,1,4,0.0721472725272,0.0240483935922,0.190542832017,0.109489679337,-0.0810531526804
5990,7441,4,6,0.10657530278,0.0362643226981,0.178531125188,0.0372533798218,-0.141277745366
5991,3808,20,49,0.108203738928,0.0309975985438,0.0346210896969,0.0276231151074,-0.00699797458947
5992,5778,1,6,0.106028951705,0.019484821707,0.0713756158948,0.0578550584614,-0.0135205574334
5994,4400,1,5,0.0517653785646,0.0262521076947,0.138654798269,0.109476111829,-0.02917868644
5995,6434,2,7,0.0355038195848,0.0037734741345,0.256671071053,0.282133162022,0.0254620909691
5996,5095,19,55,0.0240996200591,0.0128357326612,0.934790492058,0.814449310303,-0.120341181755
5997,1673,4,18,0.0788546204567,0.0230083931237,0.563100636005,0.725171983242,0.162071347237
5998,8509,7,27,0.183703482151,0.018197895959,0.478575497866,0.0999340415001,-0.378641456366
5999,7028,1,7,0.0477854423225,0.0166641902179,0.162179231644,0.175530657172,0.0133514255285
6000,748,2,5,0.067132204771,0.01694124192,0.17746321857,0.161652952433,-0.0158102661371
6001,5281,6,12,0.0430351607502,0.0157364495099,0.0312848873436,0.0369833260775,0.00569843873382
6002,4993,2,4,0.0669764280319,0.0150396563113,0.1957000494,0.248599722981,0.0528996735811
6003,6071,2,11,0.0599820017815,0.0320247896016,0.269829571247,0.351704597473,0.081875026226
6004,8334,2,5,0.0532791167498,0.0224658865482,0.42589122057,0.236123874784,-0.189767345786
6005,4026,6,16,0.0919014438987,0.0030350801535,0.100644104183,0.120874114335,0.0202300101519
6006,2506,2,2,0.0844191908836,0.0106774019077,0.0196673311293,0.0753433927894,0.0556760616601
6007,1933,9,18,0.0625930055976,0.008131374605,0.486722230911,0.311541050673,-0.175181180239
6008,2462,2,11,0.0684786215425,0.0347112081945,0.0286500994116,0.0479903109372,0.0193402115256
6009,8633,3,7,0.0693488419056,0.0341770164669,0.0768186673522,0.11745390296,0.0406352356076
6010,1669,1,6,0.0468080341816,0.00774958729744,0.145896852016,0.136515364051,-0.00938148796558
6011,6913,4,7,0.0498598255217,0.00806324183941,0.152694731951,0.111179672182,-0.0415150597692
6012,1947,5,7,0.0719162449241,0.0138615164906,0.128757998347,0.0936970487237,-0.0350609496236
6013,4911,1,7,0.0427105426788,0.00969846360385,0.0375673249364,0.0735907331109,0.0360234081745
6014,931,4,11,0.0890272632241,0.00643566437066,0.0227955561131,0.0926194414496,0.0698238834739
6015,3329,1,5,0.0604027844965,0.0400218553841,0.467983335257,0.344555646181,-0.123427689075
6016,2615,2,9,0.0618207044899,0.0370930507779,0.108915492892,0.257023125887,0.148107632995
6017,6087,1,5,0.0481759272516,0.0155657455325,0.0630712732673,0.027627972886,-0.0354432985187
6018,4705,5,9,0.217420890927,0.0735000669956,0.848180174828,0.248829171062,-0.599350988865
6019,1043,1,10,0.0766878128052,0.0275707356632,0.265011847019,0.231888830662,-0.0331230163574
6020,6109,3,8,0.110039807856,0.0173754934222,0.643868923187,0.267671585083,-0.376197338104
6021,8578,3,2,0.0726360157132,0.0125145139173,0.174005657434,0.0580884814262,-0.115917176008
6022,131,3,6,0.043965652585,0.0167629793286,0.569712996483,0.392275422812,-0.177437573671
6023,4712,1,8,0.159745052457,0.0521217696369,0.474360644817,0.132147029042,-0.342213630676
6024,371,4,5,0.201354265213,0.0360097587109,0.790258824825,0.216771200299,-0.573487639427
6025,8364,2,4,0.0759062469006,0.0259875860065,0.284548461437,0.0824026241899,-0.202145844698
6026,4875,2,5,0.054371740669,0.0166641976684,0.0701724439859,0.139173805714,0.0690013617277
6027,3378,2,5,0.0726995766163,0.0207841731608,0.0269431453198,0.0857811793685,0.058838032186
6028,5594,3,10,0.0633875802159,0.0100454529747,0.0595010854304,0.108215451241,0.0487143658102
6029,4341,4,8,0.0554464273155,0.024027466774,0.012820857577,0.046117503196,0.0332966446877
6030,7680,2,10,0.10971736908,0.0337860584259,0.0486984066665,0.0485488884151,-0.000149518251419
6031,7670,1,6,0.0401196740568,0.00526627199724,0.153927445412,0.205673873425,0.0517464280128
6032,5586,2,4,0.0478115864098,0.00651355506852,0.1298148036,0.0854145660996,-0.0444002375007
6034,1134,1,1,0.0574117191136,0.0173782929778,0.0292173065245,0.0231871623546,-0.00603014416993
6035,6416,9,44,0.0395648777485,0.00780427735299,0.433192014694,0.2730050385,-0.160186976194
6036,1485,3,10,0.0762207582593,0.00768588716164,0.112686090171,0.0298463180661,-0.0828397721052
6037,5938,3,17,0.0621660612524,0.0242532920092,0.442844748497,0.297273665667,-0.14557108283
6038,6210,2,4,0.0282669905573,0.00520756887272,0.00826313812286,0.0115685565397,0.00330541841686
6039,6938,2,9,0.0871953964233,0.0405316874385,0.621501863003,0.335168838501,-0.286333024502
6041,3989,7,5,0.0892435088754,0.0332070104778,0.0250133834779,0.0729944631457,0.0479810796678
6042,960,1,6,0.0639894604683,0.0132110984996,0.00946539174765,0.0253803376108,0.0159149467945
6043,4642,1,8,0.0684691146016,0.0111260954291,0.637434959412,0.37965285778,-0.257782101631
6045,231,4,5,0.0406839884818,0.00273336842656,0.0709997713566,0.070311434567,-0.000688336789608
6046,304,3,4,0.0581193305552,0.0160035602748,0.0573754236102,0.163410961628,0.106035538018
6047,4078,1,4,0.0493371188641,0.0132359685376,0.0219634529203,0.0553864873946,0.0334230363369
6048,461,5,3,0.068972915411,0.0254495739937,0.198562905192,0.09860637784,-0.0999565273523
6049,7831,2,3,0.0575032234192,0.015209033154,0.0478407926857,0.0735172480345,0.0256764553487
6050,5416,1,4,0.126403167844,0.0652206391096,0.426390022039,0.167217686772,-0.259172320366
6051,1918,2,7,0.0566639788449,0.00942453555763,0.108550556004,0.0780690833926,-0.0304814726114
6052,3493,5,8,0.06776381284,0.0142275588587,0.414960443974,0.282650262117,-0.132310181856
6053,6443,5,7,0.0721693262458,0.033176202327,0.151726618409,0.129738509655,-0.0219881087542
6054,1345,1,11,0.056731402874,0.0265372768044,0.468618363142,0.714222431183,0.245604068041
6055,4060,2,6,0.0656543076038,0.0327933840454,0.220715627074,0.0844015106559,-0.136314123869
6057,2240,1,7,0.0762521624565,0.0213143825531,0.0437195599079,0.0367471389472,-0.00697242096066
6058,151,2,3,0.0556570291519,0.0372895300388,0.0157928857952,0.0234301593155,0.00763727352023
6059,1203,3,2,0.0656780079007,0.045232731849,0.0346221290529,0.0410090945661,0.00638696551323
6060,2900,4,6,0.0304618868977,0.00800894200802,0.0604975819588,0.0706490799785,0.0101514980197
6061,3240,4,8,0.0680114924908,0.0240017119795,0.213601827621,0.207596421242,-0.0060054063797
6062,4583,3,7,0.0448534153402,0.0269915051758,0.301427513361,0.295134156942,-0.00629335641861
6063,3424,1,3,0.0542379803956,0.0138007625937,0.0453128218651,0.0521670095623,0.00685418769717
6064,6651,5,2,0.0410837307572,0.010398873128,0.107955567539,0.164140850306,0.0561852827668
6065,5307,2,8,0.111245073378,0.0207104217261,0.366900026798,0.0849676653743,-0.281932353973
6066,8395,5,22,0.0777222290635,0.0281845666468,0.0871676579118,0.206017076969,0.118849419057
6067,5102,3,7,0.0648813396692,0.0160967856646,0.179089382291,0.180774733424,0.00168535113335
6069,3533,6,14,0.0966580733657,0.0190227832645,0.142243131995,0.0855050310493,-0.0567381009459
6070,2134,5,12,0.0390230417252,0.00368672679178,0.156432405114,0.069012708962,-0.0874196961522
6071,5800,1,19,0.0218639969826,0.0151063762605,0.593453705311,0.553385257721,-0.0400684475899
6072,2900,2,10,0.0949838161469,0.0364266894758,0.622382104397,0.273098707199,-0.349283397198
6074,376,2,9,0.0890467464924,0.00331491720863,0.193380877376,0.0565930493176,-0.136787831783
6077,4569,2,13,0.0566381551325,0.00563464732841,0.197160080075,0.0466992147267,-0.150460869074
6078,1461,2,3,0.051465511322,0.0114140734076,0.0160563047975,0.0367254950106,0.0206691902131
6079,1157,6,11,0.0430773757398,0.00199298118241,0.112770043314,0.117989040911,0.00521899759769
6080,1258,4,10,0.0270493626595,0.0176751539111,0.269912689924,0.227920353413,-0.0419923365116
6081,1461,1,1,0.0452426485717,0.0232402980328,0.0219596922398,0.0283663272858,0.00640663504601
6082,7840,2,10,0.0980638489127,0.0545124337077,0.148892983794,0.0893467739224,-0.0595462098718
6083,913,3,9,0.0581568665802,0.023173077032,0.217145711184,0.2926466465,0.0755009353161
6084,3560,1,4,0.0347949378192,0.00410369271412,0.0117981880903,0.0109448274598,-0.000853360630572
6085,5781,1,4,0.102951817214,0.0249367821962,0.135835111141,0.0483861379325,-0.0874489694834
6086,3760,2,10,0.0628971531987,0.0168187301606,0.766124427319,0.488894939423,-0.277229487896
6087,9022,1,4,0.0669008865952,0.0155534744263,0.0241001527756,0.03032537736,0.00622522458434
6089,4115,3,10,0.0560798235238,0.0162348132581,0.23828881979,0.147924855351,-0.0903639644384
6090,8127,7,12,0.0677997842431,0.0123580936342,0.0386774092913,0.0175050981343,-0.021172311157
6091,124,8,16,0.129946902394,0.0250999610871,0.0315957628191,0.112423740327,0.0808279812336
6092,36,1,5,0.0534760951996,0.0124449720606,0.0210387911648,0.0371409989893,0.0161022078246
6093,5024,6,9,0.0999058112502,0.022187769413,0.193553522229,0.245796963573,0.0522434413433
6095,408,2,7,0.0812946557999,0.0314671136439,0.602974832058,0.268328398466,-0.334646433592
6096,4078,3,8,0.0474882721901,0.00897994916886,0.0934990644455,0.149925857782,0.0564267933369
6097,5142,4,12,0.077476888895,0.024479387328,0.311756014824,0.194342240691,-0.117413774133
6098,6501,7,10,0.10631557554,0.0116603113711,0.0313911475241,0.0145345227793,-0.0168566256762
6100,396,4,6,0.0714323744178,0.0214016791433,0.0293007772416,0.138786241412,0.109485462308
6101,1380,1,7,0.0851813256741,0.0195995438844,0.0942865610123,0.300604730844,0.206318169832
6103,1218,1,6,0.0375524498522,0.0050843032077,0.119422994554,0.0776739418507,-0.0417490527034
6104,36,8,15,0.0431938916445,0.0207004360855,0.474249243736,0.632031857967,0.157782614231
6105,3021,2,2,0.0377811901271,0.00846846308559,0.0451311841607,0.0751484930515,0.0300173088908
6106,4494,1,6,0.0374208129942,0.0134365707636,0.035929646343,0.0541397072375,0.0182100608945
6107,611,1,5,0.0330552086234,0.00926319044083,0.0603458248079,0.102312587202,0.0419667623937
6108,5983,21,73,0.0311698541045,0.015617666766,0.881718933582,0.712403476238,-0.169315457344
6109,4897,1,6,0.0305138379335,0.0104247350246,0.369474828243,0.362656354904,-0.00681847333908
6110,3812,5,7,0.199758067727,0.00463465461507,0.96086281538,0.418277978897,-0.542584836483
6111,9098,5,16,0.0474882088602,0.0283437911421,0.1169135198,0.128931745887,0.0120182260871
6112,5212,1,5,0.093130081892,0.0370005220175,0.627761721611,0.290586978197,-0.337174743414
6113,7152,2,4,0.0605279468,0.0291652306914,0.250246167183,0.0893538221717,-0.160892337561
6114,5212,4,11,0.0566142089665,0.0136025585234,0.298562347889,0.142719328403,-0.155843019485
6115,1673,3,19,0.101029329002,0.0647011250257,0.421244233847,0.229800209403,-0.191444024444
6116,6424,3,5,0.0220816787332,0.00364006496966,0.284819215536,0.219771504402,-0.065047711134
6117,4764,1,7,0.0941225960851,0.0828801095486,0.0118109202012,0.0219163838774,0.0101054636762
6118,1550,4,4,0.0998323783278,0.0331997424364,0.0201254729182,0.0721357762814,0.0520103052258
6119,513,1,6,0.0801071822643,0.0123647982255,0.198858052492,0.135951861739,-0.062906190753
6120,5744,5,16,0.08219306916,0.0202304497361,0.583510577679,0.498928904533,-0.0845816731453
6123,6526,8,23,0.0353181064129,0.0234482865781,0.00843741372228,0.0319035053253,0.023466091603
6124,3022,2,3,0.049453664571,0.0109263798222,0.00370673695579,0.0135340197012,0.00982728227973
6126,1216,2,6,0.0568420141935,0.0111885014921,0.471935003996,0.267317295074,-0.204617708921
6127,6054,6,11,0.0819820761681,0.0547988638282,0.436659872532,0.207976862788,-0.228683009744
6128,6446,3,5,0.0888333544135,0.0167685132474,0.145720034838,0.116922535002,-0.0287974998355
6129,304,2,5,0.0640312209725,0.0210087094456,0.823383271694,0.528954863548,-0.294428408146
6131,2358,2,7,0.0695867165923,0.00914433132857,0.0638114511967,0.0535914860666,-0.0102199651301
6132,4501,1,3,0.0736409947276,0.0478055886924,0.658702373505,0.370559245348,-0.288143128157
6133,2746,2,4,0.0743430480361,0.0274017602205,0.0117086097598,0.0243082959205,0.0125996861607
6134,3660,7,16,0.071333155036,0.00888983905315,0.367554664612,0.200798809528,-0.166755855083
6137,6286,4,9,0.0466623790562,0.00844188965857,0.175304144621,0.188516259193,0.0132121145725
6138,5915,4,8,0.071490034461,0.0380158647895,0.108428493142,0.124802030623,0.0163735374808
6139,3523,6,12,0.0076622213237,0.00243361690082,0.904095828533,0.913293063641,0.00919723510742
6140,5966,1,7,0.0623498149216,0.020616305992,0.0207228027284,0.00915750861168,-0.0115652941167
6141,4204,2,2,0.0553218089044,0.018684566021,0.0469700396061,0.0573439188302,0.0103738792241
6142,3988,5,11,0.088152103126,0.0448417253792,0.645714759827,0.312584370375,-0.333130389452
6143,2810,2,5,0.0614747554064,0.00241479673423,0.0799872875214,0.0481457598507,-0.0318415276706
6144,305,6,22,0.0180706027895,0.00869003776461,0.974868953228,0.892045676708,-0.0828232765198
6145,415,5,6,0.0859355926514,0.025225488469,0.595155656338,0.372426986694,-0.222728669643
6146,719,2,4,0.0583963803947,0.029695790261,0.546623826027,0.347583174706,-0.199040651321
6147,1897,5,7,0.114122249186,0.00341524300165,0.288220524788,0.0975196734071,-0.190700858831
6148,578,1,10,0.0465886704624,0.0126636642963,0.208086356521,0.235233068466,0.0271467119455
6149,2761,2,8,0.03480912745,0.00736069353297,0.241252437234,0.216047465801,-0.0252049714327
6150,9193,4,4,0.0730513632298,0.0120266173035,0.0177118703723,0.0125067429617,-0.00520512741059
6151,2480,1,7,0.0925337299705,0.020614054054,0.0420496053994,0.0314311273396,-0.0106184780598
6152,2507,1,5,0.0759377703071,0.0132377184927,0.469918131828,0.408976405859,-0.0609417259693
6154,1435,4,10,0.0657965168357,0.0118579547852,0.475550591946,0.306983858347,-0.168566733599
6155,2809,1,5,0.0759344473481,0.0224486086518,0.340103000402,0.189594224095,-0.150508776307
6156,4846,1,2,0.0494201593101,0.00445295264944,0.0276604667306,0.0119707202539,-0.0156897455454
6157,8259,2,2,0.0486870668828,0.0113456873223,0.0956364870071,0.0695074573159,-0.0261290296912
6158,2206,2,8,0.066137291491,0.0239229407161,0.00475722039118,0.00879846420139,0.00404124381021
6159,3450,3,7,0.060376431793,0.0118093369529,0.098144441843,0.0764928385615,-0.0216516032815
6160,2029,1,5,0.0891148746014,0.0162274055183,0.0283396374434,0.0210776943713,-0.00726194307208
6161,7095,3,1,0.0598826706409,0.0130541594699,0.0158737525344,0.0198846943676,0.00401094183326
6162,8388,4,3,0.0833770409226,0.0168414171785,0.370824277401,0.0999266728759,-0.270897597075
6163,4222,4,9,0.0737975761294,0.0316112041473,0.393053084612,0.185358688235,-0.207694396377
6165,7637,2,9,0.062098518014,0.0242918878794,0.128809958696,0.152404740453,0.0235947817564
6167,6304,5,6,0.0895520821214,0.00765066640452,0.222664967179,0.182529762387,-0.040135204792
6170,2295,7,31,0.0666647031903,0.0262962728739,0.411702007055,0.231707140803,-0.179994866252
6171,9221,4,7,0.0468852035701,0.0158727485687,0.668068945408,0.568137228489,-0.0999317169189
6173,4013,5,4,0.0557379238307,0.0276890862733,0.0379080623388,0.0371364355087,-0.000771626830101
6174,2469,3,5,0.0559313185513,0.00973864644766,0.0151147861034,0.0237107351422,0.00859594903886
6175,4141,1,12,0.0382274910808,0.00933533720672,0.437168926001,0.29940828681,-0.137760639191
6176,10,4,12,0.106988817453,0.0533090569079,0.027060771361,0.0587333589792,0.0316725894809
6177,5691,2,9,0.0494485199451,0.020501550287,0.544562697411,0.311861872673,-0.232700824738
6178,567,6,9,0.0701996311545,0.0239594373852,0.235581830144,0.353214710951,0.117632880807
6179,7970,4,11,0.0449184924364,0.00691497605294,0.0761412531137,0.0408194176853,-0.0353218354285
6180,4595,5,9,0.0457227192819,0.00875032693148,0.0568480119109,0.0614050589502,0.00455704703927
6181,2247,2,11,0.0794132724404,0.0213865637779,0.359935224056,0.171375498176,-0.188559725881
6182,5220,3,4,0.0365314520895,0.0166283976287,0.158439844847,0.166498199105,0.00805835425854
6183,943,2,6,0.100666075945,0.00809297151864,0.360665768385,0.168803751469,-0.191862016916
6184,495,2,3,0.0980568826199,0.0114855607972,0.0680676847696,0.0861589089036,0.018091224134
6185,1413,1,3,0.0517403483391,0.0237006433308,0.00704667437822,0.00960030872375,0.00255363434553
6186,394,4,12,0.0850386098027,0.0387363508344,0.755534887314,0.39169755578,-0.363837331533
6187,431,3,6,0.0301651898772,0.0168003831059,0.131673395634,0.149681374431,0.018007978797
6190,999,4,4,0.0586679242551,0.0118484077975,0.354709059,0.203403457999,-0.151305601001
6191,440,1,3,0.0574122108519,0.0336247980595,0.0868744626641,0.0485447235405,-0.0383297391236
6193,3613,2,10,0.0631710514426,0.00926016177982,0.211273357272,0.170362994075,-0.0409103631973
6194,1423,2,6,0.0655287727714,0.0261118933558,0.0622802786529,0.0901195779443,0.0278392992914
6195,2528,1,5,0.0599829405546,0.0210494045168,0.147503063083,0.0511030443013,-0.0964000225067
6196,8281,2,4,0.0837457999587,0.0549967736006,0.729548156261,0.410774737597,-0.318773418665
6197,7063,8,11,0.014932256192,0.00476609123871,0.531737625599,0.613175630569,0.0814380049706
6200,2992,5,16,0.0377774275839,0.027278104797,0.0251615028828,0.0280318427831,0.00287033990026
6201,458,3,4,0.0858285203576,0.0192760732025,0.0299174115062,0.0383227542043,0.0084053426981
6202,1280,2,7,0.0521339736879,0.0122003061697,0.256382107735,0.130289122462,-0.126092985272
6203,1145,4,18,0.0877853929996,0.0113714737818,0.1469040066,0.281351983547,0.134447976947
6205,208,7,18,0.0525076426566,0.0187975279987,0.313378959894,0.235408529639,-0.0779704302549
6206,843,7,7,0.0668161436915,0.0320987179875,0.521358072758,0.293564200401,-0.227793872356
6207,598,8,15,0.00891797058284,0.00533101195469,0.913007795811,0.897002756596,-0.0160050392151
6209,8038,8,14,0.0510622672737,0.0178703218699,0.0871432200074,0.0332600586116,-0.0538831613958
6210,592,5,9,0.0552900694311,0.010415696539,0.168758913875,0.232967570424,0.0642086565495
6211,437,2,5,0.0867410078645,0.0505257286131,0.236029803753,0.241989031434,0.00595922768116
6212,125,1,4,0.0574591271579,0.0368472784758,0.136849656701,0.104701079428,-0.0321485772729
6213,1322,1,5,0.0737229064107,0.0205657240003,0.110946811736,0.0668654739857,-0.04408133775
6214,588,1,8,0.069365978241,0.0331019572914,0.201370537281,0.137616276741,-0.06375426054
6215,139,2,5,0.0664642676711,0.0386780314147,0.0115938764066,0.0170993246138,0.00550544820726
6216,1692,3,3,0.159312829375,0.0651389732957,0.860123574734,0.376465797424,-0.483657777309
6217,3039,6,21,0.0823017880321,0.0146600836888,0.27540487051,0.303183913231,0.0277790427208
6218,849,1,6,0.0459499806166,0.012554849498,0.0550475157797,0.034396301955,-0.0206512138247
6219,288,2,11,0.0475844144821,0.0218943413347,0.144690096378,0.0643909201026,-0.0802991762757
6220,4668,2,7,0.0541933588684,0.0189280156046,0.0600184202194,0.100292146206,0.0402737259865
6221,334,3,4,0.0364481285214,0.0133835757151,0.0703129023314,0.0960626006126,0.0257496982813
6222,3123,1,5,0.167990639806,0.0287508629262,0.50290030241,0.063406072557,-0.439494222403
6223,134,4,12,0.0153898894787,0.00416901754215,0.870945096016,0.892675578594,0.0217304825783
6224,3362,3,4,0.0786473676562,0.0278761424124,0.0726281702518,0.0548473410308,-0.017780829221
6225,391,5,10,0.0353125296533,0.00450817821547,0.114333741367,0.128572300076,0.0142385587096
6226,582,1,3,0.0706611350179,0.028771514073,0.144504696131,0.231656849384,0.0871521532536
6227,3011,1,3,0.0523320026696,0.0190735403448,0.0240155160427,0.036448314786,0.0124327987432
6228,180,1,9,0.0302244052291,0.0203899573535,0.942889332771,0.803058624268,-0.139830708504
6229,3014,1,8,0.0513327568769,0.0127619588748,0.326971560717,0.25584807992,-0.0711234807968
6230,1005,4,1,0.0299237053841,0.000732461572625,0.231526091695,0.268486618996,0.0369605273008
6231,853,1,9,0.0272979959846,0.00770509522408,0.36634093523,0.369970083237,0.00362914800644
6232,845,2,2,0.052378192544,0.0143649317324,0.141061663628,0.130959406495,-0.0101022571325
6233,4433,2,4,0.0908863916993,0.0242613796145,0.00257325125858,0.0065950374119,0.00402178615332
6234,862,4,16,0.0323535762727,0.0166335534304,0.182643920183,0.183852687478,0.00120876729488
6235,593,2,6,0.0439183115959,0.0128696691245,0.0535822175443,0.108263216913,0.0546809993684
6236,1031,2,5,0.0318799763918,0.0167469717562,0.132297948003,0.190746188164,0.0584482401609
6237,2919,1,2,0.0507285781205,0.00862556323409,0.737211406231,0.469344615936,-0.267866790295
6238,888,4,5,0.0733390375972,0.0226060189307,0.143419772387,0.0230611432344,-0.120358631015
6239,1213,4,9,0.0463786236942,0.0173250772059,0.1011075899,0.0802895277739,-0.0208180621266
6240,351,1,8,0.0603596530855,0.0127472272143,0.110360123217,0.0689878985286,-0.0413722246885
6241,4058,1,7,0.1144734025,0.0248176604509,0.19237588346,0.0428936891258,-0.149482190609
6242,4372,2,5,0.0500685311854,0.0139405550435,0.146714553237,0.100073553622,-0.0466409996152
6243,782,2,9,0.114967368543,0.0709469020367,0.706287562847,0.319207727909,-0.387079834938
6244,4195,2,6,0.0677486807108,0.0118510406464,0.0585843920708,0.108918733895,0.0503343418241
6245,3150,3,4,0.0450781024992,0.0182910170406,0.0792690068483,0.106959216297,0.0276902094483
6247,5507,2,8,0.0540278255939,0.0214762948453,0.555447697639,0.453630179167,-0.101817518473
6248,1178,6,15,0.107373595238,0.0219441540539,0.634623169899,0.299658507109,-0.33496466279
6250,4448,2,3,0.0421643964946,0.0120057631284,0.194856539369,0.131811648607,-0.0630448907614
6251,437,1,5,0.0566178224981,0.0381350368261,0.390552282333,0.449948787689,0.0593965053558
6253,1569,2,4,0.0382704623044,0.0170610323548,0.0177460778505,0.0200577322394,0.0023116543889
6254,1810,3,3,0.0642160847783,0.0244785510004,0.0375724174082,0.0332604534924,-0.00431196391582
6255,7174,4,8,0.0481308698654,0.0155219016597,0.175043791533,0.191582202911,0.0165384113789
6257,1780,2,4,0.0614733211696,0.0204407479614,0.0108611490577,0.0469495952129,0.0360884442925
6258,8929,2,7,0.0495220385492,0.0052654761821,0.0664321705699,0.0261014234275,-0.0403307452798
6260,7265,4,14,0.0373577289283,0.00570871448144,0.0202386081219,0.038638908416,0.0184003002942
6261,645,2,7,0.0166267566383,0.00406664283946,0.254856735468,0.223283007741,-0.0315737277269
6262,2742,6,11,0.0632963180542,0.0061382073909,0.399511128664,0.267573744059,-0.131937384605
6263,2949,2,10,0.070174716413,0.0325479283929,0.0263507328928,0.0865908637643,0.0602401308715
6264,2979,2,2,0.0352709554136,0.0142763974145,0.127686440945,0.0891919732094,-0.0384944677353
6266,8003,2,7,0.0642158463597,0.0269634239376,0.0996693074703,0.0556018799543,-0.044067427516
6267,993,6,3,0.16710139811,0.0483846366405,0.915874004364,0.408077716827,-0.507796287537
6268,450,2,10,0.0540078543127,0.00546441506594,0.128216207027,0.20154492557,0.0733287185431
6269,1467,5,21,0.0861025378108,0.0308358184993,0.587581813335,0.24332369864,-0.344258129597
6270,8036,3,5,0.166235730052,0.0673095881939,0.863665282726,0.358263999224,-0.5054012537
6271,6335,4,5,0.114396728575,0.0440986305475,0.854224383831,0.484389543533,-0.369834840298
6272,7087,2,3,0.138633623719,0.0526773706079,0.621798574924,0.39475569129,-0.227042883635
6273,6205,9,23,0.0295598153025,0.0110502764583,0.509619116783,0.368975013494,-0.140644103289
6274,299,1,4,0.039685126394,0.0119227832183,0.137636810541,0.176911279559,0.039274469018
6275,8117,2,4,0.0606095306575,0.0208083111793,0.0167183745652,0.0213890075684,0.00467063300312
6276,6983,2,4,0.075582690537,0.0181833934039,0.247748628259,0.112841375172,-0.134907245636
6277,6272,4,4,0.0880218371749,0.0179913993925,0.127967551351,0.0972747802734,-0.0306927710772
6278,4587,1,3,0.0682531967759,0.0188586656004,0.0813602209091,0.115207947791,0.0338477268815
6279,3408,2,10,0.0430226810277,0.00637580035254,0.475307285786,0.429601430893,-0.0457058548927
6280,1087,4,4,0.0914046987891,0.0323764309287,0.195152983069,0.330020368099,0.13486738503
6281,195,3,5,0.0355816297233,0.0189943183213,0.168066978455,0.0923116877675,-0.0757552906871
6282,1555,3,14,0.120530240238,0.0195097569376,0.706762433052,0.24325363338,-0.463508784771
6283,1293,2,3,0.0462220720947,0.0040678055957,0.15403303504,0.0844597220421,-0.0695733129978
6284,1948,3,13,0.0531348288059,0.0186212435365,0.127884745598,0.0249403212219,-0.102944426239
6285,7526,12,21,0.0720617026091,0.0209227874875,0.0176921002567,0.122345916927,0.104653820395
6286,2117,5,26,0.102965168655,0.0628618523479,0.16772249341,0.190667226911,0.0229447335005
6287,4600,5,8,0.0608849339187,0.0261336024851,0.221663817763,0.313901543617,0.0922377258539
6288,8153,2,5,0.0455881915987,0.0102721350268,0.344648808241,0.313407152891,-0.0312416553497
6289,3401,1,4,0.090092331171,0.0294546969235,0.116936415434,0.126904606819,0.00996819138527
6290,1196,6,6,0.0772864297032,0.0207601524889,0.0118506923318,0.0232633203268,0.011412627995
6291,2817,3,4,0.110587261617,0.0480454862118,0.277883499861,0.148343369365,-0.129540130496
6293,3062,4,5,0.0966989174485,0.0396807603538,0.53798687458,0.225463941693,-0.312522947788
6294,7585,1,3,0.0424931310117,0.0100068403408,0.0173250045627,0.0149111906067,-0.00241381395608
6296,8281,6,18,0.0853866562247,0.0723968520761,0.969552636147,0.706637144089,-0.262915492058
6297,4001,2,3,0.0154385836795,0.00206148647703,0.0367524847388,0.0314501486719,-0.00530233606696
6298,369,2,6,0.0363578498363,0.00630602566525,0.109970964491,0.0646002814174,-0.045370683074
6299,1322,14,33,0.091412819922,0.0125415734947,0.1493781358,0.256387174129,0.107009038329
6300,5321,4,19,0.0351968742907,0.00244693132117,0.00756655773148,0.0196364969015,0.0120699387044
6301,5285,2,6,0.100112222135,0.0781663283706,0.0323141776025,0.0297365095466,-0.00257766805589
6304,2775,2,6,0.0865893140435,0.0698185861111,0.0125227449462,0.0586232878268,0.0461005419493
6305,7274,2,7,0.0359907485545,0.00490397401154,0.29348680377,0.293810278177,0.000323474407196
6306,4147,3,6,0.0736582800746,0.0108620719984,0.137552902102,0.176918745041,0.0393658429384
6307,1572,1,4,0.061313200742,0.0141435470432,0.224118322134,0.371299833059,0.147181510925
6308,4829,4,10,0.0795083418489,0.0429575629532,0.0622565597296,0.0557996816933,-0.00645687803626
6309,648,4,2,0.0643534436822,0.0203425008804,0.528217792511,0.232635095716,-0.295582711697
6310,8060,1,3,0.0187605470419,0.0109003772959,0.802831411362,0.719287097454,-0.0835443139076
6311,3467,1,9,0.0636990368366,0.0281323976815,0.0124949803576,0.0055258013308,-0.00696917902678
6312,3433,4,5,0.0392865128815,0.00395551556721,0.0533567592502,0.0703918412328,0.0170350819826
6314,324,2,12,0.0996480286121,0.0534429885447,0.166977092624,0.0969373509288,-0.0700397416949
6315,5487,1,6,0.0420824624598,0.00982673093677,0.104857958853,0.0919901058078,-0.0128678530455
6316,1690,4,7,0.0525081939995,0.00840090215206,0.0081204213202,0.0315340720117,0.0234136506915
6317,2911,13,40,0.0721840634942,0.0416491925716,0.0381646305323,0.0397878587246,0.00162322819233
6318,1704,2,16,0.0976249054074,0.0125247426331,0.589287340641,0.21134249866,-0.37794482708
6319,705,3,5,0.0479620881379,0.0198700595647,0.58510607481,0.392223924398,-0.192882150412
6321,997,6,20,0.00239114556462,0.00149855786003,0.993699073792,0.980537712574,-0.0131613612175
6322,1480,11,23,0.0897757634521,0.0425321869552,0.75100427866,0.371133178473,-0.379871100187
6323,2902,3,8,0.115750409663,0.0515700466931,0.0192600861192,0.0793829634786,0.0601228773594
6324,523,1,7,0.0840912163258,0.0260870493948,0.0785922557116,0.154014378786,0.0754221230745
6325,412,1,6,0.177623555064,0.0429479368031,0.886008858681,0.363734602928,-0.522274255753
6326,467,1,4,0.0516260266304,0.0211851783097,0.115085467696,0.0684604793787,-0.0466249883175
6327,5133,5,6,0.112233839929,0.0218193847686,0.567958176136,0.159068867564,-0.408889293671
6328,8475,4,23,0.0626616403461,0.0150682227686,0.0401303321123,0.0165176969022,-0.0236126352102
6329,2237,3,9,0.0767796114087,0.0176736693829,0.0342036113143,0.086993701756,0.0527900904417
6330,7770,2,5,0.0580656118691,0.0274879746139,0.110894829035,0.11897739023,0.0080825611949
6331,5870,1,7,0.0894282534719,0.0456331968307,0.039840195328,0.0429699011147,0.00312970578671
6332,9118,7,22,0.13815754652,0.0533857233822,0.168585717678,0.0404826141894,-0.128103107214
6333,823,1,7,0.132585600019,0.0653988495469,0.805496633053,0.36250987649,-0.442986756563
6334,3232,2,4,0.0661109164357,0.0206035356969,0.788155913353,0.487953275442,-0.300202637911
6335,912,2,10,0.0415982827544,0.0146629335359,0.260613441467,0.241630330682,-0.0189831107855
6336,840,2,8,0.0249449815601,0.0109211821109,0.899219572544,0.816068589687,-0.0831509828568
6337,3352,5,22,0.0606781840324,0.019730027765,0.0476736091077,0.0742617920041,0.0265881828964
6338,1295,5,15,0.094918847084,0.00947171449661,0.0439051166177,0.0418999791145,-0.00200513750315
6339,7154,1,11,0.0398812033236,0.0142580466345,0.00359530514106,0.00554214278236,0.0019468376413
6340,4623,1,6,0.0552979111671,0.0099910935387,0.00951233319938,0.019094562158,0.00958222895861
6341,3346,1,8,0.0569038726389,0.0321145430207,0.0125376414508,0.00537245953456,-0.00716518191621
6342,8287,1,8,0.079914405942,0.0303349494934,0.0729030743241,0.169514581561,0.096611507237
6343,5080,5,8,0.0342191904783,0.0117508778349,0.121023587883,0.130772650242,0.00974906235933
6344,1659,3,5,0.0403520353138,0.0102576743811,0.050950538367,0.0624763183296,0.0115257799625
6345,4139,8,21,0.0307411551476,0.0110401902348,0.499563425779,0.425226539373,-0.0743368864059
6346,1933,15,59,0.0691027417779,0.0240271613002,0.407876372337,0.512853741646,0.104977369308
6347,2037,1,9,0.0756872668862,0.0541682653129,0.688828527927,0.419216513634,-0.269612014294
6349,5220,4,12,0.0329794287682,0.00532077951357,0.242227509618,0.279884457588,0.0376569479704
6350,4021,3,10,0.0532372109592,0.0173709765077,0.153583571315,0.191274628043,0.0376910567284
6351,3120,7,38,0.0622362047434,0.00990664493293,0.0330175794661,0.0363368690014,0.00331928953528
6352,8644,4,16,0.0730352178216,0.0248732957989,0.296945303679,0.133747860789,-0.163197442889
6353,5370,11,33,0.0448470711708,0.0135026229545,0.0440184921026,0.0256973747164,-0.0183211173862
6355,1892,4,12,0.10762629658,0.0234080962837,0.0879784822464,0.141152814031,0.0531743317842
6356,5344,5,8,0.0409088917077,0.00997851323336,0.198672473431,0.191692903638,-0.00697956979275
6358,1897,4,16,0.0768376514316,0.0192092936486,0.276537269354,0.201797917485,-0.0747393518686
6359,5895,8,14,0.0404719524086,0.00106287072413,0.019766299054,0.0209027025849,0.00113640353084
6360,4860,4,16,0.108123086393,0.067741766572,0.832277655602,0.436978250742,-0.39529940486
6361,3647,13,28,0.0980347394943,0.0552128516138,0.812097787857,0.430115371943,-0.381982415915
6365,841,4,15,0.00986065436155,0.00670812977478,0.986273348331,0.94423365593,-0.0420396924019
6366,1670,3,17,0.0513816177845,0.00345344515517,0.326413691044,0.390780359507,0.0643666684628
6367,6759,5,14,0.117450483143,0.0349154323339,0.0579209215939,0.270595282316,0.212674364448
6368,8461,2,12,0.0858749523759,0.0141726145521,0.371262162924,0.0981665477157,-0.273095607758
6369,2191,5,21,0.126104474068,0.0286728199571,0.509860634804,0.190776005387,-0.319084644318
6370,6162,2,6,0.0410625971854,0.0174331180751,0.240346223116,0.193498373032,-0.0468478500843
6371,6302,5,7,0.0553935132921,0.0104095032439,0.0448438189924,0.0391952693462,-0.00564854964614
6372,8591,5,12,0.0249008219689,0.00721656437963,0.0142022185028,0.0206329915673,0.00643077306449
6373,2470,2,6,0.0686404332519,0.00290101650171,0.24380646646,0.106248140335,-0.137558326125
6374,7759,3,4,0.0815139338374,0.0230858363211,0.0532971173525,0.0326152257621,-0.0206818915904
6375,4958,2,9,0.117780320346,0.0647285059094,0.720552206039,0.325781792402,-0.394770413637
6376,4651,3,7,0.0591038614511,0.0300009641796,0.995748698711,0.821855306625,-0.173893392086
6377,1809,1,8,0.107716441154,0.0268258545548,0.353071182966,0.0867346301675,-0.266336560249
6378,7542,2,3,0.0908074006438,0.0421240963042,0.0774799138308,0.0668814852834,-0.0105984285474
6379,692,1,7,0.0429037809372,0.0125104021281,0.0559663437307,0.0267049837857,-0.0292613599449
6380,1662,16,31,0.0653847232461,0.0213420111686,0.273675441742,0.108631722629,-0.165043711662
6381,6769,1,6,0.0337440855801,0.0111602107063,0.0447733290493,0.0196396410465,-0.0251336880028
6382,7048,15,49,0.101453721523,0.072097890079,0.813635408878,0.452281236649,-0.36135417223
6383,490,1,6,0.0442433059216,0.0250552147627,0.306158751249,0.403700083494,0.0975413322449
6384,1885,2,5,0.0557281337678,0.0239810682833,0.0155579941347,0.0389159880579,0.0233579948545
6385,5120,1,9,0.0508353412151,0.0283238999546,0.311123847961,0.273525565863,-0.0375982820988
6386,6955,1,4,0.0483434088528,0.0113213742152,0.118088781834,0.083657361567,-0.0344314202666
6387,997,4,13,9.09597511054e-05,7.1658694651e-05,0.999848842621,0.999392211437,-0.000456631183624
6388,33,3,3,0.0383894965053,0.0148545270786,0.0157871246338,0.0121869323775,-0.00360019225627
6389,1480,5,19,0.0527339279652,0.0300109051168,0.817130744457,0.570984125137,-0.24614661932
6390,251,4,6,0.0387203246355,0.0170404985547,0.0396585837007,0.0660992264748,0.0264406427741
6391,5785,11,20,0.0268562603742,0.013073018752,0.0368998870254,0.0343882255256,-0.00251166149974
6392,512,6,17,0.0561041347682,0.0123310182244,0.194676205516,0.160592198372,-0.034084007144
6393,1480,4,18,0.0613039582968,0.0269713327289,0.964552938938,0.742240726948,-0.22231221199
6394,994,2,10,0.00133929948788,0.000899463251699,0.998151600361,0.991523265839,-0.00662833452225
6395,5671,3,13,0.00863090902567,0.00997932907194,0.982482671738,0.955651581287,-0.0268310904503
6396,612,4,16,0.000292981159873,5.3451043641e-05,0.99998819828,0.999080836773,-0.000907361507416
6397,1690,2,9,0.117971636355,0.0433021001518,0.637341558933,0.239544346929,-0.397797226906
6398,3496,2,11,0.079428859055,0.0468833707273,0.950869858265,0.677554547787,-0.273315310478
6399,2515,1,4,0.031215198338,0.0177983678877,0.55133241415,0.424595594406,-0.126736819744
6400,8171,2,16,0.0636333301663,0.0198039449751,0.0701928287745,0.0270191188902,-0.0431737080216
6401,5254,2,12,0.0529009848833,0.0175886787474,0.285818636417,0.219363808632,-0.0664548277855
6403,878,4,18,0.0214886944741,0.0100862728432,0.945390403271,0.832254171371,-0.113136231899
6404,9060,8,7,0.0641421154141,0.0100128818303,0.0809023305774,0.127919480205,0.0470171496272
6405,9247,1,5,0.0426684804261,0.0160074513406,0.0178938303143,0.00795555114746,-0.00993827916682
6406,7955,2,7,0.0331720560789,0.0158521961421,0.549873054028,0.447984546423,-0.101888507605
6407,292,5,11,0.0515374355018,0.0277793332934,0.163757026196,0.0983016863465,-0.065455339849
6408,9124,1,5,0.0470653660595,0.00681733246893,0.14969971776,0.0645858496428,-0.0851138681173
6409,434,2,19,0.0610274672508,0.0355430319905,0.473089069128,0.415349036455,-0.0577400326729
6410,3133,5,13,0.0369608215988,0.0127896238118,0.991880714893,0.86549860239,-0.126382112503
6411,5497,1,5,0.032168854028,0.00745679577813,0.200096905231,0.211782172322,0.0116852670908
6414,1430,2,4,0.0570605583489,0.0114278243855,0.0319983251393,0.0264278203249,-0.00557050481439
6415,7092,1,6,0.105261109769,0.0192705877125,0.313883721828,0.0800016447902,-0.233882069588
6416,924,1,5,0.046703685075,0.00233205012046,0.19660666585,0.160517528653,-0.0360891371965
6417,4247,2,7,0.0217322483659,0.0125216683373,0.980268776417,0.889186382294,-0.0910823941231
6418,3482,1,4,0.0356739126146,0.00851272884756,0.112864598632,0.121471263468,0.00860666483641
6420,2597,1,8,0.0512619763613,0.00515835080296,0.0448418557644,0.0692395865917,0.0243977308273
6421,6208,6,20,0.0969988927245,0.0358172766864,0.855663836002,0.474999666214,-0.380664169788
6422,5091,7,7,0.135417982936,0.0209073703736,0.120605528355,0.436808377504,0.31620284915
6423,3333,4,7,0.0309571921825,0.0145718501881,0.24355623126,0.324374645948,0.0808184146881
6424,5384,9,23,0.0523364059627,0.0486056171358,0.892231583595,0.680531322956,-0.211700260639
6425,9132,1,11,0.0805615708232,0.0290962979198,0.301473975182,0.0953739881516,-0.20609998703
6428,3677,1,7,0.0362676978111,0.00683125294745,0.00983082875609,0.010954872705,0.00112404394895
6429,2752,1,5,0.0361706726253,0.00672440975904,0.0116344634444,0.0138088287786,0.00217436533421
6430,7382,1,5,0.0925406143069,0.0178499147296,0.353466361761,0.119798578322,-0.23366779089
6431,9157,3,2,0.0554539561272,0.00874598883092,0.0866330564022,0.0553465522826,-0.0312865041196
6433,1242,1,8,0.0848049223423,0.0696841850877,0.979475259781,0.722653388977,-0.256821870804
6434,2522,3,7,0.0325856953859,0.0100323781371,0.926166236401,0.771955668926,-0.154210567474
6435,475,1,2,0.152259036899,0.0214257314801,0.772832036018,0.277317732573,-0.495514303446
6436,293,4,6,0.0621287859976,0.0345974303782,0.389179974794,0.360371917486,-0.0288080573082
6437,2201,3,20,0.0437039136887,0.0263024289161,0.819182217121,0.597973167896,-0.221209049225
6438,7092,2,11,0.113413095474,0.0195739287883,0.383856922388,0.0764492824674,-0.307407647371
6439,6582,3,6,0.0522915534675,0.0226435083896,0.304930478334,0.288496404886,-0.0164340734482
6440,205,4,6,0.0602153837681,0.038302410394,0.308296203613,0.189766213298,-0.118529990315
6441,961,2,6,0.0460782162845,0.0191950965673,0.680062115192,0.500625550747,-0.179436564445
6442,435,4,20,0.0583157502115,0.0315801426768,0.437358021736,0.641826272011,0.204468250275
6443,378,1,5,0.0339820720255,0.017936848104,0.652668356895,0.637339651585,-0.0153287053108
6444,8036,1,5,0.0678879916668,0.0288492590189,0.267717301846,0.149977132678,-0.117740169168
6445,4535,1,4,0.0593470036983,0.0201574210078,0.347074389458,0.186707422137,-0.16036696732
6446,782,2,4,0.0352059416473,0.00381295732222,0.00135048793163,0.00406214082614,0.00271165277809
6447,5618,4,12,0.099157743156,0.0490892678499,0.299678325653,0.174321234226,-0.125357091427
6448,7447,2,7,0.0799920335412,0.0256138388067,0.517313659191,0.345460563898,-0.171853095293
6449,2653,2,2,0.0478620231152,0.0147910723463,0.0302055422217,0.0185327809304,-0.0116727612913
6450,2078,4,15,0.0519803725183,0.0165335014462,0.215011954308,0.419286340475,0.204274386168
6451,5897,3,4,0.157937481999,0.0909465700388,0.931110084057,0.469039797783,-0.462070286274
6452,6052,2,7,0.0405615083873,0.0288515836,0.00837087724358,0.024306749925,0.0159358717501
6453,8416,3,15,0.0126667665318,0.00635655038059,0.94115114212,0.87180441618,-0.0693467259407
6454,4960,1,5,0.065543435514,0.0227112602443,0.0328712202609,0.0389794334769,0.00610821321607
6455,4706,2,6,0.0810264870524,0.0253384765238,0.325684428215,0.0932889059186,-0.232395529747
6456,1708,1,7,0.0514787249267,0.0206159446388,0.180476769805,0.157459184527,-0.0230175852776
6457,9192,4,7,0.0534498803318,0.0183747690171,0.0840794816613,0.163018062711,0.0789385810494
6458,7736,2,5,0.0446279980242,0.0215576719493,0.0674219056964,0.11760623008,0.0501843243837
6459,3163,8,16,0.0947695374489,0.0195228792727,0.322242230177,0.0880765914917,-0.234165638685
6460,78,1,6,0.146868154407,0.0424535162747,0.975521862507,0.562129437923,-0.413392424583
6461,1118,1,10,0.0523662120104,0.00705975899473,0.0174836665392,0.0133334798738,-0.00415018666536
6462,1586,4,13,0.0460699908435,0.0162373743951,0.0388185940683,0.0245294664055,-0.0142891276628
6463,2492,1,4,0.0626405403018,0.010895694606,0.0373711921275,0.0790798142552,0.0417086221278
6464,7795,2,3,0.0454436950386,0.0116639938205,0.0333772562444,0.0316122211516,-0.00176503509283
6465,3283,2,14,0.0554046928883,0.0211597979069,0.119733683765,0.0991186276078,-0.0206150561571
6466,4960,4,7,0.105745442212,0.0706573724747,0.802894175053,0.422181993723,-0.38071218133
6469,4960,3,7,0.0803005620837,0.0201860107481,0.206832826138,0.207280233502,0.000447407364845
6470,7458,3,9,0.222855091095,0.0489835552871,0.950568914413,0.371253699064,-0.579315185547
6471,6022,2,7,0.04227617383,0.00563450297341,0.254720449448,0.2207903862,-0.0339300632477
6472,1697,3,6,0.0986250862479,0.0488881021738,0.573068022728,0.264224678278,-0.30884334445
6473,471,4,7,0.0514298677444,0.00296986359172,0.0906459018588,0.108624391258,0.017978489399
6474,3753,3,16,0.0629342123866,0.0117854764685,0.0242277104408,0.0255443770438,0.00131666660309
6475,6256,7,12,0.0957774445415,0.0292019098997,0.447916299105,0.150339111686,-0.29757720232
6476,843,1,4,0.0517046749592,0.0300104953349,0.210594937205,0.166125029325,-0.0444699078798
6477,3001,2,3,0.196016788483,0.0377754345536,0.731450140476,0.17321370542,-0.558236420155
6478,5717,1,6,0.0610171109438,0.0111468462273,0.323913186789,0.161145508289,-0.162767678499
6479,1180,1,5,0.167303740978,0.0330567508936,0.927660524845,0.427900314331,-0.499760210514
6480,255,3,19,0.0154934553429,0.00469815405086,0.85300296545,0.802611887455,-0.0503910779953
6481,8205,2,4,0.0885996297002,0.0293670445681,0.779889047146,0.407770961523,-0.372118085623
6482,4922,1,10,0.0603227801621,0.0219741761684,0.177538320422,0.116483800113,-0.061054520309
6483,8312,3,3,0.0554203093052,0.014256535098,0.0315168574452,0.0391670875251,0.00765023007989
6484,8412,1,5,0.0946701839566,0.0390318520367,0.371758878231,0.136356309056,-0.235402569175
6485,2856,2,10,0.0334105938673,0.0128453541547,0.0617379322648,0.0842300653458,0.022492133081
6486,1168,4,13,0.0344660319388,0.00501701002941,0.558839559555,0.431544274092,-0.127295285463
6487,4486,13,41,0.037968441844,0.0249209422618,0.842300236225,0.63179987669,-0.210500359535
6488,1092,3,3,0.0458454154432,0.0107747362927,0.141747072339,0.100992046297,-0.0407550260425
6489,4373,4,33,0.0705204829574,0.0193769205362,0.198057278991,0.0961336866021,-0.101923592389
6490,9081,1,5,0.121241383255,0.0337012857199,0.679593443871,0.245108798146,-0.434484660625
6491,4816,2,4,0.0491713732481,0.00662818364799,0.113716751337,0.0484628528357,-0.0652538985014
6492,9280,5,14,0.0406533665955,0.00841399375349,0.0228255447,0.0746229588985,0.0517974123359
6493,6394,1,13,0.0523416996002,0.0311395786703,0.0870983749628,0.0767009630799,-0.0103974118829
6495,9204,3,11,0.0564114265144,0.00883860699832,0.0101641565561,0.0141169046983,0.00395274814218
6497,4022,3,4,0.0851141884923,0.0134397977963,0.369041949511,0.177329882979,-0.191712066531
6498,7369,2,8,0.0592392086983,0.0100381616503,0.0217730365694,0.0422755368054,0.020502500236
6500,5709,3,6,0.0657845512033,0.0141861280426,0.0132973529398,0.0254813581705,0.0121840052307
6501,1033,2,18,0.0528988838196,0.0180466454476,0.749877393246,0.490519076586,-0.25935831666
6502,5785,1,4,0.0549349598587,0.0173352677375,0.119286000729,0.0735895484686,-0.04569645226
6503,384,2,5,0.0438693575561,0.0166902318597,0.270816326141,0.31694701314,0.0461306869984
6505,8641,1,13,0.0605881474912,0.0155345341191,0.917201578617,0.655845105648,-0.261356472969
6506,8298,8,21,0.0838596001267,0.0838637128472,0.00637992238626,0.0218474566936,0.0154675338417
6507,3282,4,8,0.0752618834376,0.0176183860749,0.521017968655,0.21796374023,-0.303054213524
6508,9226,3,30,0.0415795817971,0.0287735704333,0.696891307831,0.572792232037,-0.124099075794
6509,4787,1,7,0.0629036873579,0.0261418204755,0.211376130581,0.103224016726,-0.108152113855
6510,7028,7,20,0.0491165816784,0.0261871181428,0.152003929019,0.0878908708692,-0.0641130581498
6511,7497,4,4,0.120087109506,0.0510549321771,0.876392483711,0.461708426476,-0.414684057236
6512,6380,1,11,0.025009766221,0.014285906218,0.0911380723119,0.0715314000845,-0.0196066722274
6513,6434,4,9,0.00796097051352,0.004977600649,0.99482780695,0.9626044631,-0.0322233438492
6514,5302,2,8,0.0604347102344,0.0186230000108,0.827523171902,0.560864150524,-0.266659021378
6516,7531,2,5,0.0443984605372,0.00300698820502,0.102120146155,0.16427873075,0.0621585845947
6519,8288,4,6,0.048060733825,0.0153271025047,0.0244151130319,0.0384993366897,0.0140842236578
6520,8710,2,7,0.041248485446,0.00884069409221,0.478656262159,0.313101708889,-0.16555455327
6521,6973,3,9,0.0728812813759,0.0200948584825,0.200857982039,0.252490311861,0.0516323298216
6522,4382,1,6,0.07466968894,0.0356829576194,0.0643711611629,0.0948552489281,0.0304840877652
6523,3337,2,6,0.0473569780588,0.0165755469352,0.146536633372,0.113134033978,-0.0334025993943
6524,2041,5,10,0.0276510864496,0.00487807765603,0.0893524214625,0.0773760527372,-0.0119763687253
6525,440,2,18,0.0432181507349,0.0333558693528,0.639574885368,0.412929862738,-0.226645022631
6526,405,5,11,0.0435921400785,0.0148857170716,0.271707504988,0.32595744729,0.0542499423027
6527,3592,2,3,0.0250358507037,0.00565516762435,0.0441538989544,0.0508305691183,0.00667667016387
6528,1091,1,5,0.10576608777,0.0189604554325,0.54294025898,0.17622731626,-0.366712927818
6529,6141,1,9,0.0512993782759,0.00478004524484,0.581523239613,0.328757017851,-0.252766221762
6530,3127,4,5,0.0751850530505,0.0111099286005,0.21443785727,0.0341081507504,-0.180329710245
6531,8201,5,3,0.0505672581494,0.00375059037469,0.0353197008371,0.0126492036507,-0.0226704962552
6532,1113,3,5,0.0753265619278,0.0150144314393,0.0984455868602,0.136799052358,0.0383534654975
6533,1719,3,7,0.0827091261744,0.0368069261312,0.0256798360497,0.0232883989811,-0.00239143706858
6534,4692,4,14,0.0465979762375,0.0287777595222,0.400723189116,0.296958833933,-0.103764355183
6535,8249,4,13,0.0716471076012,0.0364556834102,0.55218321085,0.371937841177,-0.180245369673
6536,5257,3,4,0.0846889019012,0.0581311583519,0.0845089182258,0.0811449885368,-0.00336392968893
6537,6436,7,13,0.079487092793,0.00901390239596,0.0570556037128,0.0717800632119,0.0147244594991
6538,8718,4,11,0.0608940832317,0.0179965961725,0.00777380168438,0.0180002842098,0.0102264825255
6539,24,2,6,0.068409986794,0.0164323486388,0.179517403245,0.0464571416378,-0.133060261607
6540,4821,1,13,0.0378748886287,0.0105093633756,0.489920675755,0.546457827091,0.0565371513367
6541,780,3,5,0.0302929822356,0.00820563640445,0.0864994376898,0.137701973319,0.0512025356293
6542,8771,5,8,0.106237769127,0.0553196072578,0.0176455248147,0.0177314970642,8.59722495079e-05
6543,3476,2,13,0.139033511281,0.010034205392,0.171742230654,0.0867161825299,-0.0850260481238
6544,3747,4,5,0.0659576281905,0.00962973479182,0.0402008928359,0.121912568808,0.081711679697
6545,7742,3,7,0.0478376485407,0.0258336942643,0.062937669456,0.0624164305627,-0.00052123889327
6546,7772,2,17,0.0769657045603,0.0448835082352,0.0745139196515,0.0642704963684,-0.0102434232831
6547,6759,3,7,0.198273614049,0.00971303135157,0.830319166183,0.251401901245,-0.578917264938
6550,3710,2,7,0.0751304849982,0.0139630679041,0.09415397048,0.17096708715,0.0768131166697
6551,794,4,10,0.0456586033106,0.00362543179654,0.0392454490066,0.0605742037296,0.0213287547231
6552,2163,3,10,0.0942919924855,0.0423116497695,0.0611811280251,0.0877494812012,0.0265683531761
6553,7588,6,23,0.0425843782723,0.0202664490789,0.00781120685861,0.0288294348866,0.0210182275623
6554,1459,3,3,0.0936374589801,0.0159234795719,0.292267799377,0.0898607447743,-0.202407062054
6555,9262,4,12,0.0581771992147,0.00564927700907,0.128891170025,0.0582853108644,-0.0706058591604
6556,3638,3,3,0.0197558198124,0.00662272749469,0.123050704598,0.106388069689,-0.0166626349092
6558,3581,8,16,0.051591809839,0.0126506406814,0.794182300568,0.536073386669,-0.258108913898
6559,9231,2,5,0.0756023004651,0.0285300184041,0.356531530619,0.167559862137,-0.188971668482
6560,1430,3,7,0.0907396301627,0.0178178492934,0.597832262516,0.265629559755,-0.332202702761
6561,2625,2,5,0.0432888902724,0.00369491195306,0.0624286942184,0.0371307395399,-0.0252979546785
6562,8692,2,5,0.0508461408317,0.0291182678193,0.175657615066,0.1017158553,-0.0739417597651
6563,6422,4,15,0.11393854022,0.0308691915125,0.024255450815,0.134705364704,0.110449910164
6564,8397,3,20,0.0339102372527,0.0134417982772,0.62330031395,0.548156440258,-0.0751438736916
6565,8467,1,8,0.0350822620094,0.00991313531995,0.1292078197,0.135451570153,0.006243750453
6566,6064,11,11,0.0797993987799,0.0112660713494,0.0643229708076,0.0374916195869,-0.0268313512206
6567,6422,2,8,0.0840631946921,0.0163400322199,0.0830484107137,0.0454619713128,-0.0375864394009
6568,6305,5,12,0.138605892658,0.105538822711,0.0511950813234,0.0343650877476,-0.0168299935758
6571,6422,3,6,0.0667381510139,0.0209281183779,0.134943917394,0.304730504751,0.169786587358
6572,4072,2,4,0.0463905148208,0.00834470242262,0.0321732610464,0.059889998287,0.0277167372406
6573,4866,4,4,0.0384769365191,0.0136926742271,0.152028173208,0.209652006626,0.0576238334179
6575,3495,3,8,0.016645014286,0.00763906072825,0.978327214718,0.90191245079,-0.0764147639275
6576,4145,5,5,0.0529714561999,0.00983302015811,0.012751779519,0.0334091372788,0.0206573568285
6577,4939,5,6,0.0508676283062,0.0314302518964,0.00562360603362,0.0644440278411,0.0588204227388
6578,8326,1,3,0.0605394393206,0.0251554697752,0.0611582323909,0.144079595804,0.0829213634133
6579,4812,1,5,0.0595150701702,0.0101885301992,0.124777294695,0.104785881937,-0.0199914127588
6580,1720,13,39,0.0656966939569,0.015341299586,0.0740289241076,0.147867187858,0.0738382637501
6582,5011,2,4,0.0671814009547,0.00317690777592,0.202105343342,0.129322394729,-0.0727829486132
6583,2026,4,8,0.0510790646076,0.00942241027951,0.0940117612481,0.0436112582684,-0.0504005029798
6584,5011,2,9,0.049122299999,0.0169204287231,0.116161026061,0.103119887412,-0.013041138649
6585,1352,2,7,0.0469197332859,0.00873665325344,0.0433941148221,0.0988799929619,0.0554858781397
6586,1413,4,12,0.0405393727124,0.0106430845335,0.440250217915,0.387705951929,-0.0525442659855
6587,1451,2,10,0.0761101022363,0.00719402963296,0.264576464891,0.159878388047,-0.104698076844
6588,5022,3,13,0.0324581824243,0.0292622931302,0.924682438374,0.792345106602,-0.132337331772
6589,5758,4,5,0.0504826009274,0.0202946197242,0.266196876764,0.179497823119,-0.0866990536451
6590,6883,11,18,0.0589582584798,0.0137558896095,0.560966491699,0.390200942755,-0.170765548944
6591,771,4,14,0.098831653595,0.0179804749787,0.0207799337804,0.0797552093863,0.0589752756059
6592,1869,4,8,0.0567652545869,0.0118723474443,0.0171597730368,0.0698925256729,0.0527327507734
6593,3681,1,6,0.0340800844133,0.00511653162539,0.0495252609253,0.0343682952225,-0.0151569657028
6594,8300,5,21,0.0341251380742,0.0136434352025,0.0560787729919,0.0626382306218,0.00655945762992
6595,8639,6,9,0.0534767024219,0.0250316057354,0.041183385998,0.0860961601138,0.0449127741158
6596,1127,2,7,0.0832602456212,0.0200670082122,0.0529142692685,0.151335731149,0.0984214618802
6597,1111,12,26,0.0672338083386,0.0169410090894,0.199937328696,0.064444899559,-0.135492429137
6598,3704,3,12,0.0418994538486,0.00285461731255,0.252609819174,0.165187716484,-0.0874221026897
6599,6490,3,4,0.0415873751044,0.0103068407625,0.1694996804,0.208097159863,0.0385974794626
6600,2532,3,5,0.0532903373241,0.00894771516323,0.0657353401184,0.050050791353,-0.0156845487654
6601,3112,1,5,0.0397987216711,0.00883236154914,0.0426014438272,0.0995232984424,0.0569218546152
6602,5896,3,7,0.0454703979194,0.0171933919191,0.41538092494,0.348664075136,-0.0667168498039
6603,771,7,11,0.176638916135,0.0979293212295,0.904845774174,0.407588690519,-0.497257083654
6604,4202,2,7,0.0394000522792,0.0150581328198,0.272881448269,0.139432802796,-0.133448645473
6605,2140,1,4,0.0465244092047,0.00865126214921,0.019828947261,0.0236912872642,0.00386234000325
6606,8088,2,6,0.0528961382806,0.0224334821105,0.392224133015,0.237613499165,-0.15461063385
6607,5170,1,7,0.0598455555737,0.0171612463892,0.0402002632618,0.0366508997977,-0.00354936346412
6608,6196,1,7,0.102272093296,0.0269234068692,0.562749922276,0.238913848996,-0.323836088181
6609,4144,5,16,0.0432195849717,0.0118965329602,0.0185447409749,0.0126380184665,-0.00590672250837
6610,7937,1,7,0.070024497807,0.0180855728686,0.277836948633,0.144900783896,-0.132936164737
6612,5077,3,7,0.0751266181469,0.0365963801742,0.294924646616,0.12684391439,-0.168080732226
6613,4598,2,11,0.0717395320535,0.00487274071202,0.126658245921,0.0919036343694,-0.0347546115518
6614,6180,1,9,0.0413662046194,0.00316572980955,0.0439831689,0.0368692092597,-0.00711395964026
6615,3910,2,7,0.0655177533627,0.00882068835199,0.00313876150176,0.0437399856746,0.0406012237072
6616,1345,1,4,0.0232179071754,0.00432948488742,0.42751967907,0.387677669525,-0.0398420095444
6617,7356,3,13,0.0818071290851,0.0177102424204,0.0503465384245,0.0336684957147,-0.0166780427098
6619,7466,5,7,0.0254956837744,0.00618946133181,0.0121008353308,0.0315024405718,0.0194016061723
6620,6615,4,6,0.0727238282561,0.0480664633214,0.0533814914525,0.0261343810707,-0.0272471103817
6621,4462,6,12,0.0484627485275,0.00600134208798,0.0266659874469,0.0147695196792,-0.0118964677677
6622,5190,2,3,0.12568873167,0.068900950253,0.94823795557,0.565566956997,-0.382670998573
6623,4836,3,4,0.0597202181816,0.00694776093587,0.0334475934505,0.075477309525,0.0420297160745
6625,3857,5,18,0.0759953781962,0.00573722366244,0.1329279989,0.169442489743,0.0365144908428
6626,8770,1,7,0.0714242756367,0.014047652483,0.0250133909285,0.0224693436176,-0.00254404731095
6627,6337,2,3,0.0739349424839,0.0153187299147,0.142935365438,0.164466649294,0.0215312838554
6628,5169,4,3,0.0499589927495,0.00857723131776,0.0417680516839,0.0450110845268,0.00324303284287
6629,1179,1,3,0.053168669343,0.00594701385126,0.278870046139,0.261584490538,-0.0172855556011
6630,134,1,2,0.0409922637045,0.0128253633156,0.188177481294,0.147151425481,-0.0410260558128
6631,255,1,5,0.0505436770618,0.0372678637505,0.133718937635,0.0813567712903,-0.0523621663451
6632,3993,1,5,0.054628431797,0.00836823228747,0.0281900018454,0.0741013512015,0.0459113493562
6633,1002,3,3,0.0481822751462,0.00892498344183,0.136656180024,0.0679712593555,-0.0686849206686
6635,7987,2,5,0.0587772242725,0.0113956388086,0.122173987329,0.030878668651,-0.0912953168154
6636,6013,4,10,0.0346347279847,0.00655169133097,0.199431285262,0.160650670528,-0.0387806147337
6637,1970,4,13,0.0391487106681,0.0104193398729,0.0354906879365,0.0426562912762,0.00716560333967
6638,567,2,7,0.027302743867,0.0106759956107,0.855003416538,0.705387532711,-0.149615883827
6639,4752,4,10,0.0686229467392,0.00952011439949,0.0592353567481,0.103515185416,0.0442798286676
6640,4706,5,14,0.12151620537,0.0187567453831,0.0331742316484,0.144541025162,0.111366793513
6641,6905,4,11,0.0869402512908,0.017740085721,0.0738622769713,0.0917569771409,0.0178947001696
6642,9222,1,10,0.0699517428875,0.0161859001964,0.384382873774,0.1264013201,-0.257981538773
6644,4928,5,4,0.0483956597745,0.00394155504182,0.153643801808,0.0728960633278,-0.0807477384806
6645,2220,1,2,0.0756572559476,0.0607744380832,0.0518935099244,0.0747424066067,0.0228488966823
6646,3809,2,3,0.0509618930519,0.00895454362035,0.109153531492,0.0786413624883,-0.0305121690035
6647,6938,2,5,0.131684705615,0.0836700052023,0.713955998421,0.303076267242,-0.410879731178
6648,4723,3,9,0.0347464345396,0.0218622740358,0.591159582138,0.461681991816,-0.129477590322
6649,3726,1,8,0.0578622408211,0.0121105005965,0.105736114085,0.0834034904838,-0.022332623601
6651,1900,1,7,0.0809756591916,0.0315354019403,0.164604529738,0.352490097284,0.187885567546
6652,5865,3,18,0.0146384127438,0.00656021898612,0.270545810461,0.316260695457,0.0457148849964
6653,1016,1,6,0.0668935701251,0.0214824024588,0.00427381694317,0.0100067881867,0.00573297124356
6654,9285,4,6,0.0620405375957,0.0224161483347,0.0076535823755,0.0416472814977,0.0339936986566
6656,6086,3,11,0.119218729436,0.00924017652869,0.0424809008837,0.0302525553852,-0.0122283454984
6657,2351,1,8,0.0728440582752,0.00858621113002,0.157619506121,0.072905793786,-0.0847137123346
6658,4595,3,5,0.0263377334923,0.00685390597209,0.466873884201,0.481758207083,0.0148843228817
6659,1685,1,8,0.0928721725941,0.0125602735206,0.0454627908766,0.024932384491,-0.0205304063857
6660,7540,4,7,0.152973905206,0.0286432150751,0.974868714809,0.543782174587,-0.431086540222
6661,4937,3,10,0.0501017011702,0.0118549885228,0.12541089952,0.0757467672229,-0.049664132297
6662,9272,3,14,0.0568733029068,0.0265045259148,0.0199539326131,0.0313764438033,0.0114225111902
6663,4862,3,5,0.10993655771,0.0390189774334,0.0264024604112,0.0822278857231,0.0558254271746
6664,9272,2,9,0.0440007783473,0.0101724639535,0.135311111808,0.0976956188679,-0.0376154929399
6665,3667,2,4,0.0539464764297,0.012659618631,0.301854372025,0.187624514103,-0.114229857922
6666,381,2,8,0.0330651216209,0.00201271474361,0.221320644021,0.225954696536,0.00463405251503
6667,4511,3,17,0.053313344717,0.0173779521137,0.537515163422,0.565857350826,0.0283421874046
6668,4312,1,3,0.0932243093848,0.0385950729251,0.394217014313,0.181336954236,-0.212880060077
6669,2141,5,9,0.0703602805734,0.0282863639295,0.0754486694932,0.121194243431,0.0457455739379
6670,3530,1,7,0.07009614259,0.0136656751856,0.0751117393374,0.166841804981,0.0917300656438
6671,1641,1,6,0.050572168082,0.0188788156956,0.113102659583,0.0444127060473,-0.0686899572611
6673,1846,9,22,0.0583733581007,0.0205703750253,0.425636857748,0.393560141325,-0.032076716423
6674,3027,4,9,0.108974896371,0.0210443437099,0.225500673056,0.123244129121,-0.102256543934
6675,1119,4,18,0.113161444664,0.0384136326611,0.748162388802,0.334178894758,-0.413983494043
6676,7680,4,4,0.106552876532,0.0242196731269,0.0281530730426,0.0394831039011,0.0113300308585
6677,6768,4,4,0.0684563815594,0.0326524674892,0.995620548725,0.797404289246,-0.19821625948
6678,7832,4,11,0.113768458366,0.0396966226399,0.395165264606,0.099308013916,-0.29585725069
6679,1051,4,5,0.0884211659431,0.0148453824222,0.996913671494,0.75065612793,-0.246257543564
6681,1385,2,5,0.052804607898,0.0249606687576,0.12034136802,0.18772931397,0.06738794595
6683,343,2,8,0.0455448627472,0.0104982135817,0.112729333341,0.205629706383,0.0929003730416
6684,5059,4,4,0.0710770264268,0.0235090851784,0.0152585301548,0.00613286485896,-0.00912566483021
6685,5697,1,4,0.0493726432323,0.0127226831391,0.00467239134014,0.00752349803224,0.00285110669211
6686,692,2,3,0.106342256069,0.0130421854556,0.0641193240881,0.146973133087,0.0828538089991
6687,131,3,2,0.0538323186338,0.0149154411629,0.0752139165998,0.0999047234654,0.0246908068657
6688,2929,4,5,0.106065548956,0.0153589239344,0.331094622612,0.0792744085193,-0.251820206642
6690,2197,3,8,0.0677514448762,0.0173852201551,0.35394269228,0.253028124571,-0.100914567709
6691,3465,1,13,0.162614002824,0.0489180497825,0.56363350153,0.125333324075,-0.438300192356
6692,2537,4,5,0.0930273234844,0.0545598641038,0.0724860057235,0.156490951777,0.084004946053
6693,1814,1,6,0.0916871652007,0.0172750521451,0.333849728107,0.100448273122,-0.233401447535
6694,1940,2,1,0.063186660409,0.0115386312827,0.0624453313649,0.0307586435229,-0.0316866859794
6695,4927,4,5,0.0769220590591,0.0107647916302,0.00628624018282,0.0219112578779,0.0156250186265
6696,5708,1,3,0.0778054445982,0.0323131196201,0.0503631681204,0.0217913463712,-0.0285718217492
6697,2095,3,3,0.0999591723084,0.0200502816588,0.0377215445042,0.0622368268669,0.0245152823627
6698,7565,2,8,0.049717027694,0.017024576664,0.0996949747205,0.18673850596,0.087043531239
6699,153,3,5,0.103296793997,0.00395917799324,0.655688166618,0.308807879686,-0.346880286932
6700,6514,12,34,0.0499675534666,0.00663734553382,0.0959696173668,0.0993721857667,0.00340256839991
6701,3511,3,16,0.0725395455956,0.0272170603275,0.0459730997682,0.0465925186872,0.000619418919086
6702,3287,2,8,0.119970269501,0.0432968176901,0.0985346063972,0.250439077616,0.151904463768
6703,408,4,2,0.0296390932053,0.00896850507706,0.225177437067,0.175652742386,-0.0495246946812
6704,203,2,5,0.0358160622418,0.018453579396,0.360412716866,0.287431746721,-0.0729809701443
6705,3040,7,9,0.0381168462336,0.0118455383927,0.0444489568472,0.0602478273213,0.0157988704741
6706,389,1,6,0.041051376611,0.00673858262599,0.0586243085563,0.055958468467,-0.00266584008932
6707,5707,2,7,0.0539484359324,0.0402590595186,0.188584402204,0.178549274802,-0.0100351274014
6708,589,3,5,0.0785302445292,0.0217607021332,0.136208429933,0.115724124014,-0.0204843059182
6709,513,3,7,0.0357029847801,0.0200740173459,0.593781411648,0.437420517206,-0.156360894442
6710,181,4,6,0.0196516364813,0.00281290407293,0.593116760254,0.557845413685,-0.0352713465691
6712,356,3,16,0.0486732721329,0.0267904307693,0.923866987228,0.69986987114,-0.223997116089
6713,546,2,6,0.0669101700187,0.0269951652735,0.77235519886,0.484644025564,-0.287711173296
6715,6070,2,7,0.0313382335007,0.00408092001453,0.186438217759,0.17631085217,-0.0101273655891
6716,124,2,6,0.166185110807,0.0622787438333,0.611138999462,0.186350271106,-0.424788713455
6717,5688,2,3,0.0526464879513,0.0384645238519,0.0116104045883,0.0177643653005,0.00615396071225
6718,1435,1,10,0.0495618395507,0.0164582505822,0.00228241295554,0.00321206380613,0.000929650850594
6719,6534,1,5,0.0704389289021,0.0138052329421,0.133332535625,0.0615843348205,-0.0717481970787
6720,3948,6,9,0.0624072514474,0.0170959811658,0.0705247372389,0.0600126385689,-0.01051209867
6721,6309,1,4,0.102190591395,0.0374114029109,0.0732469186187,0.133445948362,0.0601990297437
6722,4080,2,6,0.0438587777317,0.0127558140084,0.00728750089183,0.00760085135698,0.000313350465149
6723,8966,4,4,0.0859749987721,0.0265646893531,0.0555445402861,0.071263499558,0.0157189592719
6724,2647,2,6,0.0272015538067,0.00189148983918,0.43763551116,0.399347662926,-0.0382878482342
6725,1111,3,4,0.0857056006789,0.018730411306,0.0512673743069,0.0264522004873,-0.0248151738197
6726,4823,9,28,0.146382406354,0.0129138771445,0.0340003557503,0.063067369163,0.0290670134127
6727,2027,1,8,0.0528528243303,0.0224793255329,0.206372663379,0.133402481675,-0.0729701817036
6728,292,13,27,0.0637128576636,0.0196048785001,0.0249693617225,0.0149780549109,-0.00999130681157
6729,3322,6,13,0.0380467437208,0.00436207931489,0.251745909452,0.273218423128,0.0214725136757
6730,5492,12,46,0.0814871713519,0.0293425042182,0.0608514510095,0.201180711389,0.140329256654
6731,9282,3,9,0.0640633404255,0.0175985377282,0.456252932549,0.17509432137,-0.28115862608
6732,3694,4,7,0.0653575658798,0.0165490843356,0.0673402324319,0.0242445599288,-0.0430956706405
6733,3762,3,5,0.0733670592308,0.0358427166939,0.0594354271889,0.117772482336,0.0583370551467
6734,2160,2,7,0.13554097712,0.00313544925302,0.0568244606256,0.151858136058,0.0950336754322
6735,4391,2,6,0.0393495224416,0.00406989408657,0.444043040276,0.458492726088,0.014449685812
6736,5293,2,4,0.114680200815,0.0773560479283,0.017949461937,0.0321328081191,0.0141833461821
6738,8249,1,8,0.085411451757,0.0517432838678,0.0990061014891,0.1452781111,0.0462720096111
6739,1624,10,20,0.0579483099282,0.00444106804207,0.107778042555,0.157094314694,0.0493162721395
6742,9082,2,14,0.0889112725854,0.0374863334,0.364375174046,0.117879234254,-0.246495932341
6743,6841,5,12,0.0378795713186,0.0201024636626,0.342733949423,0.250391840935,-0.0923421084881
6745,4791,3,1,0.064991414547,0.0225064083934,0.0550648532808,0.0937364771962,0.0386716239154
6746,5571,4,4,0.036857675761,0.00433446327224,0.0540097393095,0.088496118784,0.0344863794744
6747,2171,1,12,0.0773759111762,0.012165361084,0.0719581022859,0.060036689043,-0.0119214132428
6748,2197,4,18,0.0860617533326,0.0337258800864,0.296733349562,0.320988386869,0.0242550373077
6749,3613,2,9,0.0677636638284,0.0383871942759,0.151806101203,0.241510167718,0.089704066515
6750,1471,3,9,0.0567725785077,0.0142678739503,0.149513468146,0.0697991028428,-0.0797143653035
6751,918,8,9,0.0841255784035,0.0408472381532,0.395852506161,0.254107832909,-0.141744673252
6752,3112,2,12,0.0494394600391,0.0207814797759,0.0739656463265,0.0545429289341,-0.0194227173924
6754,5452,2,9,0.0689708665013,0.0134034026414,0.176538437605,0.187875509262,0.0113370716572
6755,2513,3,9,0.0787738189101,0.0215018372983,0.505942940712,0.34522357583,-0.160719364882
6757,8221,2,1,0.142228379846,0.0970821231604,0.114145673811,0.0749197229743,-0.0392259508371
6759,1927,3,5,0.0336264818907,0.00311817391776,0.0896744057536,0.118354856968,0.0286804512143
6760,4991,5,2,0.0315947942436,0.010567644611,0.0506646968424,0.0660939440131,0.0154292471707
6761,7053,1,6,0.0838327333331,0.00852435268462,0.1050176844,0.14028275013,0.0352650657296
6762,1004,3,4,0.0596654862165,0.0172855816782,0.261108100414,0.175248041749,-0.0858600586653
6763,114,4,8,0.0708966329694,0.021039320156,0.156808644533,0.0951185822487,-0.0616900622845
6764,8000,1,3,0.0551478266716,0.0106562189758,0.0228849947453,0.0104238474742,-0.0124611472711
6765,3395,2,10,0.0969254747033,0.0465145781636,0.27583950758,0.097578369081,-0.178261131048
6766,1176,3,5,0.0653898715973,0.0260763466358,0.0800676643848,0.0302902702242,-0.0497773960233
6767,1113,8,29,0.0403711162508,0.0169831309468,0.364098966122,0.258715480566,-0.105383485556
6768,4167,2,10,0.108921788633,0.0327499844134,0.029720608145,0.0236213896424,-0.00609921850264
6769,1907,4,7,0.0982845649123,0.0221927650273,0.279740899801,0.0912584662437,-0.188482433558
6770,5408,1,7,0.057380694896,0.0160713810474,0.185603871942,0.128051951528,-0.057551920414
6771,6724,1,4,0.058077108115,0.012471454218,0.0977908074856,0.0531500391662,-0.0446407683194
6772,7280,12,16,0.0646120086312,0.0110886786133,0.530130028725,0.292147606611,-0.237982422113
6773,7800,1,6,0.0817414447665,0.0217075999826,0.047400213778,0.0587234608829,0.0113232471049
6774,3798,2,10,0.0976635143161,0.0238052755594,0.0568291172385,0.058659914881,0.00183079764247
6776,6868,2,4,0.0673993006349,0.0167812146246,0.0995936319232,0.0672773197293,-0.0323163121939
6777,7149,3,15,0.0681255310774,0.0261720139533,0.169180721045,0.294512361288,0.125331640244
6778,2377,1,4,0.0478402711451,0.0116925444454,0.245723351836,0.103074200451,-0.142649143934
6779,751,3,3,0.0826163440943,0.00550878234208,0.112691484392,0.283025771379,0.170334279537
6780,3834,6,25,0.0705176591873,0.0363048687577,0.809944748878,0.495571345091,-0.314373403788
6781,8419,1,14,0.0362903065979,0.00761198718101,0.0397488363087,0.048304438591,0.00855560228229
6782,5852,4,4,0.0456583052874,0.0230046007782,0.0837954580784,0.0441209115088,-0.0396745465696
6783,5481,1,10,0.0691576972604,0.0304421689361,0.0610558129847,0.0791238769889,0.0180680640042
6784,5469,4,4,0.0625693574548,0.0266778003424,0.0785903409123,0.0691160857677,-0.0094742551446
6785,3680,2,5,0.0518421493471,0.0206786096096,0.136782616377,0.173673629761,0.0368910133839
6786,115,2,4,0.081633746624,0.0140176871791,0.294581234455,0.121567301452,-0.173013925552
6787,4590,2,5,0.0438728220761,0.0202000979334,0.167456671596,0.173739090562,0.00628241896629
6788,4138,3,4,0.0527979433537,0.00663148472086,0.0190669912845,0.0554632432759,0.0363962501287
6789,7145,6,7,0.0915164425969,0.0481182187796,0.202588737011,0.293550521135,0.0909617841244
6790,5322,5,17,0.0835959091783,0.0204199310392,0.0497899539769,0.170868992805,0.121079042554
6791,2546,4,9,0.0508425571024,0.0136083504185,0.0469155646861,0.039012491703,-0.00790307298303
6792,659,1,4,0.0413778275251,0.00354951363988,0.331167370081,0.330322533846,-0.000844836235046
6793,687,3,4,0.0595717765391,0.0596995204687,0.882019340992,0.660130798817,-0.221888542175
6795,1631,2,11,0.196770831943,0.0480658747256,0.900307714939,0.350516200066,-0.549791514874
6796,3004,1,5,0.0117180151865,0.0108145494014,0.989856958389,0.943423569202,-0.0464333891869
6797,1068,2,6,0.0422197021544,0.0135089159012,0.328676789999,0.360195785761,0.0315189957619
6798,1357,5,1,0.078670412302,0.0294450428337,0.0101609714329,0.0191231518984,0.00896218046546
6799,4832,1,7,0.0627806559205,0.0270551629364,0.0119210109115,0.0274637844414,0.0155427735299
6800,7493,2,5,0.0480117537081,0.00148786883801,0.398074299097,0.186042070389,-0.212032228708
6801,4757,3,11,0.0460400171578,0.0156946629286,0.245209440589,0.129454925656,-0.115754514933
6802,8635,5,5,0.0306368414313,0.0130993155763,0.0725466236472,0.0967114195228,0.0241647958755
6803,2332,3,5,0.0657224878669,0.0155387828127,0.082623757422,0.108559064567,0.0259353071451
6804,5365,1,8,0.0611702017486,0.0249672550708,0.0528826341033,0.0499530248344,-0.0029296092689
6805,4888,4,4,0.086090028286,0.0648401752114,0.0927337259054,0.152627110481,0.0598933845758
6806,5577,2,14,0.0545391105115,0.0106721892953,0.100100718439,0.0940932333469,-0.00600748509169
6807,3855,4,15,0.0398088097572,0.00453173182905,0.170356810093,0.186021283269,0.015664473176
6808,8633,1,9,0.0773345381021,0.0267841164023,0.119430184364,0.0568319000304,-0.0625982880592
6809,5476,3,15,0.057374432683,0.0054424488917,0.152241617441,0.0784592181444,-0.0737823992968
6810,4592,5,4,0.130360275507,0.0922048613429,0.0424654632807,0.0160436928272,-0.0264217704535
6811,4059,5,5,0.0418721474707,0.0150900250301,0.026533158496,0.0459256954491,0.0193925369531
6812,4014,4,7,0.0523624122143,0.0183933600783,0.0318284593523,0.0244322363287,-0.00739622302353
6813,8768,5,8,0.0504902414978,0.00161101308186,0.0467621907592,0.0810875222087,0.0343253314495
6814,5495,4,2,0.0415292531252,0.00122246611863,0.0189980491996,0.043768864125,0.0247708149254
6815,3623,2,10,0.0449429266155,0.00847331434488,0.0709567070007,0.0701866522431,-0.000770054757595
6816,1954,1,4,0.038646209985,0.0108879562467,0.231391564012,0.154418542981,-0.0769730210304
6817,2105,1,7,0.0516559779644,0.00973155535758,0.0748459249735,0.0873715505004,0.0125256255269
6818,6140,3,4,0.0411403886974,0.0105117224157,0.080454275012,0.0805480703712,9.37953591347e-05
6820,1071,2,7,0.0725147649646,0.0260840691626,0.0977689996362,0.0455177985132,-0.052251201123
6821,1739,2,9,0.0575875081122,0.0145141808316,0.0417854189873,0.0593008995056,0.0175154805183
6822,2354,1,10,0.102048188448,0.0417927280068,0.0478502623737,0.0540216900408,0.00617142766714
6823,1122,3,8,0.0413333922625,0.00762286875397,0.100034110248,0.0714921727777,-0.0285419374704
6824,7261,2,5,0.0529509074986,0.0119201615453,0.0465247519314,0.0437629632652,-0.00276178866625
6825,7481,4,3,0.0554418005049,0.0089363111183,0.0176180060953,0.0280478894711,0.0104298833758
6826,7697,1,6,0.06257917732,0.0283475127071,0.571165442467,0.320419579744,-0.250745862722
6827,899,1,5,0.0636349543929,0.0216997675598,0.0375482514501,0.0982411205769,0.0606928691268
6828,1631,5,6,0.0621078871191,0.033072091639,0.675414741039,0.427549213171,-0.247865527868
6829,6841,2,2,0.0709751695395,0.0282054506242,0.0822886675596,0.072444178164,-0.00984448939562
6831,1879,1,5,0.06357755512,0.0490023866296,0.7013412714,0.476242780685,-0.225098490715
6832,5913,2,4,0.0611400455236,0.0218067634851,0.0116648171097,0.0140653727576,0.00240055564791
6833,1260,4,11,0.0549715869129,0.00816938187927,0.468797802925,0.260621875525,-0.208175927401
6834,1345,1,7,0.0965103283525,0.0415199920535,0.0101352771744,0.00924878660589,-0.000886490568519
6835,4063,2,10,0.0517869107425,0.0154329882935,0.107885576785,0.190285399556,0.0823998227715
6836,1890,4,4,0.0435668118298,0.0117078870535,0.627062261105,0.535997331142,-0.0910649299622
6837,2215,1,4,0.133221313357,0.00496752699837,0.0337615720928,0.080887965858,0.0471263937652
6838,5927,2,11,0.0555173866451,0.0316420905292,0.162558346987,0.12587171793,-0.0366866290569
6839,5927,2,3,0.0397009141743,0.0103508699685,0.146531000733,0.100613296032,-0.0459177047014
6840,2388,5,8,0.0399372689426,0.0132174054161,0.041203904897,0.0452107638121,0.00400685891509
6841,4291,1,6,0.127271965146,0.06802713871,0.960148513317,0.582855224609,-0.377293288708
6842,1522,2,1,0.0386027544737,0.00500663882121,0.0649614483118,0.0615315549076,-0.00342989340425
6844,4262,1,4,0.0519504360855,0.0195930525661,0.136635109782,0.0818742886186,-0.0547608211637
6845,5047,3,8,0.140398219228,0.0923820286989,0.745620071888,0.314161002636,-0.431459069252
6847,5035,4,7,0.175489112735,0.0586508624256,0.0408143959939,0.173887625337,0.133073225617
6848,5160,3,13,0.0463078469038,0.0169740840793,0.268761813641,0.218967095017,-0.0497947186232
6849,9041,2,6,0.0869581922889,0.00768912769854,0.103832051158,0.147853985429,0.0440219342709
6850,2239,3,4,0.0872999355197,0.0495867989957,0.942011773586,0.644268751144,-0.297743022442
6851,9262,1,5,0.0561197511852,0.0210652593523,0.295789927244,0.119205355644,-0.1765845716
6852,6748,6,5,0.0802666693926,0.0245949905366,0.0109727848321,0.0404863469303,0.0295135620981
6853,1519,2,6,0.0791126713157,0.0173651054502,0.188208043575,0.0825632736087,-0.105644769967
6854,5164,1,7,0.0479283034801,0.0125797120854,0.0755734071136,0.0725571215153,-0.00301628559828
6855,304,3,5,0.11455527693,0.0432482734323,0.615195572376,0.225342869759,-0.389852702618
6856,7186,4,8,0.166836753488,0.0101190507412,0.0121097089723,0.0502565391362,0.0381468310952
6857,2015,4,4,0.0728975012898,0.0161700695753,0.0234393924475,0.0946129783988,0.0711735859513
6858,3022,2,7,0.195660278201,0.00902660284191,0.894143640995,0.330923825502,-0.56321978569
6859,2492,4,7,0.0857242420316,0.00945461448282,0.290862113237,0.221574187279,-0.0692879259586
6861,2568,4,12,0.0617258995771,0.0161174554378,0.0606400221586,0.0252079050988,-0.0354321151972
6862,5525,3,6,0.0598786957562,0.00437395274639,0.222266122699,0.149016216397,-0.0732499063015
6863,1715,5,5,0.0403595902026,0.0059328735806,0.036291051656,0.0430598109961,0.00676875934005
6864,6666,1,6,0.0841109156609,0.0476901717484,0.0252655446529,0.0446936525404,0.0194281078875
6865,504,2,7,0.048597574234,0.0172123666853,0.214627340436,0.1472337991,-0.0673935413361
6866,585,2,9,0.0372710824013,0.0137485209852,0.641604602337,0.764917552471,0.123312950134
6867,611,3,5,0.0482220090926,0.0126059483737,0.16069483757,0.145697236061,-0.0149976015091
6868,516,2,2,0.0428255386651,0.00279354630038,0.0697916820645,0.0972046256065,0.027412943542
6869,304,1,9,0.141535505652,0.0135277239606,0.0235327705741,0.0120659181848,-0.0114668523893
6871,319,2,6,0.0949133560061,0.0297581907362,0.105963893235,0.351644486189,0.245680600405
6872,7989,1,8,0.054144050926,0.0169421210885,0.0701869577169,0.0601580552757,-0.0100289024413
6873,4678,2,6,0.0738644376397,0.0117879649624,0.100094176829,0.137692376971,0.0375982001424
6874,442,3,9,0.0664593502879,0.0261975061148,0.634966492653,0.349974125624,-0.284992367029
6875,450,4,10,0.0485039614141,0.0165492035449,0.204332500696,0.225902542472,0.0215700417757
6876,567,1,5,0.0655385181308,0.0191776454449,0.13970990479,0.109909258783,-0.0298006460071
6877,853,4,12,0.0558630675077,0.0156111959368,0.24344651401,0.271709471941,0.0282629579306
6878,301,2,1,0.0771103799343,0.0224091317505,0.112897358835,0.10815217346,-0.00474518537521
6879,4403,3,3,0.0746142342687,0.00610004318878,0.0260069165379,0.0117502585053,-0.0142566580325
6880,6624,2,8,0.10581947118,0.0254550985992,0.265775859356,0.0418261028826,-0.223949760199
6881,4999,4,4,0.0348780788481,0.00899270363152,0.272680819035,0.281379491091,0.0086986720562
6882,4382,1,8,0.073058411479,0.0141914123669,0.0812777876854,0.0944755077362,0.0131977200508
6883,6391,6,11,0.0775545313954,0.0227726064622,0.0606002137065,0.100731790066,0.0401315763593
6884,1875,2,9,0.0358091592789,0.0107625527307,0.0100721381605,0.0227316990495,0.012659560889
6885,2141,2,7,0.0454355292022,0.0164771545678,0.00280382321216,0.0137247862294,0.0109209632501
6886,4999,1,9,0.0637419521809,0.0282190181315,0.131636351347,0.119330488145,-0.0123058632016
6887,82,3,5,0.051326636225,0.0227417908609,0.0196444690228,0.0691553726792,0.0495109036565
6888,5510,4,3,0.0882875993848,0.0101769836619,0.0414297990501,0.0404071807861,-0.00102261826396
6889,1416,4,6,0.070618070662,0.0343483351171,0.0231562945992,0.0249537881464,0.0017974935472
6890,1043,1,5,0.0714030638337,0.0315217785537,0.0270795430988,0.0519769005477,0.0248973574489
6891,8983,1,5,0.0335744693875,0.00621650042012,0.125149309635,0.108190022409,-0.0169592872262
6892,9026,2,15,0.0580901652575,0.00929842609912,0.129359394312,0.112504936755,-0.0168544575572
6893,6472,3,8,0.0634999275208,0.0239254310727,0.0626086443663,0.0485910661519,-0.0140175782144
6894,6431,3,5,0.0831709429622,0.0142158372328,0.6903616786,0.346948713064,-0.343412965536
6895,7319,1,4,0.0708199366927,0.031767077744,0.0231855493039,0.0456070043147,0.0224214550108
6896,9318,11,42,0.0216846447438,0.0120015479624,0.0256616901606,0.0686539039016,0.0429922118783
6897,4679,2,7,0.126673102379,0.0300681013614,0.0760379359126,0.328939288855,0.252901345491
6898,1115,2,6,0.0583293624222,0.00590351456776,0.123054079711,0.0757844522595,-0.0472696274519
6899,5295,4,13,0.0834342613816,0.0231194477528,0.133600324392,0.118182063103,-0.0154182612896
6900,2449,1,18,0.043160200119,0.00565753458068,0.0596205741167,0.0468522571027,-0.012768317014
6901,2791,2,6,0.043264310807,0.0108829028904,0.0851238146424,0.109964221716,0.0248404070735
6902,1246,4,5,0.130695670843,0.0529385618865,0.783252179623,0.32849240303,-0.454759776592
6903,5695,3,11,0.122353635728,0.0948804840446,0.937307417393,0.566022574902,-0.371284842491
6904,1243,2,3,0.0623753629625,0.0211119279265,0.0862678587437,0.0784957334399,-0.00777212530375
6906,1449,1,2,0.0863946080208,0.0210069026798,0.0150193078443,0.0419262498617,0.0269069410861
6907,3789,3,5,0.0435300655663,0.00718247424811,0.131375163794,0.0949731990695,-0.0364019647241
6908,490,4,9,0.0636151283979,0.0215003751218,0.00428049406037,0.0175260882825,0.0132455937564
6909,415,7,28,0.0420156605542,0.00588424690068,0.151597619057,0.179843857884,0.0282462388277
6910,26,9,22,0.0287126656622,0.0182414986193,0.243741378188,0.266751766205,0.0230103880167
6911,459,1,3,0.0443495698273,0.0218340475112,0.258384257555,0.299520641565,0.0411363840103
6913,3967,2,8,0.063158236444,0.0277345366776,0.0244267582893,0.0749144107103,0.050487652421
6915,390,1,7,0.0366116017103,0.0238248631358,0.884319126606,0.718315839767,-0.166003286839
6916,293,3,12,0.0785126388073,0.030613033101,0.108192920685,0.18956553936,0.0813726186752
6917,500,2,1,0.040874093771,0.0090468339622,0.00235359719954,0.0105658015236,0.00821220409125
6918,500,2,3,0.0361173972487,0.00987652130425,0.478855192661,0.434198856354,-0.0446563363075
6919,5338,3,6,0.0667454749346,0.0135140512139,0.0276273488998,0.0178664829582,-0.00976086594164
6920,5664,2,5,0.0498684048653,0.00940892100334,0.0993999689817,0.0583145953715,-0.0410853736103
6921,1002,2,11,0.0884441360831,0.00147939450108,0.353415697813,0.252511650324,-0.100904047489
6922,1667,4,11,0.0269782245159,0.00965173915029,0.0460941717029,0.0343282185495,-0.0117659531534
6923,153,1,9,0.0248369723558,0.00765565922484,0.781323611736,0.721173524857,-0.0601500868797
6924,271,1,2,0.0919454172254,0.0299755483866,0.705973684788,0.385653287172,-0.320320397615
6925,1716,3,8,0.140267714858,0.0571846999228,0.827954232693,0.363963037729,-0.463991194963
6927,444,1,6,0.068351380527,0.0121923740953,0.0484979338944,0.0284055415541,-0.0200923923403
6928,8077,2,16,0.0887003913522,0.0181995593011,0.438281089067,0.244428277016,-0.193852812052
6929,4572,3,1,0.0249465033412,0.00862516835332,0.0464053526521,0.0453854911029,-0.00101986154914
6930,5035,2,4,0.0357100218534,0.0142247844487,0.136225506663,0.138892576098,0.00266706943512
6931,5699,3,11,0.0443412363529,0.0124869300053,0.266489624977,0.135677352548,-0.130812272429
6932,867,3,4,0.0359322987497,0.00462280865759,0.369370281696,0.361954003572,-0.00741627812386
6933,1098,1,4,0.027230873704,0.0101616494358,0.117265701294,0.102178312838,-0.0150873884559
6935,410,3,8,0.0608912706375,0.0161953549832,0.542017698288,0.342305809259,-0.199711889029
6936,3001,1,4,0.0758138820529,0.0112197455019,0.0373555086553,0.0241767745465,-0.0131787341088
6938,5604,2,5,0.055964499712,0.00383982202038,0.0314766466618,0.0269590523094,-0.00451759435236
6940,8020,2,1,0.125239565969,0.0553730987012,0.631202578545,0.214058995247,-0.417143583298
6941,1035,3,6,0.0568729192019,0.0232246145606,0.0951795205474,0.221902653575,0.126723140478
6942,999,5,9,0.0554573647678,0.0195820201188,0.0891516283154,0.144567847252,0.0554162189364
6943,1728,3,26,0.0475953519344,0.0180913321674,0.0990902781487,0.0640142634511,-0.0350760146976
6945,363,1,3,0.0530881434679,0.0163250435144,0.0511117130518,0.0247849524021,-0.0263267606497
6946,248,3,8,0.0292209237814,0.0335446484387,0.830354392529,0.705259740353,-0.125094652176
6947,352,2,6,0.0811729282141,0.0333593301475,0.620909631252,0.306183308363,-0.314726322889
6948,332,2,6,0.0896644815803,0.0335124544799,0.763880848885,0.403835684061,-0.360045164824
6949,1579,3,8,0.0837425813079,0.0402436368167,0.506679534912,0.320135444403,-0.186544090509
6952,501,1,6,0.0515379309654,0.0164006073028,0.190823480487,0.203283771873,0.0124602913857
6953,3979,4,26,0.0762579515576,0.0252896193415,0.156593456864,0.0512758493423,-0.105317607522
6954,69,4,7,0.0642167106271,0.00751724187285,0.0534069053829,0.0893756449223,0.0359687395394
6955,8761,4,10,0.0923459902406,0.0313129536808,0.423298805952,0.138261377811,-0.285037428141
6956,1020,1,4,0.0539113022387,0.0061825029552,0.118826575577,0.0634096115828,-0.0554169639945
6958,731,2,2,0.201094463468,0.0390507690609,0.613166868687,0.134644597769,-0.478522270918
6959,718,1,2,0.055070579052,0.0211157109588,0.0805205702782,0.0537011660635,-0.0268194042146
6960,6033,1,7,0.0814502835274,0.00928644929081,0.547841191292,0.212874934077,-0.334966242313
6961,7100,4,25,0.069672703743,0.0311179123819,0.539227485657,0.291249006987,-0.24797847867
6962,5608,4,2,0.0830460041761,0.0402954481542,0.0181006398052,0.0293769929558,0.0112763531506
6963,9068,7,17,0.056154858321,0.00546422321349,0.00981932505965,0.0099419131875,0.000122588127851
6964,6445,3,2,0.0566300600767,0.0135155664757,0.0396059341729,0.0607974343002,0.0211915001273
6965,8186,4,2,0.0473992079496,0.0067502851598,0.0841122791171,0.102071486413,0.0179592072964
6966,7262,3,4,0.106319375336,0.0190088991076,0.0203130207956,0.048421189189,0.0281081683934
6968,6295,1,5,0.058656424284,0.010800733231,0.00775131070986,0.0119240162894,0.00417270557955
6969,6292,2,9,0.0990903377533,0.0169518217444,0.740337193012,0.346730709076,-0.393606483936
6970,6429,3,3,0.0349168814719,0.014732378535,0.287124633789,0.235465168953,-0.0516594648361
6971,576,1,3,0.0760292857885,0.0216556675732,0.0165659338236,0.0603143274784,0.0437483936548
6972,3399,3,4,0.085074685514,0.0231878273189,0.0673591792583,0.0757993161678,0.00844013690948
6973,6533,2,9,0.083580262959,0.03905736655,0.0495917983353,0.130095303059,0.0805035084486
6974,293,3,13,0.0884273275733,0.0236312877387,0.232391491532,0.371897220612,0.139505729079
6975,198,1,4,0.0285721179098,0.00435852166265,0.030988227576,0.0509154051542,0.0199271775782
6976,8582,1,3,0.0542036853731,0.0247998088598,0.0169928949326,0.0153345698491,-0.00165832508355
6977,6493,1,4,0.0602477639914,0.0100530404598,0.297320693731,0.169209882617,-0.128110811114
6978,600,6,5,0.0846009626985,0.0396784730256,0.00452963775024,0.0127454297617,0.00821579247713
6979,7134,4,11,0.124011479318,0.0283209867775,0.0128474729136,0.0228230133653,0.00997554045171
6981,3297,1,6,0.0909786820412,0.0183544401079,0.021335048601,0.0421085804701,0.0207735318691
6982,2820,1,4,0.0391231961548,0.0144119085744,0.964819550514,0.800597965717,-0.164221584797
6983,913,1,3,0.0543919093907,0.00891571678221,0.0150731718168,0.0183249786496,0.00325180683285
6984,666,3,7,0.0368762537837,0.0201658941805,0.476533651352,0.419281572104,-0.0572520792484
6985,704,3,1,0.0495906360447,0.0130626466125,0.0652555152774,0.0392072461545,-0.0260482691228
6987,7847,4,3,0.0538563840091,0.0101700946689,0.0324527323246,0.0286639314145,-0.00378880091012
6988,5266,2,5,0.0577225647867,0.00790927931666,0.260437428951,0.264952450991,0.00451502203941
6989,6656,5,5,0.0522696189582,0.0117321340367,0.0178717449307,0.00861524511129,-0.00925649981946
6990,4969,2,7,0.0539656989276,0.00771219749004,0.0893138125539,0.0354761555791,-0.0538376569748
6991,4272,1,7,0.0415391810238,0.0138657856733,0.27328851819,0.208136916161,-0.0651516020298
6992,1263,1,11,0.0966057404876,0.0324998311698,0.436605721712,0.207584440708,-0.229021281004
6993,8729,1,3,0.0488912649453,0.00773265399039,0.0724585652351,0.0560964755714,-0.0163620896637
6994,744,1,3,0.124893933535,0.0565384738147,0.106406114995,0.154229432344,0.047823317349
6995,5788,1,6,0.0580685846508,0.0168584957719,0.0851850658655,0.0767926573753,-0.00839240849018
6996,9123,3,4,0.0684353932738,0.0281728487462,0.047154340893,0.0336909405887,-0.0134634003043
6998,2080,3,9,0.0625240728259,0.00962281692773,0.0863905400038,0.0820879340172,-0.0043026059866
6999,1174,4,3,0.103832356632,0.006621892564,0.21154756844,0.0653343275189,-0.146213233471
7000,743,2,7,0.061105966568,0.0125539405271,0.0125387227163,0.018260717392,0.0057219946757
7001,8585,1,2,0.03381479159,0.00899267755449,0.148819103837,0.0961046740413,-0.0527144297957
7002,8578,2,7,0.0867270752788,0.0206469856203,0.0414980873466,0.0294491648674,-0.0120489224792
7003,4177,5,6,0.0465440563858,0.00677528046072,0.0109973913059,0.0161275118589,0.00513012055308
7004,1145,9,10,0.0691706463695,0.0235014781356,0.26313662529,0.167212888598,-0.0959237366915
7005,8009,1,9,0.0539703182876,0.0230749212205,0.631433606148,0.407680541277,-0.223753064871
7007,6584,2,5,0.0420532673597,0.00617929175496,0.183709710836,0.126396670938,-0.0573130398989
7008,7670,1,2,0.0578767172992,0.00906863808632,0.0102037731558,0.0126747889444,0.00247101578861
7009,638,1,5,0.0615301430225,0.0138902263716,0.46172568202,0.190659508109,-0.271066188812
7010,8587,1,4,0.0644916668534,0.0349779315293,0.0843262150884,0.0454297475517,-0.0388964675367
7011,3403,1,5,0.056946143508,0.0167043246329,0.0736161768436,0.123376645148,0.0497604683042
7012,4282,3,4,0.0331178195775,0.00879756174982,0.132540747523,0.0882994756103,-0.0442412719131
7013,2464,5,3,0.047421336174,0.0181166995317,0.0034573962912,0.00323346140794,-0.000223934883252
7014,301,3,5,0.0569860748947,0.0179051663727,0.0385876521468,0.0401607193053,0.00157306715846
7015,2970,1,7,0.0411171391606,0.0119107533246,0.0501816011965,0.037745360285,-0.0124362409115
7016,577,2,6,0.0427527539432,0.0154543174431,0.21292924881,0.162899836898,-0.050029411912
7017,3065,1,8,0.0755175575614,0.0435927286744,0.201051041484,0.1009561643,-0.100094877183
7018,5541,2,4,0.0689420104027,0.0210730340332,0.133355304599,0.0506251864135,-0.08273011446
7019,4093,3,13,0.0842952430248,0.0566674433649,0.00839815288782,0.00813558232039,-0.000262570567429
7022,8097,5,10,0.085609100759,0.0191051736474,0.0644413530827,0.0716332569718,0.00719190388918
7023,6466,4,5,0.0669563040137,0.0192849487066,0.146334275603,0.0495079271495,-0.0968263447285
7024,1200,2,8,0.119746588171,0.0658489465714,0.57036447525,0.229000449181,-0.34136402607
7025,5026,3,10,0.0555820576847,0.0254298374057,0.0641944259405,0.0298352688551,-0.0343591570854
7026,7933,3,7,0.0838932618499,0.013920949772,0.0875217467546,0.0798687264323,-0.00765302032232
7027,3257,3,5,0.0612141788006,0.00682721287012,0.0201534889638,0.014014727436,-0.00613876152784
7028,4961,1,11,0.0512733310461,0.0306072253734,0.912202894688,0.702946662903,-0.209256231785
7029,1873,2,1,0.0672249719501,0.0112956063822,0.0217863731086,0.0129930889234,-0.00879328418523
7030,6864,2,10,0.132910311222,0.039394211024,0.0344893969595,0.0406129024923,0.00612350553274
7031,3198,2,10,0.0995489284396,0.029692882672,0.37441894412,0.0881187692285,-0.286300182343
7032,4325,1,5,0.0696326568723,0.0521716922522,0.993991672993,0.796301066875,-0.197690606117
7034,5234,2,6,0.0574992783368,0.00229982915334,0.499103784561,0.308520644903,-0.190583139658
7036,450,3,3,0.14597094059,0.0838588699698,0.655834078789,0.25275555253,-0.403078526258
7037,205,3,1,0.0460881106555,0.00902847200632,0.280482709408,0.30084130168,0.0203585922718
7038,5668,2,9,0.0654707178473,0.0333581194282,0.0625553801656,0.0426065027714,-0.0199488773942
7039,434,1,6,0.100512750447,0.090455070138,0.915108680725,0.58709859848,-0.328010082245
7040,300,3,5,0.0745815560222,0.0126897906885,0.103492699564,0.0698186382651,-0.0336740612984
7041,1249,3,4,0.12567396462,0.0950639098883,0.147564530373,0.37209919095,0.224534660578
7042,208,1,5,0.0262160096318,0.00945430062711,0.742857217789,0.592110812664,-0.150746405125
7043,2779,1,9,0.0558681041002,0.0261659007519,0.0230706837028,0.0260179489851,0.00294726528227
7044,2718,3,7,0.0573868863285,0.0168499797583,0.264290422201,0.0899029001594,-0.174387514591
7045,3225,3,4,0.0680190771818,0.00958524085581,0.0437382906675,0.0421344302595,-0.00160386040807
7046,5480,1,3,0.0492348112166,0.00881314929575,0.19520175457,0.134586974978,-0.0606147795916
7047,1730,2,8,0.0381854139268,0.0132934665307,0.0569131150842,0.0591742992401,0.00226118415594
7048,2574,12,35,0.0656249448657,0.0453108996153,0.717108011246,0.394934564829,-0.322173446417
7049,3944,4,7,0.0133009413257,0.00666123814881,0.922354221344,0.877834141254,-0.0445200800896
7051,4485,13,43,0.0454749949276,0.0305211711675,0.123280644417,0.235746368766,0.112465724349
7052,8719,3,6,0.0586373843253,0.0204623769969,0.0971900224686,0.0652967020869,-0.0318933203816
7053,4010,1,3,0.0579999275506,0.0068212589249,0.0844869464636,0.0918737351894,0.00738678872585
7054,313,1,5,0.0256631281227,0.00595215521753,0.503594338894,0.646593511105,0.142999172211
7055,1754,3,5,0.045430958271,0.00803781952709,0.102808199823,0.0949107632041,-0.0078974366188
7056,144,2,5,0.115990489721,0.0587696842849,0.991437494755,0.675774633884,-0.31566286087
7057,7240,2,10,0.0528341121972,0.024444418028,0.529481947422,0.326880246401,-0.202601701021
7058,8162,3,9,0.0494664423168,0.0176291260868,0.12197753787,0.163515046239,0.0415375083685
7059,3452,3,3,0.0503349788487,0.0219630692154,0.437755376101,0.255387932062,-0.182367444038
7060,5835,2,11,0.0628777071834,0.0152441794053,0.416912704706,0.294655889273,-0.122256815434
7061,7331,2,3,0.0893807038665,0.0104668624699,0.0142265707254,0.00861040595919,-0.00561616476625
7062,7847,2,6,0.0790058523417,0.00640374887735,0.292648941278,0.0985879525542,-0.194060981274
7064,5263,2,3,0.0531719923019,0.0345362275839,0.90134626627,0.674691021442,-0.226655244827
7065,2229,1,10,0.0641237571836,0.0188010688871,0.0310750100762,0.0318057648838,0.000730754807591
7066,2229,3,5,0.0505716688931,0.0156019153073,0.0763486623764,0.0859245285392,0.00957586616278
7067,3890,2,4,0.0680252537131,0.0112823452801,0.0223166849464,0.0387006253004,0.016383940354
7068,1130,7,20,0.0690221115947,0.0136446170509,0.216342240572,0.133757516742,-0.0825847238302
7069,967,2,11,0.0609987489879,0.0137053150684,0.203980624676,0.26675760746,0.0627769827843
7071,3324,4,17,0.158992618322,0.0438209027052,0.883434653282,0.379645258188,-0.503789424896
7072,3386,2,9,0.041701760143,0.0137700950727,0.0741304680705,0.0747034177184,0.000572949647903
7073,8022,3,7,0.0354076214135,0.00915784854442,0.487944841385,0.44250702858,-0.0454378128052
7074,1468,1,9,0.0696918815374,0.0148730538785,0.0862240344286,0.202010795474,0.115786761045
7075,2262,7,30,0.0696244314313,0.0406763143837,0.0208444930613,0.0378485433757,0.0170040503144
7077,303,2,6,0.0444777011871,0.015903480351,0.109229817986,0.188760384917,0.0795305669308
7078,439,1,5,0.0523839443922,0.031356960535,0.259049803019,0.228560194373,-0.0304896086454
7079,612,3,7,0.0138817867264,0.00355132319964,0.894191026688,0.802266776562,-0.0919242501259
7080,8657,1,9,0.0483783446252,0.0257502365857,0.647801995277,0.490572363138,-0.157229632139
7081,5155,3,6,0.051390349865,0.00430668331683,0.276713877916,0.332649737597,0.0559358596802
7082,1525,1,2,0.0513976328075,0.0126080084592,0.0314118117094,0.0707474127412,0.0393356010318
7084,5379,4,5,0.0378790572286,0.0115247806534,0.0826552584767,0.109908074141,0.0272528156638
7085,1392,4,5,0.0644212737679,0.0208678543568,0.0894562974572,0.0582084544003,-0.0312478430569
7086,4857,5,19,0.137845546007,0.0389490164816,0.914432823658,0.513970851898,-0.40046197176
7087,4707,3,7,0.0629070177674,0.00967202614993,0.2014413625,0.291524231434,0.0900828689337
7088,5400,3,2,0.0696737840772,0.0250791274011,0.0139653915539,0.0189282409847,0.00496284943074
7089,8525,1,10,0.127833470702,0.0505699031055,0.540860831738,0.148587882519,-0.392272949219
7090,1212,6,6,0.137309893966,0.0364639982581,0.0361885800958,0.107147924602,0.0709593445063
7091,915,3,13,0.0444837212563,0.0142631158233,0.211854338646,0.18300370872,-0.0288506299257
7092,1156,1,6,0.102890945971,0.0370124876499,0.620259344578,0.283909648657,-0.336349695921
7094,2833,8,20,0.0617569386959,0.0210222210735,0.065243281424,0.179571703076,0.114328421652
7095,7630,3,18,0.0467864573002,0.00859432946891,0.409630894661,0.254073351622,-0.155557543039
7097,6566,3,2,0.0643619373441,0.00944626238197,0.0364857465029,0.0333451665938,-0.00314057990909
7098,284,4,10,0.0774734094739,0.0406063050032,0.844522058964,0.532816648483,-0.31170541048
7099,108,3,3,0.064013697207,0.0453838035464,0.0522764995694,0.164144217968,0.111867718399
7100,1330,4,6,0.0441738069057,0.0148293059319,0.121002882719,0.223466336727,0.102463454008
7101,4126,2,5,0.0664682090282,0.03718566522,0.0458047948778,0.0213842894882,-0.0244205053896
7103,5333,5,3,0.068660646677,0.03576964885,0.202841743827,0.06672244519,-0.136119306087
7104,5333,1,7,0.033574488014,0.00275874091312,0.195735096931,0.225446283817,0.0297111868858
7105,6207,2,8,0.0558707416058,0.0131031870842,0.185444757342,0.0940559878945,-0.0913887694478
7106,286,1,1,0.0750514045358,0.0179251879454,0.0646028667688,0.115065209568,0.0504623427987
7107,1078,1,4,0.0471946336329,0.0122213754803,0.0973183885217,0.215334221721,0.118015833199
7108,293,1,8,0.0646287202835,0.0114252977073,0.343259096146,0.212758615613,-0.130500480533
7109,1560,2,6,0.0312221497297,0.0126314042136,0.497168511152,0.315900295973,-0.181268215179
7110,577,3,9,0.0172376092523,0.0127247963101,0.78110486269,0.705077111721,-0.0760277509689
7111,292,5,5,0.0378965251148,0.0172093771398,0.48425874114,0.381307095289,-0.102951645851
7112,326,2,8,0.094119489193,0.0158179998398,0.806301951408,0.42096555233,-0.385336399078
7113,207,4,5,0.0373507253826,0.0182192083448,0.486220240593,0.38461330533,-0.101606935263
7114,5164,6,17,0.0302119404078,0.00311577413231,0.0031402753666,0.00622448930517,0.00308421393856
7115,1197,3,3,0.0389196611941,0.00996476598084,0.0146963801235,0.0141673116013,-0.000529068522155
7116,5641,2,6,0.0409512482584,0.022215642035,0.124852828681,0.152527436614,0.0276746079326
7117,8020,5,13,0.0406344793737,0.0105795469135,0.353353261948,0.221541568637,-0.131811693311
7118,5225,2,9,0.0302483718842,0.0194158777595,0.0583134517074,0.0506452769041,-0.00766817480326
7119,7242,4,7,0.0437220297754,0.0107651650906,0.0450173802674,0.0321764834225,-0.0128408968449
7121,3430,1,13,0.0410146303475,0.0177925433964,0.0114210760221,0.0106622772291,-0.000758798792958
7122,6900,5,11,0.0792209580541,0.0212053358555,0.338332593441,0.100359044969,-0.237973541021
7123,1957,3,12,0.113152116537,0.0248441584408,0.382927954197,0.0888212919235,-0.294106662273
7124,5,1,5,0.0661406815052,0.00398572906852,0.141140073538,0.217410430312,0.0762703567743
7125,1601,1,19,0.049503237009,0.00962989125401,0.186004027724,0.262350678444,0.0763466507196
7126,5157,1,5,0.0375152267516,0.0040714526549,0.160185292363,0.144928559661,-0.0152567327023
7128,561,2,6,0.0513791888952,0.0245744865388,0.240872740746,0.413228273392,0.172355532646
7129,490,4,10,0.0526763238013,0.0155185041949,0.227491304278,0.21058358252,-0.0169077217579
7131,704,1,3,0.0610371083021,0.0312404129654,0.0450348630548,0.069942317903,0.0249074548483
7132,700,2,9,0.0986213162541,0.0290248952806,0.922670066357,0.571547687054,-0.351122379303
7133,3261,2,5,0.0630975440145,0.018774561584,0.371868878603,0.220558717847,-0.151310160756
7134,471,1,5,0.0326209105551,0.0162067953497,0.340419918299,0.24891333282,-0.0915065854788
7135,3261,2,4,0.133727267385,0.0504124723375,0.5642182827,0.221055373549,-0.343162894249
7136,6362,4,3,0.0406714975834,0.00215481431223,0.127900078893,0.0833467468619,-0.0445533320308
7137,6891,4,7,0.0906378552318,0.00485085509717,0.0258171930909,0.0107415663078,-0.0150756267831
7138,3533,1,7,0.0757374763489,0.0261713452637,0.0375153124332,0.0479893200099,0.0104740075767
7139,1439,2,11,0.0899620056152,0.0127844251692,0.0183016713709,0.025460595265,0.00715892389417
7140,6071,4,15,0.0368753559887,0.00872240401804,0.533363163471,0.540646970272,0.00728380680084
7141,259,1,2,0.0624147616327,0.0152196381241,0.0695923045278,0.0865890309215,0.0169967263937
7142,567,2,4,0.0829888954759,0.0417087264359,0.0927917063236,0.150784552097,0.0579928457737
7143,7144,3,12,0.0765000283718,0.0263292882591,0.305407255888,0.104875177145,-0.200532078743
7145,798,5,13,0.0782335028052,0.0204548146576,0.0344006121159,0.0477310530841,0.0133304409683
7146,8017,2,6,0.0570055432618,0.0276723057032,0.16720199585,0.137432202697,-0.0297697931528
7147,7784,3,8,0.0329634211957,0.0164829362184,0.685035288334,0.60458368063,-0.0804516077042
7148,5263,7,12,0.0252286493778,0.00707011949271,0.0553130768239,0.0910377278924,0.0357246510684
7149,2783,1,5,0.0908312797546,0.0300874542445,0.0849176868796,0.0452156215906,-0.039702065289
7150,4975,5,5,0.0468213893473,0.0262816119939,0.643865287304,0.612095236778,-0.0317700505257
7152,7404,2,2,0.0799561217427,0.0111872842535,0.0977754965425,0.0471603982151,-0.0506150983274
7153,5333,5,9,0.0509368143976,0.0426691249013,0.616060972214,0.520951449871,-0.0951095223427
7155,613,6,10,0.0496898777783,0.0119022568688,0.990656614304,0.82726764679,-0.163388967514
7156,4317,3,2,0.0438497662544,0.00484290486202,0.085031658411,0.0421178676188,-0.0429137907922
7157,2906,1,3,0.0574417859316,0.0211400147527,0.141566842794,0.116260252893,-0.0253065899014
7158,3009,3,8,0.0199965015054,0.00520596466959,0.986677408218,0.903017818928,-0.0836595892906
7159,1474,2,8,0.065302066505,0.0354764200747,0.0412962883711,0.0742257535458,0.0329294651747
7160,5584,4,16,0.0602362640202,0.0466981828213,0.0478184223175,0.151914849877,0.10409642756
7161,4461,6,4,0.0490237735212,0.0154385017231,0.0383595898747,0.133482396603,0.0951228067279
7162,771,3,2,0.0656186267734,0.0133657064289,0.668926000595,0.35734757781,-0.311578422785
7164,3089,2,3,0.0792835131288,0.0125045748428,0.819375872612,0.465793371201,-0.353582501411
7165,761,4,23,0.0249828100204,0.0169018674642,0.755846619606,0.667817294598,-0.0880293250084
7166,4952,2,10,0.0801037251949,0.0151466988027,0.0518524795771,0.0489117540419,-0.00294072553515
7167,6653,8,14,0.0638315603137,0.0260927882046,0.285985261202,0.239813670516,-0.0461715906858
7168,3226,2,8,0.0901586934924,0.0413168333471,0.134004220366,0.133446827531,-0.000557392835617
7169,4519,3,10,0.0509796440601,0.0165598075837,0.0743841901422,0.101584494114,0.0272003039718
7170,1293,1,7,0.0645442679524,0.0218522045761,0.178149625659,0.119670957327,-0.0584786683321
7171,1113,2,9,0.0487995035946,0.0114390654489,0.0502005741,0.0451365411282,-0.00506403297186
7172,1214,2,10,0.0888762101531,0.0184350684285,0.0653365254402,0.102638296783,0.0373017713428
7173,6108,1,3,0.0553725324571,0.010230162181,0.0169889759272,0.0225533396006,0.00556436367333
7174,3002,6,4,0.0386694557965,0.00956814270467,0.551197230816,0.64380723238,0.092610001564
7175,9001,1,6,0.0685477033257,0.0171907581389,0.274695158005,0.0844091176987,-0.190286040306
7176,2675,4,2,0.0409374646842,0.0070096408017,0.0584928356111,0.117246069014,0.058753233403
7177,204,1,3,0.0336441509426,0.0154199562967,0.399902552366,0.288679748774,-0.111222803593
7178,1629,2,2,0.0421590022743,0.00833510607481,0.0549827180803,0.105441920459,0.050459202379
7180,7720,3,4,0.0674193874002,0.0103288590908,0.129916325212,0.234144166112,0.1042278409
7181,4921,2,5,0.0423079319298,0.00696053402498,0.0248685460538,0.0459978878498,0.021129341796
7183,5664,1,5,0.0402363687754,0.0123708229512,0.1600869596,0.112446010113,-0.0476409494877
7184,8929,6,5,0.066422007978,0.0132101280615,0.151691541076,0.111738853157,-0.0399526879191
7186,4106,1,7,0.0741741210222,0.0199737139046,0.395236819983,0.267806529999,-0.127430289984
7187,52,5,6,0.0288256462663,0.00728048942983,0.365750789642,0.363296180964,-0.00245460867882
7190,563,1,4,0.139616787434,0.0104682855308,0.05419235304,0.148855119944,0.0946627706289
7191,439,1,5,0.0230435375124,0.00594685226679,0.688222765923,0.58908867836,-0.0991340875626
7192,2925,2,5,0.0512265264988,0.0184071213007,0.283444166183,0.150240465999,-0.133203700185
7193,3562,1,11,0.028794972226,0.00884038489312,0.280811160803,0.236541748047,-0.044269412756
7194,3109,2,9,0.0193581879139,0.00449040252715,0.401979744434,0.349870920181,-0.0521088242531
7195,4491,4,3,0.0803480148315,0.0301548354328,0.0268487650901,0.0816250890493,0.0547763258219
7196,326,3,10,0.0539978332818,0.0303054135293,0.359716713428,0.295960426331,-0.0637562870979
7197,9128,4,16,0.0728928074241,0.0376288741827,0.026578379795,0.163400217891,0.136821836233
7198,2026,4,9,0.0307058617473,0.00630778400227,0.15708835423,0.199583292007,0.0424949377775
7199,4772,4,13,0.0811673626304,0.0330600105226,0.0591304861009,0.097009845078,0.0378793589771
7200,4448,2,6,0.0289247538894,0.00837594270706,0.122241608799,0.137037649751,0.0147960409522
7202,3912,1,5,0.0562848486006,0.00844688061625,0.0761449038982,0.0557784698904,-0.0203664340079
7203,2616,1,6,0.0827154293656,0.0328396931291,0.29901906848,0.219663858414,-0.0793552100658
7204,6571,6,11,0.0522911436856,0.0209601782262,0.268278896809,0.184801653028,-0.0834772437811
7205,234,1,9,0.0841058716178,0.00888695754111,0.278598845005,0.079639673233,-0.198959171772
7206,2904,3,7,0.0379782803357,0.00551854725927,0.13572627306,0.133255556226,-0.00247071683407
7207,131,7,14,0.0340878926218,0.0179265346378,0.70142608881,0.652296125889,-0.0491299629211
7208,436,6,9,0.0984136685729,0.0281341131777,0.682168185711,0.34842517972,-0.333743005991
7209,1002,1,8,0.111937940121,0.0413896664977,0.067142739892,0.242930099368,0.175787359476
7210,5655,9,10,0.159674361348,0.0212590359151,0.618297755718,0.193747505546,-0.424550235271
7211,1422,1,5,0.0511654429138,0.0108735766262,0.0698761716485,0.0537188537419,-0.0161573179066
7212,6837,1,9,0.0677696540952,0.0129078896716,0.0667926892638,0.078124307096,0.0113316178322
7213,8646,3,4,0.0508444793522,0.0123073086143,0.014182982035,0.0215645786375,0.0073815966025
7214,9095,4,17,0.0540422350168,0.0249380189925,0.00361167755909,0.0230674743652,0.0194557961076
7215,1044,1,7,0.0425215773284,0.0210524890572,0.0141165424138,0.0418273247778,0.027710782364
7216,3755,5,7,0.0519076101482,0.0159790553153,0.089664593339,0.0539609901607,-0.0357036031783
7218,6698,1,7,0.0440316312015,0.00479191588238,0.0272130314261,0.0372866950929,0.0100736636668
7219,497,2,4,0.0267438944429,0.0220620576292,0.857151925564,0.738070785999,-0.119081139565
7220,471,2,3,0.0906052365899,0.0278561636806,0.241688787937,0.192425087094,-0.0492637008429
7221,589,4,4,0.0958606004715,0.0401342920959,0.233563616872,0.455993562937,0.222429946065
7223,789,3,7,0.0882842764258,0.0108206868172,0.119724117219,0.103636600077,-0.0160875171423
7224,5700,1,3,0.0592405386269,0.0088292369619,0.0591362938285,0.0519791729748,-0.00715712085366
7225,9171,3,8,0.0560833327472,0.0189245659858,0.130273163319,0.191001191735,0.0607280284166
7226,7874,1,9,0.05732569471,0.0201429314911,0.134768679738,0.168798372149,0.0340296924114
7227,6664,4,5,0.0515477359295,0.0136959934607,0.19151827693,0.0971071943641,-0.0944110825658
7228,3503,2,3,0.0653676241636,0.00502493930981,0.315915822983,0.293007254601,-0.0229085683823
7229,8571,1,12,0.0190671961755,0.00734458910301,0.867432117462,0.747095525265,-0.120336592197
7230,5932,2,5,0.0786126554012,0.00408445578068,0.0853186845779,0.116502135992,0.0311834514141
7231,5322,3,8,0.0808843076229,0.0313330367208,0.243364214897,0.116109244525,-0.127254962921
7232,912,2,8,0.059441536665,0.013690399006,0.407112568617,0.260228604078,-0.146883964539
7233,2888,5,3,0.118461124599,0.0307398065925,0.00865750480443,0.0270542874932,0.0183967836201
7234,3248,3,9,0.10475564003,0.034860599786,0.626709520817,0.29069224,-0.336017280817
7235,134,3,8,0.0945532917976,0.0454343706369,0.337272047997,0.536904811859,0.199632763863
7236,211,4,3,0.0583678670228,0.0304516907781,0.147718638182,0.0523961782455,-0.0953224599361
7237,1017,3,5,0.0859056040645,0.0442491471767,0.700430989265,0.370614022017,-0.329816967249
7238,2449,1,2,0.0525270886719,0.0100248735398,0.00598896574229,0.00403004186228,-0.00195892388001
7239,1678,4,15,0.114660538733,0.0409283973277,0.0450418367982,0.110231749713,0.0651899129152
7241,534,1,6,0.0433249361813,0.0257687885314,0.672342836857,0.501597166061,-0.170745670795
7242,460,3,3,0.0595563016832,0.0195565596223,0.21141898632,0.0944404676557,-0.116978518665
7243,3354,5,8,0.0582915432751,0.0222867038101,0.20514754951,0.130427092314,-0.0747204571962
7244,1319,1,7,0.0841561630368,0.0374250859022,0.13120187819,0.183385297656,0.052183419466
7245,1317,1,13,0.0375959202647,0.023102639243,0.0797297507524,0.173858955503,0.0941292047501
7246,1400,2,11,0.0638217255473,0.0323825962842,0.343042969704,0.189579948783,-0.153463020921
7247,6076,3,5,0.0599855445325,0.0286138430238,0.0536456480622,0.0483177118003,-0.00532793626189
7248,5923,2,8,0.0615901201963,0.00544386031106,0.0619374103844,0.0887409448624,0.0268035344779
7249,1169,3,3,0.0608644783497,0.0172658376396,0.0215052794665,0.0302619934082,0.00875671394169
7250,349,1,4,0.0154103962705,0.00376672903076,0.218022450805,0.17381028831,-0.0442121624947
7251,3366,1,5,0.0730020701885,0.0298226531595,0.0183229912072,0.0523993037641,0.0340763106942
7252,2976,3,3,0.0495941452682,0.0151889268309,0.0668871477246,0.0639513209462,-0.00293582677841
7253,1294,2,4,0.0515653602779,0.00935809221119,0.0168820433319,0.0281871780753,0.0113051347435
7254,434,3,6,0.0501264370978,0.0238490775228,0.34504917264,0.150599196553,-0.194449976087
7255,7852,4,4,0.0525697730482,0.00614739861339,0.114113941789,0.113237597048,-0.000876344740391
7256,1467,4,3,0.0740581527352,0.0228565763682,0.0416216999292,0.125390812755,0.0837691128254
7257,7504,2,4,0.0609490163624,0.00950305350125,0.0780073702335,0.0516325049102,-0.0263748653233
7258,6884,3,4,0.0630858913064,0.00126067514066,0.191226288676,0.12168610096,-0.0695401877165
7259,2469,1,11,0.026677435264,0.00198897602968,0.243372634053,0.247508272529,0.00413563847542
7260,5610,1,4,0.0627005472779,0.025562511757,0.572857201099,0.357039004564,-0.215818196535
7261,617,2,8,0.0633110925555,0.0427694953978,0.0405367203057,0.0564059205353,0.0158692002296
7262,6596,1,2,0.0556073598564,0.00648415926844,0.131334543228,0.111272573471,-0.0200619697571
7264,267,5,4,0.0485680811107,0.0207082461566,0.47531196475,0.310202181339,-0.165109783411
7265,4412,3,4,0.0399774424732,0.0122449761257,0.0755376145244,0.0891424044967,0.0136047899723
7266,849,1,4,0.0584250986576,0.0159363355488,0.0397018305957,0.0962758883834,0.0565740577877
7267,211,1,3,0.0621657557786,0.0139676360413,0.339652568102,0.116368532181,-0.223284035921
7269,1650,2,8,0.0398059748113,0.00540616782382,0.0847676023841,0.0740033760667,-0.0107642263174
7270,3225,1,14,0.02722787112,0.0052996953018,0.0196221340448,0.0398112870753,0.0201891530305
7271,261,2,7,0.0301345810294,0.0117679843679,0.200716361403,0.315174549818,0.114458188415
7272,1477,1,4,0.0843791365623,0.0347210727632,0.0377458892763,0.0558771044016,0.0181312151253
7273,437,2,6,0.0348400510848,0.0073540401645,0.775301456451,0.627537667751,-0.1477637887
7274,4319,3,2,0.0597647726536,0.0445274487138,0.981761813164,0.784060776234,-0.19770103693
7275,4476,3,3,0.0727665647864,0.0418532155454,0.104898914695,0.248797789216,0.143898874521
7276,6066,2,7,0.0800435170531,0.0274368561804,0.52854591608,0.238099619746,-0.290446281433
7277,8580,3,4,0.11547229439,0.026155166328,0.048471365124,0.0446076206863,-0.00386374443769
7278,1483,4,11,0.053529471159,0.0286833178252,0.175838783383,0.177765801549,0.00192701816559
7279,5769,4,5,0.0574095360935,0.00855307839811,0.245482608676,0.2650141716,0.0195315629244
7280,1273,8,15,0.0581984631717,0.0196062549949,0.590228617191,0.362218946218,-0.228009670973
7281,7075,2,9,0.0638363882899,0.00396904535592,0.605447411537,0.346533149481,-0.258914262056
7282,1263,2,7,0.0401348210871,0.018979486078,0.982630193233,0.838806450367,-0.143823742867
7284,1275,2,6,0.0912674665451,0.0288871396333,0.6755387187,0.320645332336,-0.354893386364
7285,3373,4,7,0.0536493957043,0.0158461257815,0.457112878561,0.226470351219,-0.230642527342
7286,412,2,3,0.100262366235,0.0130778420717,0.752798557281,0.349417567253,-0.403380990028
7287,5333,1,12,0.056680470705,0.012935988605,0.372912585735,0.321492701769,-0.0514198839664
7288,2567,2,5,0.0553171634674,0.016331737861,0.0213623680174,0.0222625378519,0.000900169834495
7289,8392,2,13,0.0767457708716,0.0168760139495,0.1241678074,0.356604963541,0.232437163591
7290,8994,1,8,0.0367074348032,0.00654301419854,0.0214738529176,0.0132072055712,-0.00826664734632
7291,1668,3,4,0.0606928579509,0.0190287809819,0.0893287137151,0.0496796481311,-0.0396490655839
7292,4757,3,4,0.0668813064694,0.0121178999543,0.0391575098038,0.0587181039155,0.0195605941117
7295,170,4,6,0.0788066312671,0.0260799881071,0.7503054142,0.422541737556,-0.327763676643
7296,237,2,4,0.111451454461,0.0496242679656,0.523433446884,0.183003440499,-0.340430021286
7297,405,4,13,0.066134519875,0.0146323749796,0.0384631641209,0.0467028319836,0.00823966786265
7299,5625,4,2,0.0495165251195,0.0150473713875,0.100566782057,0.0633454844356,-0.0372212976217
7301,602,3,6,0.0455241315067,0.0134702436626,0.928397715092,0.725409507751,-0.20298820734
7302,861,1,5,0.0549608469009,0.0216331426054,0.149209171534,0.152431771159,0.00322259962559
7303,572,1,3,0.0526553653181,0.0218559987843,0.0271152239293,0.0435967929661,0.0164815690368
7304,914,1,5,0.0399384684861,0.0281767453998,0.0258335731924,0.0366823151708,0.0108487419784
7305,3385,1,4,0.100153952837,0.0246930029243,0.354835391045,0.0946469902992,-0.260188400745
7306,8889,4,10,0.101810522377,0.0169271081686,0.0514293387532,0.0191247146577,-0.0323046222329
7307,3987,1,10,0.0576320290565,0.0101049942896,0.00318416114897,0.00612201867625,0.00293785752729
7308,3282,3,6,0.141197696328,0.0264288578182,0.526581823826,0.113059975207,-0.41352185607
7309,3947,2,12,0.0484819374979,0.00426236726344,0.0250924117863,0.0445403046906,0.0194478929043
7310,5845,1,4,0.0465979762375,0.0059748631902,0.0569060184062,0.0659989863634,0.00909296795726
7312,8257,4,3,0.124988794327,0.0132913775742,0.313895702362,0.43405392766,0.120158225298
7313,1184,3,5,0.0767539814115,0.0175493583083,0.0531040839851,0.0244196280837,-0.0286844559014
7314,5033,2,3,0.0607437193394,0.0209269486368,0.11616948247,0.156332984567,0.0401635020971
7315,2849,2,3,0.0520878024399,0.0351094342768,0.0649861469865,0.0743505954742,0.00936444848776
7316,4350,3,11,0.163591995835,0.0307440627366,0.958179414272,0.485208660364,-0.472970753908
7318,3186,4,7,0.0994758084416,0.0958048328757,0.0476563982666,0.0258540157229,-0.0218023825437
7319,2525,8,18,0.0509256608784,0.00493861734867,0.15988150239,0.169866621494,0.00998511910439
7321,8164,5,7,0.0532888881862,0.0320826135576,0.00866860803217,0.0271485690027,0.0184799619019
7322,1192,2,11,0.0668016821146,0.0176652502269,0.150293573737,0.0702905654907,-0.0800030082464
7323,2046,2,2,0.0576123632491,0.021336786449,0.0853811353445,0.192255780101,0.106874644756
7324,8169,1,9,0.0525708831847,0.01490558777,0.0918244123459,0.0575754158199,-0.034248996526
7327,1555,3,3,0.0707107335329,0.0417146384716,0.319740474224,0.294465750456,-0.0252747237682
7328,5119,2,10,0.0377481617033,0.0152953630313,0.0256083477288,0.0595812499523,0.0339729040861
7329,5663,2,4,0.123764880002,0.0519870333374,0.474129587412,0.153596371412,-0.320533216
7330,1674,3,5,0.0482202656567,0.0158641729504,0.529082655907,0.423601478338,-0.105481177568
7331,8692,1,7,0.113762699068,0.0224899426103,0.436879366636,0.0996361896396,-0.337243169546
7332,771,2,5,0.0747736394405,0.0311391334981,0.201989561319,0.398160457611,0.196170896292
7333,955,4,6,0.0523444600403,0.00845314841717,0.0367938280106,0.0674209743738,0.0306271463633
7334,2748,2,4,0.0784853175282,0.011346261017,0.033646710217,0.0917785540223,0.0581318438053
7336,1673,3,6,0.0377838760614,0.0185862760991,0.262158960104,0.35101082921,0.0888518691063
7337,2616,3,11,0.077264867723,0.0361635051668,0.257483780384,0.174030438066,-0.0834533423185
7338,1127,1,7,0.0796495750546,0.0248155575246,0.0430550128222,0.0603406466544,0.0172856338322
7339,6206,1,4,0.157825961709,0.0972816348076,0.739894986153,0.280649006367,-0.459245979786
7341,7747,2,6,0.0488804280758,0.00770413223654,0.0434609428048,0.0350593365729,-0.00840160623193
7343,3747,1,7,0.0363948903978,0.0063547315076,0.0997236520052,0.0924300923944,-0.00729355961084
7344,5365,2,8,0.0338373370469,0.0108875334263,0.0752170756459,0.131191700697,0.055974625051
7345,7135,3,2,0.0928990244865,0.0828902050853,0.0679416581988,0.0387743972242,-0.0291672609746
7346,129,3,6,0.0529801249504,0.0151644116268,0.061311841011,0.0910836830735,0.0297718420625
7347,3395,1,3,0.0646031424403,0.00495992787182,0.0320187024772,0.0387791357934,0.00676043331623
7348,6254,2,3,0.0296346452087,0.0104056857526,0.286782711744,0.241454839706,-0.0453278720379
7349,1379,4,13,0.197076484561,0.0408243536949,0.723146319389,0.191402480006,-0.531743824482
7350,5187,1,3,0.0661623030901,0.0271243676543,0.139324381948,0.0471962876618,-0.092128098011
7351,304,3,4,0.156054973602,0.0481182932854,0.606916904449,0.140562459826,-0.466354429722
7353,193,8,8,0.0328128375113,0.0127496384084,0.0872955173254,0.135529622436,0.0482341051102
7354,2923,3,3,0.0607114583254,0.0427435413003,0.650608003139,0.419849723577,-0.230758279562
7355,383,2,5,0.0586958117783,0.00964844226837,0.172672435641,0.0775703415275,-0.0951020941138
7356,585,2,14,0.023651605472,0.0282469224185,0.738680720329,0.668264687061,-0.070416033268
7357,5333,1,12,0.0424401946366,0.0190541464835,0.292656391859,0.384967952967,0.0923115611076
7358,1016,3,5,0.0328026823699,0.0180991627276,0.329867780209,0.284514158964,-0.0453536212444
7359,4320,1,6,0.0558455772698,0.0260102711618,0.167522192001,0.080919675529,-0.0866025164723
7360,1182,3,3,0.046251732856,0.00999562535435,0.0219056215137,0.030103566125,0.00819794461131
7361,844,2,6,0.096705891192,0.0226079430431,0.440624564886,0.130995318294,-0.309629261494
7362,350,3,7,0.0465816110373,0.0149971470237,0.314959466457,0.22268371284,-0.0922757536173
7364,6468,2,1,0.0863808393478,0.037918061018,0.964080512524,0.671365559101,-0.292714953423
7365,386,4,7,0.0237984452397,0.00552907958627,0.129544436932,0.116702385247,-0.0128420516849
7366,7546,3,11,0.0926264151931,0.0215338226408,0.0220688655972,0.0236852914095,0.00161642581224
7367,1822,2,8,0.0392919927835,0.014204445295,0.204111739993,0.141424760222,-0.0626869797707
7368,7277,1,8,0.062060456723,0.0176998395473,0.084123916924,0.114415228367,0.0302913114429
7369,171,1,8,0.0503719002008,0.00807305332273,0.0666743069887,0.0531756281853,-0.0134986788034
7371,8384,4,12,0.0283094588667,0.00597628066316,0.940669536591,0.802848875523,-0.137820661068
7372,1846,3,7,0.0327451340854,0.0122654475272,0.400661498308,0.30598077178,-0.0946807265282
7373,6550,3,15,0.0425098873675,0.0135080581531,0.0238115154207,0.0563975386322,0.0325860232115
7375,1354,7,7,0.0471129864454,0.0178634095937,0.0616999045014,0.0376648232341,-0.0240350812674
7376,1676,4,21,0.11169052124,0.0270560663193,0.533636629581,0.15215690434,-0.381479740143
7377,579,6,3,0.0597916953266,0.0161858852953,0.0732920840383,0.137385174632,0.0640930905938
7378,249,1,6,0.0567352920771,0.0195100065321,0.49617883563,0.262003004551,-0.234175831079
7380,2449,2,10,0.0898479297757,0.0464282110333,0.0807778760791,0.15456353128,0.0737856552005
7381,2763,2,9,0.0558974705637,0.0107583552599,0.0899804532528,0.0830157324672,-0.00696472078562
7383,4391,1,5,0.0399983040988,0.0151671981439,0.377073854208,0.551785647869,0.174711793661
7384,944,1,4,0.0521546453238,0.0306670926511,0.804833352566,0.561612546444,-0.243220806122
7385,3225,5,6,0.0477606654167,0.0118386074901,0.080783970654,0.0451099090278,-0.0356740616262
7386,3130,4,8,0.0462522916496,0.0028760288842,0.0159665904939,0.0217893272638,0.00582273676991
7387,9285,6,9,0.0605878084898,0.0280354171991,0.0332682132721,0.0356679446995,0.00239973142743
7388,6613,3,6,0.0750549808145,0.00278329686262,0.0930612906814,0.172764897346,0.0797036066651
7389,1942,3,5,0.183974459767,0.0713453218341,0.911665678024,0.386237293482,-0.525428414345
7390,1994,1,8,0.056414976716,0.0014400773216,0.0216891672462,0.0404683984816,0.0187792312354
7391,5052,1,6,0.0597096085548,0.0228343587369,0.562051296234,0.331719964743,-0.230331331491
7392,771,1,6,0.0672608837485,0.0407782830298,0.990533351898,0.785636365414,-0.204896986485
7393,579,5,7,0.0430008731782,0.000878871825989,0.0170427076519,0.0915765985847,0.0745338946581
7394,579,1,4,0.0592889785767,0.0350615382195,0.20353884995,0.0989744886756,-0.104564361274
7395,3000,2,8,0.0917653739452,0.017589353025,0.0441890284419,0.0562301017344,0.0120410732925
7396,5435,2,8,0.0609765537083,0.0212900731713,0.288911640644,0.137672379613,-0.151239261031
7397,4697,2,3,0.0564028024673,0.0108879776672,0.0212759487331,0.0206352714449,-0.000640677288175
7398,6602,2,10,0.0569498240948,0.0146880960092,0.0638621822,0.110463805497,0.0466016232967
7399,1331,2,4,0.0417198427022,0.0107419602573,0.235100105405,0.297486782074,0.0623866766691
7401,4459,1,3,0.0488415360451,0.00502725597471,0.0263140723109,0.0174712464213,-0.00884282588959
7403,4676,3,10,0.0745397359133,0.0459892302752,0.0195258129388,0.0177669692785,-0.00175884366035
7404,2758,2,2,0.0489498488605,0.0174965150654,0.0135266156867,0.0106105282903,-0.00291608739644
7405,943,1,3,0.106450594962,0.0397696979344,0.469074428082,0.130915269256,-0.338159143925
7406,1972,3,8,0.119008392096,0.0323331132531,0.0388013608754,0.07583963871,0.0370382778347
7407,3914,3,2,0.033785071224,0.00669620092958,0.224630653858,0.210076093674,-0.0145545601845
7408,439,1,6,0.032055888325,0.00794536154717,0.142240211368,0.0870179161429,-0.0552222952247
7409,5333,2,5,0.116711258888,0.0733307898045,0.13043679297,0.362475067377,0.232038274407
7410,4975,1,5,0.0745133236051,0.0269185882062,0.0546316802502,0.10850880295,0.0538771227002
7411,1085,2,4,0.0765694156289,0.0198658406734,0.164275944233,0.132753551006,-0.0315223932266
7412,216,2,13,0.10197404772,0.0421428307891,0.0602928437293,0.0638120472431,0.00351920351386
7414,474,5,10,0.0506175160408,0.00372876855545,0.250915825367,0.101298131049,-0.149617701769
7415,404,3,6,0.066154718399,0.0461228787899,0.300149738789,0.272463530302,-0.0276862084866
7416,4097,2,11,0.0722737014294,0.027898516506,0.00276940548792,0.009381595999,0.00661219051108
7417,7826,1,4,0.0438219308853,0.00876468978822,0.00942088849843,0.0414645783603,0.0320436879992
7418,6592,1,4,0.113031171262,0.0653990730643,0.567562460899,0.27256706357,-0.294995397329
7420,302,3,8,0.0579173006117,0.0189896598458,0.119589753449,0.20551545918,0.0859257057309
7421,598,2,5,0.0236912760884,0.00887114182115,0.367674857378,0.437987476587,0.0703126192093
7422,4261,2,2,0.130861327052,0.0638236701488,0.0328755043447,0.0684303417802,0.0355548374355
7423,5870,5,14,0.051290538162,0.0308405458927,0.0873625576496,0.0557530410588,-0.0316095165908
7425,6037,2,3,0.0489286035299,0.00990124978125,0.102012261748,0.0675858706236,-0.0344263911247
7426,3346,3,4,0.0911763310432,0.0282987151295,0.010594108142,0.0202769748867,0.0096828667447
7427,1387,2,7,0.107173629105,0.0228575635701,0.0942298099399,0.119689397514,0.025459587574
7428,4625,4,4,0.041171271354,0.00787322409451,0.685768425465,0.470280855894,-0.215487569571
7429,1813,3,6,0.0460323877633,0.000764006807003,0.0256096478552,0.0645909383893,0.0389812886715
7430,3117,1,5,0.0664247497916,0.0279249586165,0.1966547966,0.187246441841,-0.00940835475922
7431,8111,1,6,0.053369294852,0.0398084335029,0.612896680832,0.460644572973,-0.152252107859
7432,6025,3,5,0.054560482502,0.0162615738809,0.208291336894,0.113368608057,-0.0949227288365
7433,7628,2,6,0.0454530827701,0.00750879757106,0.353899478912,0.258094221354,-0.0958052575588
7434,4021,5,14,0.0562856830657,0.0110236061737,0.0210281871259,0.0359364897013,0.0149083025753
7435,4036,3,5,0.0829878747463,0.0166073963046,0.23744097352,0.243893325329,0.00645235180855
7436,2761,2,6,0.0768258199096,0.0375140607357,0.809686005116,0.508940637112,-0.300745368004
7437,6149,5,7,0.0433259308338,0.00644438667223,0.27877125144,0.147488042712,-0.131283208728
7439,5480,2,5,0.0542651116848,0.0138691486791,0.00592927495018,0.0178030077368,0.0118737332523
7440,921,1,4,0.0735441148281,0.00447985157371,0.322876781225,0.236268147826,-0.086608633399
7441,6934,2,11,0.0231735482812,0.00641334475949,0.00504846731201,0.0070912479423,0.00204278063029
7442,1806,2,2,0.0525481887162,0.0179948415607,0.0656018331647,0.0383895635605,-0.0272122696042
7443,9007,1,3,0.113199047744,0.0453862659633,0.0900410860777,0.0861361995339,-0.00390488654375
7444,2633,2,3,0.0239173527807,0.00751085532829,0.00693907635286,0.0159056130797,0.00896653719246
7445,4986,2,5,0.0642701163888,0.0209688637406,0.102991938591,0.160636007786,0.0576440691948
7446,8749,1,5,0.0922267958522,0.0489433370531,0.287316173315,0.0936173796654,-0.19369879365
7447,7164,1,10,0.0570157133043,0.0105288736522,0.0229315981269,0.0243654530495,0.00143385492265
7448,6276,1,2,0.0668126419187,0.0191117785871,0.0383163951337,0.032663077116,-0.00565331801772
7449,9186,1,8,0.0508078373969,0.0193367749453,0.0756150484085,0.0681368634105,-0.00747818499804
7450,5631,2,5,0.0657325387001,0.0502774119377,0.0633358731866,0.0400330461562,-0.0233028270304
7451,3261,2,8,0.125390768051,0.0455212816596,0.800221800804,0.345297813416,-0.454923987389
7452,268,3,6,0.0435961000621,0.0047771949321,0.0281288195401,0.0135563826188,-0.0145724369213
7453,378,2,12,0.058114439249,0.00968472845852,0.000650553905871,0.00179681589361,0.00114626204595
7454,582,1,12,0.0873690471053,0.0169036407024,0.0412966646254,0.0744518488646,0.0331551842391
7455,5642,5,6,0.0546920895576,0.0111262416467,0.10452901572,0.10617607832,0.00164706259966
7456,1408,2,4,0.0461215190589,0.0180829968303,0.0314114838839,0.0347350016236,0.00332351773977
7457,421,4,9,0.0592290051281,0.0325493402779,0.653804600239,0.391261607409,-0.26254299283
7458,9269,2,8,0.0388612747192,0.011011893861,0.0714827924967,0.0755506381392,0.00406784564257
7459,378,3,10,0.0218429621309,0.0118169467896,0.726461350918,0.79705697298,0.0705956220627
7461,378,1,7,0.0274708718061,0.0127110751346,0.462771892548,0.504311859608,0.0415399670601
7462,378,2,5,0.0687672644854,0.022488091141,0.151310354471,0.242380976677,0.0910706222057
7463,378,1,4,0.00799996126443,0.00155027210712,0.873512804508,0.889003276825,0.0154904723167
7464,9290,2,4,0.0472495257854,0.00713219074532,0.0685373023152,0.0498865582049,-0.0186507441103
7465,8435,2,4,0.11297891289,0.0232229344547,0.875889360905,0.462287902832,-0.413601458073
7466,4463,10,10,0.000572284392547,0.000116491697554,0.999120771885,0.996280610561,-0.00284016132355
7467,547,5,16,0.042134527117,0.0131692234427,0.0616574957967,0.0840237811208,0.0223662853241
7469,5671,5,7,0.028570747003,0.0200720131397,0.985739767551,0.877576053143,-0.108163714409
7470,2930,1,4,0.124763391912,0.0661944895983,0.706907212734,0.310239642859,-0.396667569876
7471,997,1,6,0.000399105687393,0.000164460172527,0.999000489712,0.996839463711,-0.00216102600098
7472,3004,2,9,0.000792901322711,0.000594728218857,0.998290240765,0.994079768658,-0.00421047210693
7473,378,1,9,0.0259514357895,0.0110301757231,0.935474216938,0.809490680695,-0.125983536243
7474,994,1,10,0.00048246057122,0.000321807718137,0.999875068665,0.998149216175,-0.00172585248947
7475,4531,1,8,0.038874771446,0.00988900847733,0.981131315231,0.83344489336,-0.147686421871
7477,4220,6,6,0.13462048769,0.020474633202,0.469597697258,0.110168613493,-0.359429091215
7478,1110,3,16,0.0570996291935,0.0305643323809,0.0365026704967,0.0328023768961,-0.00370029360056
7479,3565,7,11,0.0482051670551,0.0212700851262,0.530533909798,0.415798544884,-0.114735364914
7480,6108,1,6,0.049370277673,0.013144700788,0.0280867144465,0.033461112529,0.00537439808249
7481,6990,2,9,0.097936116159,0.015139917843,0.527649402618,0.2324128896,-0.29523652792
7482,551,2,14,0.0709955394268,0.0173226967454,0.0182087961584,0.0224597752094,0.00425097905099
7483,441,2,2,0.0531235449016,0.00157970841974,0.33914706111,0.142045557499,-0.197101503611
7484,6405,1,3,0.107155837119,0.0277745351195,0.0186865422875,0.0713392868638,0.052652746439
7485,3339,3,7,0.0652243420482,0.0245898682624,0.397142589092,0.258103340864,-0.139039248228
7486,2508,6,9,0.0917047262192,0.0179655253887,0.0986885949969,0.198257371783,0.0995687767863
7487,4020,6,9,0.0712477490306,0.0236574225128,0.261109799147,0.31876668334,0.0576568841934
7488,3521,1,4,0.0977540016174,0.0143720293418,0.0202686991543,0.0127776665613,-0.00749103259295
7490,7821,2,6,0.0641249194741,0.0039747315459,0.0299473702908,0.0226777289063,-0.00726964138448
7491,4079,3,8,0.0561363436282,0.0143242813647,0.144994691014,0.174164414406,0.0291697233915
7492,598,1,3,0.0444263704121,0.00643457937986,0.216038823128,0.202160999179,-0.0138778239489
7493,5930,2,3,0.0491747967899,0.00887123681605,0.0321891196072,0.0286512002349,-0.00353791937232
7494,8417,2,6,0.0651487484574,0.0169153716415,0.353682845831,0.263163536787,-0.0905193090439
7495,7308,2,3,0.0929727032781,0.018311208114,0.0391741171479,0.0315899625421,-0.00758415460587
7496,9066,4,7,0.125597223639,0.0526706539094,0.0255603082478,0.0168219078332,-0.00873840041459
7497,281,1,11,0.0353823043406,0.00404251366854,0.124547556043,0.0910507664084,-0.0334967896342
7499,6208,4,16,0.0471243411303,0.023616425693,0.681631565094,0.573635399342,-0.107996165752
7500,5282,2,10,0.103758841753,0.0428747013211,0.826789259911,0.419364959002,-0.407424300909
7501,6066,4,6,0.0799144878983,0.0432402901351,0.393260121346,0.147715210915,-0.245544910431
7502,1113,3,13,0.0273710638285,0.0067640338093,0.305636405945,0.260135054588,-0.0455013513565
7504,7324,6,20,0.0658755227923,0.0342750921845,0.598133742809,0.418632537127,-0.179501205683
7505,5789,7,14,0.0532383359969,0.0148261496797,0.689145565033,0.49838462472,-0.190760940313
7506,7469,3,15,0.0633313655853,0.00245955400169,0.282536178827,0.223886415362,-0.0586497634649
7507,3112,3,9,0.17597772181,0.0718855261803,0.778613865376,0.270866304636,-0.507747530937
7508,9033,2,7,0.0907616987824,0.00192599534057,0.048619877547,0.0271244887263,-0.0214953888208
7509,3314,4,22,0.0491387806833,0.0104232048616,0.139875248075,0.119419485331,-0.0204557627439
7510,2028,1,7,0.0557323396206,0.0395977757871,0.416528195143,0.214232996106,-0.202295199037
7511,6458,2,14,0.103466011584,0.0113828927279,0.429051220417,0.317457914352,-0.111593306065
7512,1113,5,6,0.038986608386,0.00369382486679,0.234258040786,0.204164266586,-0.0300937741995
7514,1113,5,5,0.0560207664967,0.0145735098049,0.461356759071,0.241973042488,-0.219383716583
7515,6131,3,6,0.0565821938217,0.0146411163732,0.168313458562,0.079128883779,-0.0891845747828
7516,1692,2,6,0.0600689388812,0.0196774974465,0.268940389156,0.154271826148,-0.114668563008
7517,1709,4,2,0.0727320238948,0.0443386994302,0.0817562416196,0.151488006115,0.0697317644954
7518,6084,2,10,0.0530247688293,0.0174777489156,0.217963904142,0.245393633842,0.0274297297001
7519,1578,3,5,0.0749912634492,0.0190177038312,0.0688610076904,0.0354506708682,-0.0334103368223
7520,6354,11,29,0.0934390649199,0.05487164855,0.134001344442,0.237166643143,0.1031652987
7521,1883,4,21,0.0250138584524,0.00534170400351,0.0444155782461,0.0358598232269,-0.00855575501919
7522,5124,1,3,0.0395329594612,0.00605994882062,0.100381992757,0.093197055161,-0.00718493759632
7523,1113,5,13,0.0270582437515,0.0110758971423,0.754739046097,0.742034137249,-0.0127049088478
7524,5480,1,9,0.0661585777998,0.0295995734632,0.0311686005443,0.0520547218621,0.0208861213177
7525,2200,7,14,0.0381684787571,0.0139741096646,0.308988511562,0.241600111127,-0.0673884004354
7526,5317,6,14,0.0375207364559,0.0115716364235,0.207280814648,0.110868871212,-0.0964119434357
7528,1653,4,12,0.0620885975659,0.0097221005708,0.0377906821668,0.0425511300564,0.00476044788957
7529,1890,1,7,0.0681662559509,0.0152357621118,0.0676124989986,0.123955361545,0.0563428625464
7531,1822,2,6,0.0726199522614,0.00985502824187,0.0252683758736,0.026696363464,0.00142798759043
7532,3881,2,5,0.0499156303704,0.0138396117836,0.0136692384258,0.0164853408933,0.00281610246748
7533,2355,5,6,0.0809996202588,0.0492017827928,0.515460014343,0.272665917873,-0.24279409647
7534,7054,6,8,0.0385747514665,0.0194180365652,0.828131854534,0.67991155386,-0.148220300674
7535,326,6,8,0.0544386766851,0.00797944236547,0.0746201500297,0.0253821406513,-0.049238011241
7536,857,3,8,0.105756483972,0.0506635829806,0.467333436012,0.18962956965,-0.277703881264
7537,1270,2,5,0.0791895389557,0.0190444476902,0.0351596213877,0.0407590083778,0.00559938699007
7538,7637,1,10,0.131960630417,0.0656657889485,0.0232481937855,0.0641492083669,0.0409010127187
7540,8254,1,7,0.0981323942542,0.0172587353736,0.326414972544,0.160685896873,-0.16572907567
7541,7781,3,3,0.069848485291,0.0217983648181,0.0544645451009,0.0395243130624,-0.0149402320385
7542,4160,9,13,0.0953489616513,0.0326055437326,0.54429101944,0.221980765462,-0.322310268879
7543,1674,5,7,0.0501625500619,0.0244372971356,0.835371732712,0.596196711063,-0.239175021648
7544,4940,3,4,0.0566720031202,0.00532503332943,0.0248162150383,0.0156293157488,-0.00918689928949
7545,5358,1,8,0.030987245962,0.0286492686719,0.994588971138,0.895332038403,-0.0992569327354
7546,3324,2,9,0.024870602414,0.00389569299296,0.403402268887,0.347916930914,-0.0554853379726
7547,6643,5,18,0.0516415648162,0.00751736620441,0.0385022461414,0.0520279705524,0.013525724411
7548,2193,1,3,0.0457526259124,0.0150581290945,0.444321095943,0.296549648046,-0.147771447897
7549,3366,3,7,0.0748608931899,0.0153028536588,0.0877269431949,0.171380534768,0.0836535915732
7550,6235,3,4,0.0546204634011,0.0179237388074,0.0377100333571,0.0239114016294,-0.0137986317277
7551,8314,2,3,0.0501089207828,0.0166213177145,0.039492122829,0.0202142894268,-0.0192778334022
7552,7624,2,10,0.0487557053566,0.0117035117,0.251501709223,0.0909331813455,-0.160568535328
7553,5433,2,9,0.0620976574719,0.00963221304119,0.363275229931,0.378954976797,0.0156797468662
7554,1355,2,2,0.0596363507211,0.00844956748188,0.137110233307,0.116458058357,-0.0206521749496
7555,1669,4,6,0.0720437243581,0.0115237701684,0.520493209362,0.239896416664,-0.280596792698
7557,1535,1,7,0.0458880960941,0.0044267848134,0.189865961671,0.171866253018,-0.0179997086525
7558,2185,2,9,0.0902556777,0.0464927367866,0.66300547123,0.420461505651,-0.242543965578
7560,8429,2,8,0.072222866118,0.0486807711422,0.0111604146659,0.00905450060964,-0.0021059140563
7561,1372,2,3,0.0716745629907,0.0144572490826,0.190206170082,0.256052643061,0.0658464729786
7562,1665,2,5,0.0838348269463,0.0558254495263,0.814327001572,0.480365306139,-0.333961695433
7563,1372,1,9,0.0616803131998,0.0178652070463,0.182182863355,0.177806064487,-0.00437679886818
7564,5045,3,10,0.0527648292482,0.00902113225311,0.0361963547766,0.0382858254015,0.00208947062492
7565,8285,3,8,0.100086778402,0.0344003774226,0.495383948088,0.170975759625,-0.324408173561
7566,4316,1,1,0.0469840951264,0.000920599559322,0.021267645061,0.0091150617227,-0.0121525833383
7567,5350,7,9,0.0751451849937,0.0436000786722,0.317262113094,0.364859670401,0.0475975573063
7568,4932,2,3,0.0540034435689,0.0122916344553,0.082719579339,0.0900958552957,0.00737627595663
7569,4036,2,5,0.0885121449828,0.0341357365251,0.38640281558,0.167975500226,-0.218427315354
7570,6406,3,17,0.0608586333692,0.0227287188172,0.0031069018878,0.00657525053248,0.00346834864467
7571,1341,1,7,0.0455379337072,0.0323669277132,0.448536992073,0.370107620955,-0.0784293711185
7572,4899,2,8,0.193175077438,0.0033313119784,0.864863097668,0.290800392628,-0.57406270504
7573,4646,8,17,0.0657900869846,0.0139353265986,0.071819499135,0.0605234950781,-0.0112960040569
7574,1990,5,13,0.0867734774947,0.0455836951733,0.00374773237854,0.00525753991678,0.00150980753824
7575,8871,3,18,0.0841315984726,0.0231385938823,0.0220509916544,0.0161011908203,-0.00594980083406
7576,2027,9,21,0.0210558921099,0.00342743285,0.380678623915,0.480097442865,0.0994188189507
7577,9033,6,17,0.0421352051198,0.009522004053,0.213772818446,0.180833995342,-0.0329388231039
7578,7145,3,16,0.0661172121763,0.0273416303098,0.560058176517,0.268930345774,-0.291127830744
7579,5224,7,22,0.0421457774937,0.0071220304817,0.101839356124,0.101338714361,-0.00050064176321
7580,6438,2,6,0.0239393766969,0.00815423112363,0.563390314579,0.632797658443,0.0694073438644
7581,2037,3,6,0.0447140149772,0.00165991508402,0.410993874073,0.495318770409,0.0843248963356
7582,5095,3,9,0.0975078046322,0.0411950349808,0.190489038825,0.181341961026,-0.00914707779884
7583,8392,3,4,0.0478121601045,0.010856132023,0.0577371418476,0.0297005232424,-0.0280366186053
7584,3337,4,11,0.135071918368,0.069522112608,0.943006336689,0.529754340649,-0.41325199604
7585,7097,2,8,0.0791296735406,0.00514617236331,0.0648910775781,0.11999193579,0.0551008582115
7586,5405,10,19,0.0534750409424,0.0161136724055,0.0482051447034,0.0474526099861,-0.000752534717321
7587,8624,3,6,0.0690551847219,0.0298191811889,0.257164180279,0.119418144226,-0.137746036053
7588,3774,3,6,0.109248518944,0.0734185352921,0.0185288824141,0.0148748354986,-0.00365404691547
7589,6434,3,2,0.146991625428,0.00150930939708,0.016305046156,0.0701798722148,0.0538748279214
7590,6434,1,5,0.0938794016838,0.024549452588,0.0114751765504,0.0183083433658,0.00683316681534
7591,8633,1,6,0.0965582430363,0.0738079920411,0.252824813128,0.365812391043,0.112987577915
7592,3337,6,5,0.0140273487195,0.0160105582327,0.950667381287,0.889320135117,-0.06134724617
7595,5391,2,7,0.074672229588,0.0310170911252,0.50935292244,0.395564585924,-0.113788336515
7596,2761,1,7,0.0794743523002,0.020350523293,0.244227066636,0.111728228629,-0.132498830557
7597,3496,2,8,0.044523999095,0.00508039770648,0.543673932552,0.653407216072,0.10973328352
7598,6434,3,4,0.0375149659812,0.0295862983912,0.902213394642,0.761530458927,-0.140682935715
7599,7975,1,5,0.0666499361396,0.0218040999025,0.0799524560571,0.110819041729,0.0308665856719
7601,5796,1,10,0.0443911291659,0.0179676115513,0.00798771716654,0.0366536304355,0.0286659132689
7602,6349,9,18,0.0578046105802,0.0163082052022,0.196749806404,0.263550966978,0.066801160574
7603,7866,2,6,0.0837511047721,0.0367843285203,0.605794787407,0.270781427622,-0.335013359785
7604,3710,1,7,0.0619521029294,0.0175313390791,0.0105571886525,0.0455954484642,0.0350382588804
7605,1931,2,4,0.0715474337339,0.0240354072303,0.213215664029,0.117416977882,-0.0957986861467
7606,6090,1,5,0.0427312254906,0.0154511835426,0.0365258567035,0.0248287692666,-0.0116970874369
7607,6915,2,8,0.0414437055588,0.00276866089553,0.231234118342,0.181443408132,-0.0497907102108
7609,3885,3,5,0.100311696529,0.00519094942138,0.173647299409,0.301468640566,0.127821341157
7610,5260,1,4,0.0415588505566,0.00991871207952,0.0232357978821,0.023426219821,0.000190421938896
7611,4156,2,6,0.0611082315445,0.0205846372992,0.0903931185603,0.0636308863759,-0.0267622321844
7612,7004,4,2,0.118843786418,0.0374136194587,0.257993757725,0.0664216056466,-0.191572159529
7613,8256,2,4,0.0463895685971,0.0137198995799,0.0691021829844,0.0764725878835,0.00737040489912
7614,3207,1,6,0.0920379683375,0.055251095444,0.262490302324,0.140448391438,-0.122041910887
7615,8256,3,4,0.0445362888277,0.0105931721628,0.0309193953872,0.0413811318576,0.0104617364705
7616,8256,1,6,0.170105263591,0.0524571873248,0.0159602481872,0.0176155287772,0.00165528059006
7617,680,2,5,0.0556805580854,0.0127537921071,0.332165271044,0.236136391759,-0.0960288792849
7618,9025,2,7,0.0879282057285,0.0295079965144,0.0130739146844,0.0148073779419,0.00173346325755
7619,5022,4,11,0.0719915106893,0.0257592853159,0.0641409084201,0.0992923974991,0.035151489079
7620,35,3,4,0.0531331896782,0.0136311724782,0.0670584216714,0.119046032429,0.0519876107574
7621,3027,3,11,0.0777400285006,0.0390712022781,0.581182539463,0.326281040907,-0.254901498556
7623,1556,2,5,0.036018576473,0.0080722598359,0.489827007055,0.418553471565,-0.07127353549
7624,417,5,5,0.0518486201763,0.00625057471916,0.034160643816,0.0896304026246,0.0554697588086
7625,3981,5,5,0.054853528738,0.0340698994696,0.823792219162,0.626328289509,-0.197463929653
7626,4381,1,4,0.0549024157226,0.0136186983436,0.0278040897101,0.0355247743428,0.00772068463266
7627,3167,1,3,0.110702849925,0.0523813292384,0.0761346518993,0.329479783773,0.253345131874
7628,876,2,12,0.0559038817883,0.0177025832236,0.570554494858,0.743943452835,0.173388957977
7629,1893,5,22,0.0458460859954,0.00945995748043,0.101652823389,0.097296513617,-0.00435630977154
7630,9304,4,6,0.0569232515991,0.0191346667707,0.0323729217052,0.0381346568465,0.00576173514128
7631,784,2,7,0.0475529842079,0.0101232379675,0.00650890544057,0.00706695066765,0.000558045227081
7632,7734,4,13,0.0954903438687,0.0721802562475,0.298262417316,0.140445411205,-0.157817006111
7633,784,2,10,0.0884244218469,0.0267178565264,0.128138154745,0.0949000790715,-0.0332380756736
7634,3860,2,8,0.0582080930471,0.0403275489807,0.0714780688286,0.044913392514,-0.0265646763146
7635,784,1,10,0.0317046754062,0.00629237759858,0.434766739607,0.38053393364,-0.0542328059673
7636,3307,3,2,0.199810624123,0.0977974236012,0.799524664879,0.251828223467,-0.547696471214
7637,3282,1,7,0.0579940788448,0.0103508140892,0.0109520182014,0.0047826259397,-0.00616939226165
7638,5287,3,6,0.0367794074118,0.00600298075005,0.405675917864,0.267498284578,-0.138177633286
7639,8054,1,5,0.0545471198857,0.00980071723461,0.0326857939363,0.0258378554136,-0.0068479385227
7640,5525,1,5,0.0438722074032,0.00402892706916,0.166850790381,0.0909020006657,-0.0759487897158
7641,342,2,4,0.0537363700569,0.0167063884437,0.011757845059,0.0379812382162,0.0262233931571
7642,6467,3,7,0.10586502403,0.0495489239693,0.618604719639,0.280215710402,-0.338389009237
7643,6848,7,21,0.132221907377,0.0377493426204,0.788779437542,0.33579325676,-0.452986180782
7644,3581,4,16,0.0665796324611,0.0511643029749,0.727129518986,0.468752294779,-0.258377224207
7645,8907,1,3,0.0415362752974,0.0109898559749,0.0449885874987,0.0366191156209,-0.00836947187781
7646,2342,2,11,0.0554938614368,0.0108623821288,0.0199568662792,0.0324625484645,0.0125056821853
7647,1869,3,4,0.0672041103244,0.0186940152198,0.258314669132,0.112240582705,-0.146074086428
7648,6435,5,20,0.0448012799025,0.0186103880405,0.0376454889774,0.0649314895272,0.0272860005498
7649,5887,3,4,0.0403486825526,0.00931227486581,0.141181513667,0.106304176152,-0.0348773375154
7650,2387,4,10,0.0578226186335,0.00330665381625,0.0871169045568,0.0572700314224,-0.0298468731344
7651,3305,3,3,0.0238646734506,0.0110621200874,0.831396460533,0.699777603149,-0.131618857384
7652,3061,1,7,0.0551331341267,0.0168376434594,0.109403908253,0.0958293452859,-0.0135745629668
7653,5019,1,5,0.0847838893533,0.0217482764274,0.12498870492,0.0498901791871,-0.075098529458
7654,439,3,3,0.0282650720328,0.00656366534531,0.386596530676,0.434369057417,0.047772526741
7655,1001,2,3,0.0564063973725,0.00992742273957,0.349337726831,0.149546846747,-0.199790880084
7656,332,3,8,0.0433548390865,0.0375390648842,0.817291557789,0.633834540844,-0.183457016945
7657,8527,2,4,0.0684039443731,0.031721778214,0.0283151902258,0.0242520254105,-0.00406316481531
7658,943,2,3,0.131979569793,0.0210544746369,0.0638214573264,0.0513382144272,-0.0124832428992
7660,6399,1,4,0.033962816,0.000652212824207,0.0297747142613,0.0492466241121,0.0194719098508
7661,1869,3,3,0.070615299046,0.0218855515122,0.238156139851,0.409994572401,0.17183843255
7662,9018,1,4,0.0501205511391,0.0163238439709,0.0739132538438,0.079073973,0.00516071915627
7663,4947,3,10,0.0453773587942,0.00803298037499,0.0573640838265,0.0374462231994,-0.0199178606272
7664,9131,3,6,0.0823419839144,0.0420650467277,0.0613179430366,0.0598338246346,-0.001484118402
7665,9131,4,9,0.0458892770112,0.0221593491733,0.0337187983096,0.0398317351937,0.00611293688416
7666,9094,6,11,0.0703049302101,0.0254825074226,0.0125885242596,0.0110438214615,-0.00154470279813
7667,3528,3,6,0.0980741977692,0.0288147684187,0.690943360329,0.314640015364,-0.376303344965
7668,131,1,9,0.0569641888142,0.0186882670969,0.00675490964204,0.00861102249473,0.00185611285269
7669,2239,11,15,0.0688304901123,0.0151215447113,0.159681618214,0.202920362353,0.0432387441397
7670,5899,3,7,0.0376018024981,0.0191870797426,0.484231024981,0.503970563412,0.0197395384312
7671,1400,2,4,0.0568027831614,0.0130155766383,0.261095821857,0.166534587741,-0.0945612341166
7672,2996,2,7,0.100589185953,0.0200587324798,0.220522433519,0.31470477581,0.0941823422909
7673,6689,3,9,0.0610435605049,0.0109303640202,0.131290078163,0.0894234403968,-0.0418666377664
7674,805,7,25,0.173341095448,0.0320937857032,0.50314438343,0.058597445488,-0.444546937943
7676,5009,2,5,0.0457451231778,0.00991004053503,0.136315494776,0.128768488765,-0.00754700601101
7677,5286,3,5,0.037237457931,0.0221347846091,0.027048131451,0.016394296661,-0.01065383479
7678,2139,1,6,0.0616104789078,0.0222427416593,0.327981173992,0.178917899728,-0.149063274264
7679,1925,2,6,0.0782054960728,0.00757512403652,0.452106058598,0.21590282023,-0.236203238368
7680,1728,1,8,0.0385572873056,0.000414241716499,0.0247504096478,0.0226217303425,-0.00212867930532
7681,3351,4,5,0.0740741565824,0.0547869205475,0.0119419004768,0.0147399827838,0.00279808230698
7682,808,10,22,0.0500578172505,0.010118429549,0.0779088810086,0.0926427841187,0.01473390311
7683,3130,2,19,0.00885318126529,0.00446185329929,0.981650054455,0.93825417757,-0.0433958768845
7684,6697,4,6,0.0485147051513,0.009177130647,0.154603123665,0.146562606096,-0.00804051756859
7685,9228,2,8,0.0645785555243,0.0304145291448,0.628763914108,0.372888445854,-0.255875468254
7686,8604,6,16,0.0551569908857,0.00514786876738,0.0645603388548,0.0762088224292,0.0116484835744
7687,2646,4,11,0.0619833022356,0.00782543886453,0.0419975928962,0.111456386745,0.069458797574
7688,5515,4,4,0.0423265695572,0.00913520529866,0.030887613073,0.0334456115961,0.00255799852312
7689,2827,2,12,0.0906677767634,0.0267227012664,0.511375129223,0.290904730558,-0.220470398664
7690,761,1,5,0.0509353578091,0.00896788481623,0.0207819491625,0.063153155148,0.0423712059855
7691,4941,1,7,0.0752149149776,0.0314336679876,0.754912614822,0.443016767502,-0.311895847321
7692,7781,2,9,0.0229269918054,0.00621759146452,0.145851030946,0.120933137834,-0.0249178931117
7693,1562,1,4,0.0601918548346,0.0168471410871,0.0191675629467,0.0189553648233,-0.000212198123336
7694,7575,2,6,0.0857025161386,0.0340531058609,0.0694067627192,0.0524557381868,-0.0169510245323
7697,4319,1,5,0.0173060651869,0.00255636521615,0.662448048592,0.708602368832,0.04615432024
7698,6479,3,7,0.0563957691193,0.0150336325169,0.338310956955,0.121359147131,-0.216951817274
7699,6824,13,57,0.0462342016399,0.010014927946,0.491882652044,0.642279088497,0.150396436453
7700,5160,1,5,0.0945157334208,0.0170125849545,0.73320710659,0.348108798265,-0.385098308325
7701,6147,8,16,0.106454491615,0.0156078841537,0.309633105993,0.113956011832,-0.195677101612
7702,1865,7,13,0.064562164247,0.0342919938266,0.29559519887,0.261825084686,-0.0337701141834
7703,4900,3,7,0.145391464233,0.0492393746972,0.915055334568,0.460469394922,-0.454585939646
7704,6418,4,5,0.0389709733427,0.0147535493597,0.324241638184,0.175801500678,-0.148440137506
7705,604,1,9,0.0611789636314,0.0206981804222,0.231105595827,0.166844174266,-0.0642614215612
7706,5091,4,6,0.0280162598938,0.00788570195436,0.583638310432,0.426290988922,-0.15734732151
7707,4823,4,6,0.0281137898564,0.0155113795772,0.687942504883,0.612335801125,-0.0756067037582
7708,8179,5,2,0.0585105083883,0.014825434424,0.0157418847084,0.0300281345844,0.014286249876
7709,7763,3,6,0.105900175869,0.0175704415888,0.564821660519,0.185843065381,-0.378978610039
7710,9215,2,11,0.015218064189,0.00740415928885,0.966971218586,0.888304531574,-0.0786666870117
7712,3145,4,6,0.0848616585135,0.0202979631722,0.13920596242,0.0388272851706,-0.100378677249
7713,5310,1,9,0.0401498787105,0.014993455261,0.125688999891,0.122087515891,-0.00360148400068
7715,3342,2,4,0.0483641922474,0.0108618568629,0.40651255846,0.352894037962,-0.0536185204983
7717,7897,3,6,0.0513239651918,0.0329179391265,0.0937972217798,0.0644343569875,-0.0293628647923
7718,458,1,8,0.0451668389142,0.00831338018179,0.769534766674,0.522101044655,-0.247433722019
7719,5722,2,5,0.11987362057,0.0273703206331,0.476104170084,0.168191611767,-0.307912558317
7720,358,1,2,0.0438366867602,0.00266448338516,0.0217948611826,0.0255514979362,0.00375663675368
7721,4520,2,4,0.0820260941982,0.0359151698649,0.0407288111746,0.0524001456797,0.0116713345051
7722,253,1,9,0.0597450733185,0.0135534647852,0.690462231636,0.42494264245,-0.265519589186
7723,5707,2,4,0.0974634513259,0.0479165054858,0.315279185772,0.157210335135,-0.158068850636
7724,846,1,5,0.0496274232864,0.0190636515617,0.354376405478,0.16916321218,-0.185213193297
7725,5338,1,7,0.0682746693492,0.0190910436213,0.0550208240747,0.0721681639552,0.0171473398805
7726,3818,1,9,0.0651140138507,0.0169483311474,0.00802457332611,0.0181797593832,0.0101551860571
7727,6336,4,4,0.122455000877,0.0302921831608,0.0265438016504,0.0285076871514,0.00196388550103
7728,6261,3,8,0.0504792518914,0.029209729284,0.420705586672,0.29590433836,-0.124801248312
7729,3378,1,5,0.0826758742332,0.017601436004,0.11693790555,0.0283450204879,-0.0885928869247
7730,5229,1,6,0.127680897713,0.0308202449232,0.466647207737,0.100472547114,-0.366174668074
7731,3652,7,9,0.0734204426408,0.03700953722,0.237059280276,0.0965460464358,-0.140513241291
7732,6261,2,4,0.0856664553285,0.0205114558339,0.027874276042,0.0365003310144,0.00862605497241
7734,7827,2,7,0.0731095001101,0.0191412009299,0.0275360699743,0.0313128530979,0.00377678312361
7735,6544,2,4,0.0563314296305,0.0198723860085,0.0397592335939,0.0240882243961,-0.0156710091978
7736,5223,9,26,0.0553504191339,0.0302351750433,0.59333127737,0.39969587326,-0.19363540411
7737,1943,4,12,0.0463914759457,0.00978569127619,0.126833736897,0.125101819634,-0.00173191726208
7739,6408,1,6,0.073379188776,0.0601278729737,0.0644705444574,0.0323539413512,-0.0321166031063
7740,9267,1,9,0.0507804453373,0.0170014817268,0.639510929585,0.390470176935,-0.249040752649
7742,5272,1,9,0.0416540019214,0.009810292162,0.39975425601,0.344313114882,-0.0554411411285
7744,2085,5,5,0.0696778893471,0.0178036391735,0.0216129049659,0.0300523359329,0.00843943096697
7746,4621,5,6,0.0851779356599,0.0485003478825,0.243730410933,0.124517835677,-0.119212575257
7747,8341,1,7,0.101860366762,0.0277161449194,0.591491043568,0.24425137043,-0.347239673138
7748,1907,3,3,0.0497684814036,0.0167959760875,0.12124197185,0.0946065783501,-0.0266353935003
7750,6097,5,4,0.0393008105457,0.014255114831,0.0948053449392,0.148118153214,0.0533128082752
7751,3658,4,10,0.0576336495578,0.0225060153753,0.0728099495173,0.0481430180371,-0.0246669314802
7752,3827,2,11,0.0875989571214,0.0272542815655,0.886132955551,0.550687968731,-0.33544498682
7753,2047,1,6,0.0754436925054,0.0394453294575,0.139672651887,0.308453589678,0.168780937791
7754,2936,2,11,0.0654708519578,0.0133815491572,0.0178298000246,0.0234898477793,0.00566004775465
7755,2687,1,5,0.035094961524,0.00548636773601,0.115761853755,0.175903782248,0.060141928494
7756,8747,1,3,0.0438101701438,0.0101401852444,0.10286834836,0.0900693312287,-0.0127990171313
7757,7443,1,3,0.0355219878256,0.00491889519617,0.0226072184741,0.0118629457429,-0.0107442727312
7758,9130,2,6,0.0556164383888,0.00749425636604,0.0170412696898,0.0355442389846,0.0185029692948
7759,2464,1,6,0.0835125222802,0.0886951759458,0.0641437843442,0.0852400436997,0.0210962593555
7760,2439,3,8,0.0216926354915,0.00183947535697,0.558631002903,0.508338689804,-0.0502923130989
7761,1678,3,5,0.0631270706654,0.0358172096312,0.0576186813414,0.0761724635959,0.0185537822545
7762,4900,3,6,0.0369772650301,0.00890103541315,0.416356563568,0.269232660532,-0.147123903036
7763,8465,3,8,0.0432197786868,0.0272581093013,0.0056436820887,0.00696559250355,0.00132191041484
7765,6390,2,7,0.100574731827,0.0176228117198,0.0364909358323,0.0461701489985,0.00967921316624
7766,7988,1,8,0.0554804615676,0.0098069626838,0.312828928232,0.194284334779,-0.118544593453
7767,2052,1,6,0.0729137957096,0.0202081669122,0.27361124754,0.498580217361,0.224968969822
7769,4642,2,5,0.0889282822609,0.00748004484922,0.250766456127,0.0992254838347,-0.151540964842
7770,4786,7,27,0.0951356291771,0.0389281958342,0.673409938812,0.346837610006,-0.326572328806
7772,8146,1,18,0.0863669291139,0.0102399326861,0.0287162922323,0.0249062329531,-0.0038100592792
7773,1409,4,5,0.0801235213876,0.00457147834823,0.337969332933,0.609955668449,0.271986335516
7774,4612,2,5,0.0871871709824,0.0128092234954,0.167576760054,0.049703899771,-0.117872864008
7775,4909,3,5,0.0344297215343,0.017402600497,0.949114918709,0.795602798462,-0.153512120247
7776,3744,2,6,0.0494982600212,0.0180856753141,0.238463804126,0.199312329292,-0.0391514748335
7777,3714,2,4,0.0586723871529,0.0207593850791,0.0368674434721,0.0428418517113,0.00597440823913
7778,3789,3,6,0.0499967820942,0.0293241254985,0.342323333025,0.313149809837,-0.0291735231876
7779,3703,1,3,0.0856641158462,0.0234522279352,0.0592873431742,0.16328586638,0.103998526931
7780,1662,2,7,0.0635200217366,0.0217588730156,0.130514204502,0.14082147181,0.0103072673082
7781,1390,2,7,0.168510511518,0.0309457276016,0.5624371171,0.124659024179,-0.43777808547
7782,3827,2,4,0.0430052466691,0.0225557759404,0.109494075179,0.230582728982,0.121088653803
7783,1569,1,6,0.0856233462691,0.0259449314326,0.0846242383122,0.138457939029,0.0538337007165
7785,6325,2,5,0.082725442946,0.0165292341262,0.0624266639352,0.274383038282,0.211956381798
7786,7926,2,5,0.0661075040698,0.0157575346529,0.182350799441,0.107972234488,-0.0743785649538
7787,7319,5,6,0.0523593425751,0.0057786302641,0.199362054467,0.161928489804,-0.0374335646629
7788,5926,1,4,0.0537377595901,0.0153433484957,0.0245216879994,0.0460908822715,0.0215691942722
7789,7319,3,3,0.0944659486413,0.0096014039591,0.0190694127232,0.0461714453995,0.0271020326763
7790,3154,2,8,0.0740936025977,0.0328845568001,0.0311424508691,0.0800891518593,0.0489467009902
7791,7519,1,3,0.0533174313605,0.0349162518978,0.0358621999621,0.020509082824,-0.0153531171381
7793,5365,2,9,0.0550384521484,0.00338449445553,0.0674762949347,0.0354452803731,-0.0320310145617
7794,3496,1,5,0.0512391142547,0.0247735828161,0.607933878899,0.383682727814,-0.224251151085
7795,2494,4,4,0.0482836253941,0.00697675487027,0.0245063211769,0.0303253009915,0.00581897981465
7796,6461,1,6,0.133689880371,0.0222051814198,0.0288612153381,0.0375322848558,0.00867106951773
7797,1981,4,8,0.0597728900611,0.0145909693092,0.0287237297744,0.0523022897542,0.0235785599798
7799,9256,2,5,0.057869836688,0.0212856773287,0.00908382795751,0.0140707269311,0.00498689897358
7800,5836,3,7,0.0789331868291,0.0313068255782,0.103000193834,0.215969875455,0.112969681621
7801,2357,2,4,0.0542994402349,0.0116542391479,0.0695154443383,0.0885106548667,0.0189952105284
7802,4078,1,6,0.0554167889059,0.00470747845247,0.412819296122,0.268480271101,-0.144339025021
7803,2063,5,7,0.0822482705116,0.016301156953,0.0670941323042,0.14119656384,0.0741024315357
7804,1460,4,5,0.0513142608106,0.0156632419676,0.164332866669,0.0958881154656,-0.0684447512031
7806,5900,5,7,0.0911544784904,0.064882747829,0.140264108777,0.139850959182,-0.000413149595261
7807,6399,2,4,0.0524417795241,0.0217718649656,0.0463997647166,0.0289401318878,-0.0174596328288
7809,1890,2,5,0.0412636622787,0.0183749143034,0.467669218779,0.286961764097,-0.180707454681
7810,6089,2,3,0.0700680017471,0.0262586344033,0.0129499165341,0.0192132424563,0.00626332592219
7811,7106,3,5,0.0404101349413,0.0114619052038,0.226733893156,0.204677000642,-0.0220568925142
7812,771,6,13,0.0597079433501,0.0421708710492,0.648103415966,0.628334224224,-0.0197691917419
7813,5419,1,3,0.0594516992569,0.017409870401,0.378423094749,0.203824684024,-0.174598410726
7814,7874,6,6,0.096726693213,0.0230924915522,0.527019381523,0.209516629577,-0.317502737045
7815,6083,1,7,0.0442082770169,0.00854204688221,0.0199782662094,0.027372052893,0.00739378668368
7816,1634,2,9,0.0641575753689,0.0445332452655,0.95046800375,0.721673667431,-0.228794336319
7817,876,2,6,0.0680769011378,0.00956257432699,0.356618851423,0.340756744146,-0.0158621072769
7818,5633,7,23,0.0870234742761,0.0249796770513,0.0876461043954,0.207757130265,0.12011102587
7819,2665,3,4,0.0674741640687,0.0117377489805,0.27444845438,0.0914860367775,-0.182962417603
7820,3176,2,6,0.0459582619369,0.0114418845624,0.484245508909,0.471066087484,-0.0131794214249
7821,6634,3,6,0.115648902953,0.056660246104,0.78713953495,0.365423291922,-0.421716243029
7822,798,2,9,0.0585753805935,0.0186972096562,0.363904863596,0.198998317122,-0.164906546474
7823,1634,3,8,0.172004804015,0.0847391560674,0.0696479305625,0.32519158721,0.255543649197
7824,2753,7,16,0.0628628209233,0.0155387679115,0.0283434521407,0.0267837438732,-0.00155970826745
7826,778,1,9,0.0400555916131,0.0166295710951,0.418349921703,0.361318349838,-0.0570315718651
7827,1698,5,6,0.143631055951,0.0198206435889,0.0202378444374,0.10448204726,0.0842442065477
7828,3752,1,7,0.0451836436987,0.00819070171565,0.0103715788573,0.0125914635137,0.00221988465637
7829,8349,2,5,0.0452166609466,0.0214370340109,0.010028867051,0.0152789009735,0.00525003392249
7831,1118,2,6,0.0896974205971,0.00946103967726,0.0753140598536,0.249350383878,0.174036324024
7832,5744,6,13,0.0882087945938,0.0265756770968,0.187471702695,0.211017236114,0.0235455334187
7833,1524,1,7,0.07560788095,0.0311821252108,0.0965429246426,0.0911945998669,-0.0053483247757
7834,1698,1,3,0.205677807331,0.00843809638172,0.782123088837,0.191093459725,-0.591029644012
7835,164,6,9,0.0609992481768,0.0312285460532,0.364776402712,0.181086942554,-0.183689460158
7838,8840,6,9,0.072567909956,0.0209610331804,0.601946294308,0.341480612755,-0.260465681553
7839,1122,3,5,0.0742606371641,0.0147453919053,0.3285805583,0.103041447699,-0.225539118052
7840,4334,2,5,0.0692167058587,0.0344681628048,0.111313678324,0.0541443563998,-0.0571693219244
7841,6843,1,6,0.0461972653866,0.0169740151614,0.0692142322659,0.068558357656,-0.000655874609947
7842,180,5,5,0.0778860747814,0.0343552716076,0.43655282259,0.162119761109,-0.274433076382
7843,5648,3,12,0.0551551580429,0.017301555723,0.212493270636,0.102519981563,-0.109973289073
7844,1699,1,9,0.0561358220875,0.0133961830288,0.151068240404,0.131004691124,-0.0200635492802
7845,1686,7,8,0.0687371864915,0.0184162519872,0.610260546207,0.321405500174,-0.288855046034
7846,5282,3,6,0.0354636609554,0.0106312651187,0.610421955585,0.476667374372,-0.133754581213
7847,1699,1,8,0.06351955235,0.0223214123398,0.639243960381,0.393643140793,-0.245600819588
7849,1699,3,10,0.0739485770464,0.0189216863364,0.0574488304555,0.101023264229,0.0435744337738
7850,3227,4,6,0.042248249054,0.0142670124769,0.126224800944,0.0716197565198,-0.0546050444245
7851,661,4,6,0.0508241839707,0.0117107303813,0.198260545731,0.0909597277641,-0.107300817966
7853,1413,1,5,0.179359957576,0.0948363170028,0.665237307549,0.227720454335,-0.437516868114
7857,5136,2,7,0.0234137568623,0.00470452243462,0.449801057577,0.425484508276,-0.0243165493011
7858,5942,1,4,0.0739115998149,0.0347592383623,0.692549645901,0.435850381851,-0.25669926405
7860,604,7,13,0.0695853680372,0.0251949373633,0.223022505641,0.146852612495,-0.0761698931456
7861,1190,5,10,0.0428336113691,0.012403040193,0.140210211277,0.0857027843595,-0.0545074269176
7862,3025,1,4,0.0643404200673,0.0387968160212,0.895937263966,0.686773300171,-0.209163963795
7863,3496,1,7,0.0639148056507,0.0211582239717,0.0408662445843,0.0954393073916,0.0545730628073
7864,777,5,5,0.143448650837,0.0445109084249,0.936782360077,0.492422014475,-0.444360345602
7865,2871,1,6,0.10932803154,0.0512396134436,0.00294522056356,0.00688890740275,0.00394368683919
7866,1771,1,8,0.0883276835084,0.0277274493128,0.0156061444432,0.0281265284866,0.0125203840435
7867,253,1,6,0.0331645123661,0.00606936449185,0.143113091588,0.128053575754,-0.0150595158339
7868,7066,3,16,0.166860178113,0.0437483936548,0.550310492516,0.1214646101,-0.428845882416
7869,1031,3,8,0.0465860776603,0.0224289093167,0.518357753754,0.328069478273,-0.19028827548
7870,8604,3,7,0.076138921082,0.0177322495729,0.173479229212,0.154156684875,-0.0193225443363
7871,2393,4,6,0.111155599356,0.0126463612542,0.586283683777,0.244116231799,-0.342167437077
7872,5985,2,3,0.126265779138,0.045527216047,0.816956222057,0.382475137711,-0.434481084347
7873,3425,5,15,0.0610161907971,0.0222402606159,0.080469250679,0.090302683413,0.00983343273401
7874,2206,2,4,0.0561678223312,0.0065077082254,0.0252013448626,0.0331522859633,0.00795094110072
7875,6211,2,6,0.0673185512424,0.0172884445637,0.202377811074,0.0931895747781,-0.109188236296
7876,1138,3,9,0.0524530895054,0.00940548069775,0.152043864131,0.115671731532,-0.0363721325994
7877,7493,1,8,0.044335026294,0.0193600133061,0.30504989624,0.252773016691,-0.052276879549
7878,6364,5,18,0.0423853956163,0.0110170310363,0.0510987006128,0.0654556378722,0.0143569372594
7879,5102,5,16,0.0227617044002,0.00353602482937,0.883154630661,0.842868626118,-0.0402860045433
7880,6431,5,13,0.0648335143924,0.024923119694,0.157066896558,0.273332774639,0.116265878081
7881,8199,2,4,0.129248484969,0.0836945697665,0.15037098527,0.157555624843,0.0071846395731
7882,6154,2,5,0.0388425067067,0.00348428706639,0.0601754225791,0.0566257126629,-0.00354970991611
7884,1215,7,6,0.0375891886652,0.00530914869159,0.258377701044,0.181361421943,-0.0770162791014
7885,512,1,6,0.0580980218947,0.0368089489639,0.441469341516,0.324126154184,-0.117343187332
7886,1326,1,5,0.0774003341794,0.0357964858413,0.00775595987216,0.0151445092633,0.00738854939118
7887,994,5,9,0.000240630310145,9.33745905058e-05,0.999885082245,0.998913764954,-0.00097131729126
7888,4463,4,5,0.00374992215075,0.00360570312478,0.996976137161,0.981688320637,-0.0152878165245
7889,6396,7,7,0.0458925701678,0.0212899763137,0.222563385963,0.145840510726,-0.0767228752375
7890,1196,2,6,0.0574542880058,0.0154403112829,0.389121741056,0.222526535392,-0.166595205665
7891,6564,2,2,0.0476720035076,0.000892476120498,0.117949590087,0.0740882530808,-0.0438613370061
7892,3008,2,8,0.0448969900608,0.0262655708939,0.0965122282505,0.0851564407349,-0.0113557875156
7893,5625,5,7,0.0129808746278,0.00807676929981,0.0231911558658,0.0447325818241,0.0215414259583
7894,994,3,2,0.0274389442056,0.0124130509794,0.836832821369,0.677356243134,-0.159476578236
7895,4403,1,5,0.038283213973,0.0167023595423,0.064868234098,0.0616399087012,-0.00322832539678
7896,3004,2,8,0.0408106409013,0.0334955453873,0.748146355152,0.578491389751,-0.169654965401
7897,5671,2,8,0.00233365851454,0.00140886206646,0.99648141861,0.986474514008,-0.0100069046021
7898,3008,2,3,0.0425757728517,0.0298903174698,0.990167379379,0.849207401276,-0.140959978104
7899,3009,5,6,0.0130723519251,0.0106388339773,0.996134877205,0.9490711689,-0.0470637083054
7900,995,3,8,0.0422699004412,0.0235026273876,0.905448496342,0.753066539764,-0.152381956577
7901,3523,5,7,0.00296842935495,0.00144042971078,0.995626449585,0.981290340424,-0.0143361091614
7902,3004,1,12,0.00224919128232,0.00116013316438,0.99963247776,0.991895496845,-0.00773698091507
7903,3388,3,6,0.082842707634,0.0155295347795,0.49519187212,0.216121032834,-0.279070854187
7904,997,2,8,0.00217424309812,0.00112219585571,0.997856914997,0.987839698792,-0.0100172162056
7905,3002,4,12,0.00180113874376,0.00200564600527,0.996125996113,0.988354980946,-0.00777101516724
7906,3523,1,8,0.00310615147464,0.00200396659784,0.997865617275,0.984819591045,-0.0130460262299
7907,612,1,5,0.0385972112417,0.0452850013971,0.988043189049,0.862180292606,-0.125862896442
7908,1091,1,8,0.0837145149708,0.0184559077024,0.350343644619,0.175710245967,-0.174633398652
7909,9280,2,6,0.0380225963891,0.0109771108255,0.0521369688213,0.0245746280998,-0.0275623407215
7910,3412,3,6,0.0560026280582,0.018125064671,0.0394425615668,0.0258219894022,-0.0136205721647
7911,8944,3,7,0.0652954652905,0.0239059701562,0.074365824461,0.0454231165349,-0.028942707926
7912,37,1,6,0.0302835647017,0.020345473662,0.0316850505769,0.0471336208284,0.0154485702515
7915,3062,3,8,0.132898315787,0.0593559592962,0.765161037445,0.35472920537,-0.410431832075
7916,6567,2,8,0.0255836546421,0.00301782833412,0.0284830257297,0.0443242788315,0.0158412531018
7917,383,4,11,0.0851439461112,0.0165442992002,0.311387449503,0.0841500386596,-0.227237403393
7918,859,2,7,0.0710135027766,0.0132122784853,0.356879264116,0.121275760233,-0.235603511333
7920,1102,3,3,0.0537610836327,0.0220056604594,0.102857485414,0.0578409545124,-0.0450165309012
7921,331,2,5,0.0916059687734,0.0267917923629,0.462822109461,0.220825240016,-0.241996869445
7922,250,2,2,0.0831761360168,0.0226360429078,0.156510517001,0.125159487128,-0.0313510298729
7923,3954,1,6,0.058899268508,0.0193674545735,0.0150836715475,0.02223806642,0.00715439487249
7924,1080,5,9,0.0413463898003,0.0161907076836,0.348516970873,0.429542541504,0.081025570631
7925,995,1,5,0.0279740691185,0.0113799246028,0.958692908287,0.824895083904,-0.133797824383
7926,1857,3,5,0.0632602646947,0.0145763531327,0.187427788973,0.0855708941817,-0.101856894791
7927,1623,7,29,0.0529172234237,0.0204878542572,0.835219144821,0.575924634933,-0.259294509888
7928,6459,1,4,0.0362973995507,0.0105973305181,0.0270361527801,0.0333630293608,0.00632687658072
7929,7146,2,9,0.0325225032866,0.0123750949278,0.437408596277,0.300177961588,-0.137230634689
7930,2279,1,6,0.0335440896451,0.0084432689473,0.0486464053392,0.0662843286991,0.0176379233599
7931,2031,6,9,0.0409906767309,0.00973481498659,0.0366360768676,0.0455868802965,0.00895080342889
7932,5621,1,3,0.0542780049145,0.0250121541321,0.00715608056635,0.00778641598299,0.000630335416645
7933,6509,5,2,0.214205667377,0.0675862878561,0.873686015606,0.286675095558,-0.587010920048
7934,9017,2,4,0.0312874615192,0.0187415424734,0.689106285572,0.598687469959,-0.0904188156128
7935,3200,4,10,0.0793678835034,0.0329828225076,0.0988018363714,0.212227299809,0.113425463438
7936,5585,1,6,0.0549461096525,0.0142646990716,0.0463288538158,0.0705523192883,0.0242234654725
7938,1196,3,6,0.136922702193,0.0180938094854,0.686493575573,0.228345632553,-0.45814794302
7939,561,4,6,0.0612669698894,0.0316767841578,0.108242325485,0.157532960176,0.0492906346917
7940,141,4,10,0.0942901149392,0.0482614077628,0.552801012993,0.22530426085,-0.327496767044
7941,8980,11,40,0.0644237920642,0.0211814306676,0.437008142471,0.239764198661,-0.19724394381
7942,3095,4,7,0.0590394549072,0.0193932130933,0.0922904163599,0.111341364682,0.0190509483218
7943,7841,3,13,0.0633588433266,0.0197115801275,0.0173651427031,0.035381603986,0.018016461283
7944,1386,1,3,0.0704801678658,0.00910587981343,0.307175844908,0.122768782079,-0.184407055378
7945,7633,3,12,0.059309463948,0.00123284966685,0.017319785431,0.0325154028833,0.0151956174523
7946,1348,2,9,0.0595981888473,0.028785308823,0.101974226534,0.0715240761638,-0.0304501503706
7947,8195,4,6,0.061221152544,0.00625236239284,0.0561380758882,0.0305321458727,-0.0256059300154
7948,8169,2,3,0.0305168759078,0.00630588736385,0.0350527018309,0.0392586328089,0.00420593097806
7949,7469,5,9,0.0536582954228,0.0228530969471,0.102576129138,0.142450869083,0.0398747399449
7950,8150,1,8,0.0422905869782,0.012078220956,0.0301080644131,0.0570321269333,0.0269240625203
7951,4401,4,11,0.0720945820212,0.0186933800578,0.0821437090635,0.143067553639,0.0609238445759
7952,9288,1,4,0.0723086372018,0.0364832393825,0.00577770266682,0.0119882775471,0.00621057488024
7953,6111,3,5,0.0614984929562,0.014997208491,0.223573878407,0.0889073833823,-0.134666502476
7954,5235,1,7,0.0467175804079,0.00777115905657,0.0939080193639,0.097517631948,0.00360961258411
7956,853,2,1,0.0858450904489,0.00236210785806,0.0217093471438,0.0472687594593,0.0255594123155
7958,5588,4,11,0.0534223020077,0.00347217102535,0.00922496989369,0.029194900766,0.0199699308723
7959,8985,7,22,0.0700863525271,0.00559025909752,0.249882817268,0.332399696112,0.0825168788433
7960,5276,1,6,0.0496670454741,0.0124282818288,0.140007585287,0.156531974673,0.0165243893862
7961,6001,1,6,0.074441678822,0.00948745757341,0.275570392609,0.272617667913,-0.00295272469521
7962,5392,1,6,0.0424604713917,0.0068327691406,0.37565279007,0.558911085129,0.183258295059
7963,6817,1,7,0.0420049875975,0.0146507425234,0.40156391263,0.292750120163,-0.108813792467
7964,1678,7,14,0.0575112439692,0.00933088362217,0.0365763641894,0.0155623266473,-0.0210140384734
7965,4190,4,5,0.0670853629708,0.0102760214359,0.245522603393,0.0818077176809,-0.163714885712
7966,2133,5,7,0.0739355534315,0.0032665214967,0.330466479063,0.125272527337,-0.205193951726
7967,7679,3,6,0.0317495688796,0.00379805942066,0.0590516962111,0.110623955727,0.0515722595155
7968,4016,4,13,0.0806799679995,0.0437251552939,0.621639847755,0.287552595139,-0.334087252617
7969,3536,7,20,0.0621229708195,0.00427932199091,0.0973300412297,0.101102530956,0.00377248972654
7970,1259,1,8,0.0748916789889,0.0251846760511,0.152777478099,0.0798877701163,-0.0728897079825
7971,4656,9,13,0.106084764004,0.0403662770987,0.0711828917265,0.0373322032392,-0.0338506884873
7972,8103,1,8,0.0469589419663,0.0143746621907,0.0571784749627,0.042001683265,-0.0151767916977
7973,1670,4,17,0.0511907674372,0.0133637720719,0.133926972747,0.0976840257645,-0.0362429469824
7974,3476,4,4,0.0738819688559,0.0387674570084,0.0217348393053,0.0394297279418,0.0176948886365
7975,1821,4,9,0.0895485877991,0.00366604910232,0.344825059175,0.0966310724616,-0.248193979263
7976,1856,4,3,0.117741167545,0.0407627001405,0.62681889534,0.206523358822,-0.420295536518
7980,3167,3,3,0.0712876096368,0.0580969303846,0.853634655476,0.6118516922,-0.241782963276
7982,4927,2,6,0.120153665543,0.0437382496893,0.0601404570043,0.0174977239221,-0.0426427349448
7983,2702,3,4,0.0342390313745,0.00591035373509,0.0533739067614,0.0615104623139,0.00813655555248
7984,7568,2,8,0.0360400974751,0.00801331270486,0.169670537114,0.158258989453,-0.0114115476608
7986,2585,3,4,0.0409095026553,0.0179488770664,0.059713602066,0.0361712910235,-0.0235423110425
7987,3779,2,6,0.0525588430464,0.0151989646256,0.00988963712007,0.0126821547747,0.0027925176546
7988,5690,3,4,0.172089889646,0.0924851149321,0.901792287827,0.402123361826,-0.499668926001
7989,249,2,10,0.0164267737418,0.00147515884601,0.690572917461,0.72808021307,0.0375072956085
7990,5566,3,6,0.0777273401618,0.0345361232758,0.120910435915,0.0701462849975,-0.0507641509175
7991,565,3,6,0.132001444697,0.0371438935399,0.687483370304,0.231376811862,-0.456106543541
7992,2873,2,3,0.0812956318259,0.037638887763,0.0982242450118,0.0657795071602,-0.0324447378516
7993,6153,3,5,0.0452045314014,0.0160200633109,0.0250673852861,0.0304480269551,0.00538064166903
7994,4825,2,6,0.0345642268658,0.00871513970196,0.0507240481675,0.0622400976717,0.0115160495043
7995,9190,4,12,0.118494540453,0.0490982979536,0.0368074849248,0.0639588460326,0.0271513611078
7996,6326,2,3,0.060957763344,0.0144251985475,0.206967845559,0.123880028725,-0.0830878168344
7997,5974,3,6,0.0471515096724,0.0260461363941,0.523426771164,0.438135951757,-0.0852908194065
7998,329,3,7,0.0364112369716,0.0132790794596,0.614140927792,0.426510214806,-0.187630712986
7999,1125,5,10,0.0639774724841,0.0153028694913,0.11158375442,0.0439859814942,-0.0675977766514
8000,8795,1,8,0.0795893892646,0.0369531139731,0.280474096537,0.22524523735,-0.0552288591862
8001,8764,3,4,0.0593813993037,0.0244545657188,0.134380921721,0.108221180737,-0.0261597409844
8002,7522,2,2,0.143970772624,0.0609880648553,0.487819910049,0.134861841798,-0.352958083153
8003,3936,2,9,0.0573390759528,0.0235599745065,0.562135756016,0.443406909704,-0.118728846312
8004,8546,3,9,0.0903103947639,0.0137455519289,0.289848297834,0.203360632062,-0.0864876657724
8005,3954,1,3,0.0531281493604,0.0150198191404,0.398092627525,0.338895708323,-0.0591969192028
8006,8008,4,3,0.0494671575725,0.016648625955,0.0104279424995,0.0184511430562,0.00802320055664
8007,391,3,3,0.0622328333557,0.0285390224308,0.330256164074,0.128261446953,-0.201994717121
8008,6683,3,2,0.045643761754,0.0114391166717,0.196805894375,0.142175614834,-0.054630279541
8009,6664,4,6,0.0475284159184,0.00861096009612,0.326268523932,0.305787116289,-0.0204814076424
8010,3926,1,6,0.0376001484692,0.0100918691605,0.273448765278,0.222904220223,-0.0505445450544
8011,5775,1,4,0.0412656329572,0.011641905643,0.0446765460074,0.030834922567,-0.0138416234404
8012,438,1,7,0.0894886553288,0.0257380809635,0.297094464302,0.136894822121,-0.160199642181
8014,6504,1,14,0.0623158626258,0.0113814612851,0.0577607937157,0.0814458653331,0.0236850716174
8015,5293,2,5,0.0716114491224,0.0274688638747,0.0540808774531,0.0289518442005,-0.0251290332526
8016,3500,2,5,0.0435610152781,0.00774111039937,0.130898177624,0.187892004848,0.0569938272238
8017,8302,1,3,0.0356422774494,0.00904932338744,0.0466889925301,0.0281328391284,-0.0185561534017
8018,5592,1,9,0.029348731041,0.00324135250412,0.057386033237,0.100240938365,0.0428549051285
8019,3425,3,10,0.0333999656141,0.00613559875637,0.0674704387784,0.0740255117416,0.00655507296324
8020,5871,6,4,0.0631295219064,0.015793222934,0.0171817317605,0.032808188349,0.0156264565885
8022,1001,4,4,0.0389449559152,0.0274136736989,0.652484893799,0.494447439909,-0.15803745389
8023,3483,2,7,0.100060164928,0.0293464083225,0.0185664854944,0.0253645163029,0.00679803080857
8024,1429,4,10,0.070120960474,0.013907530345,0.258607894182,0.0686657056212,-0.18994218111
8025,3224,1,10,0.0648036599159,0.0167274475098,0.395244121552,0.148432195187,-0.246811926365
8026,533,1,2,0.0670403167605,0.0174936279655,0.164994314313,0.066211938858,-0.0987823754549
8027,826,5,3,0.0587863586843,0.0170280635357,0.205631881952,0.0707064792514,-0.13492539525
8028,1009,3,6,0.0521422214806,0.00603173999116,0.222662746906,0.200407102704,-0.0222556442022
8029,3197,3,5,0.0609982907772,0.0291015151888,0.177582517266,0.209270581603,0.0316880643368
8030,3147,2,11,0.120031200349,0.101773530245,0.0542202182114,0.0214959383011,-0.0327242799103
8031,9133,3,5,0.0391075611115,0.0182923600078,0.0258490666747,0.0194329991937,-0.00641606748104
8032,7065,2,4,0.0779505446553,0.0106748724356,0.13630695641,0.125278547406,-0.0110284090042
8033,4169,4,6,0.0738496929407,0.0143223712221,0.0161459930241,0.0275747533888,0.0114287603647
8034,6355,4,11,0.0643024072051,0.0308997444808,0.463662564754,0.410569816828,-0.0530927479267
8035,5816,4,12,0.0643429234624,0.0379244722426,0.656009376049,0.406135082245,-0.249874293804
8037,984,2,5,0.0626598000526,0.0171181857586,0.047754984349,0.0498845428228,0.00212955847383
8038,5735,3,7,0.076826363802,0.0270048752427,0.0423614680767,0.0328738577664,-0.00948761031032
8039,2778,2,5,0.0981184467673,0.0199098363519,0.868476033211,0.491054564714,-0.377421468496
8040,7454,1,6,0.0864210426807,0.0331184566021,0.0163651444018,0.0135168256238,-0.00284831877798
8041,7293,4,12,0.0408311337233,0.0225842762738,0.00657940702513,0.0102231958881,0.00364378886297
8042,8637,4,13,0.099032305181,0.0460438765585,0.36273136735,0.145791456103,-0.216939911246
8043,8605,3,8,0.0476032197475,0.0415825210512,0.00939161237329,0.0163025204092,0.00691090803593
8044,8636,4,8,0.0699673816562,0.0341176092625,0.0181422121823,0.028480714187,0.0103385020047
8045,4026,3,8,0.0564608760178,0.0160171575844,0.170325636864,0.346366256475,0.176040619612
8046,5275,5,3,0.0384483374655,0.0205186679959,0.450124561787,0.38482439518,-0.0653001666069
8048,5869,6,6,0.0416990630329,0.0108108762652,0.0152809275314,0.026263481006,0.0109825534746
8050,6095,3,3,0.107557244599,0.0474295094609,0.682275414467,0.318008035421,-0.364267379045
8051,1341,3,16,0.0817916169763,0.010873939842,0.209045439959,0.259389966726,0.0503445267677
8052,3717,4,5,0.107577562332,0.0227338131517,0.480625629425,0.189472034574,-0.291153609753
8053,8756,2,5,0.063296712935,0.0466692894697,0.0214828234166,0.0364387147129,0.0149558912963
8054,5257,1,4,0.0515022464097,0.0106335701421,0.216534852982,0.16106890142,-0.0554659515619
8055,4823,2,3,0.080375470221,0.0387442447245,0.640943348408,0.300514936447,-0.340428411961
8056,6603,2,2,0.0722934007645,0.0102837895975,0.0190940089524,0.0465621910989,0.0274681821465
8058,5033,3,3,0.0659073889256,0.0100979991257,0.0690855681896,0.0802303031087,0.0111447349191
8060,8295,2,4,0.0581948794425,0.00660229660571,0.142587661743,0.142594352365,6.69062137604e-06
8061,5433,3,5,0.0495714247227,0.0125582804903,0.134580895305,0.173166230321,0.0385853350163
8062,3790,7,4,0.045678216964,0.00507732620463,0.342569708824,0.205801129341,-0.136768579483
8063,6711,2,10,0.128639116883,0.0499485768378,0.655735015869,0.237579509616,-0.418155491352
8064,3790,2,10,0.0752060934901,0.0253818482161,0.0509494878352,0.0339366905391,-0.017012797296
8065,6767,2,5,0.0387187711895,0.0111945550889,0.0139892473817,0.0217179264873,0.00772867910564
8066,6337,9,11,0.0559980608523,0.0108976596966,0.297784626484,0.144073441625,-0.153711184859
8067,1332,4,7,0.0679105445743,0.0283119678497,0.0324328690767,0.0287253092974,-0.00370755977929
8068,595,2,7,0.0484618656337,0.00422114459798,0.151125028729,0.130501970649,-0.0206230580807
8069,1265,2,12,0.0865595117211,0.0197796169668,0.061680842191,0.0374374352396,-0.0242434069514
8070,463,2,2,0.0512752719223,0.0242058597505,0.103610575199,0.0808723345399,-0.0227382406592
8071,1218,3,4,0.0630717799067,0.0294794421643,0.456445395947,0.295587420464,-0.160857975483
8072,4956,1,6,0.0595236308873,0.0411162823439,0.0388953909278,0.0530493073165,0.0141539163888
8073,2797,3,4,0.0675727203488,0.0236072260886,0.0657201260328,0.109418272972,0.0436981469393
8074,4340,3,4,0.0841949209571,0.0425067730248,0.344440430403,0.181803420186,-0.162637010217
8075,6122,2,5,0.0185085255653,0.0118561908603,0.954629182816,0.864317893982,-0.0903112888336
8076,4396,2,4,0.122009277344,0.0393964573741,0.081809386611,0.0347550623119,-0.0470543242991
8077,325,6,12,0.0577084124088,0.0174370445311,0.281889259815,0.224102914333,-0.0577863454819
8079,842,2,3,0.056011904031,0.0186515580863,0.560599625111,0.362557858229,-0.198041766882
8080,4421,2,4,0.0667728558183,0.0103790052235,0.0533441640437,0.0530974678695,-0.000246696174145
8081,4494,1,3,0.0241608638316,0.0026144455187,0.208048731089,0.238569185138,0.0305204540491
8083,5561,3,7,0.0527841858566,0.00518785370514,0.221303194761,0.128580346704,-0.0927228480577
8084,6169,4,4,0.0708466395736,0.0166193079203,0.260115236044,0.107423447073,-0.152691781521
8085,9187,5,12,0.0801967605948,0.0276923701167,0.090535543859,0.0538364835083,-0.0366990603507
8086,3768,1,4,0.073095291853,0.00766638386995,0.0220142044127,0.0359487868845,0.0139345824718
8087,7764,1,7,0.0481388233602,0.0125566022471,0.160829544067,0.196587026119,0.0357574820518
8088,1895,5,4,0.0844670534134,0.0173097625375,0.0246610883623,0.0368396565318,0.0121785681695
8089,2139,3,6,0.053180474788,0.0114218536764,0.254199743271,0.463286668062,0.209086924791
8090,2379,4,4,0.0592591315508,0.015249600634,0.145924404263,0.100650392473,-0.0452740117908
8091,2598,5,5,0.04253731668,0.0136252958328,0.0203083343804,0.0328038670123,0.0124955326319
8092,1127,1,3,0.0577951483428,0.0362247563899,0.0631918907166,0.0887986198068,0.0256067290902
8093,7343,1,4,0.0383103899658,0.014946192503,0.0881269574165,0.0902031362057,0.00207617878914
8094,221,5,10,0.058138679713,0.040185444057,0.960248827934,0.747232139111,-0.213016688824
8095,5338,4,8,0.0404801629484,0.0099311741069,0.418272703886,0.401640325785,-0.0166323781013
8096,4759,5,1,0.064535163343,0.0151067562401,0.0436022095382,0.0442399568856,0.000637747347355
8097,3643,3,7,0.0424655564129,0.00553582888097,0.362560093403,0.281154036522,-0.081406056881
8098,4382,1,7,0.0693041309714,0.0096912169829,0.135664761066,0.0744721367955,-0.0611926242709
8099,5876,3,6,0.0907183662057,0.0423655435443,0.299621671438,0.119441509247,-0.180180162191
8100,2136,7,5,0.0627036318183,0.035335585475,0.105175025761,0.135280430317,0.0301054045558
8101,1353,5,11,0.0767343714833,0.0187933277339,0.157447099686,0.0772450044751,-0.0802020952106
8102,7568,1,3,0.0538989156485,0.0236656535417,0.0486324243248,0.0229297485203,-0.0257026758045
8103,8403,10,26,0.0767950117588,0.0235460270196,0.0798362568021,0.0980436205864,0.0182073637843
8104,3138,1,4,0.064189247787,0.00535107264295,0.0357835665345,0.0397002659738,0.00391669943929
8105,7346,2,8,0.0586232990026,0.0223939660937,0.0730367153883,0.101334743202,0.0282980278134
8106,3503,1,6,0.0683798715472,0.0247431322932,0.352133303881,0.144332632422,-0.207800671458
8107,1409,1,4,0.0182391162962,0.00588880525902,0.87205439806,0.759335696697,-0.112718701363
8108,4829,7,1,0.0411638766527,0.00305091845803,0.00677183736116,0.00991361867636,0.00314178131521
8109,6933,4,6,0.0341803021729,0.00760673964396,0.0271463133395,0.0195405129343,-0.00760580040514
8110,3532,3,9,0.0724427178502,0.0154978679493,0.0457893423736,0.0840496122837,0.0382602699101
8111,1881,2,8,0.0623807013035,0.00565804867074,0.157282739878,0.0643006563187,-0.092982083559
8112,4019,5,4,0.0960743203759,0.023037455976,0.0968588292599,0.0803939476609,-0.0164648815989
8113,4056,3,13,0.0816512107849,0.0288638137281,0.200782269239,0.117160581052,-0.0836216881871
8114,816,2,5,0.0738794580102,0.0139158144593,0.27277970314,0.200141847134,-0.0726378560066
8115,2513,10,8,0.0581425018609,0.0137471864,0.0596253015101,0.138925120234,0.0792998224497
8116,221,6,20,0.0364351011813,0.00565368495882,0.756132006645,0.799526929855,0.0433949232101
8117,1794,1,5,0.0574438385665,0.00592249399051,0.0687907189131,0.0596565194428,-0.00913419947028
8118,1524,1,4,0.0928316935897,0.0441838689148,0.53223502636,0.229148343205,-0.303086698055
8119,9199,2,16,0.051997911185,0.00839086342603,0.0396048948169,0.0196387171745,-0.0199661776423
8121,3749,4,10,0.0421705730259,0.00970087666065,0.0474386066198,0.0216307137161,-0.0258078929037
8122,8202,2,3,0.045640360564,0.0148467551917,0.0463189594448,0.0428742431104,-0.00344471633434
8123,932,2,10,0.0514024682343,0.0308703240007,0.210667312145,0.172679781914,-0.0379875302315
8124,1997,4,13,0.0729864016175,0.00945074763149,0.135842964053,0.066583789885,-0.0692591741681
8125,1900,3,4,0.0502545796335,0.0270094573498,0.216307893395,0.345844775438,0.129536882043
8126,8660,4,4,0.062881834805,0.0193210989237,0.0394277013838,0.0577490329742,0.0183213315904
8127,567,1,7,0.00822987500578,0.000977355637588,0.83426207304,0.879138469696,0.044876396656
8129,5739,1,6,0.0817015245557,0.0207574274391,0.370460987091,0.181310042739,-0.189150944352
8130,934,1,8,0.0495705008507,0.0175992920995,0.279261678457,0.278394550085,-0.000867128372192
8131,1735,2,5,0.0410973280668,0.00870805047452,0.272526979446,0.33560141921,0.063074439764
8132,1930,3,5,0.0505285672843,0.0170594081283,0.0464055910707,0.083963394165,0.0375578030944
8133,2080,2,4,0.0684737041593,0.0323032848537,0.0529311038554,0.0251986086369,-0.0277324952185
8134,3834,1,8,0.0448112376034,0.00746588408947,0.149467363954,0.169605970383,0.0201386064291
8135,944,1,9,0.00503737153485,0.00188201770652,0.929296195507,0.947333812714,0.0180376172066
8136,4173,1,6,0.0576530881226,0.0172510389239,0.0976186841726,0.0758041143417,-0.0218145698309
8137,9,2,6,0.0681644082069,0.0101941041648,0.278335690498,0.171002671123,-0.107333019376
8138,6549,4,3,0.100626863539,0.0251299049705,0.0178489610553,0.0577049702406,0.0398560091853
8139,8759,1,9,0.0335413850844,0.00595222879201,0.111824184656,0.0571914725006,-0.0546327121556
8140,6436,1,8,0.0660606399179,0.0348655618727,0.0504575818777,0.0560264885426,0.00556890666485
8141,1593,1,8,0.0650777593255,0.00770029332489,0.296245604753,0.142073586583,-0.15417201817
8142,3712,2,3,0.103952199221,0.02894571051,0.0163935497403,0.0319081731141,0.0155146233737
8143,2123,4,5,0.0570267885923,0.0308618210256,0.0720235705376,0.140752747655,0.0687291771173
8145,3725,1,10,0.0445741303265,0.0265503246337,0.656301379204,0.478479474783,-0.177821904421
8146,5000,3,6,0.0588330216706,0.00657457299531,0.043636277318,0.0250740777701,-0.0185621995479
8147,4190,1,5,0.0456099063158,0.00794697273523,0.0859331041574,0.191260635853,0.105327531695
8149,4019,3,5,0.040288630873,0.0120455650613,0.0233341436833,0.027791723609,0.00445757992566
8151,8660,1,8,0.041454680264,0.015215113759,0.179538667202,0.128374651074,-0.0511640161276
8152,1955,2,7,0.0847108438611,0.0312971249223,0.0202778596431,0.0186045970768,-0.00167326256633
8153,5926,2,8,0.0867635682225,0.0497453585267,0.0779239833355,0.0438550114632,-0.0340689718723
8155,3256,2,7,0.0426520220935,0.00965023413301,0.543092131615,0.626894891262,0.0838027596474
8156,4434,1,2,0.0660380199552,0.0121446540579,0.019311517477,0.0307948943228,0.0114833768457
8158,2312,3,7,0.0351295284927,0.0116875153035,0.177703335881,0.160917684436,-0.0167856514454
8159,6662,4,7,0.0733830928802,0.0228687562048,0.105434514582,0.221431925893,0.115997411311
8160,108,2,11,0.0333666205406,0.00559982983395,0.0148878358305,0.0391987636685,0.0243109278381
8161,1509,1,5,0.0533396303654,0.00312332180329,0.302418887615,0.153753951192,-0.148664936423
8162,359,4,7,0.0214046929032,0.00624077022076,0.196638613939,0.165183648467,-0.0314549654722
8163,4211,1,4,0.0474456548691,0.0071619823575,0.141509339213,0.205865368247,0.0643560290337
8164,4166,2,12,0.0756927505136,0.0110727092251,0.00912140775472,0.0314288549125,0.0223074480891
8165,880,2,6,0.090829692781,0.0188440792263,0.201995462179,0.18881033361,-0.0131851285696
8166,983,5,3,0.0640784874558,0.0366347655654,0.0246483981609,0.0643443837762,0.0396959856153
8167,8487,2,7,0.0514330118895,0.0316692627966,0.401119500399,0.280024856329,-0.12109464407
8168,2185,13,33,0.111001066864,0.015496741049,0.216777250171,0.10027000308,-0.11650724709
8169,3654,2,6,0.0487321801484,0.0138929160312,0.159106373787,0.102953083813,-0.0561532899737
8170,4177,3,3,0.0404065921903,0.00845957733691,0.0232480280101,0.031324904412,0.0080768764019
8171,876,1,9,0.0304990205914,0.00403826357797,0.688485503197,0.630107522011,-0.0583779811859
8172,1872,2,7,0.0492030419409,0.0154922334477,0.102578379214,0.0498630218208,-0.052715357393
8173,3549,3,4,0.0634885951877,0.00777443917468,0.0826719850302,0.0946411564946,0.0119691714644
8174,7633,3,6,0.0788859724998,0.0250158254057,0.440130800009,0.176033973694,-0.264096826315
8175,4122,2,6,0.0412114672363,0.0138785755262,0.0387382060289,0.0721308067441,0.0333926007152
8176,7276,1,5,0.0664679035544,0.0228183753788,0.771248102188,0.466157287359,-0.305090814829
8178,1599,1,5,0.0622645132244,0.0265812743455,0.100471772254,0.0592366792262,-0.0412350930274
8179,1897,3,5,0.0653432682157,0.0218495838344,0.0393083766103,0.148876339197,0.109567962587
8180,6684,4,2,0.050849840045,0.00432306015864,0.00943708326668,0.0134678268805,0.00403074361384
8181,9315,4,15,0.043502509594,0.0165384616703,0.26634067297,0.180760979652,-0.0855796933174
8182,216,6,27,0.064472310245,0.0258944388479,0.77038693428,0.459254235029,-0.311132699251
8183,6319,2,7,0.0386666916311,0.0151905212551,0.049515824765,0.0570887327194,0.00757290795445
8184,5991,2,6,0.036763574928,0.00957900192589,0.0868926942348,0.0690347328782,-0.0178579613566
8186,8739,2,4,0.0197034794837,0.0111714089289,0.0080159297213,0.00996114313602,0.00194521341473
8188,195,2,3,0.0687276124954,0.0101859932765,0.00362632516772,0.00453905574977,0.000912730582058
8189,5086,2,11,0.0538033992052,0.0248633399606,0.358612686396,0.294956117868,-0.0636565685272
8191,6517,2,5,0.0463658384979,0.0157678388059,0.113295190036,0.0442348569632,-0.0690603330731
8192,8576,1,4,0.0503201819956,0.011690273881,0.0168315339833,0.0221146252006,0.00528309121728
8193,6720,4,6,0.102501630783,0.00556977139786,0.0299071725458,0.0284808967263,-0.00142627581954
8194,3260,1,3,0.0467722825706,0.0175317116082,0.0178220160306,0.019449589774,0.00162757374346
8195,1674,1,4,0.0667311623693,0.0464819893241,0.36527043581,0.250831305981,-0.114439129829
8196,1993,2,6,0.0494223497808,0.00516989314929,0.0847789421678,0.0836126208305,-0.00116632133722
8197,3842,1,6,0.0397741422057,0.019819078967,0.213595986366,0.133183225989,-0.0804127603769
8199,6598,2,7,0.0879944190383,0.0148019064218,0.130600601435,0.161706760526,0.031106159091
8200,5772,1,5,0.041123803705,0.00735083362088,0.122426629066,0.0698203742504,-0.0526062548161
8201,8361,3,11,0.0641623958945,0.0218985155225,0.121683493257,0.0749774873257,-0.0467060059309
8202,3132,1,8,0.055015321821,0.0176960974932,0.215562611818,0.143359720707,-0.0722028911114
8203,866,2,8,0.0409107469022,0.00641536386684,0.0734996125102,0.0932988226414,0.0197992101312
8204,3025,1,2,0.131577834487,0.0266020167619,0.0222261976451,0.0730214938521,0.0507952943444
8205,3132,1,3,0.0788410902023,0.0678878501058,0.151924684644,0.127892971039,-0.0240317136049
8206,441,1,3,0.0681485757232,0.0155476657674,0.150029748678,0.123359881341,-0.0266698673368
8207,526,1,6,0.0447210520506,0.00203428906389,0.102510601282,0.0848758891225,-0.0176347121596
8208,3744,1,6,0.0751034393907,0.0231812093407,0.0444383248687,0.0939211621881,0.0494828373194
8209,1912,4,4,0.087296269834,0.0078331856057,0.0897381082177,0.163807108998,0.0740690007806
8210,8727,2,5,0.0516979880631,0.007453430444,0.018682224676,0.0174756441265,-0.00120658054948
8211,304,1,2,0.0625540614128,0.0215323418379,0.357437044382,0.22257052362,-0.134866520762
8212,1281,2,3,0.0382199846208,0.00469663459808,0.255675375462,0.153277233243,-0.102398142219
8213,8315,2,5,0.0367657989264,0.0106935324147,0.21724113822,0.121084667742,-0.0961564704776
8214,3720,1,8,0.0395211242139,0.00865252036601,0.117087334394,0.147984579206,0.0308972448111
8215,6326,6,10,0.0425211302936,0.00580811919644,0.0179624650627,0.0429093278944,0.0249468628317
8216,3127,1,3,0.0617241412401,0.0129591682926,0.0504641644657,0.0849728807807,0.034508716315
8217,4954,3,18,0.0676358416677,0.0209776554257,0.0864603146911,0.0951345562935,0.00867424160242
8218,1946,2,10,0.0831890329719,0.0451451130211,0.394266247749,0.434362500906,0.0400962531567
8219,4872,3,6,0.0703301802278,0.0221632737666,0.179633036256,0.197239860892,0.0176068246365
8220,3863,9,14,0.0638522952795,0.0129270134494,0.325325161219,0.190848365426,-0.134476795793
8221,294,1,2,0.0330180712044,0.00355352926999,0.0929936766624,0.13865788281,0.0456642061472
8222,5086,1,5,0.0950150489807,0.0316367633641,0.0779856294394,0.132332935929,0.0543473064899
8223,5934,3,4,0.0461662858725,0.00636006053537,0.19501721859,0.2047419101,0.0097246915102
8224,6722,3,20,0.0631154552102,0.0320298969746,0.85990190506,0.594878613949,-0.265023291111
8225,5753,4,27,0.0876029357314,0.00463264482096,0.218038976192,0.0489114783704,-0.169127494097
8226,3130,3,7,0.026881814003,0.00722023332492,0.0369648486376,0.0451506972313,0.00818584859371
8228,3790,2,5,0.0535185821354,0.0138107128441,0.259681165218,0.108193635941,-0.151487529278
8229,2056,2,12,0.0379850976169,0.00618270039558,0.0173553973436,0.0162239093333,-0.00113148801029
8230,8204,3,2,0.0530930459499,0.020001212135,0.0338111519814,0.0328583158553,-0.000952836126089
8231,7818,1,12,0.0382074676454,0.0154183972627,0.310979306698,0.3911280334,0.0801487267017
8232,7849,5,4,0.14340698719,0.0397083982825,0.774741828442,0.302689909935,-0.472051918507
8233,1375,3,4,0.0619294345379,0.0438953973353,0.594950735569,0.370846360922,-0.224104374647
8234,1753,2,7,0.0845439061522,0.0216696076095,0.104364961386,0.0921453610063,-0.0122196003795
8235,730,1,6,0.018014812842,0.0155630996451,0.99568104744,0.934143066406,-0.0615379810333
8236,718,1,3,0.0369761548936,0.019605178386,0.291346430779,0.285418123007,-0.00592830777168
8239,4969,2,5,0.0534242391586,0.0206698477268,0.0441727042198,0.0603109337389,0.0161382295191
8241,6116,2,2,0.0479028634727,0.0189730450511,0.0348618775606,0.0400456897914,0.00518381223083
8242,4837,1,7,0.0424575358629,0.00316030113026,0.0366750843823,0.046931643039,0.0102565586567
8243,4977,3,10,0.017869791016,0.00221125478856,0.617318212986,0.627846896648,0.0105286836624
8245,4806,2,6,0.0576621294022,0.0207936707884,0.346300065517,0.508423566818,0.162123501301
8246,4709,1,7,0.144422754645,0.0945200920105,0.0755250230432,0.0491991825402,-0.026325840503
8247,3421,2,2,0.0612734407187,0.00742338132113,0.0213078875095,0.0224097892642,0.00110190175474
8248,1345,5,3,0.0571483410895,0.0245662946254,0.231533885002,0.182176113129,-0.0493577718735
8249,2132,3,3,0.0557578541338,0.00319463061169,0.306913167238,0.236621186137,-0.070291981101
8250,6431,2,8,0.0822253152728,0.0332946777344,0.448002576828,0.171632409096,-0.276370167732
8252,8190,2,6,0.0944816246629,0.0696139484644,0.0201557260007,0.0363041125238,0.0161483865231
8253,3834,3,8,0.0449861399829,0.0304749459028,0.906956374645,0.712580859661,-0.194375514984
8254,6260,6,5,0.0829704254866,0.0360733382404,0.0248899739236,0.134835973382,0.109945997596
8255,6139,4,6,0.0435401909053,0.013149282895,0.167252898216,0.0892862305045,-0.0779666677117
8258,8937,2,7,0.0491259805858,0.00704308412969,0.0454196445644,0.0470802672207,0.00166062265635
8259,5986,4,7,0.0676133111119,0.0292184818536,0.452086746693,0.210083246231,-0.242003500462
8260,2374,1,4,0.0444995574653,0.0102277603,0.0487949512899,0.0533428378403,0.00454788655043
8261,4123,1,6,0.0663167983294,0.0153262363747,0.0106084877625,0.0139386663213,0.00333017855883
8262,5161,3,2,0.0639586299658,0.0104702422395,0.044861856848,0.0230542626232,-0.0218075942248
8263,2488,2,4,0.0395140983164,0.00890576839447,0.032264508307,0.0269792675972,-0.00528524070978
8264,567,4,4,0.0981637835503,0.0633352398872,0.109514310956,0.291112303734,0.181597992778
8265,1341,4,5,0.111530780792,0.0605151951313,0.925426900387,0.55517333746,-0.370253562927
8267,1345,2,5,0.0061857146211,0.0024523504544,0.964349925518,0.938318550587,-0.0260313749313
8268,6017,2,6,0.0739438012242,0.0359552949667,0.0505304373801,0.0971028581262,0.0465724207461
8269,3496,1,4,0.0960088893771,0.0497027747333,0.618734776974,0.246379360557,-0.372355401516
8270,7503,1,5,0.127218946815,0.0315090715885,0.0747725814581,0.349525779486,0.274753212929
8271,871,1,2,0.0644398629665,0.017881790176,0.117668911815,0.221405699849,0.103736788034
8272,8172,5,5,0.0329337008297,0.00605493271723,0.394085437059,0.304054349661,-0.0900310873985
8273,3496,1,10,0.0640372559428,0.0293273925781,0.94086843729,0.684669494629,-0.256198942661
8274,7528,2,8,0.048459302634,0.0162776447833,0.231787532568,0.252949744463,0.021162211895
8275,5876,1,6,0.0796741396189,0.0300780739635,0.21384985745,0.114530913532,-0.0993189439178
8276,5075,2,6,0.0589021556079,0.0137075744569,0.0167838614434,0.0117037370801,-0.0050801243633
8277,5243,1,8,0.053294185549,0.0244163759053,0.336946576834,0.172892376781,-0.164054200053
8278,3834,1,4,0.0515856146812,0.017641140148,0.873920679092,0.62579035759,-0.248130321503
8280,2183,1,5,0.058954808861,0.0156990680844,0.103802017868,0.113224901259,0.00942288339138
8281,5238,3,4,0.0549348443747,0.0218842476606,0.209201797843,0.0742291212082,-0.134972676635
8282,3495,2,8,0.124529510736,0.026148667559,0.82166916132,0.376596838236,-0.445072323084
8283,4381,3,8,0.127068117261,0.0719626396894,0.167196139693,0.091067738831,-0.0761284008622
8284,4846,3,6,0.0218512117863,0.0108943236992,0.277189731598,0.284265547991,0.0070758163929
8285,2148,2,9,0.0514997951686,0.0105276461691,0.22483073175,0.232034102082,0.00720337033272
8286,567,2,2,0.0538661666214,0.00860170833766,0.20781826973,0.0948869585991,-0.112931311131
8289,6017,2,5,0.0926908776164,0.0363262109458,0.0119857788086,0.0169180482626,0.004932269454
8290,5911,1,6,0.0755574479699,0.00999866425991,0.194818407297,0.0469437688589,-0.147874638438
8291,3495,4,14,0.0437332130969,0.0438641235232,0.822846531868,0.643464803696,-0.179381728172
8292,5879,4,6,0.0636836215854,0.0469221919775,0.157851710916,0.169697806239,0.0118460953236
8293,8512,2,5,0.107353232801,0.0476485453546,0.0249289833009,0.0263874512166,0.00145846791565
8294,5993,4,20,0.0823035910726,0.0497299991548,0.823333144188,0.52255153656,-0.300781607628
8295,3815,3,3,0.0584170818329,0.0158823467791,0.0374276824296,0.062265496701,0.0248378142715
8296,4709,1,6,0.0435056276619,0.00821961648762,0.164073988795,0.145711064339,-0.0183629244566
8297,5993,3,8,0.0162807647139,0.00770855648443,0.913556158543,0.826090335846,-0.0874658226967
8298,8433,1,21,0.101060241461,0.0312888100743,0.198694989085,0.142452076077,-0.0562429130077
8299,948,4,11,0.0314477272332,0.0021442535799,0.316806197166,0.230755195022,-0.0860510021448
8300,8389,4,5,0.0973755344748,0.0380033813417,0.0137274414301,0.0180621501058,0.00433470867574
8301,4870,2,4,0.102470487356,0.0770410746336,0.0314443036914,0.0495542548597,0.0181099511683
8302,6466,3,3,0.045423284173,0.0170117840171,0.302935659885,0.16853505373,-0.134400606155
8303,9281,2,8,0.0450709350407,0.0186730548739,0.108137980103,0.061232175678,-0.0469058044255
8304,6184,4,8,0.122702084482,0.100572153926,0.16461032629,0.0886059105396,-0.0760044157505
8305,3834,2,2,0.0403642840683,0.0242671724409,0.600209057331,0.475099563599,-0.125109493732
8306,1400,1,8,0.066534511745,0.0177526287735,0.0399524532259,0.0718161985278,0.031863745302
8308,6959,4,6,0.0248502269387,0.012471572496,0.127890765667,0.175446227193,0.0475554615259
8309,4222,3,5,0.0858703032136,0.0474608615041,0.28855663538,0.145355865359,-0.14320077002
8310,3481,6,4,0.0679245889187,0.0230334438384,0.0349889323115,0.0861168801785,0.0511279478669
8312,944,4,7,0.014894480817,0.0112070450559,0.917471528053,0.855497419834,-0.0619741082191
8314,944,1,5,0.10640707612,0.0281260665506,0.283392548561,0.499482542276,0.216089993715
8315,2611,2,9,0.0438242703676,0.0061437045224,0.472906410694,0.301893234253,-0.171013176441
8316,3834,1,7,0.016933189705,0.00646787509322,0.885454654694,0.870944678783,-0.0145099759102
8319,613,2,6,0.00567436078563,0.00335809239186,0.981261134148,0.951375722885,-0.0298854112625
8321,134,2,1,0.0482326336205,0.0189466550946,0.427696317434,0.270097136497,-0.157599180937
8322,3459,6,7,0.0423985309899,0.016512516886,0.145359992981,0.0861938297749,-0.0591661632061
8324,612,2,7,0.00293125840835,0.00140045641456,0.998662233353,0.986966311932,-0.0116959214211
8325,612,2,7,0.000861700391397,0.000785371055827,0.999742925167,0.996608495712,-0.0031344294548
8328,994,1,9,0.00340904737823,0.0029623536393,0.993065834045,0.980184614658,-0.0128812193871
8329,7430,3,7,0.0504173599184,0.00766456127167,0.0356778874993,0.0387342236936,0.00305633619428
8330,6312,2,6,0.0650762617588,0.0130978375673,0.14183601737,0.240291789174,0.0984557718039
8331,4063,3,8,0.0471591763198,0.0109754828736,0.0410608239472,0.0277163218707,-0.0133445020765
8332,8088,4,4,0.0769103169441,0.0535481721163,0.576375901699,0.337138324976,-0.239237576723
8333,605,3,5,0.0493163578212,0.015240223147,0.0498544089496,0.0583385191858,0.00848411023617
8335,9183,3,4,0.0828649327159,0.0189472138882,0.0297264773399,0.0598540492356,0.0301275718957
8336,5563,3,9,0.0395417548716,0.00702013773844,0.100002318621,0.104239813983,0.00423749536276
8337,4977,3,11,0.0328849628568,0.017650347203,0.391556948423,0.403168231249,0.0116112828255
8338,4228,4,3,0.0650809183717,0.0218723770231,0.0462197437882,0.0306857153773,-0.0155340284109
8339,2039,2,4,0.0597524642944,0.01393537689,0.0827358439565,0.0835156142712,0.000779770314693
8340,8195,7,9,0.0784711614251,0.0195867456496,0.00773884961382,0.0165040493011,0.00876520015299
8341,518,2,7,0.0659358426929,0.00827175565064,0.0993560925126,0.122863076627,0.0235069841146
8342,131,2,9,0.0140002509579,0.000305628433125,0.844366431236,0.857876837254,0.0135104060173
8343,8067,5,4,0.152409031987,0.077737852931,0.881023287773,0.414078325033,-0.46694496274
8345,8305,3,5,0.0325401984155,0.0109540196136,0.0995683521032,0.0927702710032,-0.00679808109999
8348,8854,4,5,0.0406456179917,0.0205258242786,0.565179824829,0.43628898263,-0.128890842199
8349,490,4,6,0.0376438759267,0.0121402535588,0.227215096354,0.148287072778,-0.0789280235767
8351,217,4,14,0.0994076654315,0.0325020067394,0.715767800808,0.326197326183,-0.389570474625
8353,2911,3,6,0.109972260892,0.0214397665113,0.118821792305,0.051263589412,-0.0675581991673
8354,905,1,6,0.0864823684096,0.00613593077287,0.199761375785,0.246334671974,0.0465732961893
8355,2078,5,12,0.0548986196518,0.0120014231652,0.127064615488,0.161497175694,0.0344325602055
8356,4407,1,6,0.0268359575421,0.00491631450132,0.082290366292,0.0963636636734,0.0140732973814
8357,2616,3,3,0.214514300227,0.103054657578,0.848608076572,0.270331144333,-0.57827693224
8358,869,2,9,0.0373972170055,0.0149209545925,0.515699625015,0.547267615795,0.0315679907799
8361,204,3,4,0.0489166080952,0.0258029196411,0.271774947643,0.207302078605,-0.0644728690386
8362,6177,1,4,0.0630435496569,0.0210843347013,0.548698246479,0.266419649124,-0.282278597355
8363,2038,1,6,0.0424228273332,0.00677574425936,0.123023338616,0.170037910342,0.0470145717263
8364,4309,2,3,0.0419283993542,0.00369829731062,0.0331028960645,0.027960697189,-0.00514219887555
8365,4964,2,6,0.0453696511686,0.00221147178672,0.0793050378561,0.0656357258558,-0.0136693120003
8366,1319,2,6,0.0555780045688,0.00875620543957,0.644499540329,0.400764912367,-0.243734627962
8367,863,2,2,0.0428582131863,0.005357877817,0.0260805543512,0.0555028505623,0.0294222962111
8368,7802,1,9,0.0367553979158,0.0137928267941,0.0686744228005,0.0538361519575,-0.014838270843
8369,1074,1,7,0.0342399291694,0.0083584189415,0.102824233472,0.10164590925,-0.00117832422256
8370,6484,1,12,0.106950171292,0.021335978061,0.225568309426,0.0957320332527,-0.129836276174
8371,1198,3,7,0.0653203800321,0.0158634316176,0.0558832660317,0.127824947238,0.0719416812062
8372,4685,1,8,0.0548290126026,0.0238400399685,0.221465706825,0.0881045088172,-0.133361190557
8373,331,3,6,0.0200390331447,0.0142114283517,0.980755865574,0.892399847507,-0.0883560180664
8374,1069,2,7,0.0395405888557,0.00205628806725,0.291435390711,0.27533659339,-0.0160987973213
8375,33,4,13,0.1160511747,0.0180696528405,0.547779798508,0.16911457479,-0.378665208817
8376,4507,3,9,0.174237549305,0.0177451781929,0.583440005779,0.121434785426,-0.462005227804
8377,179,3,6,0.0540102533996,0.0265671331435,0.242318406701,0.134704366326,-0.107614040375
8378,57,1,4,0.1125395298,0.0278689824045,0.834396123886,0.415173053741,-0.419223070145
8379,7538,2,8,0.0608432888985,0.0198305435479,0.250106692314,0.126747965813,-0.123358726501
8380,6873,2,8,0.114843629301,0.099398702383,0.357589304447,0.204740896821,-0.152848407626
8381,1346,4,8,0.0681849494576,0.0297275204211,0.0973487868905,0.0218944381922,-0.0754543468356
8382,5550,5,18,0.0529968850315,0.0103945620358,0.3248488307,0.208519265056,-0.116329565644
8383,2292,5,1,0.0588072091341,0.0117087326944,0.0442921817303,0.0261311754584,-0.0181610062718
8384,9054,2,7,0.027033008635,0.0033279818017,0.0379168316722,0.0520686097443,0.0141517780721
8385,1289,7,20,0.0754284411669,0.0123808123171,0.165564522147,0.181780263782,0.0162157416344
8386,1158,2,5,0.0484082102776,0.0168064665049,0.0897258967161,0.0655542314053,-0.0241716653109
8387,368,1,3,0.0754528716207,0.0203362051398,0.333970397711,0.149574637413,-0.184395760298
8390,6689,5,38,0.0141734732315,0.00599311897531,0.452230632305,0.460047930479,0.0078172981739
8391,3564,2,2,0.0552122145891,0.0137180760503,0.0910576358438,0.0727053210139,-0.0183523148298
8392,2695,1,3,0.0774148926139,0.0236020367593,0.252481877804,0.211681962013,-0.0407999157906
8393,5282,1,8,0.0481451191008,0.013043676503,0.248197421432,0.391842633486,0.143645212054
8394,2939,2,6,0.0786734446883,0.0130003271624,0.137449234724,0.138401553035,0.000952318310738
8397,748,1,7,0.0524671077728,0.0178594663739,0.233114093542,0.383785098791,0.150671005249
8398,476,1,3,0.091630756855,0.000743151584174,0.0568215176463,0.254683107138,0.197861582041
8399,3011,1,1,0.0581375956535,0.0158415623009,0.0322471745312,0.0254161264747,-0.00683104805648
8401,4157,1,13,0.0686486139894,0.0191180389374,0.0887149497867,0.15314732492,0.064432375133
8403,5164,4,2,0.0831744596362,0.0428628139198,0.116587504745,0.0716371610761,-0.0449503436685
8404,436,2,6,0.0872780308127,0.0320786833763,0.516076087952,0.251976579428,-0.264099508524
8405,7073,13,29,0.0520190559328,0.00538144400343,0.0255732592195,0.0395482294261,0.0139749702066
8406,7044,1,15,0.0729410424829,0.018762877211,0.408949911594,0.178908661008,-0.230041250587
8407,5303,1,8,0.0640377178788,0.0182976610959,0.105666473508,0.101761288941,-0.00390518456697
8408,1589,2,6,0.0535175092518,0.0249374099076,0.419879049063,0.581744194031,0.161865144968
8409,1810,2,5,0.036652687937,0.00515699665993,0.141886472702,0.227640673518,0.0857542008162
8410,3541,2,8,0.0663781762123,0.00813309196383,0.0257337149233,0.0678957924247,0.0421620756388
8411,1669,3,14,0.0503443591297,0.0144852129743,0.132093816996,0.0964002013206,-0.035693615675
8412,7870,2,17,0.046453371644,0.0142858289182,0.486537903547,0.403631776571,-0.082906126976
8414,8128,7,14,0.0256382022053,0.00647381413728,0.434948176146,0.385753303766,-0.0491948723793
8415,8170,3,13,0.0314871706069,0.0109501136467,0.147474080324,0.20737041533,0.0598963350058
8416,3132,2,4,0.110381245613,0.0546326376498,0.678161621094,0.321738481522,-0.356423139572
8417,7868,5,10,0.031878028065,0.0079693980515,0.0826991200447,0.0862832292914,0.00358410924673
8418,1516,1,4,0.0541643202305,0.0138373412192,0.0744023546576,0.0912365615368,0.0168342068791
8419,7372,5,8,0.0829699411988,0.0259563084692,0.165710583329,0.0767363533378,-0.0889742299914
8421,3440,1,7,0.0524056963623,0.0189160872251,0.0331931002438,0.100791662931,0.0675985664129
8422,6368,2,7,0.0398084707558,0.0114013282582,0.0984750539064,0.121783614159,0.0233085602522
8423,8767,1,6,0.0493750087917,0.00203966116533,0.0381225608289,0.0321890376508,-0.0059335231781
8424,3696,5,9,0.0373702161014,0.0192036125809,0.0757807269692,0.153641745448,0.0778610184789
8426,6382,6,17,0.0341652370989,0.0118118152022,0.0212508346885,0.0158896520734,-0.00536118261516
8427,4909,1,6,0.0760062411427,0.00115564547013,0.126214817166,0.112010121346,-0.0142046958208
8429,1569,3,3,0.100648619235,0.0394845679402,0.0340486466885,0.227860331535,0.193811684847
8430,6115,2,8,0.0399382524192,0.0124782193452,0.344092488289,0.352637529373,0.00854504108429
8431,3539,3,5,0.0738695934415,0.0267552491277,0.215772271156,0.0772084221244,-0.138563841581
8432,5260,2,3,0.0723949298263,0.0055009573698,0.0318659581244,0.174763679504,0.142897725105
8433,1397,1,5,0.0798022523522,0.00092186324764,0.10888685286,0.0627667307854,-0.0461201220751
8435,2074,3,7,0.0636606216431,0.0221653971821,0.0421330593526,0.06849706918,0.0263640098274
8436,9292,3,12,0.0413546562195,0.00788635853678,0.00597272906452,0.0106204561889,0.00464772712439
8437,3485,4,3,0.0601180382073,0.0181213710457,0.0636406391859,0.0638248100877,0.000184170901775
8438,8416,3,7,0.0790679827332,0.0234433710575,0.0306605305523,0.0355174131691,0.00485688261688
8439,1909,4,6,0.0339819677174,0.00304310536012,0.49086689949,0.404098033905,-0.0867688655853
8440,7548,3,3,0.0466494560242,0.00981405843049,0.16823412478,0.0964050665498,-0.0718290582299
8441,2355,2,5,0.0429810583591,0.00199295207858,0.211342647672,0.200101479888,-0.0112411677837
8442,2378,1,6,0.0691410824656,0.0103504089639,0.617480397224,0.334664493799,-0.282815903425
8443,2515,4,7,0.0773500204086,0.0113841407001,0.14857968688,0.276977539062,0.128397852182
8444,4900,2,3,0.037449542433,0.0317841358483,0.514333724976,0.383939355612,-0.130394369364
8445,1389,3,9,0.111369661987,0.0284134726971,0.0330559536815,0.0326035171747,-0.000452436506748
8446,6113,4,5,0.0960851237178,0.0483953729272,0.69902586937,0.406049400568,-0.292976468801
8447,7319,1,5,0.0377452857792,0.00972769036889,0.138731643558,0.134938001633,-0.00379364192486
8448,1820,2,5,0.0841406807303,0.0403572544456,0.0489122234285,0.071327380836,0.0224151574075
8449,6236,5,7,0.0531949140131,0.00815834570676,0.0342778414488,0.03642834723,0.00215050578117
8450,871,3,7,0.0451169312,0.0265907123685,0.762986600399,0.662130355835,-0.100856244564
8452,817,2,6,0.068589694798,0.00482549378648,0.224636256695,0.0682141408324,-0.156422108412
8453,1900,3,4,0.0788423195481,0.0378662720323,0.121227562428,0.124948941171,0.00372137874365
8454,6108,1,8,0.0451097227633,0.00812704954296,0.269134998322,0.327325552702,0.0581905543804
8457,4977,6,6,0.04955913499,0.0101278023794,0.615815043449,0.590098917484,-0.0257161259651
8458,871,1,10,0.0159551780671,0.00869394373149,0.820649921894,0.762932777405,-0.0577171444893
8459,871,1,4,0.0327697023749,0.00835776422173,0.410132944584,0.328744918108,-0.0813880264759
8460,871,1,1,0.0890133678913,0.0499066151679,0.697114944458,0.393571853638,-0.30354309082
8461,2513,4,6,0.0339324176311,0.0245932135731,0.861126065254,0.687642633915,-0.173483431339
8462,3496,3,5,0.0244352761656,0.00781701412052,0.549622297287,0.576720654964,0.0270983576775
8463,871,3,5,0.0254321694374,0.0134967723861,0.813143849373,0.722173392773,-0.0909704566002
8464,2774,4,5,0.0775109007955,0.0242263935506,0.288950204849,0.0808028504252,-0.208147346973
8465,3238,2,5,0.0415487028658,0.00930946227163,0.0144989825785,0.0155245447531,0.00102556217462
8466,1223,1,3,0.0416598320007,0.019030129537,0.0539250634611,0.108387537301,0.0544624738395
8467,8287,1,3,0.0507172234356,0.00539168808609,0.0433590821922,0.0583646483719,0.0150055661798
8468,465,1,8,0.0336070246994,0.0173593964428,0.462058693171,0.377356171608,-0.0847025215626
8469,3051,1,12,0.0450654923916,0.00550683774054,0.111630506814,0.144545003772,0.0329144969583
8470,1520,2,9,0.0812566801906,0.0197292547673,0.23494052887,0.215960815549,-0.0189797133207
8471,454,3,7,0.0781658962369,0.0485084727407,0.22057248652,0.448239803314,0.227667316794
8472,6024,3,6,0.0661068931222,0.0141925439239,0.00659773498774,0.0254325959831,0.0188348609954
8473,8758,3,7,0.054328635335,0.0222328882664,0.284902393818,0.116499841213,-0.168402552605
8474,3291,1,7,0.0654078200459,0.00449448404834,0.422252774239,0.418856739998,-0.00339603424072
8476,3344,3,21,0.0360707379878,0.014494468458,0.0337893664837,0.0299896355718,-0.00379973091185
8478,293,2,4,0.0670553669333,0.0135421389714,0.0112612973899,0.00961346644908,-0.00164783094078
8479,454,2,5,0.0693672373891,0.0534370727837,0.0607084296644,0.154443264008,0.0937348306179
8480,7971,4,7,0.0510160885751,0.0127595681697,0.549106836319,0.404993385077,-0.144113451242
8481,3242,2,8,0.117441236973,0.00578507361934,0.416346698999,0.108683370054,-0.307663321495
8484,3700,2,2,0.0616951435804,0.0295851826668,0.0992916226387,0.067714869976,-0.0315767526627
8485,6898,3,8,0.0563443861902,0.0308215040714,0.0888226553798,0.0579023547471,-0.0309203006327
8486,4144,9,31,0.0489261597395,0.00916342064738,0.0370101369917,0.0569246895611,0.0199145525694
8487,9257,4,12,0.0610829927027,0.0070431670174,0.151033610106,0.0872042179108,-0.0638293921947
8488,1933,5,6,0.0615396797657,0.00790109112859,0.58654499054,0.361068338156,-0.225476652384
8489,1884,1,8,0.0550379641354,0.0315367244184,0.1597956568,0.13455119729,-0.0252444595098
8490,789,1,5,0.0340192578733,0.00855394359678,0.422654658556,0.375993639231,-0.0466610193253
8491,6818,5,9,0.0869819000363,0.0217610988766,0.240162193775,0.084990978241,-0.155171215534
8493,4593,4,7,0.030495332554,0.00642877817154,0.208134070039,0.272432774305,0.0642987042665
8494,7523,3,7,0.084531866014,0.0533380173147,0.0171494465321,0.0190995726734,0.00195012614131
8495,773,1,7,0.0615319609642,0.0219938438386,0.0236694756895,0.0227967500687,-0.000872725620866
8496,7468,1,7,0.0482190214097,0.00343560031615,0.0909038856626,0.128652259707,0.0377483740449
8497,3183,1,4,0.0905158743262,0.0140952235088,0.209162026644,0.0841763243079,-0.124985702336
8498,5616,3,7,0.0603800453246,0.020358838141,0.0153741305694,0.0338514968753,0.0184773653746
8499,1508,1,8,0.0941045284271,0.03708582744,0.188786670566,0.136461347342,-0.0523253232241
8500,8084,2,10,0.0468945652246,0.0061064902693,0.0897691845894,0.0359365530312,-0.0538326315582
8501,3467,1,4,0.0683599039912,0.0183047614992,0.0158863011748,0.0706597194076,0.0547734200954
8502,3467,1,5,0.0332176722586,0.0049246782437,0.0598042905331,0.104538373649,0.0447340831161
8504,3268,2,2,0.0591546408832,0.0182333718985,0.0180903021246,0.0541240163147,0.0360337123275
8505,1894,4,5,0.114367507398,0.0341117605567,0.253585845232,0.307295233011,0.0537093877792
8506,2561,2,2,0.0874951407313,0.0482788197696,0.0383512303233,0.0341048203409,-0.00424640998244
8507,287,4,3,0.0429538786411,0.0214031599462,0.100131779909,0.0566191524267,-0.0435126274824
8508,1360,7,16,0.0480359978974,0.00666824774817,0.00388959096745,0.0101701179519,0.00628052698448
8509,1524,5,2,0.0376767367125,0.0127121601254,0.167601540685,0.149994850159,-0.017606690526
8511,7424,1,7,0.0543954633176,0.0379394888878,0.181359171867,0.127729788423,-0.0536293834448
8513,5045,3,8,0.0344777368009,0.00582467159256,0.6994535923,0.864593505859,0.165139913559
8514,7967,5,17,0.0681806281209,0.0189825352281,0.176820397377,0.280943036079,0.104122638702
8515,3437,4,8,0.0523392893374,0.0242335796356,0.0323143675923,0.0349587202072,0.00264435261488
8516,5863,4,8,0.0503668785095,0.014985576272,0.848672568798,0.613505840302,-0.235166728497
8517,8530,2,6,0.130059555173,0.0321111902595,0.00666416389868,0.0210827961564,0.0144186317921
8518,6466,1,3,0.046995934099,0.00652020005509,0.131500661373,0.151504918933,0.0200042575598
8519,5879,2,8,0.086293451488,0.0167663749307,0.749764800072,0.425288051367,-0.324476748705
8520,9139,1,6,0.0365243218839,0.0111770136282,0.0137143293396,0.0246201381087,0.0109058087692
8521,5863,4,14,0.0222320705652,0.00428515300155,0.802352309227,0.742540121078,-0.0598121881485
8522,205,2,6,0.0398835688829,0.007611237932,0.177655398846,0.132560089231,-0.0450953096151
8523,2901,2,3,0.0760909169912,0.0144079169258,0.143914416432,0.0368264652789,-0.107087954879
8524,1305,1,6,0.0413116328418,0.0155445570126,0.230563789606,0.109078735113,-0.121485054493
8525,2987,1,4,0.206220433116,0.0285624302924,0.811102211475,0.209941729903,-0.601160466671
8527,5469,3,13,0.0829615369439,0.00734713440761,0.196955621243,0.0700883790851,-0.126867234707
8528,8693,2,4,0.051416233182,0.00684970105067,0.0136722363532,0.0264786928892,0.0128064565361
8530,6822,7,18,0.0555428527296,0.0184359066188,0.0325965248048,0.0357786864042,0.0031821615994
8531,7989,2,4,0.0363739840686,0.0142286140472,0.0550664626062,0.0474098883569,-0.00765657424927
8533,3819,3,5,0.0663278326392,0.00966571737081,0.0573643483222,0.0405517295003,-0.0168126188219
8534,5221,1,7,0.0684061869979,0.00936402473599,0.0398178994656,0.076173402369,0.0363555029035
8535,9019,2,7,0.0466661266983,0.0141815152019,0.154486551881,0.205465242267,0.0509786903858
8536,4711,1,5,0.0531341433525,0.0202484130859,0.378421515226,0.525960624218,0.147539108992
8537,7217,6,15,0.0390563197434,0.0213599633425,0.55031901598,0.449822574854,-0.100496441126
8539,664,1,1,0.0589855201542,0.0252464134246,0.512825608253,0.335174947977,-0.177650660276
8540,690,2,1,0.0403404980898,0.00802424456924,0.0638575926423,0.0467481799424,-0.0171094126999
8541,694,1,3,0.171119198203,0.0893055722117,0.892145633698,0.395563334227,-0.496582299471
8543,9054,1,6,0.0623394548893,0.0202828459442,0.207072660327,0.121314816177,-0.0857578441501
8544,524,3,5,0.0471229441464,0.0143295144662,0.422570765018,0.396875053644,-0.0256957113743
8545,222,2,6,0.0231023039669,0.0145556544885,0.70452773571,0.644905567169,-0.059622168541
8548,1834,1,7,0.0625398084521,0.0131845120341,0.257689088583,0.11012840271,-0.147560685873
8549,6286,2,12,0.0789543390274,0.0140735674649,0.45027127862,0.254681706429,-0.195589572191
8550,8897,2,7,0.0344994589686,0.0175088066608,0.321858048439,0.247511029243,-0.0743470191956
8551,4049,1,4,0.116405032575,0.019117185846,0.11784619838,0.101729474962,-0.0161167234182
8552,1589,2,7,0.0695865303278,0.0129297506064,0.151806682348,0.0552223660052,-0.0965843200684
8553,7552,4,6,0.0521303601563,0.00772738317028,0.0484688915312,0.0478185750544,-0.000650316476822
8554,4078,1,1,0.0455384552479,0.0142484903336,0.0529036708176,0.0517553687096,-0.00114830210805
8555,4472,2,6,0.0763243660331,0.0442245453596,0.509213209152,0.238415837288,-0.270797371864
8556,439,4,11,0.0803975537419,0.0282230190933,0.483746320009,0.29217544198,-0.191570878029
8557,5968,1,4,0.0281470846385,0.0196234509349,0.762144744396,0.678829729557,-0.0833150148392
8558,6259,2,6,0.0643898993731,0.0329107493162,0.505813777447,0.365220099688,-0.140593677759
8559,2758,4,3,0.0262871216983,0.00268372567371,0.559549152851,0.576830029488,0.0172808766365
8560,5849,1,10,0.0698583051562,0.00542784109712,0.0696374848485,0.0460705310106,-0.0235669538379
8561,2936,1,5,0.0476240962744,0.0212202686816,0.194193974137,0.122634865344,-0.0715591087937
8563,106,4,3,0.0671233907342,0.0339950360358,0.470151692629,0.256776422262,-0.213375270367
8564,5641,2,4,0.0740637108684,0.0195019859821,0.114776097238,0.107276417315,-0.00749967992306
8565,4507,2,3,0.0630393996835,0.0442222543061,0.297336935997,0.186921000481,-0.110415935516
8566,6396,3,9,0.056487929076,0.0284315831959,0.481966078281,0.291673928499,-0.190292149782
8567,8820,1,13,0.0283896122128,0.00951785873622,0.184759825468,0.189326122403,0.00456629693508
8568,7871,3,5,0.109590195119,0.00788169261068,0.808805882931,0.414546579123,-0.394259303808
8570,5348,2,3,0.063075453043,0.00757696852088,0.0893159434199,0.160317227244,0.0710012838244
8571,23,1,5,0.0773089230061,0.012077040039,0.00603908998892,0.0242980774492,0.0182589869946
8572,1873,6,8,0.0917089954019,0.0292588938028,0.0924206823111,0.0526012629271,-0.039819419384
8573,2261,4,1,0.0725448206067,0.0125084845349,0.06672757864,0.0324024967849,-0.0343250818551
8575,6214,1,6,0.0864563658834,0.0197354014963,0.214136511087,0.101089634001,-0.113046877086
8576,140,2,6,0.0625122636557,0.0534613281488,0.701627850533,0.473887115717,-0.227740734816
8577,3242,2,3,0.088701069355,0.019395282492,0.0382333137095,0.155134066939,0.116900756955
8578,8781,2,8,0.0610426776111,0.0201073214412,0.0209586285055,0.0351253449917,0.0141667164862
8579,6601,1,6,0.0909669995308,0.0284510087222,0.13401786983,0.222080871463,0.0880630016327
8580,5262,1,5,0.0506542958319,0.00366385723464,0.118979856372,0.0495916418731,-0.0693882107735
8581,943,1,6,0.048252273351,0.0123979607597,0.019081749022,0.0769900381565,0.0579082891345
8582,9269,3,6,0.044894695282,0.0145992571488,0.016288286075,0.0139405950904,-0.00234769098461
8584,7129,2,3,0.0588254146278,0.0210546348244,0.0944960415363,0.0301643013954,-0.0643317401409
8586,6595,1,5,0.0962827131152,0.0169115308672,0.00549432262778,0.0175821892917,0.0120878666639
8587,3232,4,4,0.168222665787,0.0725071206689,0.933175861835,0.456437915564,-0.476737946272
8588,4396,2,1,0.0416346900165,0.00932614784688,0.0468599610031,0.0438453964889,-0.00301456451416
8589,2066,1,8,0.0647673457861,0.00122127518989,0.0381181687117,0.0775501057506,0.0394319370389
8590,116,2,10,0.0470351390541,0.0214616265148,0.230497837067,0.244156047702,0.0136582106352
8591,567,1,3,0.0444401092827,0.00667691929266,0.281424313784,0.256977319717,-0.0244469940662
8592,2753,2,11,0.0621457286179,0.0257979743183,0.441560059786,0.225419402122,-0.216140657663
8593,2690,2,6,0.0705169290304,0.0259827654809,0.581308484077,0.296282559633,-0.285025924444
8594,2312,2,5,0.0835160017014,0.0485911220312,0.818253278732,0.484238535166,-0.334014743567
8595,2036,1,8,0.0969533845782,0.0437586307526,0.286753684282,0.142630949616,-0.144122734666
8596,6240,2,7,0.0969977676868,0.0265510119498,0.0107101658359,0.0306849498302,0.0199747830629
8597,1686,6,9,0.073645375669,0.00821472890675,0.0781136900187,0.134075328708,0.055961638689
8598,6040,4,7,0.0466996468604,0.0129610188305,0.120607815683,0.0358224958181,-0.0847853198647
8599,5406,3,3,0.0598025023937,0.00952892750502,0.0516805648804,0.0611349344254,0.00945436954498
8600,4820,3,7,0.0386419333518,0.00939773581922,0.13969220221,0.121510602534,-0.0181815996766
8601,7994,5,13,0.0328198857605,0.012264858,0.289045095444,0.238274976611,-0.0507701188326
8603,2313,3,15,0.0207765530795,0.0107274604961,0.141236305237,0.138798341155,-0.00243796408176
8604,6941,2,19,0.0729230642319,0.0313787944615,0.0679224058986,0.065844014287,-0.00207839161158
8605,3238,2,2,0.124643929303,0.0344737619162,0.0946718305349,0.0492796897888,-0.0453921407461
8606,336,1,5,0.0484078638256,0.0265076737851,0.116621613503,0.0895802006125,-0.02704141289
8607,5036,1,4,0.0518742240965,0.0104936659336,0.119482666254,0.0824240446091,-0.037058621645
8608,7976,1,5,0.0452806651592,0.00800884421915,0.170958310366,0.116736806929,-0.0542215034366
8609,5352,1,11,0.0617817230523,0.0196441244334,0.0992043241858,0.0705311074853,-0.0286732167006
8610,771,1,7,0.044106438756,0.00258828816004,0.0620810762048,0.114879511297,0.052798435092
8611,9281,2,12,0.0707616060972,0.0089938621968,0.171514436603,0.126843526959,-0.0446709096432
8612,7890,2,6,0.0837832689285,0.0253487471491,0.0266311187297,0.0220677852631,-0.00456333346665
8614,3743,1,6,0.0596690773964,0.0181834511459,0.047308459878,0.0320685058832,-0.0152399539948
8616,6567,3,9,0.0235256198794,0.00313797290437,0.00593475019559,0.00681650266051,0.00088175246492
8617,2563,4,12,0.0584510862827,0.0145155526698,0.0607066042721,0.0513303987682,-0.00937620550394
8618,667,2,3,0.0228076893836,0.012774980627,0.769508183002,0.688429415226,-0.0810787677765
8619,4011,2,7,0.0444620400667,0.0160882212222,0.0406716577709,0.0584576763213,0.0177860185504
8620,2739,1,4,0.0680238753557,0.0319797880948,0.0631909817457,0.105856351554,0.0426653698087
8621,356,8,18,0.0122436583042,0.00274080876261,0.75046223402,0.775251209736,0.0247889757156
8622,6498,4,7,0.0713041052222,0.0126695558429,0.0444067716599,0.0377946868539,-0.00661208480597
8623,4921,4,11,0.084534496069,0.0234990101308,0.217585608363,0.170566082001,-0.0470195263624
8624,5556,3,7,0.0445262230933,0.00836238730699,0.081777125597,0.0763333365321,-0.00544378906488
8625,3079,4,7,0.059968482703,0.0116388956085,0.171548113227,0.111179746687,-0.0603683665395
8626,1933,3,5,0.0433035455644,0.0136796552688,0.189848333597,0.0966185629368,-0.0932297706604
8627,1200,1,7,0.0309805721045,0.0161956381053,0.265020221472,0.2606728971,-0.00434732437134
8628,2643,1,7,0.0284773800522,0.00882503017783,0.195148572326,0.186211273074,-0.00893729925156
8629,5,1,11,0.0574176348746,0.0401726551354,0.281088590622,0.289261847734,0.0081732571125
8631,458,3,19,0.0444221310318,0.0150953466073,0.430099636316,0.293220490217,-0.136879146099
8632,8115,6,18,0.0297458712012,0.0117401778698,0.0895332917571,0.0861716046929,-0.00336168706417
8633,3240,3,5,0.0448949299753,0.00176811113488,0.0971884578466,0.0339986495674,-0.063189804554
8636,377,4,3,0.0405836440623,0.0107727050781,0.352185040712,0.221934333444,-0.130250707269
8638,286,1,5,0.0682024359703,0.0145014869049,0.165239468217,0.137289389968,-0.027950078249
8639,999,2,7,0.0462260507047,0.0155000081286,0.3845282197,0.441907018423,0.0573787987232
8640,585,2,2,0.120751596987,0.0200823750347,0.248352602124,0.032786373049,-0.2155662328
8641,1533,2,12,0.0754670873284,0.0283849742264,0.252874910831,0.102253615856,-0.150621294975
8642,5009,3,8,0.0794509202242,0.00563592836261,0.127823516726,0.14582465589,0.018001139164
8643,8515,4,4,0.0389914400876,0.0176926460117,0.666455626488,0.531334936619,-0.135120689869
8644,6977,2,8,0.0501972176135,0.024159444496,0.0823956802487,0.114758826792,0.0323631465435
8645,1693,3,7,0.0496249683201,0.00918970629573,0.0631868243217,0.092903137207,0.0297163128853
8646,748,2,6,0.0827555954456,0.0258460566401,0.313024193048,0.105248011649,-0.20777618885
8647,8465,2,4,0.046395868063,0.0166292376816,0.0104810781777,0.00827241223305,-0.00220866594464
8648,5431,6,13,0.0586321502924,0.0243823416531,0.426262408495,0.299298197031,-0.126964211464
8649,6014,2,8,0.044622246176,0.00500509236008,0.0343577340245,0.0282139033079,-0.00614383071661
8650,2264,3,10,0.0584657303989,0.00329798157327,0.0385560244322,0.0242018923163,-0.0143541321158
8651,5983,1,5,0.0559258796275,0.0432397909462,0.039043482393,0.0761361122131,0.0370926298201
8652,6405,2,7,0.0855676233768,0.0308390893042,0.030629189685,0.025746146217,-0.004883043468
8653,1685,2,6,0.0432189293206,0.00483643449843,0.105054497719,0.214806780219,0.1097522825
8654,5113,4,15,0.049242105335,0.00463417731225,0.231755778193,0.239964768291,0.00820899009705
8655,7756,2,10,0.0506803505123,0.00992648489773,0.338479280472,0.287135869265,-0.0513434112072
8656,3883,1,7,0.0714394971728,0.0105284983292,0.224864006042,0.160170838237,-0.0646931678057
8657,5983,1,4,0.143430307508,0.00974280573428,0.10992050916,0.231189116836,0.121268607676
8658,2064,2,17,0.118619918823,0.0564716644585,0.357484221458,0.105496615171,-0.251987606287
8659,1623,1,4,0.0649123117328,0.0347110927105,0.182957172394,0.13242881,-0.0505283623934
8660,2775,5,9,0.11710613966,0.0391127131879,0.0684760957956,0.224917635322,0.156441539526
8661,6408,2,5,0.152715101838,0.0685456618667,0.0556211620569,0.0514018684626,-0.00421929359436
8662,5423,1,6,0.0357452370226,0.00906326528639,0.104901909828,0.114310257137,0.00940834730864
8663,6825,8,15,0.0811013504863,0.0229959022254,0.225032687187,0.283633828163,0.058601140976
8664,1569,6,4,0.0730112567544,0.0127451913431,0.103546768427,0.138048246503,0.034501478076
8667,2851,3,6,0.0396963246167,0.00121764757205,0.156209662557,0.29256722331,0.136357560754
8668,1589,4,4,0.0609691739082,0.0455147586763,0.572889149189,0.34848383069,-0.224405318499
8669,4977,2,6,0.151469156146,0.0317499563098,0.944214046001,0.486881256104,-0.457332789898
8670,1908,1,9,0.0580474175513,0.00710404384881,0.052243091166,0.0870966240764,0.0348535329103
8671,6635,3,6,0.169873714447,0.12050177902,0.943930864334,0.496381044388,-0.447549819946
8672,6139,2,11,0.0336524285376,0.00871540047228,0.146379992366,0.0898294821382,-0.0565505102277
8673,8481,2,7,0.0424741506577,0.00196785130538,0.123952947557,0.128308981657,0.00435603410006
8674,4061,1,6,0.0225416626781,0.00666636647657,0.744326353073,0.685651540756,-0.0586748123169
8675,8154,2,5,0.046929191798,0.00829936470836,0.173010796309,0.0968474373221,-0.0761633589864
8676,3496,1,9,0.0686211064458,0.00751262577251,0.309315949678,0.149255558848,-0.16006039083
8677,605,3,5,0.0321599170566,0.00223631062545,0.390266627073,0.433570623398,0.0433039963245
8678,1213,5,4,0.109727025032,0.0431546606123,0.0874984040856,0.12160679698,0.0341083928943
8680,6315,1,8,0.0552964508533,0.0114790927619,0.0400034375489,0.0417967624962,0.00179332494736
8681,5254,4,7,0.0535482913256,0.02356290631,0.263694614172,0.173606157303,-0.0900884568691
8683,7309,2,4,0.0858299657702,0.0228677485138,0.230925396085,0.175278350711,-0.0556470453739
8684,5107,3,6,0.0421268753707,0.00309633137658,0.0164534281939,0.0246037449688,0.00815031677485
8685,3791,2,7,0.0420347750187,0.00672782817855,0.32541680336,0.31155064702,-0.0138661563396
8686,5238,2,8,0.0613031797111,0.0125987157226,0.520908415318,0.284754246473,-0.236154168844
8687,7077,3,10,0.070076033473,0.0167678464204,0.0585072785616,0.0606500692666,0.00214279070497
8688,2052,4,7,0.0928928330541,0.0123081598431,0.214313149452,0.0828856006265,-0.131427556276
8689,1684,1,5,0.0685676261783,0.0143933501095,0.0938489511609,0.0810669735074,-0.0127819776535
8691,902,8,10,0.0443818829954,0.0093182111159,0.0556706637144,0.086697936058,0.0310272723436
8692,4915,2,10,0.106043666601,0.016029253602,0.0302431825548,0.0209545474499,-0.00928863510489
8694,9209,3,12,0.0893709138036,0.0621282979846,0.71647053957,0.416104584932,-0.300365954638
8695,5760,1,8,0.0316291004419,0.00296395854093,0.23685002327,0.175522640347,-0.0613273829222
8696,2215,2,4,0.0300734397024,0.00910804606974,0.0187317430973,0.0350002907217,0.0162685476243
8697,3162,2,6,0.0473861694336,0.0114312162623,0.39904204011,0.400363892317,0.00132185220718
8698,4344,1,3,0.0683162882924,0.0224343109876,0.0283883679658,0.0229001250118,-0.00548824295402
8699,284,3,7,0.0366024710238,0.0131656648591,0.0945243984461,0.107142649591,0.0126182511449
8700,1097,1,5,0.146251127124,0.0584198907018,0.108894869685,0.105959944427,-0.00293492525816
8701,7086,2,7,0.0277140885592,0.00707719614729,0.0143319927156,0.0333801917732,0.0190481990576
8702,6408,2,7,0.0481585003436,0.0122722890228,0.261567384005,0.197915777564,-0.0636516064405
8705,209,2,4,0.0490014664829,0.00802355539054,0.170470491052,0.306674212217,0.136203721166
8706,248,2,3,0.0792328938842,0.0233778003603,0.484143942595,0.265744328499,-0.218399614096
8707,1114,1,4,0.0504209510982,0.0106588620692,0.0318235382438,0.0441756658256,0.0123521275818
8708,9252,3,12,0.0535627938807,0.0173728000373,0.0485666058958,0.070399351418,0.0218327455223
8709,6458,1,5,0.0689919069409,0.0470350831747,0.124096266925,0.268448323011,0.144352048635
8710,1597,2,8,0.0267242994159,0.00797860324383,0.0364486165345,0.018108503893,-0.0183401126415
8711,1966,4,5,0.0478996522725,0.00745905097574,0.129979297519,0.13042999804,0.000450700521469
8713,7861,4,13,0.0593218915164,0.0190066508949,0.0479548498988,0.0497614704072,0.00180662050843
8714,932,4,4,0.0595847927034,0.0179726965725,0.0959849506617,0.10233656317,0.0063516125083
8715,3307,4,5,0.251399308443,0.0281774941832,0.757274627686,0.117322862148,-0.639951765537
8716,2180,1,8,0.072326131165,0.0259563438594,0.0283244587481,0.0364991687238,0.00817470997572
8717,2267,3,3,0.0456780977547,0.0124132856727,0.0593282692134,0.0472972989082,-0.0120309703052
8718,6464,3,1,0.059420466423,0.0128459520638,0.022102272138,0.030409052968,0.00830678083003
8721,617,3,6,0.0661096796393,0.0234872959554,0.1054674685,0.156813457608,0.0513459891081
8722,4486,1,5,0.201612427831,0.0818471908569,0.934928119183,0.387488275766,-0.547439813614
8723,5898,2,4,0.039815697819,0.0100396741182,0.128650695086,0.0911885276437,-0.0374621674418
8724,1450,2,5,0.0464674048126,0.0365544110537,0.98466360569,0.825809776783,-0.158853828907
8725,4054,4,8,0.046378094703,0.00337381451391,0.0535962209105,0.0777030512691,0.0241068303585
8726,3226,3,3,0.0681773796678,0.00787066668272,0.0097093526274,0.0102938786149,0.000584525987506
8727,5940,2,5,0.0867152437568,0.0456826798618,0.0639486685395,0.052335858345,-0.0116128101945
8728,1223,6,13,0.0684875324368,0.0190095230937,0.0448904559016,0.108502864838,0.063612408936
8729,5940,3,1,0.0557054579258,0.0191251188517,0.040772497654,0.0462432168424,0.00547071918845
8730,5759,2,10,0.0826434195042,0.0200362131,0.510418772697,0.21902538836,-0.291393399239
8731,1450,4,1,0.193024203181,0.0285978857428,0.916120529175,0.363825798035,-0.55229473114
8732,4260,3,4,0.0332707464695,0.00389583501965,0.161862626672,0.137026533484,-0.0248360931873
8733,1931,1,4,0.0858056619763,0.026417825371,0.215314760804,0.122387610376,-0.0929271504283
8734,6424,5,8,0.100790530443,0.0279102064669,0.0325567610562,0.216548249125,0.183991491795
8735,7457,2,6,0.11797644943,0.0417308658361,0.01466921065,0.0134375095367,-0.00123170111328
8736,944,1,8,0.12681555748,0.0971762165427,0.88799148798,0.512463629246,-0.375527858734
8737,5500,5,7,0.0574960000813,0.0313543491066,0.011862186715,0.0304497089237,0.0185875222087
8738,3201,5,16,0.0925516560674,0.0309762898833,0.344663083553,0.105157196522,-0.239505887032
8739,9199,1,5,0.0627606362104,0.013658891432,0.0846888273954,0.0848377048969,0.000148877501488
8740,4922,4,7,0.03315955773,0.010144174099,0.385216534138,0.372297853231,-0.0129186809063
8741,4922,1,7,0.0735946521163,0.0648896694183,0.680230915546,0.430234104395,-0.249996811152
8742,6219,1,5,0.0617586039007,0.0250017531216,0.0127844857052,0.0290952026844,0.0163107179105
8743,4922,1,5,0.050907984376,0.0126271247864,0.251181989908,0.375649780035,0.124467790127
8744,4922,1,7,0.123998641968,0.0439848303795,0.60760396719,0.262992292643,-0.344611674547
8745,4026,2,8,0.0118434252217,0.0042225215584,0.875932276249,0.832333147526,-0.0435991287231
8747,5099,9,19,0.0476503372192,0.018037404865,0.28731778264,0.243615970016,-0.0437018126249
8749,336,3,6,0.0537312626839,0.0155608002096,0.197203353047,0.220365181565,0.0231618285179
8750,3988,3,6,0.0494471788406,0.013638805598,0.517642974854,0.275189459324,-0.24245351553
8751,8689,4,5,0.0312047898769,0.00696275336668,0.171663746238,0.13314858079,-0.0385151654482
8754,8581,2,8,0.0563006810844,0.0341850891709,0.267529755831,0.151941493154,-0.115588262677
8755,3321,2,4,0.0587328709662,0.00886060111225,0.0584423094988,0.113740630448,0.0552983209491
8756,5093,3,3,0.0381932668388,0.0102359009907,0.147085815668,0.18860656023,0.0415207445621
8757,7798,3,3,0.0865232124925,0.0429040901363,0.115785293281,0.051789727062,-0.0639955699444
8758,8089,7,7,0.068677701056,0.0291821528226,0.170097827911,0.0396569035947,-0.130440920591
8760,5267,2,4,0.0750177204609,0.0280934069306,0.371792554855,0.193350031972,-0.178442522883
8761,2498,1,4,0.062086135149,0.00485380599275,0.212636008859,0.107072748244,-0.105563260615
8762,6939,1,5,0.061789393425,0.0262254029512,0.0395168066025,0.0798923820257,0.0403755754232
8764,5237,2,6,0.038438141346,0.0170827582479,0.0130512602627,0.0197174232453,0.00666616298258
8765,2996,2,6,0.0615737587214,0.0109334839508,0.0274444371462,0.0329073183239,0.00546288117766
8766,7520,1,9,0.063993729651,0.0190580990165,0.0326510518789,0.0106626674533,-0.0219883844256
8767,1020,1,4,0.0202619526535,0.00289046834223,0.21031267941,0.207723498344,-0.00258918106556
8768,5048,1,5,0.0410954877734,0.0120173059404,0.132385194302,0.0957801863551,-0.0366050079465
8769,1001,2,3,0.0579534322023,0.0573622025549,0.393490493298,0.357635498047,-0.0358549952507
8770,424,2,2,0.19847010076,0.102187104523,0.765587329865,0.234395071864,-0.531192243099
8771,1007,1,6,0.0974720939994,0.0252260416746,0.578949689865,0.202900096774,-0.37604957819
8773,8496,3,1,0.0844191089272,0.0264301523566,0.0188931990415,0.0500577948987,0.0311645958573
8774,5120,8,11,0.0443420559168,0.0192967634648,0.104062095284,0.139131590724,0.0350694954395
8775,5666,4,18,0.0437723584473,0.0263929925859,0.82573735714,0.61737960577,-0.208357751369
8777,5305,1,11,0.1335811764,0.0449340641499,0.551981985569,0.179158583283,-0.372823417187
8778,3248,2,2,0.0655501261353,0.0184252262115,0.0480575300753,0.0521474517882,0.00408992171288
8779,2616,5,4,0.0494260154665,0.00907157734036,0.0291101839393,0.028959594667,-0.00015058927238
8780,3182,3,5,0.0594781376421,0.0232660062611,0.167554110289,0.153970003128,-0.0135841071606
8782,1672,2,5,0.107365220785,0.0440882071853,0.703736424446,0.291080504656,-0.41265591979
8784,414,4,5,0.0341242030263,0.00287629198283,0.112373434007,0.0771875455976,-0.0351858884096
8785,2865,1,7,0.163877159357,0.0495837293565,0.943345248699,0.461145848036,-0.482199400663
8786,495,1,9,0.0808035060763,0.06160319224,0.802101671696,0.505546033382,-0.296555638313
8787,1716,2,5,0.0762944743037,0.00511053297669,0.284414857626,0.100697509944,-0.183717340231
8789,9069,5,19,0.191484883428,0.0141440993175,0.564878106117,0.062240909785,-0.502637207508
8790,476,5,12,0.0563004650176,0.0212618894875,0.0742918550968,0.06739833951,-0.00689351558685
8791,7299,1,10,0.104477025568,0.0122515438125,0.287518054247,0.111687816679,-0.175830245018
8792,1413,2,4,0.096059024334,0.0414174124599,0.439657628536,0.252348572016,-0.18730905652
8793,8060,1,4,0.0942582562566,0.0424538105726,0.177928566933,0.364708304405,0.186779737473
8794,2000,2,5,0.0623605065048,0.0175627544522,0.491215318441,0.329270392656,-0.161944925785
8795,4468,4,3,0.0643716827035,0.0137682994828,0.0123509345576,0.00765130901709,-0.00469962554052
8796,4287,5,6,0.0738871693611,0.0458385907114,0.0101711135358,0.0114898318425,0.00131871830672
8797,5879,1,8,0.11524579674,0.0590680576861,0.901821732521,0.532143175602,-0.369678556919
8798,5901,3,4,0.0437585227191,0.0354864746332,0.670033752918,0.480576634407,-0.189457118511
8799,1360,1,3,0.063791833818,0.0184508487582,0.0193958505988,0.0475759394467,0.0281800888479
8802,304,1,6,0.0503196753561,0.00768811348826,0.111273303628,0.0872515067458,-0.0240217968822
8803,2469,2,4,0.123239554465,0.0545066148043,0.494807362556,0.160419419408,-0.33438795805
8804,3765,1,11,0.0736656486988,0.0328460298479,0.25730279088,0.163012132049,-0.0942906588316
8805,385,1,7,0.0957014784217,0.0536483563483,0.70633482933,0.34839963913,-0.357935190201
8806,931,1,8,0.0622233115137,0.00716940639541,0.226185828447,0.0963588133454,-0.129827022552
8807,8271,1,8,0.0433772169054,0.0159441120923,0.0614802278578,0.0206079259515,-0.0408723019063
8808,6993,1,5,0.13560397923,0.0657644942403,0.109829366207,0.0748258307576,-0.0350035354495
8809,8310,6,11,0.0489684604108,0.0275388881564,0.0540735907853,0.0320216603577,-0.0220519304276
8810,2954,2,4,0.0602044649422,0.0299491267651,0.261791586876,0.181733012199,-0.0800585746765
8811,3747,1,4,0.0585093796253,0.0293325763196,0.0668150484562,0.234097108245,0.167282059789
8812,3112,1,6,0.1205746755,0.00333201070316,0.0434493869543,0.0819867476821,0.0385373607278
8813,5008,2,11,0.0581481046975,0.00341902440414,0.315420925617,0.270878911018,-0.0445420145988
8814,5789,2,5,0.101407527924,0.0786825567484,0.645089626312,0.346280306578,-0.298809319735
8815,17,3,7,0.0746410787106,0.0303972605616,0.0436372980475,0.0468242950737,0.00318699702621
8817,2248,1,8,0.0499575585127,0.0242640040815,0.0782435834408,0.0596684627235,-0.0185751207173
8818,6285,1,7,0.0713764950633,0.0134385498241,0.0374664887786,0.0637855380774,0.0263190492988
8819,2183,1,3,0.0187127068639,0.00135283602867,0.684638857841,0.580955803394,-0.103683054447
8820,4852,2,9,0.0686416849494,0.0329830572009,0.230548158288,0.1974093467,-0.0331388115883
8821,6052,4,7,0.029684484005,0.00781938899308,0.069751739502,0.0761293172836,0.00637757778168
8822,2193,1,7,0.0474617667496,0.0276381541044,0.17801360786,0.115174949169,-0.0628386586905
8823,5294,1,5,0.074580848217,0.00455693993717,0.0660602375865,0.130089610815,0.0640293732285
8824,7458,3,7,0.0580399520695,0.0106709674001,0.0135329375044,0.00729207927361,-0.00624085823074
8825,7775,3,6,0.15994001925,0.00722835119814,0.169320955873,0.203519359231,0.0341984033585
8826,4492,3,6,0.0559589751065,0.0127756893635,0.231152743101,0.108268193901,-0.122884549201
8827,2466,2,7,0.0766990184784,0.0403998568654,0.125018775463,0.111207641661,-0.0138111338019
8828,9232,4,23,0.0748357474804,0.00808710046113,0.0278054624796,0.0695267915726,0.041721329093
8829,359,1,12,0.0259976591915,0.0248230416328,0.784967005253,0.677747488022,-0.107219517231
8830,4976,4,6,0.0473863594234,0.0155205437914,0.0902152359486,0.105428099632,0.0152128636837
8831,6806,3,11,0.0549616403878,0.0364135503769,0.505053162575,0.301259845495,-0.20379331708
8833,164,3,4,0.0482601225376,0.0106367990375,0.0594666004181,0.0675063058734,0.0080397054553
8834,7137,1,7,0.0283062327653,0.00842325203121,0.0610266290605,0.0534270256758,-0.00759960338473
8835,5829,3,5,0.122167222202,0.0649932995439,0.0423508547246,0.0454687774181,0.00311792269349
8836,2756,1,7,0.0441215820611,0.0230050720274,0.0667561069131,0.0885780975223,0.0218219906092
8837,3275,2,9,0.0578595884144,0.00818238221109,0.0955856218934,0.12950001657,0.0339143946767
8838,2091,1,4,0.0718188658357,0.00819284748286,0.00877773948014,0.0231412667781,0.014363527298
8839,6362,1,8,0.113122582436,0.0120938969776,0.552320301533,0.221277788281,-0.331042528152
8840,869,3,13,0.04014518857,0.0147596355528,0.235733091831,0.130510494113,-0.105222597718
8841,1993,1,5,0.08191883564,0.0401461534202,0.281486004591,0.0916766300797,-0.189809381962
8842,4919,1,4,0.0656904056668,0.0243796203285,0.0549238137901,0.160426557064,0.105502739549
8843,6012,1,9,0.0635212063789,0.0308944098651,0.107924066484,0.120021037757,0.0120969712734
8844,2183,3,7,0.107987754047,0.0381253100932,0.407071977854,0.637190580368,0.230118602514
8845,944,4,4,0.0394391454756,0.00596281001344,0.389413714409,0.361443668604,-0.027970045805
8846,2756,5,6,0.0310267116874,0.0197341442108,0.75647777319,0.681530714035,-0.0749470591545
8847,6012,3,4,0.049337040633,0.0491912476718,0.569927096367,0.449178785086,-0.120748311281
8848,2756,3,3,0.0534066744149,0.0156531445682,0.0245810057968,0.0925735607743,0.0679925531149
8849,7554,1,7,0.0492150299251,0.0268079210073,0.106341652572,0.0528594888747,-0.0534821636975
8850,5744,4,8,0.0477095395327,0.00781753472984,0.0792034044862,0.0427633784711,-0.036440026015
8852,5424,1,5,0.0413375459611,0.00819160416722,0.275220870972,0.259683161974,-0.0155377089977
8853,6400,1,9,0.131773635745,0.0401519723237,0.0656637400389,0.0540807507932,-0.0115829892457
8854,6207,5,8,0.256265133619,0.103740595281,0.0144464448094,0.0936124548316,0.0791660100222
8855,2756,3,5,0.0740049853921,0.0204440783709,0.116824328899,0.310414433479,0.19359010458
8856,944,4,6,0.0539332441986,0.0414966084063,0.777379333973,0.535460233688,-0.241919100285
8857,5995,2,5,0.0435326211154,0.00699984375387,0.329460561275,0.21805767715,-0.111402884126
8858,2756,3,5,0.074007704854,0.0305813401937,0.107355929911,0.0274197068065,-0.079936221242
8860,4848,2,9,0.0106540909037,0.0103320349008,0.992431640625,0.949620187283,-0.0428114533424
8861,4892,1,7,0.0319972634315,0.00129488599487,0.0927915126085,0.112909115851,0.0201176032424
8862,3114,1,4,0.0649227425456,0.0154489194974,0.108899272978,0.0895320996642,-0.0193671733141
8863,2099,2,3,0.0326351709664,0.00430671032518,0.107234731317,0.136295542121,0.0290608108044
8864,2756,1,5,0.0417861230671,0.0208342876285,0.545959472656,0.439570218325,-0.106389254332
8866,1631,1,5,0.0495618581772,0.0222195517272,0.393216401339,0.521738767624,0.128522366285
8867,2082,3,6,0.0348371751606,0.00552998995408,0.0327680408955,0.0340200215578,0.00125198066235
8870,8832,1,6,0.0559268593788,0.00325820711441,0.0224071536213,0.0100197987631,-0.0123873548582
8872,8998,5,10,0.0690743327141,0.0340359099209,0.924096286297,0.652320683002,-0.271775603294
8873,7463,3,5,0.0527455806732,0.0172111690044,0.99319767952,0.827167332172,-0.166030347347
8874,6452,2,8,0.027669467032,0.0122683821246,0.0752557069063,0.0756636038423,0.00040789693594
8876,1345,1,5,0.0610091686249,0.00709930667654,0.290389120579,0.343201011419,0.0528118908405
8877,2651,1,5,0.0598924309015,0.0177093278617,0.0342070348561,0.0255477000028,-0.00865933485329
8880,3028,4,5,0.0352687686682,0.0109354266897,0.0464391745627,0.039776545018,-0.00666262954473
8881,4002,3,4,0.0677140951157,0.0543289370835,0.604759812355,0.386883467436,-0.217876344919
8882,576,2,7,0.0558175854385,0.00941648986191,0.389641225338,0.308210343122,-0.0814308822155
8884,9133,3,14,0.0704041942954,0.0150632308796,0.105088412762,0.0381315201521,-0.0669568926096
8885,4956,1,6,0.0449038594961,0.00780458375812,0.0885281413794,0.125012412667,0.0364842712879
8886,8096,3,11,0.0518096722662,0.0104160206392,0.0518793724477,0.0824071243405,0.0305277518928
8887,4647,2,8,0.0519890002906,0.0212144702673,0.0265527628362,0.0144103532657,-0.0121424095705
8888,221,4,5,0.0393070578575,0.0083257779479,0.334664940834,0.237163290381,-0.0975016504526
8890,5465,3,3,0.0394871793687,0.0170379597694,0.314437150955,0.421892136335,0.10745498538
8891,4247,2,13,0.0484441258013,0.0153209948912,0.926223397255,0.726032912731,-0.200190484524
8892,4247,4,5,0.075128287077,0.0292984321713,0.195212036371,0.0944797024131,-0.100732333958
8893,4247,1,4,0.0425251983106,0.0207009222358,0.794189155102,0.583029270172,-0.21115988493
8894,7346,2,5,0.0621443390846,0.0167450662702,0.0493454039097,0.11548640579,0.0661410018802
8895,326,2,5,0.0740610063076,0.0170119423419,0.0460712090135,0.0447188057005,-0.00135240331292
8896,3920,1,8,0.0542854629457,0.0241256412119,0.030234972015,0.0320930816233,0.00185810960829
8897,6938,4,5,0.158134877682,0.0725729838014,0.677858054638,0.218952715397,-0.458905339241
8898,4391,2,4,0.0463021248579,0.0113416640088,0.223856791854,0.199823737144,-0.0240330547094
8899,9026,5,7,0.0467173047364,0.00968549773097,0.0582450665534,0.0374253280461,-0.0208197385073
8900,6332,1,7,0.0550618581474,0.0327284000814,0.230536147952,0.176649272442,-0.0538868755102
8901,8743,1,9,0.0718096718192,0.0102434335276,0.0963326692581,0.0954251289368,-0.00090754032135
8902,4429,1,9,0.0769835710526,0.0289521366358,0.0841347947717,0.0388569496572,-0.0452778451145
8903,1879,1,4,0.0517510138452,0.0063040596433,0.0127368159592,0.0184593424201,0.00572252646089
8905,5465,1,6,0.0750692859292,0.00995312910527,0.614609360695,0.313837558031,-0.300771802664
8907,6185,3,7,0.0261817518622,0.0028722921852,0.546202421188,0.507452785969,-0.0387496352196
8908,5262,1,3,0.0647229030728,0.00440500909463,0.0231525246054,0.0731659755111,0.0500134527683
8909,4977,2,2,0.0887685716152,0.0399277247488,0.0183255653828,0.00500657595694,-0.0133189894259
8910,3493,8,4,0.0339169465005,0.0129914274439,0.0358734950423,0.0572536177933,0.021380122751
8912,1131,1,3,0.0458569042385,0.0221975725144,0.462483495474,0.284872889519,-0.177610605955
8913,5876,1,5,0.0313917025924,0.0113857155666,0.770552039146,0.605273067951,-0.165278971195
8914,3496,3,5,0.059526335448,0.0442328937352,0.0701481923461,0.173805519938,0.103657327592
8915,3130,3,5,0.0508791953325,0.0106637217104,0.00972663331777,0.00952855031937,-0.000198082998395
8916,7827,7,2,0.0456015616655,0.0278262831271,0.0503439866006,0.0500615239143,-0.0002824626863
8917,2136,1,5,0.129182472825,0.0720988884568,0.075304299593,0.0861297175288,0.0108254179358
8918,8320,2,13,0.055985134095,0.024194272235,0.115679748356,0.151328071952,0.0356483235955
8919,108,6,11,0.0394331067801,0.0070449183695,0.115089148283,0.140118405223,0.0250292569399
8920,9247,3,9,0.0587173588574,0.00694152479991,0.0264603290707,0.0678553879261,0.0413950607181
8921,3085,4,9,0.066202275455,0.0149935595691,0.138995856047,0.205759704113,0.0667638480663
8923,3716,1,5,0.0456038415432,0.00636500073597,0.380687117577,0.268082112074,-0.112605005503
8925,2102,3,6,0.0665740892291,0.0157742518932,0.0377797186375,0.0355524457991,-0.00222727283835
8926,1866,2,7,0.0942580103874,0.0393043644726,0.0126741761342,0.0234418530017,0.0107676768675
8927,2102,1,7,0.0430236719549,0.00543542811647,0.27655801177,0.289097160101,0.0125391483307
8928,941,1,7,0.0338417775929,0.00707445247099,0.0614566616714,0.07866037637,0.0172037146986
8929,2020,2,14,0.101710952818,0.0397461540997,0.369187146425,0.209350287914,-0.159836858511
8930,5265,2,5,0.065259732306,0.0267576873302,0.220253542066,0.0825554057956,-0.137698143721
8931,5260,2,9,0.027475906536,0.005425889045,0.52678501606,0.445558100939,-0.0812269151211
8933,2136,5,3,0.075275503099,0.00185744022019,0.232884168625,0.360438585281,0.127554416656
8934,5236,1,7,0.169738054276,0.0442549921572,0.6168435812,0.147577181458,-0.469266414642
8935,1631,2,7,0.0857206210494,0.0325577706099,0.0519799143076,0.13457749784,0.0825975835323
8936,1092,2,3,0.0827374458313,0.0164841394871,0.149429231882,0.333923697472,0.18449446559
8937,1435,2,7,0.120269536972,0.00842489674687,0.399480551481,0.0652488991618,-0.334231644869
8938,782,2,8,0.0697407796979,0.039034076035,0.0651177838445,0.048281699419,-0.0168360844254
8939,925,2,4,0.0217621233314,0.00531766330823,0.450794667006,0.550700247288,0.0999055802822
8940,334,4,6,0.0909595787525,0.0282655395567,0.897157967091,0.546091020107,-0.351066946983
8941,577,3,4,0.0343769863248,0.0201940312982,0.326896637678,0.307360380888,-0.0195362567902
8943,1643,4,21,0.0628792271018,0.0155450440943,0.030067384243,0.0408718474209,0.0108044631779
8944,1367,4,4,0.0665900409222,0.0130557818338,0.0837593972683,0.0678732395172,-0.0158861577511
8945,7691,1,4,0.0693697407842,0.00890313368291,0.0994352847338,0.0934412106872,-0.00599407404661
8946,1102,2,5,0.083310328424,0.0409257784486,0.0964328870177,0.119065158069,0.0226322710514
8947,847,2,4,0.068426668644,0.03233499825,0.388705998659,0.187284946442,-0.201421052217
8948,380,1,1,0.0415997095406,0.0197119824588,0.0602318719029,0.0584677755833,-0.00176409631968
8949,7559,1,4,0.0604655109346,0.0176757834852,0.0938362032175,0.0814468041062,-0.0123893991113
8950,7137,1,10,0.0408910177648,0.0111393285915,0.079189427197,0.0717912092805,-0.00739821791649
8951,6615,2,7,0.0781339332461,0.0326444171369,0.161504536867,0.0895694494247,-0.0719350874424
8952,888,3,4,0.0608108453453,0.0171128995717,0.0122422585264,0.0282624494284,0.0160201899707
8954,1454,2,7,0.0548953711987,0.00581365870312,0.120650924742,0.0673431679606,-0.0533077567816
8955,230,2,3,0.0405513495207,0.018205055967,0.0514655821025,0.0776134505868,0.0261478684843
8956,619,2,1,0.0924604460597,0.0270126089454,0.0398195125163,0.117582947016,0.0777634382248
8958,1131,3,4,0.0652305260301,0.0150850554928,0.460940957069,0.264342099428,-0.196598857641
8959,7395,1,4,0.0725530013442,0.00121841218788,0.148501619697,0.183725953102,0.0352243334055
8962,2119,1,6,0.0510837286711,0.00674686999992,0.216229170561,0.137682855129,-0.0785463154316
8963,567,3,9,0.0193182379007,0.00520277721807,0.858044087887,0.783806979656,-0.0742371082306
8964,266,3,7,0.042280331254,0.0129156615585,0.968891680241,0.802723407745,-0.166168272495
8966,2124,2,4,0.0743092820048,0.0473074093461,0.358897060156,0.180811658502,-0.178085401654
8969,8339,2,4,0.0764690563083,0.00930628553033,0.0360296741128,0.0643716976047,0.0283420234919
8970,3709,2,4,0.0339400544763,0.0145669141784,0.014469826594,0.0332428254187,0.0187729988247
8971,7290,5,3,0.0892641171813,0.0141737973318,0.122886173427,0.0203516092151,-0.102534562349
8972,3812,4,6,0.0456912703812,0.0125812850893,0.0930379107594,0.111061669886,0.0180237591267
8973,8265,1,20,0.032949578017,0.013362265192,0.981418967247,0.853431284428,-0.127987682819
8974,4039,4,4,0.116713441908,0.0254870932549,0.480443775654,0.0993279218674,-0.381115853786
8975,2379,1,6,0.0710480585694,0.0122165838256,0.125964179635,0.136301234365,0.0103370547295
8976,1564,3,4,0.0444039516151,0.0180970840156,0.0191958397627,0.0247252564877,0.00552941672504
8978,8940,3,6,0.145577087998,0.074611261487,0.817636907101,0.341686487198,-0.475950419903
8979,4886,5,9,0.0675748959184,0.0338654182851,0.0732131153345,0.0594581216574,-0.0137549936771
8980,1375,2,4,0.104300796986,0.0617781020701,0.0535261034966,0.0427533984184,-0.0107727050781
8981,5615,2,8,0.037074547261,0.0095391292125,0.0443273670971,0.0267787519842,-0.0175486151129
8984,4519,3,3,0.0943581387401,0.0267597064376,0.0276800338179,0.0211488381028,-0.00653119571507
8985,7264,4,3,0.0346276648343,0.00360485468991,0.28759393096,0.170983538032,-0.116610392928
8986,7805,1,4,0.0535001009703,0.0136036528274,0.0309397410601,0.0349335074425,0.00399376638234
8987,5301,5,4,0.068984977901,0.0156409367919,0.261917173862,0.119918696582,-0.14199846983
8988,266,3,2,0.055413980037,0.0196741055697,0.0396506749094,0.111888624728,0.0722379535437
8989,6108,2,8,0.0678758770227,0.0112012820318,0.0255535542965,0.0183576792479,-0.00719587504864
8991,5171,2,8,0.104647181928,0.0324456691742,0.407851457596,0.138539150357,-0.26931232214
8992,5201,2,4,0.0438098795712,0.00440743984655,0.101840272546,0.175529837608,0.0736895650625
8993,3746,1,7,0.0697112977505,0.0288997199386,0.0237383227795,0.0620870105922,0.0383486896753
8994,2617,4,4,0.0677591338754,0.0280644427985,0.0191794596612,0.0437182597816,0.0245388001204
8995,2193,4,5,0.0391060113907,0.013606284745,0.0543322153389,0.0506623797119,-0.00366983562708
8996,426,2,4,0.0411935225129,0.00445842649788,0.0594221837819,0.0903839692473,0.0309617854655
8997,450,1,6,0.0862532630563,0.0641038566828,0.260103076696,0.483962267637,0.223859190941
8998,1764,3,9,0.0417066775262,0.00264492514543,0.138770073652,0.0776506662369,-0.0611194074154
8999,8154,3,8,0.0510911010206,0.00706966221333,0.0339139848948,0.0387094765902,0.0047954916954
9000,1925,2,5,0.133311212063,0.0440003797412,0.0447426512837,0.128497481346,0.0837548300624
9001,3476,2,7,0.0821430757642,0.0356775633991,0.0792849957943,0.17616198957,0.0968769937754
9002,2139,1,6,0.031042046845,0.0023091242183,0.408704727888,0.355134397745,-0.053570330143
9003,8491,1,6,0.0559316314757,0.0205240473151,0.350942403078,0.182061254978,-0.1688811481
9005,5052,4,3,0.0392792634666,0.00916839297861,0.0122507242486,0.0141404820606,0.00188975781202
9006,574,3,6,0.0688729733229,0.0246205665171,0.658681929111,0.349181205034,-0.309500724077
9007,350,1,7,0.0634889751673,0.0439969114959,0.510384678841,0.292933791876,-0.217450886965
9008,3285,1,4,0.0597242712975,0.0228176042438,0.0690320581198,0.063865788281,-0.00516626983881
9009,1319,2,6,0.0698108077049,0.0248669777066,0.17260210216,0.225861430168,0.0532593280077
9010,1091,3,3,0.0648469701409,0.0319699943066,0.0473585315049,0.0714889988303,0.0241304673254
9011,2134,1,7,0.0474452190101,0.0196190755814,0.165207892656,0.107324160635,-0.0578837320209
9012,4096,4,3,0.0555938370526,0.0187069326639,0.0964155718684,0.18042974174,0.0840141698718
9013,5479,2,6,0.0751353353262,0.0287199672312,0.0788167342544,0.0285565350205,-0.0502602010965
9014,3018,2,6,0.0407454334199,0.00998030323535,0.0309391636401,0.0183405149728,-0.0125986486673
9015,2458,3,4,0.0389229208231,0.000240053297603,0.0626860335469,0.03444936499,-0.0282366685569
9017,5876,2,3,0.0487235635519,0.00157513283193,0.0394449234009,0.0333858169615,-0.00605910643935
9018,4066,4,16,0.0601123869419,0.0120722102001,0.0955216884613,0.147618114948,0.052096426487
9021,1589,1,11,0.101036429405,0.0267603825778,0.360079079866,0.0765190348029,-0.283560037613
9022,4008,1,5,0.0607719086111,0.0194695331156,0.00869136117399,0.0115685733035,0.00287721212953
9023,2031,6,28,0.0567956827581,0.0202085077763,0.957221865654,0.733952224255,-0.223269641399
9024,6050,3,8,0.132833376527,0.0166280195117,0.108235761523,0.221662446856,0.113426685333
9026,6152,3,9,0.0792144164443,0.0240658633411,0.0410977713764,0.0492675304413,0.00816975906491
9027,6429,3,6,0.0331950299442,0.00488550588489,0.229078605771,0.136395454407,-0.0926831513643
9028,5432,3,11,0.147010803223,0.0501405969262,0.58967679739,0.168437123299,-0.421239674091
9029,3337,2,13,0.0123062999919,0.0119571406394,0.911127626896,0.875704109669,-0.0354235172272
9030,3337,3,7,0.0398031137884,0.00772501714528,0.292869001627,0.284010916948,-0.00885808467865
9031,772,3,5,0.0917412340641,0.0468916855752,0.509823739529,0.248822808266,-0.261000931263
9032,8460,3,2,0.0764058306813,0.0335314646363,0.15102905035,0.101321227849,-0.0497078225017
9033,5305,3,9,0.0443163514137,0.00280516967177,0.0319032259285,0.064475171268,0.0325719453394
9034,1071,2,9,0.0652514770627,0.00985476840287,0.072872877121,0.0246220137924,-0.0482508614659
9035,1914,3,7,0.0552756302059,0.00821693986654,0.0357879400253,0.0406834594905,0.00489551946521
9037,9063,1,1,0.0477122366428,0.00991464406252,0.0233169570565,0.032094180584,0.00877722352743
9038,1127,2,3,0.0344017781317,0.0153305958956,0.981226801872,0.847273826599,-0.133952975273
9039,1281,1,5,0.0819252803922,0.0156757608056,0.367244929075,0.109670318663,-0.257574617863
9040,2903,1,3,0.0405755974352,0.016984930262,0.129270538688,0.0722155123949,-0.0570550262928
9041,5389,3,7,0.0892480388284,0.0264622252434,0.0148488571867,0.00622395658866,-0.00862490013242
9042,6424,1,7,0.0749457553029,0.0387493893504,0.0390900932252,0.0383236445487,-0.000766448676586
9043,217,1,6,0.0531891174614,0.0178368985653,0.0388627238572,0.0216614399105,-0.0172012839466
9044,6254,1,8,0.0861177071929,0.0323849320412,0.443457186222,0.195011392236,-0.248445793986
9045,1058,3,4,0.0445872433484,0.0143014006317,0.00275744637474,0.00155621452723,-0.00120123184752
9046,1501,2,7,0.116298861802,0.00462962826714,0.0187997147441,0.0214419364929,0.00264222174883
9047,8923,2,5,0.184804812074,0.0669216737151,0.839347362518,0.291639447212,-0.547707915306
9048,356,1,4,0.0339844822884,0.00808652490377,0.85447537899,0.652995288372,-0.201480090618
9049,1317,2,2,0.0299700591713,0.00398491090164,0.404550284147,0.406468182802,0.00191789865494
9051,4179,2,5,0.0153914587572,0.00608654040843,0.0293706171215,0.0464924313128,0.0171218141913
9052,2379,2,4,0.0939666628838,0.014133724384,0.0141696222126,0.0545549653471,0.0403853431344
9053,9002,2,3,0.120464123785,0.121406555176,0.946068227291,0.614078998566,-0.331989228725
9054,8282,4,7,0.0581408441067,0.0102198123932,0.0311692133546,0.0987951755524,0.0676259621978
9055,2439,3,6,0.0433176904917,0.0143207898363,0.699350774288,0.540525376797,-0.158825397491
9056,6400,2,5,0.0636117011309,0.0161668583751,0.035861235112,0.0726831331849,0.036821898073
9057,9192,4,4,0.127160981297,0.00476250238717,0.0851811692119,0.124189116061,0.0390079468489
9058,7915,4,25,0.0753152370453,0.00340582174249,0.863634347916,0.565955400467,-0.297678947449
9060,3924,2,8,0.0654959231615,0.0191617589444,0.123312205076,0.177669122815,0.0543569177389
9062,195,6,9,0.0757708251476,0.0394262596965,0.0239084716886,0.0224136412144,-0.00149483047426
9063,1097,1,8,0.0323120616376,0.0135445585474,0.261797100306,0.258045881987,-0.00375121831894
9064,5981,1,1,0.0844446048141,0.0218087341636,0.365018546581,0.107003428042,-0.25801512599
9065,3157,1,8,0.125551387668,0.0429806262255,0.984023571014,0.629588544369,-0.354435026646
9066,340,3,3,0.0520372539759,0.0160812214017,0.0419736765325,0.0722239911556,0.0302503146231
9067,1441,6,15,0.0583980381489,0.0161905176938,0.299956440926,0.224788859487,-0.075167581439
9068,2339,2,9,0.0490409433842,0.0158397108316,0.00876186229289,0.00768350064754,-0.00107836164534
9069,1998,1,6,0.0702926516533,0.00475927488878,0.286191910505,0.219065904617,-0.067126005888
9071,3522,3,9,0.0729382708669,0.0332479402423,0.143819257617,0.165108442307,0.0212891846895
9072,7431,2,7,0.0377924926579,0.0114176785573,0.212783887982,0.0979246273637,-0.114859260619
9074,3234,2,8,0.101732552052,0.0901215970516,0.70269048214,0.366220504045,-0.336469978094
9075,5899,3,5,0.0612595677376,0.0248034931719,0.101821392775,0.214587405324,0.112766012549
9076,5864,1,1,0.0412964560091,0.00991176720709,0.11622326076,0.0973654016852,-0.0188578590751
9077,8473,3,6,0.0566104762256,0.00918264780194,0.246375203133,0.181029856205,-0.0653453469276
9078,7330,1,7,0.0647454708815,0.00830776244402,0.177243605256,0.0590736828744,-0.118169918656
9079,1275,1,16,0.108792074025,0.0065031806007,0.70746576786,0.282644093037,-0.424821674824
9080,248,2,7,0.071835026145,0.0801299437881,0.757936000824,0.625027835369,-0.132908165455
9082,2507,2,6,0.0991887524724,0.0581050254405,0.0218537040055,0.0404993444681,0.0186456404626
9083,9172,1,6,0.0554099790752,0.0101418159902,0.995959341526,0.829304158688,-0.166655182838
9084,1696,5,9,0.0640597343445,0.00749860424548,0.034110955894,0.0395774357021,0.00546647980809
9085,8939,2,1,0.0414132215083,0.00278770597652,0.0306820087135,0.0517853908241,0.0211033821106
9088,6811,3,2,0.0583551563323,0.0091993669048,0.0340582132339,0.055236581713,0.021178368479
9089,2889,6,2,0.0598156452179,0.0093737905845,0.0163943711668,0.0204113274813,0.00401695631444
9090,6404,1,4,0.0440883040428,0.00823541451246,0.0200621876866,0.0113676982,-0.00869448948652
9091,2745,1,7,0.0484422035515,0.0198564101011,0.318534642458,0.266892939806,-0.051641702652
9092,438,1,3,0.104716964066,0.0322423242033,0.554962277412,0.196690544486,-0.358271718025
9094,7064,3,8,0.0831819474697,0.0440958999097,0.684147357941,0.38208425045,-0.302063107491
9095,3888,8,14,0.0684042572975,0.0162238311023,0.0490052439272,0.109059423208,0.060054179281
9096,2774,3,5,0.103031851351,0.0299030989408,0.308629572392,0.0588555447757,-0.24977402389
9097,1716,1,7,0.0557121746242,0.0216038376093,0.709694743156,0.489171594381,-0.220523148775
9098,2525,3,3,0.0422105453908,0.0027760094963,0.203234896064,0.156742081046,-0.0464928150177
9099,3440,2,5,0.061218123883,0.00693776737899,0.0835854932666,0.102881640196,0.0192961469293
9101,9220,4,13,0.0735419988632,0.00958732888103,0.040513496846,0.109844893217,0.0693313926458
9102,6025,3,6,0.0360790975392,0.00893362704664,0.0303736571223,0.0177629292011,-0.0126107279211
9103,7875,2,6,0.0721807777882,0.0261533502489,0.0446416772902,0.0593207478523,0.0146790705621
9104,1616,1,5,0.0769968256354,0.0190591011196,0.958898842335,0.682413101196,-0.276485741138
9105,2078,3,11,0.0828044489026,0.0129772750661,0.133434593678,0.0522280819714,-0.0812065154314
9107,9134,4,6,0.085880883038,0.00930418353528,0.0632098764181,0.0658029541373,0.00259307771921
9108,2508,7,8,0.0435658730567,0.00210551940836,0.0415885932744,0.0741997733712,0.0326111800969
9109,9185,1,7,0.108872413635,0.0182304661721,0.464935034513,0.100983798504,-0.36395123601
9111,1016,1,8,0.115460962057,0.0509695373476,0.185414493084,0.319894760847,0.134480267763
9112,598,4,4,0.0699315145612,0.0238203816116,0.637454330921,0.347804188728,-0.289650142193
9114,6982,2,2,0.0591337122023,0.0300192143768,0.0461476556957,0.0471921153367,0.00104445964098
9116,2796,2,5,0.0944780707359,0.0233960971236,0.0132907284424,0.049186591059,0.0358958616853
9118,2226,1,4,0.0625395253301,0.0124095901847,0.152403071523,0.0642671585083,-0.0881359130144
9119,4941,3,6,0.0448954962194,0.00791937019676,0.464574694633,0.404474586248,-0.0601001083851
9120,4941,5,4,0.0864205285907,0.0348276421428,0.00782345514745,0.0157128404826,0.00788938533515
9121,8667,6,9,0.0586613416672,0.0200431086123,0.0763541907072,0.062692977488,-0.0136612132192
9122,7347,2,6,0.0695335417986,0.0228486899287,0.501650214195,0.230359241366,-0.271290957928
9123,8322,5,10,0.116130895913,0.0891714319587,0.179290637374,0.447322636843,0.26803201437
9124,3282,2,8,0.0680395290256,0.017666593194,0.0180769190192,0.0921013727784,0.0740244537592
9125,248,1,4,0.0447691679001,0.0270426180214,0.433544486761,0.339638322592,-0.0939061641693
9126,4510,1,5,0.0577863119543,0.0202091634274,0.121021009982,0.14363719523,0.0226161852479
9128,7274,10,19,0.0283386912197,0.0113765764982,0.0481276586652,0.0830070078373,0.0348793491721
9129,6051,1,7,0.0372439473867,0.0115250581875,0.197067141533,0.17803221941,-0.019034922123
9131,8984,5,7,0.0448464043438,0.0127880033106,0.0183324478567,0.0237345006317,0.00540205277503
9132,2155,1,5,0.0739218592644,0.0174631215632,0.0381415449083,0.054372549057,0.0162310041487
9134,326,1,6,0.0336905382574,0.00347434938885,0.235730245709,0.274697333574,0.0389670878649
9135,3983,7,15,0.0378707386553,0.00382107007317,0.105523750186,0.110719747841,0.00519599765539
9136,5568,2,3,0.0421777963638,0.0088378097862,0.00917130615562,0.0179562773556,0.00878497119993
9137,400,3,4,0.0379005335271,0.0130291832611,0.296374052763,0.238928988576,-0.057445064187
9138,18,1,3,0.0795265957713,0.00946586206555,0.0991756469011,0.0410694219172,-0.0581062249839
9139,448,2,3,0.0545082725585,0.0166181381792,0.115905329585,0.174839273095,0.0589339435101
9140,5156,2,5,0.051138382405,0.0364069975913,0.170832127333,0.114042818546,-0.0567893087864
9141,6493,1,6,0.0625819042325,0.0271201189607,0.24852566421,0.125500023365,-0.123025640845
9142,5792,2,5,0.0379202514887,0.00156452821102,0.262198746204,0.18158608675,-0.0806126594543
9143,6342,2,4,0.0523009561002,0.0106072844937,0.139192521572,0.0570161640644,-0.0821763575077
9144,8982,2,7,0.0401428937912,0.00949116889387,0.11687336117,0.103608965874,-0.0132643952966
9145,4391,3,6,0.0666209980845,0.01849617064,0.191052481532,0.172842279077,-0.0182102024555
9146,831,4,8,0.0542396754026,0.0135280760005,0.0291765909642,0.0767545625567,0.0475779697299
9147,4819,1,8,0.0308566745371,0.0171098392457,0.120461210608,0.0540774613619,-0.0663837492466
9148,3388,1,5,0.0542291812599,0.0115903234109,0.00954729411751,0.0170505810529,0.00750328693539
9149,8314,1,11,0.0646055340767,0.0141297047958,0.297801434994,0.177944779396,-0.119856655598
9150,4992,4,10,0.0695866942406,0.0163783039898,0.432424038649,0.327806562185,-0.104617476463
9151,8322,2,7,0.0507500767708,0.0265092682093,0.293104916811,0.185170069337,-0.107934847474
9152,5723,1,4,0.0486980415881,0.0155800599605,0.0812114402652,0.0964141711593,0.0152027308941
9153,9105,1,6,0.0762760639191,0.0359579175711,0.285826295614,0.0889374017715,-0.196888893843
9154,6668,1,5,0.0445513539016,0.0129350442439,0.0355696566403,0.0364103205502,0.000840663909912
9155,8576,1,5,0.0579635798931,0.0110803293064,0.0390385650098,0.0607654564083,0.0217268913984
9156,2134,3,5,0.11989261955,0.0930643752217,0.772969245911,0.376720905304,-0.396248340607
9157,637,2,2,0.0951101109385,0.0363117642701,0.167310401797,0.146154269576,-0.0211561322212
9158,6112,2,5,0.0893196091056,0.0387604013085,0.362350165844,0.124556742609,-0.237793415785
9159,9322,7,13,0.0184031259269,0.00481492187828,0.081338442862,0.100624360144,0.0192859172821
9160,1984,1,5,0.0650961622596,0.0253862328827,0.0303751993924,0.0518004000187,0.0214252006263
9162,4294,1,7,0.111580558121,0.0241495687515,0.0447228848934,0.0699741020799,0.0252512171865
9163,37,1,3,0.0417777709663,0.0388238243759,0.867096424103,0.7056645751,-0.161431849003
9164,5905,1,4,0.0804525315762,0.0566701479256,0.0788825675845,0.128778398037,0.0498958304524
9165,517,1,4,0.064066529274,0.0325999595225,0.61641895771,0.356477349997,-0.259941607714
9166,8712,1,8,0.0585805438459,0.00587181933224,0.181932121515,0.0785945281386,-0.103337593377
9167,3116,3,2,0.122579954565,0.00592316268012,0.709939539433,0.273563474417,-0.436376065016
9168,1134,2,6,0.115649431944,0.099643163383,0.0820623338223,0.0377134121954,-0.0443489216268
9169,5834,4,10,0.0630853697658,0.0344587042928,0.539779424667,0.315371543169,-0.224407881498
9170,3116,1,4,0.156174346805,0.0574007816613,0.954303324223,0.501708090305,-0.452595233917
9171,6595,2,5,0.0543534271419,0.0113909905776,0.114175930619,0.138676702976,0.024500772357
9172,1802,1,6,0.0870207175612,0.0541008748114,0.723254680634,0.38522079587,-0.338033884764
9173,3624,5,15,0.06150733307,0.0169380251318,0.543994307518,0.393801689148,-0.15019261837
9174,8819,2,6,0.0395114868879,0.0166759546846,0.387096047401,0.363134294748,-0.0239617526531
9175,8930,1,5,0.0829543173313,0.0122362738475,0.0404090285301,0.0257924795151,-0.014616549015
9176,8716,2,10,0.0367549844086,0.0169087145478,0.229553118348,0.155829414725,-0.0737237036228
9177,7161,2,7,0.0767603889108,0.00450074765831,0.719789743423,0.358445852995,-0.361343890429
9178,8563,6,37,0.0169506780803,0.000526096380781,0.505777418613,0.485213279724,-0.0205641388893
9179,8553,4,8,0.0541441850364,0.012480346486,0.313064396381,0.142240688205,-0.170823708177
9180,7073,5,15,0.0494947880507,0.0308163035661,0.653894424438,0.412305355072,-0.241589069366
9181,9310,3,8,0.055939912796,0.0198950394988,0.032425776124,0.0613079667091,0.0288821905851
9182,527,3,5,0.162873864174,0.0455767735839,0.0469040945172,0.0967343822122,0.0498302876949
9183,304,1,6,0.124354809523,0.00875242892653,0.367515802383,0.120732106268,-0.246783703566
9184,441,2,8,0.0360487811267,0.0149958543479,0.176671415567,0.17947101593,0.00279960036278
9185,143,6,13,0.0493377447128,0.019702507183,0.987483263016,0.819063603878,-0.168419659138
9186,4050,2,3,0.109731525183,0.01104112342,0.698852300644,0.295930176973,-0.402922123671
9188,6817,2,5,0.101739488542,0.0572025217116,0.880523860455,0.509353876114,-0.371169984341
9190,4050,3,4,0.139104232192,0.0462151430547,0.726907074451,0.28678587079,-0.440121203661
9191,4957,1,4,0.0603390149772,0.00892618298531,0.176011934876,0.144288018346,-0.0317239165306
9192,7759,2,1,0.0556183569133,0.00860977079719,0.0311355218291,0.0304296761751,-0.000705845654011
9193,1945,2,7,0.0456214137375,0.00911340676248,0.0293602850288,0.0236712303013,-0.00568905472755
9194,1673,1,5,0.0231794733554,0.0152577590197,0.923510432243,0.802762687206,-0.120747745037
9195,7070,1,5,0.0750569030643,0.0026412254665,0.135994359851,0.0568865500391,-0.0791078060865
9197,8730,7,29,0.0534799546003,0.0191446486861,0.0127718187869,0.0175006035715,0.00472878478467
9199,5596,1,9,0.0673002228141,0.0263220090419,0.277863323689,0.225912630558,-0.0519506931305
9200,11,4,7,0.0767201408744,0.0144467614591,0.0631058141589,0.0614981241524,-0.00160769000649
9201,8817,4,9,0.0210898537189,0.00726867746562,0.482872515917,0.561137139797,0.0782646238804
9202,5892,2,6,0.115451604128,0.0241367816925,0.0451729781926,0.0495418012142,0.00436882302165
9203,4274,1,8,0.0694496929646,0.0111915282905,0.148023158312,0.0833806172013,-0.0646425411105
9204,2579,2,12,0.0892387405038,0.0131236584857,0.0167202670127,0.0223845988512,0.00566433183849
9205,7597,5,8,0.0617244690657,0.0240975618362,0.23205190897,0.0872283577919,-0.144823551178
9208,4814,3,3,0.128623113036,0.0675009936094,0.924986362457,0.515451014042,-0.409535348415
9209,110,1,9,0.0552571080625,0.0253192279488,0.350579023361,0.271567672491,-0.0790113508701
9210,2193,3,5,0.0614818036556,0.0194339174777,0.0509886369109,0.0413730740547,-0.0096155628562
9211,3183,6,11,0.0681053474545,0.0352728739381,0.516412496567,0.247235372663,-0.269177138805
9213,5168,1,2,0.0504901111126,0.0171831026673,0.989517390728,0.821330070496,-0.168187320232
9214,266,2,5,0.185225918889,0.0936996787786,0.928452074528,0.424587458372,-0.503864645958
9216,5168,5,4,0.0614592172205,0.0424234718084,0.542349517345,0.349105268717,-0.193244248629
9218,8701,1,8,0.0764281526208,0.0158984139562,0.35026589036,0.41566708684,0.0654011964798
9219,8845,5,9,0.0318671651185,0.014510134235,0.00738238729537,0.0286781769246,0.0212957896292
9220,5013,1,4,0.0421372465789,0.0475150793791,0.987306594849,0.852735340595,-0.134571254253
9221,577,2,6,0.0621518082917,0.0199347361922,0.123351708055,0.0887172818184,-0.0346344262362
9222,3910,1,3,0.051085293293,0.0157302133739,0.988949418068,0.818468332291,-0.170481085777
9225,1225,2,8,0.130744889379,0.0455353781581,0.294895142317,0.0505590625107,-0.244336083531
9227,1487,2,6,0.0615633577108,0.0101093249395,0.0375954583287,0.0275291558355,-0.0100663024932
9228,3123,2,3,0.0785407647491,0.0537581518292,0.965491235256,0.710092842579,-0.255398392677
9229,8945,1,5,0.0416067577899,0.00401430856436,0.204204797745,0.168006896973,-0.0361979007721
9230,266,3,3,0.0753167420626,0.0362929217517,0.957577526569,0.69796705246,-0.25961047411
9231,4878,3,6,0.0657620206475,0.0116338832304,0.33734190464,0.224841758609,-0.112500146031
9232,6435,2,5,0.124961294234,0.0207360144705,0.071049131453,0.0953628346324,0.0243137031794
9233,1437,1,4,0.121539056301,0.0357380919158,0.150565773249,0.370358973742,0.219793200493
9234,614,5,10,0.0562506504357,0.0324609875679,0.972081780434,0.769616305828,-0.202465474606
9235,3309,1,4,0.149178504944,0.0219439845532,0.560386836529,0.13794568181,-0.422441154718
9236,4814,3,9,0.209856793284,0.0731175467372,0.878524303436,0.299542874098,-0.578981399536
9237,3002,3,5,0.0163695141673,0.00455699721351,0.637344717979,0.632481992245,-0.00486272573471
9239,2628,4,2,0.0436930470169,0.00355184171349,0.0637363344431,0.0844937264919,0.0207573920488
9240,6813,1,6,0.0394542329013,0.0243488922715,0.132310569286,0.0868453979492,-0.0454651713371
9242,7251,6,14,0.0711125060916,0.018434651196,0.14521843195,0.12182635814,-0.0233920738101
9243,567,1,6,0.0620485246181,0.0184762272984,0.163220345974,0.279557049274,0.1163367033
9244,8797,2,11,0.0233813803643,0.00681825494394,0.81240260601,0.700361788273,-0.112040817738
9245,8189,1,6,0.0664029121399,0.0151410400867,0.0174468941987,0.018802113831,0.00135521963239
9246,9099,2,6,0.0641615688801,0.0221675485373,0.186288014054,0.144389048219,-0.0418989658356
9247,4388,4,15,0.0693774595857,0.0167914088815,0.12209880352,0.0397131033242,-0.0823857039213
9248,1400,4,16,0.184649243951,0.0426950417459,0.873713850975,0.321802616119,-0.551911234856
9249,5899,1,7,0.0578617453575,0.0154083101079,0.27992233634,0.243329241872,-0.0365930944681
9250,7392,3,3,0.0523887388408,0.00783048011363,0.0380929037929,0.0237486418337,-0.0143442619592
9251,131,1,4,0.0512200184166,0.0230345875025,0.0545409880579,0.0590945482254,0.00455356016755
9252,2098,3,6,0.06179196015,0.00850540306419,0.0392693690956,0.0525092072785,0.0132398381829
9253,6117,1,8,0.0868229791522,0.0231769606471,0.110754713416,0.0399553515017,-0.0707993656397
9254,5749,3,7,0.0585932247341,0.0246057622135,0.0330829024315,0.0288905035704,-0.00419239886105
9255,266,2,4,0.0783576592803,0.0338376015425,0.481302082539,0.499138683081,0.0178366005421
9256,1503,5,7,0.10615310818,0.0574375092983,0.881738781929,0.503618001938,-0.378120779991
9257,1047,3,8,0.0534852147102,0.0188046675175,0.0890508294106,0.147013381124,0.057962551713
9260,134,3,4,0.0284461025149,0.014783536084,0.688084363937,0.549970448017,-0.13811391592
9262,3840,2,3,0.0510396845639,0.0178458895534,0.239678293467,0.123444646597,-0.11623364687
9264,6810,1,6,0.0536935515702,0.00929235201329,0.0226437151432,0.0106760310009,-0.0119676841423
9265,6424,3,5,0.0515924543142,0.0223917774856,0.106891401112,0.169301465154,0.0624100640416
9266,6256,2,5,0.0338411070406,0.0116833811626,0.040869615972,0.0719457343221,0.03107611835
9267,903,1,4,0.0557537488639,0.0261941552162,0.137498959899,0.17074842751,0.0332494676113
9268,6280,1,3,0.0593811757863,0.0208407975733,0.0892662405968,0.0888696834445,-0.000396557152271
9270,4403,2,2,0.0770213231444,0.00541865359992,0.223497748375,0.215418145061,-0.0080796033144
9271,2193,3,2,0.053553506732,0.0121453832835,0.0239003393799,0.0636730566621,0.0397727191448
9272,4851,2,11,0.0411671027541,0.0096423830837,0.0995805710554,0.186027005315,0.0864464342594
9273,4851,1,4,0.0723092556,0.0214143171906,0.119562320411,0.0358395464718,-0.0837227702141
9274,6394,3,11,0.0368559844792,0.00535336742178,0.0633239448071,0.09239705652,0.0290731117129
9275,8213,5,8,0.0844992101192,0.019606705755,0.043863222003,0.0464491955936,0.00258597359061
9276,3344,3,9,0.0529967099428,0.00551351392642,0.101875439286,0.080145187676,-0.0217302516103
9277,7502,1,4,0.116717077792,0.0337682627141,0.538745045662,0.163686394691,-0.37505865097
9278,8687,2,9,0.0489850528538,0.0250852312893,0.0640936866403,0.0519745349884,-0.0121191516519
9279,3163,1,4,0.0464594550431,0.0205721408129,0.0692108646035,0.0509439893067,-0.0182668752968
9282,293,5,12,0.0404289923608,0.00563549436629,0.538832843304,0.5167350173,-0.022097826004
9283,2538,4,10,0.0454725623131,0.0165815800428,0.494996279478,0.582372903824,0.0873766243458
9284,8922,2,13,0.0445133559406,0.00676959054545,0.416228145361,0.388420939445,-0.0278072059155
9285,7205,1,21,0.0164604689926,0.00377533235587,0.93248718977,0.837130963802,-0.0953562259674
9286,8953,8,46,0.0264517664909,0.0013324819738,0.379646956921,0.436979800463,0.0573328435421
9287,7942,4,10,0.0565656758845,0.0177110973746,0.631713628769,0.346275001764,-0.285438627005
9288,8811,5,14,0.0529491715133,0.0138078304008,0.250090509653,0.289078503847,0.038987994194
9289,2884,1,4,0.0572722963989,0.0184131599963,0.0165163967758,0.028692798689,0.0121764019132
9290,4367,3,4,0.03664746508,0.00816993787885,0.0284640397877,0.0461866818368,0.0177226420492
9291,8496,1,3,0.0665269121528,0.0160997658968,0.0148482928053,0.0428971946239,0.02804890275
9292,8305,2,5,0.0559118725359,0.0175063926727,0.0298000518233,0.0481003560126,0.0183003041893
9294,5969,1,3,0.0632115006447,0.0272752884775,0.474765717983,0.34143397212,-0.133331745863
9295,8427,2,11,0.0560079552233,0.0258371308446,0.391461580992,0.191469237208,-0.199992343783
9296,3752,5,6,0.0376550704241,0.0141621092334,0.262841463089,0.353336304426,0.0904948413372
9297,789,4,7,0.144862368703,0.0174308009446,0.861061811447,0.390139102936,-0.470922708511
9298,2596,1,2,0.0360983423889,0.0048406929709,0.0339703522623,0.0705261602998,0.0365558080375
9299,5939,4,3,0.0408652238548,0.00775823555887,0.0634688958526,0.0887094959617,0.0252406001091
9300,7223,7,6,0.0622083358467,0.0178072284907,0.280092656612,0.272561937571,-0.00753071904182
9301,8365,6,7,0.0480440817773,0.012440555729,0.178075760603,0.248631045222,0.0705552846193
9302,121,5,12,0.0985452160239,0.0316280648112,0.590130627155,0.235243603587,-0.354887008667
9303,8954,1,6,0.0714434757829,0.00957700237632,0.0561034977436,0.0728633031249,0.0167598053813
9304,6080,1,7,0.0509241223335,0.019417244941,0.248270481825,0.179672047496,-0.068598434329
9305,757,2,6,0.0483051650226,0.00676126219332,0.0488152205944,0.109269790351,0.060454569757
9306,2142,1,4,0.0478177107871,0.0245505962521,0.0284662526101,0.0490442067385,0.0205779541284
9307,757,2,5,0.0553141050041,0.03104657121,0.0377171039581,0.0462241955101,0.00850709155202
9310,6145,1,8,0.0585858635604,0.00620051566511,0.0109543344006,0.0131329474971,0.00217861309648
9311,6307,2,3,0.0457869879901,0.0159602556378,0.259263187647,0.283846348524,0.0245831608772
9312,3932,4,6,0.0472154021263,0.0181165020913,0.732342004776,0.486213237047,-0.246128767729
9313,8275,2,13,0.0357152856886,0.00796950049698,0.110835105181,0.13600859046,0.0251734852791
9314,6170,4,1,0.0439685843885,0.0100957620889,0.0912259146571,0.0937464013696,0.00252048671246
9315,582,1,9,0.0566186122596,0.0184506215155,0.378978967667,0.250828146935,-0.128150820732
9316,164,1,4,0.0626056492329,0.0312524810433,0.0210022423416,0.0988263860345,0.0778241455555
9317,5024,3,3,0.0852557420731,0.0131584741175,0.510251641273,0.311119794846,-0.199131846428
9318,1036,2,10,0.0474253483117,0.0193777792156,0.0956601053476,0.0838349238038,-0.0118251815438
9319,6408,1,6,0.0600250661373,0.0124706700444,0.0718857571483,0.05840555951,-0.0134801976383
9320,4964,1,4,0.0597393475473,0.010750008747,0.0923856422305,0.056257173419,-0.0361284688115
9321,2624,4,14,0.0437700934708,0.0148633765057,0.394099235535,0.402901142836,0.00880190730095
9322,3894,3,9,0.0278625134379,0.0118246907368,0.326204538345,0.257379740477,-0.0688247978687
9323,3324,2,13,0.0543493330479,0.0190176852047,0.222564592957,0.102512568235,-0.120052024722
9324,5102,3,8,0.0559175610542,0.0195198319852,0.532989144325,0.293249756098,-0.239739388227
9327,439,2,1,0.0437057800591,0.0130246076733,0.109006904066,0.0576135218143,-0.0513933822513
9328,6682,4,4,0.0481957085431,0.0119003392756,0.0135312452912,0.00426994683221,-0.00926129892468
9329,4153,3,7,0.0456271022558,0.0154786026105,0.124733701348,0.080922961235,-0.0438107401133
9330,4975,3,5,0.0196050554514,0.00999596435577,0.766529262066,0.824699878693,0.0581706166267
9331,40,1,4,0.0388748683035,0.011389600113,0.223050057888,0.154515385628,-0.0685346722603
9332,5608,1,4,0.0546879917383,0.0228126812726,0.191840559244,0.170913681388,-0.0209268778563
9333,1507,1,8,0.0627074167132,0.00811414700001,0.122320473194,0.0670090839267,-0.0553113892674
9334,5755,3,7,0.0626766309142,0.0160177461803,0.318236678839,0.213202401996,-0.105034276843
9335,5325,1,7,0.0473932772875,0.0074438652955,0.197246685624,0.14155612886,-0.0556905567646
9337,1916,3,5,0.0681826472282,0.0201603770256,0.0140453008935,0.0240477528423,0.0100024519488
9338,4291,1,5,0.0438019745052,0.0187682174146,0.353214293718,0.311881124973,-0.041333168745
9339,8390,5,6,0.0748966112733,0.0257030315697,0.0363759174943,0.0286347400397,-0.00774117745459
9343,5993,4,6,0.0632246881723,0.0204100776464,0.681537389755,0.390260845423,-0.291276544333
9345,5194,3,2,0.0547223687172,0.0244704727083,0.0333367846906,0.0267834346741,-0.00655335001647
9346,4097,1,3,0.063120752573,0.0173687376082,0.112769603729,0.0564577169716,-0.0563118867576
9347,3106,1,2,0.0617108047009,0.0105438893661,0.0349459946156,0.132186755538,0.0972407609224
9348,8968,3,12,0.0941738709807,0.0363061465323,0.448057979345,0.206825897098,-0.241232082248
9349,555,1,1,0.0946245789528,0.0392090193927,0.13849593699,0.0370457060635,-0.101450234652
9350,806,3,3,0.0688207000494,0.0156738888472,0.0451123192906,0.0421908162534,-0.00292150303721
9353,9287,1,8,0.0749718621373,0.0159046519548,0.021120512858,0.0262133013457,0.00509278848767
9354,2910,2,10,0.0653916299343,0.0245921034366,0.0955392196774,0.0448626875877,-0.0506765320897
9355,980,1,5,0.0583098679781,0.0308673959225,0.0337533354759,0.0854285135865,0.0516751781106
9356,2926,3,5,0.0398566685617,0.00795498210937,0.135539665818,0.0717040374875,-0.0638356283307
9357,180,1,5,0.075761385262,0.0444193854928,0.906261742115,0.604188859463,-0.302072882652
9360,8942,2,6,0.0464979819953,0.011506928131,0.0572756379843,0.0984366908669,0.0411610528827
9361,284,2,5,0.0743842050433,0.0155625138432,0.0935942605138,0.0923008099198,-0.00129345059395
9362,1160,2,3,0.0457578413188,0.00461085652933,0.241579815745,0.117370128632,-0.124209687114
9363,8009,1,3,0.0901820957661,0.0313118211925,0.864755034447,0.516642153263,-0.348112881184
9364,3260,1,3,0.0463337004185,0.0205487795174,0.591767728329,0.471358031034,-0.120409697294
9365,2591,3,3,0.0600190795958,0.0187506303191,0.0486375540495,0.0443122796714,-0.00432527437806
9366,6264,2,7,0.0724921301007,0.00507386308163,0.0160929039121,0.00696977600455,-0.00912312790751
9367,1171,4,8,0.0955111905932,0.0218073669821,0.511555612087,0.30359891057,-0.207956701517
9368,6935,5,9,0.0246101859957,0.00126136757899,0.101794824004,0.13119918108,0.0294043570757
9369,8756,2,5,0.0792564377189,0.010699512437,0.24742294848,0.0916300415993,-0.15579290688
9371,4563,1,4,0.0312809310853,0.00832658819854,0.99793612957,0.901984453201,-0.0959516763687
9372,5149,3,7,0.0586225986481,0.0100937550887,0.108737334609,0.0487541556358,-0.0599831789732
9373,2345,2,3,0.0506680309772,0.00545703899115,0.128538712859,0.0628177896142,-0.065720923245
9374,984,3,9,0.0462572574615,0.0245466679335,0.476348370314,0.399790763855,-0.0765576064587
9375,164,3,6,0.0431021265686,0.008973646909,0.0882534980774,0.100114814937,0.0118613168597
9376,7941,2,6,0.0696561858058,0.0279202647507,0.175494477153,0.143281176686,-0.0322133004665
9377,3907,2,5,0.0971061885357,0.0507824607193,0.719524264336,0.357639759779,-0.361884504557
9378,276,2,3,0.0709396004677,0.0279530100524,0.0612437315285,0.0413346029818,-0.0199091285467
9379,8055,2,8,0.0843479260802,0.0209283847362,0.836314320564,0.536668300629,-0.299646019936
9380,6037,1,5,0.039383456111,0.0177552420646,0.32017275691,0.259805351496,-0.0603674054146
9381,248,3,6,0.0244966130704,0.0070158620365,0.740680873394,0.752759873867,0.012079000473
9382,3948,4,7,0.0491924695671,0.00992023106664,0.238896891475,0.162960812449,-0.0759360790253
9383,4252,1,2,0.0440064221621,0.00788777507842,0.108435355127,0.0916063711047,-0.0168289840221
9384,4681,3,3,0.0769056007266,0.00286426628008,0.0456639677286,0.0778353735805,0.0321714058518
9385,4287,1,3,0.0724399462342,0.0251271165907,0.0169052202255,0.0129470350221,-0.00395818520337
9386,4124,2,5,0.0364028401673,0.00964254047722,0.0396992564201,0.0616576485336,0.0219583921134
9387,2758,2,7,0.0505764074624,0.00716672698036,0.101056352258,0.106447778642,0.00539142638445
9390,5143,4,4,0.0642535611987,0.0236418861896,0.487703531981,0.297274678946,-0.190428853035
9391,9101,2,7,0.113293193281,0.0166312400252,0.115691624582,0.117051713169,0.00136008858681
9392,4655,1,7,0.0451278090477,0.00312730739824,0.0172884333879,0.0455451458693,0.0282567124814
9393,7906,3,5,0.0493470542133,0.0125055899844,0.247677758336,0.133012250066,-0.11466550827
9394,5091,4,8,0.0296067595482,0.0298672765493,0.772113740444,0.608901500702,-0.163212239742
9395,149,2,10,0.0540424287319,0.00765600521117,0.284100264311,0.209706380963,-0.0743938833475
9396,475,3,5,0.0830841958523,0.0342397019267,0.460744827986,0.549265682697,0.0885208547115
9397,4078,2,3,0.0552796125412,0.021770870313,0.0690748170018,0.0368724428117,-0.0322023741901
9398,2364,3,5,0.0630488544703,0.00508907483891,0.227953836322,0.199124291539,-0.0288295447826
9400,3832,2,6,0.0629505738616,0.0140901179984,0.0439515300095,0.0870072767138,0.0430557467043
9401,1341,2,2,0.112767755985,0.0179911144078,0.378570258617,0.0943110361695,-0.284259229898
9402,5260,1,4,0.0140972882509,0.00218639732338,0.541878044605,0.57754868269,0.0356706380844
9403,932,3,8,0.0842260494828,0.00647458294407,0.0989945754409,0.0724270120263,-0.0265675634146
9404,2132,1,4,0.0411771573126,0.0141763677821,0.096216738224,0.0907549783587,-0.00546175986528
9405,5924,4,6,0.0590494759381,0.0157950650901,0.0343195088208,0.0618738569319,0.0275543481112
9406,1800,1,9,0.0688933208585,0.029927726835,0.345199227333,0.203355357051,-0.141843870282
9407,7323,1,5,0.0705060362816,0.0150366835296,0.0754476934671,0.0259456187487,-0.0495020747185
9408,7559,1,5,0.0585978329182,0.0187899954617,0.0457845628262,0.082754060626,0.0369694977999
9409,3005,1,10,0.126851379871,0.035953592509,0.640626966953,0.233794078231,-0.406832873821
9410,5939,2,5,0.0673799142241,0.0207262672484,0.0153691796586,0.00901666935533,-0.00635251030326
9412,1127,3,5,0.0666866973042,0.0313813835382,0.532375454903,0.524201095104,-0.00817435979843
9413,132,2,4,0.0447474569082,0.0242936704308,0.1958463341,0.113765746355,-0.0820805877447
9414,2570,2,6,0.0574486367404,0.0127069810405,0.164995729923,0.0877782925963,-0.0772174373269
9415,7784,3,4,0.114617437124,0.0183043908328,0.120240807533,0.189712330699,0.0694715231657
9416,1236,5,4,0.0763656795025,0.0534127913415,0.417249649763,0.185984313488,-0.231265336275
9417,1158,1,5,0.0555750131607,0.00603494280949,0.0787749215961,0.0335048884153,-0.0452700331807
9420,4156,1,7,0.0452084876597,0.00851131323725,0.393975228071,0.253374606371,-0.1406006217
9421,2048,2,2,0.105896882713,0.0580656155944,0.212375894189,0.0843663290143,-0.128009557724
9422,1354,2,4,0.065671466291,0.0258569903672,0.0453221425414,0.127755329013,0.0824331864715
9426,7652,4,3,0.0452523827553,0.00698404293507,0.0107489246875,0.00924817472696,-0.00150074996054
9427,5872,1,4,0.0560357272625,0.0217532012612,0.210433512926,0.314015120268,0.103581607342
9428,44,2,5,0.0517254583538,0.0158403944224,0.0161959361285,0.0248419046402,0.0086459685117
9429,5915,1,5,0.0642559081316,0.028765629977,0.0414199009538,0.0458701550961,0.00445025414228
9430,4190,1,6,0.0677732750773,0.0140523593873,0.0935148522258,0.0529506951571,-0.0405641570687
9432,8286,3,5,0.0445029251277,0.0028472263366,0.123759269714,0.0463370382786,-0.0774222314358
9433,4495,2,5,0.0930615961552,0.0282146856189,0.0889107808471,0.0433283448219,-0.0455824360251
9434,131,1,1,0.0384552367032,0.0130618261173,0.256358623505,0.308596938848,0.0522383153439
9435,134,1,3,0.0259569492191,0.010188835673,0.231526643038,0.214145377278,-0.0173812657595
9436,4025,4,9,0.0617150962353,0.0167277120054,0.328006356955,0.245369195938,-0.0826371610165
9437,278,3,5,0.0991784408689,0.0377754606307,0.206910863519,0.329068273306,0.122157409787
9438,7259,23,46,0.0232080649585,0.0187632981688,0.945171654224,0.837842047215,-0.10732960701
9439,4153,2,7,0.0362626872957,0.00832989439368,0.0583145022392,0.103466570377,0.0451520681381
9440,4211,5,2,0.0810428038239,0.0448039770126,0.0171485878527,0.0441709794104,0.0270223915577
9441,5846,1,3,0.0453496016562,0.0120881199837,0.0267503038049,0.0546410828829,0.027890779078
9442,1374,1,2,0.0825661197305,0.00266011059284,0.0670418962836,0.0963376984,0.0292958021164
9444,7980,4,5,0.0663127154112,0.0216684266925,0.0413368754089,0.0160565581173,-0.0252803172916
9445,33,3,10,0.0948344767094,0.0274679735303,0.294313877821,0.126620993018,-0.167692884803
9446,92,1,5,0.0944301187992,0.0259048752487,0.0483561307192,0.0274811927229,-0.0208749379963
9447,1166,2,7,0.168570145965,0.0488602742553,0.876205921173,0.36521756649,-0.510988354683
9448,1498,1,5,0.0596200637519,0.0186800118536,0.166657269001,0.18390275538,0.0172454863787
9450,4707,1,9,0.0612468421459,0.0196118056774,0.855655193329,0.597878098488,-0.257777094841
9451,124,3,7,0.058701146394,0.0108410445973,0.128952145576,0.176558926702,0.0476067811251
9453,9023,2,6,0.0537189953029,0.0176995042711,0.0204802434891,0.0220178607851,0.00153761729598
9454,4692,3,4,0.0635695084929,0.0273878648877,0.408756583929,0.186962664127,-0.221793919802
9456,698,1,2,0.140808358788,0.0377123430371,0.867087900639,0.394989728928,-0.472098171711
9457,7588,3,14,0.0376706384122,0.0127147743478,0.138679161668,0.206753969193,0.0680748075247
9459,5546,2,10,0.0367041863501,0.0143005838618,0.959896087646,0.799172103405,-0.160723984241
9460,4509,1,6,0.200096070766,0.066120006144,0.929250597954,0.375999063253,-0.553251504898
9461,5608,1,2,0.0282481294125,0.000703809084371,0.0893898978829,0.128658309579,0.039268411696
9462,8807,4,9,0.101624391973,0.0297374818474,0.513664901257,0.178429916501,-0.335234999657
9463,3910,1,6,0.0326257050037,0.0120929349214,0.701578140259,0.52569258213,-0.175885558128
9464,1468,1,6,0.0597453303635,0.0286730509251,0.473820924759,0.244163319468,-0.22965760529
9466,5246,2,8,0.0709603279829,0.0306048560888,0.0155700203031,0.0075329686515,-0.00803705118597
9467,7282,2,10,0.0804890319705,0.0203413907439,0.25318312645,0.082437671721,-0.170745462179
9468,1735,2,3,0.0705660358071,0.0418059006333,0.254415333271,0.396401882172,0.141986548901
9470,319,5,4,0.038346644491,0.0177012607455,0.843499958515,0.645889818668,-0.197610139847
9472,3396,1,4,0.0413793437183,0.00484349392354,0.065920561552,0.127837583423,0.0619170218706
9473,6408,1,7,0.0542650409043,0.00395005196333,0.0498319007456,0.0559022724628,0.00607037171721
9474,8010,4,8,0.0541266202927,0.0121286157519,0.0521097965539,0.0734359845519,0.0213261879981
9475,3056,1,6,0.067176245153,0.00610660482198,0.0963665693998,0.146636277437,0.0502697080374
9476,8412,1,5,0.178982689977,0.0240233633667,0.683855354786,0.205001279712,-0.478854060173
9477,888,3,5,0.0796316191554,0.0157855264843,0.0158188659698,0.026492709294,0.0106738433242
9478,1068,4,6,0.0600627996027,0.0164905153215,0.17181314528,0.0771073922515,-0.0947057530284
9479,191,2,4,0.0580285675824,0.0191471651196,0.0513959899545,0.0361568927765,-0.015239097178
9480,4096,1,4,0.0268860757351,0.00668293610215,0.0234376285225,0.0226957406849,-0.000741887837648
9481,326,2,2,0.0633750930429,0.0178493913263,0.156754538417,0.057833429426,-0.0989211052656
9483,354,3,6,0.0746017768979,0.0182368773967,0.438167959452,0.203659400344,-0.234508559108
9484,1022,1,4,0.0706732645631,0.0170400310308,0.0431986302137,0.0725270435214,0.0293284133077
9485,304,3,8,0.212853834033,0.0998941361904,0.833949029446,0.264059752226,-0.569889307022
9486,3477,1,5,0.0544695965946,0.018641512841,0.184829935431,0.108218334615,-0.0766116008162
9487,1933,2,2,0.0934396386147,0.0620728582144,0.0265511833131,0.114488251507,0.0879370719194
9488,3417,5,2,0.0519482456148,0.00818272400647,0.0059165591374,0.0170609820634,0.011144422926
9489,351,1,6,0.0747925415635,0.0206053555012,0.0603301972151,0.105851821601,0.0455216243863
9491,401,4,4,0.0915276706219,0.0557962320745,0.681465506554,0.364305257797,-0.317160248756
9492,1086,1,4,0.0622254610062,0.0107987606898,0.756286680698,0.46858343482,-0.287703245878
9493,4061,3,5,0.02796083875,0.0138721512631,0.994755387306,0.900717735291,-0.0940376520157
9495,3585,5,6,0.064352221787,0.019500983879,0.0186590831727,0.0229033399373,0.00424425676465
9496,140,1,4,0.145805880427,0.0261245444417,0.978625237942,0.56481719017,-0.413808047771
9497,8494,6,20,0.0448175780475,0.0132378069684,0.249898955226,0.213240936399,-0.0366580188274
9498,2589,2,1,0.0513710565865,0.004160951823,0.0934804975986,0.0736633688211,-0.0198171287775
9500,1409,1,6,0.114255927503,0.0612214207649,0.717227578163,0.324789404869,-0.392438173294
9501,1909,3,3,0.096288330853,0.0465562529862,0.368305236101,0.107202470303,-0.261102765799
9503,440,2,5,0.0520245693624,0.0255656260997,0.572093963623,0.418471574783,-0.15362238884
9504,7514,8,25,0.0608284957707,0.0361812114716,0.967573523521,0.750385224819,-0.217188298702
9505,1907,2,6,0.0611017085612,0.0165807791054,0.415950357914,0.450867027044,0.0349166691303
9506,18,4,5,0.0465602315962,0.0082455649972,0.0247740279883,0.0453140623868,0.0205400343984
9507,3403,2,3,0.117925904691,0.070291519165,0.684240758419,0.305201768875,-0.379038989544
9508,1208,4,10,0.037211921066,0.0076495250687,0.439100444317,0.556740820408,0.117640376091
9509,6273,1,5,0.0795364230871,0.026082104072,0.0349887348711,0.0670171901584,0.0320284552872
9510,439,2,4,0.0772292241454,0.0109122423455,0.0079481350258,0.00809179712087,0.00014366209507
9511,7474,2,7,0.111297242343,0.0280812457204,0.0108480425552,0.0144050316885,0.00355698913336
9512,2239,2,3,0.0568004362285,0.0305463336408,0.52316313982,0.418046921492,-0.105116218328
9513,1576,3,5,0.0899579301476,0.0191185008734,0.0358787812293,0.05600034073,0.0201215595007
9516,3530,2,2,0.0708952024579,0.0149628436193,0.0135446907952,0.0165865961462,0.00304190535098
9517,4246,1,9,0.0663886293769,0.0183100644499,0.229749500751,0.140046134591,-0.0897033661604
9518,143,3,3,0.32210084796,0.0876940339804,0.945086240768,0.226344704628,-0.71874153614
9522,6260,4,2,0.0355112627149,0.0119751309976,0.166110321879,0.138480529189,-0.0276297926903
9524,1431,2,2,0.0785199552774,0.0157445855439,0.0367934592068,0.015803815797,-0.0209896434098
9526,3237,1,6,0.0749682858586,0.0167928077281,0.201056391001,0.17353002727,-0.0275263637304
9527,4291,2,6,0.102703392506,0.0424912087619,0.263261377811,0.0625194236636,-0.200741946697
9528,906,2,5,0.0721108466387,0.0121045969427,0.477474987507,0.214218616486,-0.263256371021
9529,388,4,4,0.0674424543977,0.0106122000143,0.176525652409,0.085544526577,-0.0909811258316
9530,4406,2,10,0.151415109634,0.0242281891406,0.800655543804,0.298855990171,-0.501799583435
9531,7154,4,7,0.0742599442601,0.0328473560512,0.00569309201092,0.0089354282245,0.00324233621359
9532,5141,1,5,0.0437451191247,0.0101256007329,0.0479239486158,0.0270319674164,-0.0208919811994
9534,6960,3,6,0.107274897397,0.0594924800098,0.596964240074,0.283210396767,-0.313753843307
9536,4535,2,3,0.0430383197963,0.0127568589523,0.143109247088,0.110339164734,-0.0327700823545
9537,7047,2,8,0.0457480400801,0.00729977991432,0.249259412289,0.13910651207,-0.110152900219
9538,7439,1,7,0.0518447756767,0.0108095463365,0.0756297633052,0.136668562889,0.0610387995839
9540,3219,2,6,0.0655406937003,0.0190521851182,0.0156532470137,0.0169041212648,0.00125087425113
9542,2148,4,6,0.0572648495436,0.0235790554434,0.035771433264,0.0473745875061,0.011603154242
9543,4691,1,11,0.0614815466106,0.0115846972913,0.0470207817852,0.0561508946121,0.00913011282682
9544,7254,3,6,0.0979889258742,0.0224607102573,0.440540015697,0.141899004579,-0.29864102602
9545,5772,1,5,0.0922822132707,0.0543400757015,0.706532895565,0.399936676025,-0.30659621954
9546,2826,2,5,0.0880302414298,0.0398095622659,0.0703579112887,0.0764716938138,0.00611378252506
9547,6726,2,3,0.0938690528274,0.0297042652965,0.101840175688,0.0453496426344,-0.0564905330539
9548,1514,1,6,0.137666806579,0.022670596838,0.0585346370935,0.0483201891184,-0.0102144479752
9549,2010,3,5,0.113532267511,0.026168461889,0.668738424778,0.288466989994,-0.380271434784
9550,4062,2,3,0.0382333099842,0.0340505950153,0.985175311565,0.854403436184,-0.130771875381
9551,4943,5,7,0.0945287048817,0.0102362250909,0.0816249623895,0.0363787598908,-0.0452462024987
9552,8346,2,4,0.0678962692618,0.020181985572,0.180685445666,0.303264349699,0.122578904033
9553,3367,2,6,0.0383538454771,0.0110846199095,0.0952138826251,0.14761339128,0.0523995086551
9555,8889,2,9,0.0521264262497,0.00161563127767,0.172611236572,0.221362829208,0.0487515926361
9556,3094,2,1,0.0529740303755,0.0168148521334,0.0296091139317,0.0309625547379,0.00135344080627
9557,293,2,3,0.0185775775462,0.00416263006628,0.627581596375,0.680196940899,0.0526153445244
9558,3474,3,2,0.0682507008314,0.0165685303509,0.109042152762,0.13115927577,0.0221171230078
9559,7989,1,5,0.0529139973223,0.00592469517142,0.15020044148,0.111232846975,-0.0389675945044
9560,1281,1,6,0.0975537970662,0.0222002528608,0.0932086184621,0.0566971600056,-0.0365114584565
9561,933,2,5,0.0772910639644,0.0575699172914,0.375724345446,0.265304237604,-0.110420107841
9562,3461,3,5,0.0771761834621,0.033476524055,0.0803498029709,0.0423365198076,-0.0380132831633
9563,1127,1,8,0.108393371105,0.0634241402149,0.152887955308,0.0357929579914,-0.117094993591
9564,2561,4,8,0.205347180367,0.015850936994,0.87942969799,0.290204286575,-0.589225411415
9565,3283,2,3,0.080899477005,0.0282961633056,0.0734664276242,0.0647318139672,-0.008734613657
9566,6603,2,7,0.0668749883771,0.0137770725414,0.0438480712473,0.0330307260156,-0.0108173452318
9567,8252,3,7,0.0519202649593,0.00458609731868,0.0485466271639,0.0477182008326,-0.000828426331282
9568,6292,1,6,0.109209418297,0.0552405267954,0.100068166852,0.0696580037475,-0.0304101631045
9569,5013,1,6,0.0694705024362,0.0288499370217,0.21658539772,0.15935061872,-0.0572347790003
9570,5130,2,5,0.059199243784,0.00662598758936,0.178181752563,0.13267852366,-0.0455032289028
9571,2614,2,4,0.0770076587796,0.00868931412697,0.0381116308272,0.119713790715,0.0816021561623
9573,5685,2,6,0.0732332244515,0.0631046295166,0.937891364098,0.679423630238,-0.25846773386
9574,6759,2,7,0.157064586878,0.0721868649125,0.902917861938,0.42946895957,-0.473448902369
9575,3566,5,25,0.0798415616155,0.0155736263841,0.604119420052,0.415024667978,-0.189094752073
9576,8346,3,5,0.0717494562268,0.0340620130301,0.0166829768568,0.0189551468939,0.00227217003703
9577,2514,2,5,0.0414693392813,0.00745611637831,0.0326067022979,0.0195015408099,-0.0131051614881
9578,4006,2,6,0.0762612298131,0.0170884672552,0.250002563,0.18033502996,-0.06966753304
9580,9067,5,13,0.0321826897562,0.0102774994448,0.216096818447,0.260154396296,0.0440575778484
9581,1844,5,18,0.03984509781,0.0235062111169,0.231464639306,0.293785065413,0.0623204261065
9582,2997,3,7,0.0850088521838,0.0218446608633,0.491436570883,0.307879805565,-0.183556765318
9583,6855,1,7,0.0475490279496,0.0111175961792,0.0160672701895,0.028377585113,0.0123103149235
9584,4001,4,5,0.0706125795841,0.0221791416407,0.118642993271,0.0922278538346,-0.0264151394367
9585,296,2,4,0.118790082633,0.060331184417,0.490039110184,0.181576028466,-0.308463096619
9586,409,3,7,0.0278027895838,0.00311336340383,0.422312229872,0.464376777411,0.0420645475388
9588,9120,3,3,0.116447322071,0.100752063096,0.0643947422504,0.0273367986083,-0.0370579436421
9589,1020,3,5,0.10685262084,0.0348204746842,0.0296964719892,0.0412319302559,0.0115354582667
9590,3389,4,17,0.0561784468591,0.0107148215175,0.0124503793195,0.00854324642569,-0.0039071328938
9591,1085,1,3,0.0710662305355,0.0299274753779,0.0327358171344,0.0958029031754,0.063067086041
9592,983,2,4,0.0457849651575,0.0285190306604,0.255021542311,0.262291550636,0.00727000832558
9593,3282,3,6,0.142306312919,0.0412830077112,0.511683523655,0.124528728426,-0.387154787779
9594,2802,1,5,0.0846323445439,0.0225527174771,0.627905189991,0.309793233871,-0.31811195612
9596,7372,3,5,0.0501696579158,0.018436986953,0.274643450975,0.199712157249,-0.074931293726
9598,8554,7,21,0.0433196909726,0.0233426354825,0.629112899303,0.371054083109,-0.258058816195
9599,8806,3,9,0.115872181952,0.032218195498,0.555290102959,0.14936439693,-0.405925691128
9600,8750,5,9,0.114926598966,0.0303032174706,0.725056231022,0.31617256999,-0.408883661032
9601,3936,6,10,0.059132438153,0.0172029770911,0.273031741381,0.240727424622,-0.0323043167591
9602,7934,2,5,0.0673261508346,0.0306619051844,0.0603777691722,0.0642403811216,0.00386261194944
9605,9005,2,7,0.0802837237716,0.0106872105971,0.0777925923467,0.0452362932265,-0.0325562991202
9607,751,3,3,0.0422320477664,0.0157071352005,0.116992428899,0.21570122242,0.0987087935209
9609,207,3,5,0.0865814089775,0.0365057475865,0.0474665984511,0.0121372351423,-0.0353293642402
9610,207,1,5,0.10342874378,0.0311033576727,0.0655590668321,0.0617299191654,-0.00382914766669
9611,338,3,8,0.0600464455783,0.0298760905862,0.162731602788,0.136587142944,-0.0261444598436
9612,2772,3,5,0.0252063367516,0.00645263213664,0.0795612856746,0.069831751287,-0.00972953438759
9613,2690,1,5,0.0367309898138,0.0156411472708,0.0668693333864,0.0813725292683,0.0145031958818
9614,527,3,3,0.0376036204398,0.0110124070197,0.418177038431,0.270818144083,-0.147358894348
9616,370,2,3,0.105987004936,0.0676585286856,0.875203073025,0.516242742538,-0.358960330486
9617,8618,1,4,0.0691267326474,0.0286742988974,0.00936264265329,0.0308655556291,0.0215029120445
9618,3955,3,8,0.0446747504175,0.0112854195759,0.316554605961,0.290054053068,-0.0265005528927
9619,8277,19,51,0.0497229099274,0.010957733728,0.173854902387,0.266331166029,0.0924762636423
9620,86,5,13,0.054921913892,0.0148972440511,0.181918233633,0.0663808807731,-0.11553735286
9621,8109,4,24,0.0319218412042,0.0126587636769,0.599739313126,0.593089997768,-0.00664931535721
9622,1131,1,5,0.10159740597,0.0235829222947,0.973747730255,0.651474893093,-0.322272837162
9623,4707,2,5,0.0935921892524,0.03268731758,0.82697468996,0.454228848219,-0.372745841742
9624,876,1,7,0.0374354310334,0.0058206631802,0.413461148739,0.29667031765,-0.116790831089
9626,6276,1,3,0.0634285509586,0.017698880285,0.0196429081261,0.0180019848049,-0.00164092332125
9627,1058,2,4,0.0432113744318,0.0184014551342,0.158616557717,0.171089693904,0.0124731361866
9628,2438,2,5,0.0844091996551,0.0317612625659,0.620013654232,0.291713565588,-0.328300088644
9631,780,2,4,0.0548741519451,0.0222577098757,0.107287466526,0.0583354346454,-0.0489520318806
9632,1629,1,3,0.0667060911655,0.0275193359703,0.013988933526,0.0622451305389,0.0482561960816
9634,2923,1,5,0.0510312728584,0.0228893589228,0.232427343726,0.119413502514,-0.113013841212
9635,2882,1,6,0.0463881455362,0.00810540467501,0.137544065714,0.0675747916102,-0.0699692741036
9637,135,2,6,0.0390724092722,0.0032251321245,0.0185349173844,0.0109912166372,-0.00754370074719
9638,1319,2,3,0.0432565324008,0.00532025424764,0.533266961575,0.376951813698,-0.156315147877
9639,131,3,4,0.0404491312802,0.00241286773235,0.225602567196,0.183377429843,-0.0422251373529
9641,822,3,5,0.110255457461,0.0214324016124,0.585133254528,0.210227862,-0.374905407429
9642,4763,6,4,0.0542137809098,0.0248100403696,0.0183299407363,0.0118643753231,-0.00646556541324
9643,2473,2,10,0.0976102724671,0.0503144450486,0.317597955465,0.107777088881,-0.209820866585
9644,771,1,5,0.0125637203455,0.00332475546747,0.948067545891,0.878413379192,-0.0696541666985
9645,3147,3,6,0.0446541495621,0.0343801230192,0.99049192667,0.845315873623,-0.145176053047
9646,952,2,10,0.0378405787051,0.00474963989109,0.272456675768,0.240491166711,-0.031965509057
9648,109,2,13,0.105307288468,0.0434706062078,0.738535106182,0.452180653811,-0.286354452372
9649,5024,1,4,0.0434171073139,0.00685360841453,0.429553002119,0.519391596317,0.0898385941982
9650,8775,2,6,0.0644778385758,0.0188284311444,0.386271476746,0.237874388695,-0.148397088051
9651,8891,2,8,0.0778296664357,0.00475614285097,0.173053890467,0.0641792044044,-0.108874686062
9652,3815,2,7,0.0533978454769,0.0116739114746,0.380009442568,0.213343217969,-0.166666224599
9653,8792,14,28,0.0220388676971,0.0115212760866,0.344308823347,0.267935395241,-0.0763734281063
9655,5552,1,7,0.0756932795048,0.0139318006113,0.455419927835,0.192965567112,-0.262454360723
9656,8734,2,11,0.059582632035,0.0155618032441,0.0210987906903,0.0148586006835,-0.00624019000679
9657,7903,1,2,0.041912227869,0.00379933137447,0.129395037889,0.14184962213,0.0124545842409
9658,2561,2,10,0.0677826926112,0.0029776932206,0.259481400251,0.106675885618,-0.152805507183
9660,3014,1,5,0.0384773872793,0.0047618788667,0.146465435624,0.128003105521,-0.0184623301029
9661,6571,2,5,0.0556438975036,0.01157505624,0.086223974824,0.102229110897,0.0160051360726
9662,9045,2,6,0.082896977663,0.0123864719644,0.185008957982,0.126335158944,-0.0586737990379
9663,7699,2,5,0.0611024647951,0.00802664551884,0.00410046707839,0.0114553356543,0.00735486857593
9664,5722,2,4,0.178252771497,0.059551704675,0.530974984169,0.103801168501,-0.427173823118
9665,853,1,4,0.0341662205756,0.00276415818371,0.350607305765,0.293846577406,-0.0567607283592
9666,6606,1,7,0.060517411679,0.00721192080528,0.0334586910903,0.0140128964558,-0.0194457955658
9667,8525,4,9,0.106474481523,0.0271814670414,0.336142808199,0.0615294612944,-0.27461335063
9668,9085,4,16,0.061909109354,0.0254377685487,0.220455273986,0.154689908028,-0.0657653659582
9670,3229,2,3,0.0412504710257,0.00370878051035,0.0693812817335,0.091222256422,0.0218409746885
9671,7720,1,14,0.0682787001133,0.0188812837005,0.287716925144,0.140972450376,-0.146744474769
9672,1498,2,9,0.0336255915463,0.0289852228016,0.443769037724,0.428814083338,-0.0149549543858
9673,3198,2,4,0.0746318921447,0.0187854468822,0.380181849003,0.145548775792,-0.234633073211
9674,1396,4,4,0.0456409156322,0.0070409020409,0.122856341302,0.0670991912484,-0.055757150054
9675,2104,1,3,0.0295598451048,0.00493369437754,0.0496875308454,0.0488958768547,-0.000791653990746
9676,4964,3,20,0.0750056579709,0.0153927989304,0.00320499599911,0.00140610884409,-0.00179888715502
9677,1353,1,10,0.0510214455426,0.0317931957543,0.644543588161,0.495005488396,-0.149538099766
9679,7410,1,4,0.0586354397237,0.0163253638893,0.150164574385,0.102761857212,-0.0474027171731
9680,2298,1,4,0.0512672998011,0.00672168284655,0.0431643091142,0.0458514802158,0.00268717110157
9681,944,1,5,0.0317872129381,0.017217239365,0.539671182632,0.49695289135,-0.0427182912827
9682,9013,1,6,0.0682276263833,0.0326046310365,0.0535249784589,0.0854054689407,0.0318804904819
9683,869,2,5,0.0720827057958,0.0294137373567,0.0295210704207,0.0640653893352,0.0345443189144
9684,8346,3,2,0.0574155449867,0.0039806435816,0.0544965788722,0.0371392481029,-0.0173573307693
9686,1914,1,5,0.0423513166606,0.0173209328204,0.0225667692721,0.037928905338,0.015362136066
9687,4137,1,7,0.0430148206651,0.0119988862425,0.286609083414,0.244757965207,-0.041851118207
9688,2015,2,3,0.0651629269123,0.0107318656519,0.0605385266244,0.114738762379,0.0542002357543
9689,1851,1,5,0.0465213470161,0.00467783305794,0.16295696795,0.0560696013272,-0.106887370348
9690,2015,1,4,0.0510232560337,0.0112262805924,0.120325781405,0.108179189265,-0.0121465921402
9691,7631,2,6,0.114540696144,0.0409283749759,0.0304246433079,0.0143625540659,-0.0160620883107
9692,6979,2,4,0.0914575830102,0.0430302917957,0.240701779723,0.0673829838634,-0.17331880331
9693,1360,4,27,0.0799392834306,0.0110621694475,0.00892104953527,0.00946233887225,0.000541289336979
9694,1784,2,9,0.0767363682389,0.0362140163779,0.14634680748,0.0859548524022,-0.0603919550776
9695,164,1,8,0.0717259421945,0.0202225409448,0.127127081156,0.303344100714,0.176217019558
9696,7106,3,6,0.0704149380326,0.0215899944305,0.198105171323,0.218640491366,0.0205353200436
9697,2866,1,8,0.0614591650665,0.0275890510529,0.745456397533,0.482796281576,-0.262660115957
9698,1372,1,6,0.0741437003016,0.0355759449303,0.172511443496,0.0652650892735,-0.107246354222
9699,1372,2,9,0.0583657883108,0.00752023048699,0.148400098085,0.180287256837,0.0318871587515
9700,210,1,4,0.0985592603683,0.0108546093106,0.245407432318,0.0658293962479,-0.17957803607
9701,4825,1,8,0.0212472844869,0.0129258492962,0.991196513176,0.912030220032,-0.0791662931442
9702,936,1,6,0.0677135437727,0.00329158641398,0.0532074272633,0.0340902321041,-0.0191171951592
9704,2717,2,6,0.0494878590107,0.0131771368906,0.0513675287366,0.0259012337774,-0.0254662949592
9705,2155,1,7,0.074731297791,0.0198686067015,0.0937914401293,0.169544458389,0.07575301826
9707,465,2,4,0.111331291497,0.0370051525533,0.822957456112,0.434592336416,-0.388365119696
9708,3198,3,3,0.0397670529783,0.00957646779716,0.0643248930573,0.0676794275641,0.0033545345068
9709,448,4,4,0.0413906238973,0.0053384504281,0.0999762862921,0.100514918566,0.000538632273674
9710,3183,2,4,0.0288741793483,0.0104294549674,0.143504887819,0.179962709546,0.0364578217268
9711,7417,2,8,0.0928071737289,0.030396014452,0.528372645378,0.278863966465,-0.249508678913
9712,7178,1,4,0.0793869122863,0.0266542788595,0.143071487546,0.111257366836,-0.0318141207099
9713,4325,2,3,0.0738522782922,0.0235769879073,0.681617975235,0.355833172798,-0.325784802437
9714,255,2,5,0.0567554235458,0.0236794482917,0.0601358674467,0.127209797502,0.0670739263296
9715,4519,1,5,0.0594989843667,0.0221551991999,0.223551005125,0.38201931119,0.158468306065
9716,3375,1,5,0.0585388503969,0.0223378092051,0.241516754031,0.155855938792,-0.085660815239
9717,999,2,4,0.039391297847,0.00793435052037,0.385665267706,0.297840178013,-0.0878250896931
9718,6889,1,9,0.0826897621155,0.0353616252542,0.072848148644,0.174024939537,0.101176790893
9720,6307,3,15,0.133261173964,0.0659977346659,0.181235745549,0.0676174163818,-0.113618329167
9721,8231,1,7,0.0524914562702,0.00805427040905,0.224757120013,0.17433090508,-0.0504262149334
9722,2280,1,5,0.0361224412918,0.00115201331209,0.0579399131238,0.0524185299873,-0.00552138313651
9723,8291,1,8,0.0616692192852,0.0218760054559,0.176678910851,0.103319741786,-0.073359169066
9724,5282,2,3,0.0664875730872,0.0397268310189,0.689734458923,0.422598034143,-0.26713642478
9725,7489,1,5,0.0573135130107,0.015676131472,0.348902702332,0.261535227299,-0.0873674750328
9726,6049,6,6,0.0342766195536,0.0117474840954,0.0640140101314,0.0838712230325,0.0198572129011
9727,7065,4,12,0.0375792644918,0.0087070344016,0.311710268259,0.283909320831,-0.0278009474277
9729,3532,9,20,0.0462257377803,0.0218502767384,0.0226058401167,0.0704585909843,0.0478527508676
9730,4628,4,8,0.0688595548272,0.0117281237617,0.262762665749,0.153094574809,-0.10966809094
9732,6906,4,14,0.0513085834682,0.0198286958039,0.429499328136,0.288734287024,-0.140765041113
9733,8513,2,4,0.0436898209155,0.00300571043044,0.0125373387709,0.0308490842581,0.0183117464185
9734,2535,1,7,0.0552263967693,0.0326286740601,0.0186083391309,0.015412834473,-0.00319550465792
9735,8759,11,33,0.0705094784498,0.0433870628476,0.00517622195184,0.0129884937778,0.00781227182597
9736,1659,3,4,0.0579173266888,0.0349289700389,0.24869170785,0.172920048237,-0.0757716596127
9737,1773,3,13,0.153993412852,0.0236118510365,0.0867325142026,0.0101732388139,-0.0765592753887
9738,1949,7,9,0.0859753191471,0.0200612507761,0.382758885622,0.128627121449,-0.254131764174
9739,4862,2,9,0.0500843077898,0.00418068561703,0.0272401440889,0.0436955690384,0.0164554249495
9740,7444,3,11,0.123405516148,0.0709543973207,0.189072832465,0.149299040437,-0.0397737920284
9741,8212,2,10,0.0313189737499,0.00425463076681,0.162471815944,0.203286364675,0.0408145487309
9742,5370,4,4,0.0784616097808,0.0173851791769,0.476791203022,0.232656255364,-0.244134947658
9743,7464,2,11,0.0820521041751,0.0178833007812,0.0984745025635,0.0328729189932,-0.0656015872955
9744,1949,3,8,0.0583016090095,0.00533289741725,0.354515820742,0.267823666334,-0.0866921544075
9745,6052,2,9,0.0508277863264,0.0242889206856,0.792094349861,0.54196792841,-0.250126421452
9746,1949,3,8,0.0592824034393,0.0404772087932,0.184480041265,0.203333541751,0.0188535004854
9747,7476,2,10,0.055166285485,0.0280024390668,0.71605861187,0.496147960424,-0.219910651445
9748,1035,2,5,0.0556352250278,0.0137973539531,0.006759386044,0.0103611648083,0.00360177876428
9749,5190,1,5,0.0562272556126,0.00977077335119,0.523406684399,0.392920583487,-0.130486100912
9750,5709,2,5,0.156293541193,0.0292598176748,0.980044901371,0.553398668766,-0.426646232605
9752,4779,1,5,0.0444624759257,0.00804785080254,0.0832033976912,0.0861661508679,0.00296275317669
9753,7884,6,10,0.0833990946412,0.0316403508186,0.459131211042,0.208298802376,-0.250832408667
9754,8244,2,5,0.0695182308555,0.0149183673784,0.0658889636397,0.0267475992441,-0.0391413643956
9755,1172,2,10,0.0580232404172,0.0157690122724,0.186161324382,0.11207434535,-0.0740869790316
9756,1672,2,4,0.0482968278229,0.0189960952848,0.0779521837831,0.065589658916,-0.0123625248671
9757,299,4,4,0.0663254037499,0.00847738049924,0.0127170979977,0.0410430319607,0.0283259339631
9758,147,2,11,0.124172233045,0.0441840589046,0.911132931709,0.491432398558,-0.419700533152
9760,3515,1,4,0.0629378929734,0.0132521856576,0.0542273558676,0.137101337314,0.0828739851713
9761,6061,1,10,0.0295354649425,0.00759154651314,0.526421070099,0.397082239389,-0.129338830709
9762,8594,2,11,0.109699092805,0.0118936756626,0.0216896105558,0.043717186898,0.0220275763422
9763,8617,3,3,0.0614314228296,0.0127514554188,0.157337740064,0.119668208063,-0.037669532001
9764,5653,3,6,0.0381282381713,0.00961240753531,0.021084131673,0.0112645402551,-0.00981959141791
9765,6108,4,9,0.175048485398,0.0607479810715,0.778346121311,0.244411230087,-0.533934891224
9767,2551,5,4,0.0358124822378,0.011057080701,0.0896708145738,0.0843845903873,-0.00528622418642
9768,2762,5,18,0.0354346483946,0.00355369318277,0.194547578692,0.223374307156,0.0288267284632
9769,948,5,8,0.0797999054193,0.0380258634686,0.0669915303588,0.15321855247,0.0862270221114
9770,6352,1,15,0.0762487724423,0.0129704196006,0.215121418238,0.0832419544458,-0.131879463792
9771,6346,1,7,0.0376612283289,0.00309655698948,0.0950259491801,0.151003286242,0.0559773370624
9772,8669,1,6,0.0358856804669,0.00907268188894,0.115609906614,0.103255234659,-0.0123546719551
9773,6347,3,4,0.0582092888653,0.00562848709524,0.0170942377299,0.0381852500141,0.0210910122842
9774,7105,2,6,0.0551486723125,0.0239024776965,0.0739177241921,0.0404231436551,-0.0334945805371
9776,1999,1,4,0.046500608325,0.00979230366647,0.111343443394,0.0711105465889,-0.0402328968048
9777,6467,2,7,0.057942841202,0.0256783664227,0.12609988451,0.0573888905346,-0.0687109977007
9778,6897,2,4,0.0440163724124,0.000809794757515,0.0582182444632,0.0626095458865,0.00439130142331
9779,76,2,6,0.103122107685,0.0366005785763,0.383132874966,0.131689995527,-0.251442879438
9780,9184,2,9,0.0423871316016,0.0255556628108,0.0725467726588,0.0373695716262,-0.0351772010326
9781,7065,2,6,0.0673641338944,0.0050068362616,0.0373442992568,0.106306791306,0.0689624920487
9782,1620,1,7,0.0920681133866,0.0565208867192,0.027877273038,0.0653150901198,0.0374378189445
9784,4140,2,9,0.0441315770149,0.0215877480805,0.0212973747402,0.0342611707747,0.0129637960345
9785,1341,2,3,0.145391777158,0.0852728709579,0.830378890038,0.399414867163,-0.430964022875
9786,6122,1,5,0.0521917976439,0.0506031066179,0.906827449799,0.726831436157,-0.179996013641
9787,4202,3,1,0.076536744833,0.0324542149901,0.150060474873,0.120899818838,-0.0291606560349
9788,771,3,5,0.0943400636315,0.0147475069389,0.0472636558115,0.0327376797795,-0.014525976032
9789,6019,2,19,0.048692330718,0.0191274192184,0.00510151172057,0.00457045575604,-0.00053105596453
9790,3890,3,17,0.0385167337954,0.0250006970018,0.198217377067,0.178347930312,-0.0198694467545
9791,6153,3,8,0.0674955546856,0.0153882596642,0.0927054435015,0.0310527402908,-0.0616527050734
9792,2478,2,8,0.0789790675044,0.0337060056627,0.0118647068739,0.0702621713281,0.0583974644542
9793,1469,1,8,0.0615631230175,0.0138981016353,0.209337100387,0.075327783823,-0.134009316564
9794,1621,6,11,0.0490331463516,0.0118444962427,0.294901877642,0.253447175026,-0.0414547026157
9795,6354,2,9,0.0618659667671,0.0150070246309,0.0237005613744,0.0389544852078,0.0152539238334
9796,1977,3,5,0.0662055164576,0.0170237347484,0.103367477655,0.0471663810313,-0.0562010966241
9797,1687,1,10,0.0604877024889,0.00216045277193,0.276625752449,0.24143050611,-0.0351952463388
9799,7635,3,6,0.0638849660754,0.0176945254207,0.0631816163659,0.0236879307777,-0.0394936874509
9800,9219,1,2,0.0586870014668,0.00615116581321,0.012011074461,0.0353717766702,0.0233607031405
9801,5242,1,6,0.0847332701087,0.0467550009489,0.587963223457,0.308607161045,-0.279356062412
9802,9269,1,3,0.0821567103267,0.023218953982,0.0300999898463,0.0286952350289,-0.00140475481749
9803,6267,4,8,0.109541870654,0.0446923971176,0.00516944145784,0.0210867375135,0.01591729559
9804,6562,1,5,0.0654402449727,0.0074371532537,0.0196586325765,0.0117216957733,-0.00793693680316
9805,8241,4,12,0.0481976531446,0.0173083301634,0.173821985722,0.198136404157,0.0243144184351
9806,8393,2,12,0.0502384603024,0.0113855414093,0.52321356535,0.313101291656,-0.210112273693
9808,5352,1,7,0.101559758186,0.0345640257001,0.30086812377,0.174796804786,-0.126071318984
9809,1589,1,5,0.0621364600956,0.0235467385501,0.488645076752,0.378804564476,-0.109840512276
9811,796,1,5,0.126550659537,0.0525403358042,0.857311606407,0.416247487068,-0.441064119339
9812,8800,2,4,0.0329549275339,0.00417200243101,0.0111454054713,0.00933096464723,-0.00181444082409
9813,3556,2,11,0.0451470352709,0.00657754670829,0.27959305048,0.212454006076,-0.067139044404
9814,7696,2,10,0.0549329519272,0.0166198480874,0.25614708662,0.137451946735,-0.118695139885
9815,6568,5,4,0.0649132803082,0.0333180837333,0.737194657326,0.504209280014,-0.232985377312
9816,5845,2,2,0.0386346243322,0.00550008984283,0.109582722187,0.0652836561203,-0.0442990660667
9818,2103,1,6,0.0573953092098,0.0209102258086,0.0340412445366,0.0219933316112,-0.0120479129255
9819,368,5,7,0.0625898316503,0.0191795155406,0.031382445246,0.102626733482,0.0712442845106
9820,7967,5,6,0.0843172967434,0.0181387662888,0.0555085502565,0.0410599671304,-0.0144485831261
9821,3275,4,12,0.0662498772144,0.0129291564226,0.219242587686,0.202114626765,-0.0171279609203
9822,7668,2,8,0.0715707913041,0.0179049260914,0.0226014629006,0.025003798306,0.00240233540535
9823,4771,3,5,0.0677172020078,0.0172484666109,0.0667516961694,0.0553894639015,-0.0113622322679
9824,7640,1,5,0.0898687019944,0.0430717431009,0.763041257858,0.424911826849,-0.338129431009
9825,1332,4,2,0.0687928125262,0.0405713394284,0.0133055169135,0.0235115140676,0.0102059971541
9826,8301,3,5,0.10686725378,0.00944355130196,0.4367608428,0.113212198019,-0.323548644781
9827,6604,1,7,0.125116467476,0.017062464729,0.158158257604,0.0258593466133,-0.132298916578
9828,3892,2,4,0.0663882866502,0.0416732355952,0.0713706016541,0.0348214320838,-0.0365491695702
9829,8327,3,7,0.0849770009518,0.0175530873239,0.0200410597026,0.0118055455387,-0.00823551416397
9830,1787,1,7,0.0445787571371,0.00478870794177,0.0822156816721,0.122614316642,0.0403986349702
9831,6954,2,5,0.0694606006145,0.0112987598404,0.00812725443393,0.0173257831484,0.00919852871448
9832,2705,3,7,0.0430862754583,0.0157266240567,0.251547545195,0.193157717586,-0.0583898276091
9833,1071,2,2,0.0835238993168,0.0357476845384,0.288862586021,0.160995200276,-0.127867385745
9834,8125,2,4,0.0409555472434,0.017246928066,0.0923106744885,0.0673429742455,-0.024967700243
9835,439,1,4,0.0298772510141,0.0155916381627,0.738530755043,0.615761756897,-0.122768998146
9836,5052,2,5,0.112189590931,0.0143487155437,0.473843067884,0.121333360672,-0.352509707212
9838,5730,1,7,0.0594928003848,0.0138979097828,0.0078510241583,0.037110298872,0.029259275645
9839,2041,4,7,0.0210883840919,0.00286196381785,0.0741615146399,0.0675673410296,-0.00659417361021
9840,7038,3,6,0.048566583544,0.00672935089096,0.130544900894,0.129404053092,-0.00114084780216
9841,6277,1,1,0.0736404210329,0.0181611254811,0.0980343148112,0.0804453119636,-0.0175890028477
9842,4991,2,6,0.0433445870876,0.0193995535374,0.104441255331,0.0937149897218,-0.0107262656093
9843,8424,3,5,0.0414172522724,0.0170459207147,0.352433741093,0.235497951508,-0.116935789585
9844,7883,2,4,0.106818474829,0.0152372289449,0.0150487348437,0.0186336170882,0.00358488224447
9845,2465,1,4,0.104024507105,0.00979015138,0.289905816317,0.19513861835,-0.0947671979666
9846,3088,2,4,0.0442880950868,0.0113055063412,0.142304107547,0.215829417109,0.0735253095627
9847,2088,3,7,0.0552078783512,0.00460742181167,0.113915368915,0.0480650477111,-0.0658503174782
9848,4710,2,12,0.0663138851523,0.00681348936632,0.0232144407928,0.0213320553303,-0.00188238546252
9849,3340,2,6,0.041419070214,0.0082545960322,0.191625937819,0.204294517636,0.0126685798168
9851,263,1,2,0.0701139345765,0.0351599268615,0.0410825200379,0.082116484642,0.0410339646041
9852,8463,2,4,0.0883790925145,0.00641562696546,0.0453370437026,0.0204182006419,-0.0249188430607
9853,7990,3,3,0.0749510452151,0.0239169150591,0.290421336889,0.0855608507991,-0.20486047864
9854,3856,4,6,0.0676664337516,0.0298708789051,0.00998637080193,0.0129166645929,0.002930293791
9855,1297,1,6,0.151287510991,0.104412265122,0.00589683791623,0.0304986778647,0.0246018394828
9856,9049,2,5,0.0748445019126,0.032044544816,0.0428579486907,0.0611017793417,0.018243830651
9858,7258,3,6,0.0595685727894,0.0110062845051,0.220780730247,0.0748162195086,-0.145964503288
9860,4706,1,6,0.0927057936788,0.0257188957185,0.0287355594337,0.0471269376576,0.0183913782239
9861,8403,2,5,0.0821679607034,0.0131027605385,0.0231959819794,0.0221337173134,-0.00106226466596
9862,6177,1,4,0.0432044826448,0.0132376793772,0.104596100748,0.12143535167,0.0168392509222
9863,3893,2,6,0.0772577822208,0.0194156561047,0.360838353634,0.135491773486,-0.225346580148
9864,1940,3,10,0.0706592351198,0.0153421191499,0.14041814208,0.225312426686,0.084894284606
9865,5993,1,8,0.125510513783,0.0366340093315,0.228732839227,0.47577932477,0.247046485543
9866,3463,1,6,0.0350393392146,0.00392407597974,0.779658138752,0.596673190594,-0.182984948158
9867,4153,3,6,0.0613597929478,0.0252530705184,0.459111899137,0.367318123579,-0.0917937755585
9868,2144,2,1,0.0567627251148,0.00440865475684,0.0929745435715,0.0919475257397,-0.0010270178318
9869,6390,1,2,0.134511709213,0.0420563444495,0.874427139759,0.417048931122,-0.457378208637
9871,3613,7,5,0.05321348086,0.00915490463376,0.0357498191297,0.0579932965338,0.0222434774041
9872,7078,2,6,0.0942048206925,0.011949765496,0.129094272852,0.0496521107852,-0.0794421583414
9873,8628,1,5,0.0504309721291,0.0176804736257,0.108443468809,0.0575105659664,-0.0509329028428
9874,9280,1,9,0.0306878779083,0.00992402434349,0.0352542288601,0.0459728203714,0.0107185915112
9875,990,1,5,0.0871536955237,0.0450283586979,0.00839344970882,0.00673975190148,-0.00165369780734
9876,7956,1,6,0.0434022806585,0.00667253276333,0.052767559886,0.0419595725834,-0.0108079873025
9877,8734,3,7,0.069692209363,0.0165644399822,0.058323699981,0.0228634756058,-0.0354602262378
9878,4016,6,6,0.0427283905447,0.00653368420899,0.218982294202,0.114491552114,-0.104490742087
9879,2368,1,3,0.0643366873264,0.00964543782175,0.0919181779027,0.0651052519679,-0.0268129259348
9881,7793,2,8,0.0458575077355,0.00993579160422,0.0790988430381,0.0798584595323,0.000759616494179
9882,4016,2,10,0.0967000499368,0.0518134273589,0.617443144321,0.29182139039,-0.325621753931
9883,4156,2,4,0.0504264831543,0.0161820016801,0.143786847591,0.113336503506,-0.0304503440857
9884,4156,1,7,0.056286174804,0.0148261180148,0.305364757776,0.248190239072,-0.0571745187044
9885,4149,1,5,0.0863879919052,0.0376035645604,0.0359478481114,0.0457769930363,0.00982914492488
9886,3347,3,6,0.0437881238759,0.0169636327773,0.0431209728122,0.0642890259624,0.0211680531502
9888,6446,1,10,0.0837655588984,0.018863985315,0.554629325867,0.248478055,-0.306151270866
9889,7738,1,5,0.0697479620576,0.030178098008,0.221556320786,0.092087417841,-0.129468902946
9890,8676,11,16,0.0508165769279,0.00284239742905,0.116255514324,0.143908247352,0.0276527330279
9892,5370,2,6,0.0883385166526,0.0264619085938,0.0578347593546,0.0762879773974,0.0184532180429
9893,3793,1,3,0.0744271799922,0.0482724905014,0.411143243313,0.219963148236,-0.191180095077
9894,774,3,6,0.0591992251575,0.0276821348816,0.209306418896,0.354034423828,0.144728004932
9895,8240,2,1,0.0521986447275,0.0201349705458,0.11169436574,0.0874338522553,-0.0242605134845
9897,6886,3,6,0.063175663352,0.0124167175964,0.52652579546,0.430912107229,-0.0956136882305
9899,8057,4,5,0.0890354216099,0.0335382893682,0.723759174347,0.34873637557,-0.375022798777
9900,8346,1,8,0.0651899203658,0.00337050040253,0.288846969604,0.168193474412,-0.120653495193
9901,6797,2,7,0.0648117884994,0.0163564682007,0.0584611035883,0.0341570340097,-0.0243040695786
9902,4910,1,4,0.0745372101665,0.017180448398,0.0539683774114,0.0236747562885,-0.0302936211228
9903,3533,3,14,0.0318344533443,0.00573691911995,0.462300896645,0.462701886892,0.000400990247726
9904,567,5,8,0.0347401686013,0.00236870278604,0.0505209863186,0.0395647808909,-0.0109562054276
9905,6438,1,7,0.0230759028345,0.0139058707282,0.444008737803,0.377932876348,-0.066075861454
9907,3098,3,10,0.0262304004282,0.00428220443428,0.544525027275,0.49603331089,-0.0484917163849
9908,6664,3,6,0.0594315193594,0.0225565992296,0.0595227703452,0.115331828594,0.055809058249
9909,6722,4,4,0.0709042772651,0.00485071120784,0.0515983663499,0.0450400598347,-0.00655830651522
9910,4621,1,8,0.0824903398752,0.0390322692692,0.00701102381572,0.0258344933391,0.0188234690577
9913,6107,2,9,0.043848734349,0.0162008963525,0.0900677070022,0.0476491264999,-0.0424185805023
9914,5668,1,2,0.0689853802323,0.0292234923691,0.0397742055357,0.0520391650498,0.0122649595141
9915,5788,4,8,0.0795262232423,0.031651288271,0.348656564951,0.135995969176,-0.212660595775
9916,5452,5,13,0.0524906925857,0.0212205275893,0.171323895454,0.176237151027,0.00491325557232
9917,4153,2,1,0.0602369904518,0.0191537067294,0.042414560914,0.0801500380039,0.0377354770899
9918,4635,1,6,0.128652974963,0.0469187684357,0.553705692291,0.176157310605,-0.377548396587
9919,7392,3,4,0.0561352334917,0.0244953278452,0.020969228819,0.0385104119778,0.0175411831588
9920,7942,6,18,0.0513043105602,0.015856070444,0.825188934803,0.602956235409,-0.222232699394
9922,5287,3,4,0.0544512420893,0.0101690646261,0.228879004717,0.21050222218,-0.0183767825365
9923,5351,3,7,0.0585850961506,0.00753333047032,0.0391333773732,0.034002803266,-0.00513057410717
9924,2183,1,7,0.0364907123148,0.00677565811202,0.282029271126,0.183325842023,-0.0987034291029
9925,2081,2,7,0.0436859577894,0.00721943937242,0.0465960241854,0.0597200803459,0.0131240561604
9926,4749,1,8,0.104190923274,0.037341594696,0.25027859211,0.066348426044,-0.183930158615
9927,909,1,2,0.0694933608174,0.0447233840823,0.0175359304994,0.0155701050535,-0.00196582544595
9928,4749,4,8,0.0920883119106,0.0254720151424,0.434407562017,0.149984702468,-0.284422874451
9929,4968,1,5,0.0735965892673,0.027751211077,0.141929879785,0.114867627621,-0.0270622521639
9930,5476,2,7,0.047614056617,0.022817119956,0.642931878567,0.409549862146,-0.23338201642
9931,1121,2,7,0.0441751368344,0.0098333330825,0.183947563171,0.105357997119,-0.078589566052
9932,7796,2,7,0.0516956187785,0.0123392855749,0.138878494501,0.0542826652527,-0.0845958292484
9933,1910,2,9,0.0648229047656,0.0278647392988,0.174842447042,0.0788820758462,-0.0959603711963
9934,3096,1,3,0.0542261600494,0.0205827150494,0.220668494701,0.165066927671,-0.05560156703
9935,1122,2,7,0.0464389808476,0.0133219277486,0.2380284518,0.247536376119,0.00950792431831
9936,5480,4,5,0.0776028707623,0.0695800110698,0.342467755079,0.310520797968,-0.0319469571114
9938,9125,1,7,0.0866822898388,0.0182073619217,0.0468892715871,0.0631349459291,0.0162456743419
9939,6458,2,7,0.0465707965195,0.0132185155526,0.0255979672074,0.0136818131432,-0.0119161540642
9940,3610,2,11,0.112728454173,0.0287038236856,0.20317736268,0.118413694203,-0.0847636684775
9941,1481,3,4,0.0550334863365,0.00698565971106,0.0965247526765,0.0965225175023,-2.23517417908e-06
9942,7438,5,9,0.0419159270823,0.00743876537308,0.97126275301,0.808940887451,-0.162321865559
9944,9304,9,15,0.0627012103796,0.00836359802634,0.00295262178406,0.0102144451812,0.00726182339713
9945,1873,1,11,0.0342909060419,0.0194138363004,0.963368475437,0.818009912968,-0.145358562469
9946,4769,2,4,0.0432895570993,0.0109101673588,0.0746240541339,0.0487104952335,-0.0259135589004
9947,5013,1,4,0.117723368108,0.0200336910784,0.0424115099013,0.0965996012092,0.0541880913079
9949,6110,2,3,0.0739201977849,0.0333364009857,0.720559954643,0.427360534668,-0.293199419975
9950,2183,2,9,0.112965337932,0.0106468303129,0.0373275578022,0.090561516583,0.0532339587808
9951,450,1,3,0.0546367168427,0.00759470881894,0.0495169311762,0.0175833124667,-0.0319336205721
9952,2540,1,7,0.102639950812,0.0336331948638,0.00409923074767,0.00431728409603,0.000218053348362
9954,7171,1,9,0.0653230026364,0.0317751690745,0.203720524907,0.16676004231,-0.0369604825974
9955,3898,3,5,0.0499837845564,0.00967833120376,0.101001344621,0.207167431712,0.106166087091
9956,972,3,3,0.057047855109,0.0195583682507,0.0494541823864,0.0437095426023,-0.0057446397841
9957,4335,2,5,0.06423509866,0.0389145202935,0.0591135919094,0.0431961305439,-0.0159174613655
9958,6402,1,2,0.0601150505245,0.0220457669348,0.554918527603,0.359709709883,-0.19520881772
9959,4038,3,7,0.158835783601,0.0553188808262,0.821646809578,0.309639781713,-0.512006998062
9960,4692,5,3,0.0660088136792,0.0157905239612,0.599448859692,0.330113679171,-0.269335180521
9961,3954,1,7,0.056226670742,0.0110153341666,0.274624198675,0.168909922242,-0.105714276433
9962,2103,2,5,0.0578150115907,0.0188755597919,0.0234407242388,0.0254264771938,0.00198575295508
9963,1172,1,2,0.0285157114267,0.0124981012195,0.0485938414931,0.0733929350972,0.0247990936041
9964,6066,2,5,0.0901946648955,0.0202171746641,0.119123011827,0.188513621688,0.0693906098604
9967,6405,4,9,0.0495037026703,0.00979006849229,0.0673917457461,0.192288681865,0.124896936119
9968,408,1,1,0.0371448285878,0.0135150067508,0.163856714964,0.285519570112,0.121662855148
9969,7682,1,5,0.0594792850316,0.0195485986769,0.0380864813924,0.0457579828799,0.00767150148749
9970,3234,2,5,0.0499527938664,0.0131818987429,0.0377629846334,0.0461330413818,0.00837005674839
9971,8694,2,8,0.144878178835,0.0818427428603,0.23003603518,0.135311841965,-0.0947241932154
9972,1760,3,6,0.072594769299,0.0360054969788,0.0878293886781,0.0680751278996,-0.0197542607784
9973,3532,2,6,0.0367337316275,0.00875254161656,0.379654914141,0.326455950737,-0.0531989634037
9974,8322,1,6,0.0950603187084,0.0317775905132,0.531784415245,0.317277014256,-0.21450740099
9975,8991,3,4,0.0374784618616,0.0234510209411,0.072133667767,0.0767781212926,0.00464445352554
9976,8724,3,8,0.0589918904006,0.0112417098135,0.28692150116,0.202567741275,-0.0843537598848
9977,875,1,5,0.115500889719,0.089993827045,0.11416747421,0.326696842909,0.212529361248
9978,3038,1,4,0.0835350975394,0.0124405836686,0.178381979465,0.124161385,-0.0542205944657
9979,7336,1,8,0.0599676035345,0.0183114875108,0.05255651474,0.114047348499,0.0614908337593
9980,7432,2,6,0.0910133123398,0.0202314276248,0.247695609927,0.128770545125,-0.118925064802
9981,6342,2,4,0.0505285412073,0.0135438144207,0.0162264164537,0.0434407778084,0.0272143613547
9982,7419,4,5,0.0368071086705,0.0103951394558,0.0142332296818,0.0249317903072,0.0106985606253
9983,6080,6,7,0.0362731665373,0.00689451629296,0.425483494997,0.339934319258,-0.0855491757393
9984,7457,3,5,0.0477921552956,0.0293186623603,0.116544559598,0.0830454826355,-0.0334990769625
9986,8483,1,5,0.112939275801,0.00366808078252,0.892950475216,0.474206209183,-0.418744266033
9987,4872,2,13,0.112322837114,0.0466759055853,0.884687542915,0.484076738358,-0.400610804558
9988,1869,5,5,0.0686106011271,0.0137631734833,0.232212170959,0.0953134000301,-0.136898770928
9989,1678,1,3,0.122086755931,0.0908045247197,0.160420402884,0.386846780777,0.226426377892
9990,6404,2,6,0.061132710427,0.0264847353101,0.0681917071342,0.138077571988,0.0698858648539
9991,2586,2,6,0.0508011467755,0.00304159382358,0.0703930705786,0.085293404758,0.0149003341794
9992,7457,6,11,0.0350435115397,0.0106441564858,0.98888272047,0.865398943424,-0.123483777046
9993,7485,3,4,0.0648710206151,0.0112883280963,0.434783756733,0.197731480002,-0.237052276731
9994,4921,2,3,0.0509974956512,0.0122995115817,0.0278386622667,0.0448726601899,0.0170339979231
9995,6662,3,8,0.0742184743285,0.0260008703917,0.095729932189,0.0524175129831,-0.0433124192059
9996,5830,1,9,0.0642164945602,0.0184245947748,0.354582309723,0.211967945099,-0.142614364624
9997,4277,2,7,0.049935400486,0.0185172799975,0.42475232482,0.274452060461,-0.150300264359
9998,9159,2,8,0.0887664929032,0.0155852828175,0.051281735301,0.176258519292,0.124976783991
9999,1933,5,11,0.0941825285554,0.0545437857509,0.733990371227,0.446737200022,-0.287253171206
10000,8624,6,13,0.0502367354929,0.00253640371375,0.173430427909,0.260154813528,0.0867243856192
10001,4621,1,5,0.0962544456124,0.0184994675219,0.24715217948,0.0648147836328,-0.182337403297
10002,2550,3,6,0.0934439077973,0.0291727613658,0.104669347405,0.139171615243,0.0345022678375
10003,799,2,4,0.145483568311,0.0741478577256,0.856147527695,0.393854707479,-0.462292820215
10005,5091,1,7,0.076438382268,0.0148239117116,0.0610912553966,0.051345910877,-0.00974534451962
10006,9169,1,9,0.102872431278,0.0624153725803,0.503001451492,0.182280778885,-0.320720672607
10007,7514,3,4,0.0944567993283,0.0381575785577,0.490367889404,0.189584851265,-0.300783038139
10009,3158,1,4,0.0507054440677,0.017067855224,0.107203841209,0.0752723291516,-0.0319315120578
10010,870,1,6,0.0648990273476,0.00857755728066,0.225574091077,0.0949191823602,-0.130654901266
10011,6907,4,6,0.0430282056332,0.00273162149824,0.116705723107,0.177614524961,0.0609088018537
10012,3091,3,4,0.0605698823929,0.0187767446041,0.0524523667991,0.125130414963,0.0726780444384
10013,5260,2,5,0.0561924278736,0.00825272034854,0.179871618748,0.0842385366559,-0.0956330820918
10014,5009,2,20,0.0270399749279,0.00156919041183,0.248941928148,0.178436622024,-0.0705053061247
10015,8864,1,7,0.0479799695313,0.018079964444,0.636092722416,0.397135734558,-0.238956987858
10016,8558,1,6,0.125815212727,0.0459554605186,0.514831244946,0.143413975835,-0.371417284012
10017,1674,2,8,0.0233050417155,0.00983122363687,0.99331253767,0.910460054874,-0.0828524827957
10018,8972,7,10,0.0510287731886,0.014575490728,0.246305257082,0.290489047766,0.0441837906837
10020,9235,6,14,0.0772639289498,0.00826981291175,0.429550051689,0.196458652616,-0.233091399074
10022,4866,3,4,0.0614200532436,0.0264611039311,0.0494831688702,0.0968002378941,0.0473170690238
10023,1724,2,2,0.0556119084358,0.00326484604739,0.0352746993303,0.0189867801964,-0.0162879191339
10024,1516,1,9,0.0351186953485,0.0177580472082,0.338866859674,0.230853572488,-0.108013287187
10025,2039,1,7,0.0474012084305,0.0252365190536,0.568325400352,0.417429596186,-0.150895804167
10026,6908,1,9,0.111604422331,0.0646153613925,0.655524075031,0.290142029524,-0.365382045507
10027,6304,2,7,0.111122906208,0.0365385264158,0.523999810219,0.18856061995,-0.33543920517
10028,8969,4,11,0.0542231164873,0.0128817893565,0.129399597645,0.0918925404549,-0.0375070571899
10029,93,6,9,0.0454175621271,0.0139284664765,0.147315144539,0.215793773532,0.068478628993
10030,2505,3,5,0.0497423000634,0.0119319530204,0.115777917206,0.140946224332,0.0251683071256
10031,96,3,7,0.082162104547,0.0172427967191,0.497290164232,0.301288574934,-0.196001589298
10032,4821,1,3,0.0476143173873,0.00426673516631,0.180740848184,0.174590274692,-0.00615057349205
10033,8147,4,8,0.0675297454,0.0168760828674,0.161510527134,0.183011129498,0.0215006023645
10034,7545,2,7,0.0468658916652,0.0024287851993,0.0289396289736,0.0279157813638,-0.00102384760976
10035,292,5,3,0.101157397032,0.0645420029759,0.811911165714,0.458454221487,-0.353456944227
10037,7429,1,5,0.062420129776,0.00341452681459,0.0227303635329,0.0216827038676,-0.00104765966535
10039,9161,3,10,0.106048502028,0.0305258333683,0.856868863106,0.467741638422,-0.389127224684
10040,1481,1,1,0.0375556461513,0.0128853172064,0.0364224985242,0.0487943999469,0.0123719014227
10041,6934,3,5,0.0578457228839,0.00586340669543,0.251644849777,0.161115810275,-0.0905290395021
10042,8683,3,7,0.0650196745992,0.00829620752484,0.014353659004,0.0172321293503,0.00287847034633
10044,50,1,3,0.102796532214,0.0291871093214,0.0606338530779,0.132934555411,0.0723007023335
10045,9100,4,3,0.070594497025,0.0407958030701,0.307580143213,0.244011119008,-0.0635690242052
10046,8230,3,11,0.0933332741261,0.0113255996257,0.0898199006915,0.113005898893,0.0231859982014
10047,7324,1,6,0.107622824609,0.0447984859347,0.0812263935804,0.105181001127,0.0239546075463
10048,4651,4,5,0.0721065104008,0.0107389576733,0.021166594699,0.0357044674456,0.0145378727466
10050,7249,1,6,0.0675168558955,0.0121662411839,0.218228414655,0.212480545044,-0.00574786961079
10051,8903,4,19,0.0832878425717,0.0466976873577,0.197571858764,0.261621922255,0.0640500634909
10052,8372,11,56,0.0297693517059,0.0124133042991,0.865103125572,0.699271261692,-0.16583186388
10053,6817,2,8,0.0978920459747,0.029971042648,0.428314834833,0.174072548747,-0.254242300987
10054,7276,3,6,0.0722807049751,0.00810398254544,0.165876314044,0.098778039217,-0.067098274827
10055,6979,2,3,0.0524106025696,0.00321960449219,0.0758135840297,0.0530028603971,-0.0228107236326
10056,6315,3,4,0.0294925216585,0.0117056593299,0.0605789236724,0.0406664423645,-0.019912481308
10058,7047,4,4,0.059896916151,0.0288560818881,0.00636073341593,0.0130817815661,0.00672104815021
10059,5272,3,7,0.0476358421147,0.0135856186971,0.489954560995,0.472825616598,-0.017128944397
10060,9083,3,6,0.0865272656083,0.0454787537456,0.156722232699,0.0686789155006,-0.0880433171988
10061,781,1,4,0.0310087054968,0.00247219461016,0.190357983112,0.216283082962,0.0259250998497
10063,5102,3,11,0.129494860768,0.0505159497261,0.106915436685,0.271157592535,0.164242148399
10064,7573,3,6,0.0538326762617,0.012043283321,0.131947204471,0.091331243515,-0.0406159609556
10065,3095,4,2,0.0477695949376,0.0179136358202,0.0216670297086,0.0422004424036,0.0205334126949
10066,9035,1,7,0.0581785440445,0.0160702727735,0.0211180709302,0.0419440120459,0.0208259411156
10067,1045,1,7,0.0574161857367,0.0104300826788,0.0969805195928,0.0381907336414,-0.0587897859514
10068,2811,5,7,0.193649038672,0.0772155299783,0.850381612778,0.319364309311,-0.531017303467
10072,6977,4,11,0.136076465249,0.0533806420863,0.751556813717,0.298876255751,-0.452680557966
10073,7092,2,8,0.190296292305,0.00914998166263,0.740580558777,0.177164420485,-0.56341612339
10074,8039,1,9,0.196466758847,0.0438461452723,0.0152950743213,0.0748735144734,0.0595784410834
10075,8663,2,5,0.0442143194377,0.0108926491812,0.0769066885114,0.0429380275309,-0.0339686609805
10076,6658,3,4,0.135924592614,0.0359871201217,0.572981894016,0.174138382077,-0.39884352684
10077,3940,2,6,0.0577045083046,0.0085479458794,0.00644188374281,0.0174857508391,0.0110438670963
10078,6603,2,6,0.0669199302793,0.00754130026326,0.0282335970551,0.0180607978255,-0.0101727992296
10079,3861,3,6,0.0558064430952,0.0040977448225,0.0269945506006,0.0457821786404,0.0187876280397
10080,2445,1,6,0.116542495787,0.0329586751759,0.202874362469,0.0280263070017,-0.174848049879
10081,6603,1,6,0.0989107713103,0.0129224918783,0.249672159553,0.0727406293154,-0.176931530237
10083,208,1,2,0.0605856180191,0.00595681322739,0.0283772144467,0.0368834510446,0.0085062365979
10084,5641,2,8,0.0741314217448,0.0312281772494,0.336664646864,0.2385186553,-0.0981459915638
10085,6887,4,5,0.0735437572002,0.0371761918068,0.142408326268,0.104765228927,-0.0376430973411
10086,8433,2,9,0.0597662739456,0.0192934405059,0.230733528733,0.0877488851547,-0.142984643579
10087,2312,2,6,0.0336953811347,0.0147044621408,0.317737668753,0.264359086752,-0.0533785820007
10088,1328,1,4,0.054208856076,0.00788851361722,0.021944232285,0.017409613356,-0.00453461892903
10089,1328,2,2,0.0706857964396,0.0184461660683,0.0714328214526,0.129011228681,0.057578407228
10090,4584,1,4,0.0509886108339,0.0177021101117,0.072707593441,0.100316464901,0.02760887146
10092,5296,9,12,0.0356672592461,0.0108221666887,0.174993112683,0.131122529507,-0.0438705831766
10093,7790,2,10,0.0468020997941,0.0137662691996,0.0847187638283,0.0939271077514,0.00920834392309
10094,6454,2,7,0.0798299759626,0.00539716985077,0.129598543048,0.0443677194417,-0.0852308273315
10096,6454,2,5,0.0825545340776,0.0455823242664,0.538764894009,0.220794871449,-0.31797003746
10097,5233,4,7,0.0393151752651,0.00908212084323,0.0439471751451,0.0775841996074,0.0336370244622
10098,1045,2,5,0.114297293127,0.0678670629859,0.0474382191896,0.0808910802007,0.033452861011
10100,2028,4,5,0.0414012633264,0.017575962469,0.439938217402,0.311777085066,-0.128161132336
10101,8337,1,6,0.0442759096622,0.0186181869358,0.0889761373401,0.124859452248,0.0358833149076
10102,8715,4,7,0.0847432985902,0.00691181048751,0.137120097876,0.0923585295677,-0.0447615683079
10103,5438,1,8,0.0467965006828,0.0257427878678,0.926730334759,0.724059104919,-0.202671229839
10104,7914,4,9,0.0579944700003,0.00248488807119,0.400431901217,0.300784379244,-0.0996475219727
10105,9302,13,39,0.00187547004316,0.00154874334112,0.993854641914,0.984411418438,-0.00944322347641
10106,9317,4,8,0.0543553046882,0.0269154142588,0.75875633955,0.50340038538,-0.25535595417
10107,9325,1,7,0.0803111940622,0.00928584765643,0.136078894138,0.21638906002,0.0803101658821
10108,868,3,6,0.0597884841263,0.0423029512167,0.0534520559013,0.0842564478517,0.0308043919504
10109,9241,3,6,0.0740521773696,0.0486167632043,0.7531234622,0.475218683481,-0.277904778719
10110,4074,2,8,0.0627311989665,0.0129392910749,0.105172462761,0.0997415557504,-0.00543090701103
10111,4604,4,6,0.0630121156573,0.00692540640011,0.168957710266,0.242992758751,0.0740350484848
10112,3489,1,4,0.0437679998577,0.019647590816,0.055800717324,0.0603319518268,0.00453123450279
10113,8040,3,3,0.203703209758,0.0326767899096,0.0293508060277,0.0764784291387,0.047127623111
10114,6662,2,6,0.0802700817585,0.0147594381124,0.0552960149944,0.049456756562,-0.00583925843239
10115,5228,3,6,0.0517457313836,0.0192519724369,0.108888939023,0.100344747305,-0.0085441917181
10117,1686,2,5,0.188607737422,0.0327748544514,0.947928726673,0.417999356985,-0.52992939949
10119,7548,3,5,0.0509354881942,0.0163509156555,0.102470137179,0.0918969213963,-0.0105732157826
10120,2160,2,3,0.0575397908688,0.011103566736,0.236436441541,0.0849443376064,-0.151492103934
10121,6127,4,11,0.0360152833164,0.0109219523147,0.309194117785,0.403793662786,0.094599545002
10122,8169,2,6,0.0335827209055,0.00315059814602,0.0553376078606,0.0424997992814,-0.0128378085792
10123,1578,2,8,0.0574757009745,0.0217588413507,0.175154477358,0.107917584479,-0.067236892879
10124,2360,2,7,0.090247027576,0.0657760351896,0.645323872566,0.324172973633,-0.321150898933
10125,6133,1,13,0.0571348331869,0.00707655819133,0.355999916792,0.319087594748,-0.0369123220444
10126,4707,1,5,0.0934664011002,0.00416763313115,0.782166481018,0.413370162249,-0.368796318769
10127,4187,1,10,0.0773805752397,0.0224448442459,0.0230743419379,0.0193827878684,-0.00369155406952
10128,1414,4,11,0.0723570883274,0.0284790489823,0.39932924509,0.268235892057,-0.131093353033
10129,6186,2,2,0.049486387521,0.0187063291669,0.088278234005,0.0456250272691,-0.0426532067358
10130,780,2,6,0.0940308645368,0.0314097180963,0.116591028869,0.0699014142156,-0.0466896146536
10131,4609,2,6,0.0672415494919,0.0259647667408,0.484118103981,0.229554533958,-0.254563570023
10132,7298,1,4,0.0480939894915,0.00896618422121,0.0377815961838,0.0270819496363,-0.0106996465474
10133,2064,4,9,0.0409980677068,0.00427518459037,0.191888153553,0.0879157409072,-0.103972412646
10134,1448,1,7,0.0657043531537,0.0259564779699,0.10364215076,0.060559373349,-0.0430827774107
10135,2651,2,10,0.0669906139374,0.0297676566988,0.252124339342,0.277323752642,0.0251994132996
10136,3155,1,8,0.0803610756993,0.0207179635763,0.1164874807,0.109437912703,-0.00704956799746
10137,9154,2,8,0.0367601700127,0.0102499201894,0.423127651215,0.343627542257,-0.0795001089573
10140,8231,2,3,0.0844294801354,0.0217174980789,0.478797793388,0.175751626492,-0.303046166897
10141,4066,2,7,0.0725693926215,0.0508473627269,0.283739984035,0.19900560379,-0.0847343802452
10142,1427,1,2,0.048392906785,0.0079162530601,0.0838530808687,0.0564163029194,-0.0274367779493
10143,8099,1,3,0.0488205067813,0.0110991615802,0.115724042058,0.117822907865,0.00209886580706
10144,2855,4,4,0.0390091836452,0.0121897626668,0.0658891946077,0.0309983287007,-0.0348908677697
10146,7745,3,21,0.055089995265,0.00775912078097,0.135448396206,0.0937591716647,-0.0416892245412
10148,940,2,7,0.0524659268558,0.0095691466704,0.0619334802032,0.114122487605,0.0521890074015
10149,3568,6,15,0.0611885488033,0.00574253732339,0.127150535583,0.219099953771,0.0919494181871
10150,6010,3,11,0.111453391612,0.0282334275544,0.170598044991,0.316318839788,0.145720794797
10151,7435,2,6,0.0522405318916,0.0120299756527,0.613364756107,0.369584202766,-0.243780553341
10153,7776,2,3,0.0779546201229,0.0530075058341,0.206964328885,0.411734551191,0.204770222306
10154,2322,1,6,0.0651805475354,0.0237863734365,0.536428272724,0.276282638311,-0.260145634413
10155,7960,1,7,0.0406905822456,0.00604834407568,0.0764544829726,0.11417337507,0.0377188920975
10156,3419,1,14,0.0888852253556,0.0281899180263,0.634399294853,0.321409493685,-0.312989801168
10157,7514,1,6,0.0542263053358,0.0270867925137,0.43322005868,0.354389578104,-0.0788304805756
10158,2761,5,6,0.116106130183,0.0634375214577,0.388959616423,0.209518551826,-0.179441064596
10159,5428,1,5,0.0977943316102,0.0325977019966,0.483000636101,0.169045493007,-0.313955128193
10160,6195,2,7,0.0108298333362,0.00232169684023,0.213839545846,0.186171531677,-0.0276680141687
10162,6967,3,5,0.0787617862225,0.0472672097385,0.0647133290768,0.0899411737919,0.0252278447151
10163,1853,2,6,0.0888590216637,0.0313912555575,0.304393053055,0.0842430815101,-0.220149964094
10164,9252,2,4,0.0460406541824,0.0110955955461,0.0480151474476,0.0634349659085,0.0154198184609
10165,4934,3,6,0.0925628766418,0.0335111357272,0.069973193109,0.104480028152,0.0345068350434
10166,4595,3,9,0.0482420139015,0.0361358858645,0.893273115158,0.680046498775,-0.213226616383
10167,6662,1,5,0.0686338767409,0.019557280466,0.0690272971988,0.158245906234,0.089218609035
10168,3333,1,3,0.0963580384851,0.0541734211147,0.84090089798,0.49086150527,-0.35003939271
10169,7068,2,5,0.0513742975891,0.0212674345821,0.126016691327,0.117550335824,-0.00846635550261
10170,2932,3,3,0.081140011549,0.0335131920874,0.231707081199,0.450331121683,0.218624040484
10171,4721,2,8,0.0479928404093,0.0112015623599,0.0336198396981,0.0541807301342,0.0205608904362
10172,1300,1,6,0.0871011912823,0.0368686504662,0.293936759233,0.150357052684,-0.14357970655
10173,2468,3,13,0.0765830352902,0.0188649371266,0.00716562150046,0.0197315979749,0.0125659760088
10174,5364,5,11,0.043328423053,0.0104629741982,0.0371920987964,0.052456241101,0.0152641423047
10175,3285,2,5,0.0488073378801,0.0181201826781,0.00816302746534,0.01209386345,0.00393083598465
10176,9127,1,9,0.0857083722949,0.0218257438391,0.110086657107,0.0537425987422,-0.0563440583646
10177,7299,3,6,0.0658477693796,0.0270757060498,0.092951528728,0.0775991156697,-0.0153524130583
10178,6866,2,7,0.050455275923,0.00253530195914,0.221833750606,0.191607281566,-0.0302264690399
10179,4602,8,5,0.0405887514353,0.0279923267663,0.0896454304457,0.0812503919005,-0.00839503854513
10180,7973,3,16,0.0447753183544,0.006247500889,0.0173251517117,0.0168702676892,-0.000454884022474
10181,3625,5,9,0.0502505786717,0.009451597929,0.165844380856,0.218733593822,0.052889212966
10182,1798,2,3,0.0717101097107,0.00788494106382,0.0271186083555,0.0534546561539,0.0263360477984
10183,6417,1,9,0.103294193745,0.0325475223362,0.36123085022,0.19062936306,-0.17060148716
10184,2517,4,12,0.0425566248596,0.0110678616911,0.155722677708,0.229753300548,0.0740306228399
10185,748,1,2,0.0437976308167,0.0137872295454,0.0354721024632,0.0534033365548,0.0179312340915
10186,1933,2,5,0.120536386967,0.0119726182893,0.593299150467,0.185355678201,-0.407943487167
10189,7318,1,5,0.0605468563735,0.0102181723341,0.0331516191363,0.0351937264204,0.00204210728407
10190,4852,3,6,0.0511626787484,0.0093521438539,0.071474313736,0.0253924950957,-0.0460818186402
10191,4957,3,5,0.11951778084,0.0395705699921,0.797537565231,0.384108990431,-0.4134285748
10192,789,2,6,0.0800734981894,0.0265431981534,0.676082909107,0.42270565033,-0.253377258778
10193,5249,2,10,0.0613284371793,0.0117181139067,0.0536669641733,0.0726476386189,0.0189806744456
10194,4884,4,5,0.0336431153119,0.0107301836833,0.268288820982,0.198029771447,-0.0702590495348
10195,5465,3,5,0.0638544633985,0.0192020330578,0.377363443375,0.229797527194,-0.147565916181
10198,2379,3,4,0.0368266962469,0.0162573065609,0.07693618536,0.0295468252152,-0.0473893582821
10199,7346,3,6,0.0276629179716,0.0056127095595,0.0463746972382,0.0559896863997,0.00961498916149
10200,4778,3,4,0.0552947185934,0.00475435564294,0.0954744517803,0.143437474966,0.0479630231857
10201,1937,3,2,0.0431973077357,0.0109972320497,0.0401368550956,0.0517859719694,0.0116491168737
10202,3561,7,17,0.0504333861172,0.00931433774531,0.0220836494118,0.0359284318984,0.0138447824866
10203,1259,1,7,0.0588828213513,0.0122584877536,0.31172555685,0.170739635825,-0.140985921025
10205,7310,3,6,0.0467647016048,0.0153166782111,0.417413651943,0.414881825447,-0.00253182649612
10206,2761,2,5,0.0564819276333,0.0307988524437,0.26005923748,0.204719483852,-0.0553397536278
10207,5075,1,8,0.129296407104,0.0285481140018,0.139163792133,0.0555574335158,-0.0836063623428
10208,3701,2,8,0.101532123983,0.0414569824934,0.824202299118,0.45114043355,-0.373061865568
10209,9232,1,8,0.0542846880853,0.0135307610035,0.253458917141,0.310646861792,0.0571879446507
10210,3566,1,8,0.0825331583619,0.0083995712921,0.747977912426,0.389344573021,-0.358633339405
10211,1431,1,3,0.0579096972942,0.0235787704587,0.771033525467,0.501907110214,-0.269126415253
10212,8767,2,6,0.0829431712627,0.0186931304634,0.187487781048,0.139553010464,-0.0479347705841
10214,7830,1,5,0.0753424689174,0.0127724176273,0.0521479584277,0.0326626375318,-0.0194853208959
10215,3816,1,5,0.0548012591898,0.00141553545836,0.0635947883129,0.0159188341349,-0.0476759523153
10216,1442,7,5,0.0555840618908,0.0105728767812,0.239865884185,0.296838998795,0.0569731146097
10217,7276,3,7,0.125994622707,0.0392951220274,0.124356530607,0.44272813201,0.318371593952
10218,1209,1,4,0.069991312921,0.00967082288116,0.0890007168055,0.0252378359437,-0.0637628808618
10219,164,3,2,0.061063747853,0.0148011827841,0.0168558321893,0.0341312848032,0.0172754526138
10220,7762,1,4,0.0339599065483,0.00837180670351,0.0464796572924,0.0514601655304,0.00498050823808
10221,3599,3,2,0.0476923249662,0.00735299522057,0.0272736940533,0.0476985089481,0.0204248148948
10222,1938,2,6,0.0436783321202,0.00992102362216,0.0962662026286,0.12865023315,0.0323840305209
10223,5378,2,4,0.0351498797536,0.00775365717709,0.00474794628099,0.0077832560055,0.00303530972451
10224,5274,2,3,0.0415513925254,0.00728364707902,0.0619978047907,0.0689335614443,0.00693575665355
10225,8444,1,7,0.0871547982097,0.0454022437334,0.00311270006932,0.00745803629979,0.00434533599764
10226,8739,1,8,0.0374650470912,0.00238830503076,0.0591187812388,0.0415333621204,-0.0175854191184
10227,4022,4,4,0.0961408540606,0.0371333733201,0.437408596277,0.157264217734,-0.280144393444
10228,1448,1,5,0.0789871066809,0.0532753579319,0.0440975651145,0.141974851489,0.0978772863746
10232,2465,4,3,0.0554159916937,0.0081294272095,0.033633697778,0.0215888693929,-0.0120448283851
10233,1809,1,7,0.0869640335441,0.0582470744848,0.0269124135375,0.0169366374612,-0.00997577607632
10234,80,2,7,0.0344423167408,0.00359665881842,0.0273853875697,0.0439246408641,0.0165392532945
10235,4550,6,7,0.0729604586959,0.0256345756352,0.0974651053548,0.034641418606,-0.0628236830235
10237,4846,2,4,0.057927235961,0.00496574537829,0.154222637415,0.198371812701,0.0441491752863
10238,7688,2,5,0.10611448437,0.0143616255373,0.388746023178,0.0858229100704,-0.302923113108
10239,6431,1,5,0.0677875950933,0.00862724985927,0.1000835374,0.0555798895657,-0.0445036478341
10240,9211,1,5,0.0829357504845,0.038401350379,0.0367709957063,0.0239332113415,-0.0128377843648
10241,6305,2,4,0.0586396716535,0.0197270531207,0.461497247219,0.240157797933,-0.221339449286
10242,6504,7,11,0.112890072167,0.00824251491576,0.0634792149067,0.0652516558766,0.00177244096994
10243,8888,2,6,0.0637032166123,0.0106618655846,0.022239126265,0.00799020100385,-0.0142489252612
10244,1343,2,7,0.0616457276046,0.0342394597828,0.0298594441265,0.0630840957165,0.0332246497273
10245,5905,1,9,0.122643463314,0.0192750338465,0.522906661034,0.14755821228,-0.375348448753
10246,1524,2,11,0.128675758839,0.0783940851688,0.818955779076,0.447986811399,-0.370968967676
10247,6807,2,7,0.0525287203491,0.00513779558241,0.323536485434,0.264389783144,-0.0591467022896
10248,7352,2,11,0.0478921979666,0.00447053881362,0.0658884197474,0.0657852813601,-0.000103138387203
10249,7205,2,5,0.0358571633697,0.00790344178677,0.242406949401,0.23072911799,-0.0116778314114
10250,5833,2,12,0.0388124808669,0.014038072899,0.0671875849366,0.0261263083667,-0.0410612747073
10251,6305,3,7,0.0468625314534,0.0200227107853,0.231923207641,0.184346958995,-0.0475762486458
10252,2134,3,4,0.0439527221024,0.00765059748664,0.0781668797135,0.058312702924,-0.0198541767895
10253,6928,1,6,0.162014231086,0.044989079237,0.804342925549,0.301801770926,-0.502541184425
10254,7550,5,5,0.0515475533903,0.0262779649347,0.0999075397849,0.0833288803697,-0.0165786594152
10255,948,2,6,0.0507791638374,0.010633985512,0.102920681238,0.0938010513783,-0.00911962985992
10256,35,3,1,0.046508807689,0.013907622546,0.071822181344,0.0679877921939,-0.00383438915014
10257,7368,2,8,0.100285828114,0.0298711750656,0.480197846889,0.222382739186,-0.257815122604
10260,6438,3,6,0.0492794811726,0.0102916322649,0.493045210838,0.37932869792,-0.113716512918
10261,1908,2,3,0.0426434278488,0.00697576999664,0.045740801841,0.0601077117026,0.0143669098616
10262,772,2,6,0.039880912751,0.0209084860981,0.437749028206,0.305079102516,-0.13266992569
10263,4382,1,5,0.0263349432498,0.0108089726418,0.622456967831,0.630793392658,0.00833642482758
10264,5084,2,3,0.043010275811,0.00762331904843,0.219465896487,0.104537218809,-0.114928677678
10265,7410,1,7,0.0789362713695,0.0296206530184,0.097548365593,0.0779715180397,-0.0195768475533
10266,1131,1,6,0.0528785027564,0.00608747312799,0.0682806745172,0.0601702742279,-0.0081104002893
10267,4748,4,10,0.0914125442505,0.0392724573612,0.0992633625865,0.0243285503238,-0.0749348104
10268,3088,2,8,0.0714861303568,0.0203515533358,0.00161764211953,0.0045904959552,0.00297285383567
10269,3090,4,7,0.054937120527,0.0125640267506,0.0547396689653,0.0628010705113,0.008061401546
10270,2068,2,10,0.0788894370198,0.0390565507114,0.526055634022,0.31537553668,-0.210680097342
10271,8433,2,2,0.0922957062721,0.0367356203496,0.62649422884,0.314236044884,-0.312258183956
10272,2257,1,7,0.07331905514,0.0250172577798,0.0434181578457,0.0426385812461,-0.000779576599598
10273,6467,1,8,0.0897549390793,0.0512451454997,0.599294304848,0.430468469858,-0.16882583499
10274,6137,1,7,0.0606807880104,0.00803486444056,0.0805555433035,0.0841987505555,0.00364320725203
10275,6938,1,6,0.0703087821603,0.00220287451521,0.174730420113,0.102412469685,-0.0723179504275
10276,3866,2,6,0.0709779635072,0.0204251520336,0.122819527984,0.155945509672,0.0331259816885
10277,6984,1,3,0.0356920920312,0.00843944121152,0.0223917644471,0.0302656870335,0.00787392258644
10278,1909,1,6,0.0793674364686,0.0466441251338,0.499048024416,0.224317535758,-0.274730503559
10279,221,3,3,0.0416056476533,0.00986593123525,0.284819602966,0.219599142671,-0.0652204602957
10280,1909,3,3,0.0713815167546,0.010462211445,0.0101696597412,0.0290610212833,0.0188913606107
10281,8716,3,9,0.0465812981129,0.0109746344388,0.171103939414,0.250521034002,0.0794170945883
10282,8500,1,8,0.0326675735414,0.00829606782645,0.108292967081,0.135315030813,0.0270220637321
10283,7402,2,10,0.0778741315007,0.0389475263655,0.0555563569069,0.0301715582609,-0.025384798646
10284,5118,1,6,0.077007047832,0.0119449719787,0.234958305955,0.065854370594,-0.169103935361
10285,2447,3,3,0.0484236739576,0.00777768809348,0.0715947076678,0.0677805691957,-0.00381413847208
10286,7507,4,3,0.0502097569406,0.00324682495557,0.0391123071313,0.0295924860984,-0.00951982103288
10287,4062,2,7,0.0239723268896,0.0176497455686,0.933718860149,0.829827129841,-0.103891730309
10288,8562,2,3,0.0668550506234,0.0153996031731,0.161012962461,0.119877181947,-0.0411357805133
10289,3819,2,5,0.0521890930831,0.0127076590434,0.141767278314,0.142936423421,0.00116914510727
10290,5134,4,17,0.0889229476452,0.0148474834859,0.132151708007,0.130534231663,-0.00161747634411
10291,876,1,6,0.0526935309172,0.00818608049303,0.0552960634232,0.0282248333097,-0.0270712301135
10292,30,1,4,0.0709209218621,0.0310406163335,0.0161939356476,0.0170696396381,0.000875703990459
10293,4502,3,3,0.0329066030681,0.0103049995378,0.0412395112216,0.025231488049,-0.0160080231726
10294,6244,3,5,0.107861369848,0.0553196929395,0.299316853285,0.120835900307,-0.178480952978
10295,7759,1,8,0.121986411512,0.0246617347002,0.314449131489,0.0531770437956,-0.261272072792
10296,9041,1,8,0.0497680008411,0.0158159825951,0.0595545433462,0.0707163512707,0.0111618079245
10297,8728,4,5,0.0544074289501,0.0292321573943,0.0125064924359,0.015221147798,0.00271465536207
10298,7202,4,7,0.120084136724,0.0570391602814,0.518221378326,0.190374538302,-0.327846825123
10299,6806,2,5,0.0785683393478,0.0461255982518,0.0193992294371,0.0314969941974,0.0120977647603
10300,1456,1,9,0.0357532352209,0.00667241029441,0.0471401587129,0.034784141928,-0.0123560167849
10301,1345,4,1,0.114550940692,0.12643122673,0.807898819447,0.497250884771,-0.310647934675
10302,7334,2,5,0.0335066281259,0.0113923083991,0.00728081073612,0.00714301178232,-0.000137798953801
10303,2872,2,3,0.0835840329528,0.0355277769268,0.371910810471,0.233932331204,-0.137978479266
10305,1069,2,5,0.0620004124939,0.00893758796155,0.70397734642,0.41840621829,-0.28557112813
10306,7635,1,7,0.0811194255948,0.0415046028793,0.00212638732046,0.00201161648147,-0.000114770838991
10307,6259,3,8,0.0533859468997,0.0129974707961,0.418448269367,0.43860784173,0.0201595723629
10308,6052,4,4,0.0319018028677,0.0200892370194,0.0701564997435,0.0259239692241,-0.044232532382
10309,2156,1,10,0.0709487721324,0.0314061455429,0.475555092096,0.295375972986,-0.18017911911
10310,3462,3,4,0.0541281215847,0.0163323432207,0.00337810441852,0.031839363277,0.0284612588584
10311,771,4,7,0.0546076186001,0.0388373322785,0.985458254814,0.807606220245,-0.177852034569
10313,5979,1,4,0.110491089523,0.0105754304677,0.122438624501,0.111157506704,-0.0112811177969
10314,1940,1,9,0.0426079817116,0.00202967692167,0.0313916355371,0.0212156977504,-0.0101759377867
10315,164,1,7,0.0574466735125,0.0332018025219,0.891800224781,0.644660353661,-0.24713987112
10316,204,5,9,0.0912894979119,0.0293373931199,0.0810075551271,0.192865908146,0.111858353019
10317,2866,1,4,0.0564357303083,0.014701128006,0.824181318283,0.548684358597,-0.275496959686
10318,932,1,5,0.0559105239809,0.00770574901253,0.137110263109,0.243779823184,0.106669560075
10319,7283,1,6,0.0442841462791,0.00738337775692,0.118727400899,0.079206764698,-0.0395206362009
10320,6707,4,7,0.059713575989,0.0190995614976,0.984511375427,0.783694267273,-0.200817108154
10322,3529,1,10,0.0690518170595,0.0065149134025,0.0392121002078,0.047168109566,0.00795600935817
10325,8978,1,8,0.0357237420976,0.00893664360046,0.293145149946,0.198355332017,-0.0947898179293
10327,5014,2,4,0.0620568878949,0.0409400463104,0.900784611702,0.658604979515,-0.242179632187
10330,4705,1,7,0.10832913965,0.017049850896,0.440279424191,0.10563775152,-0.33464166522
10331,1839,2,5,0.0525367073715,0.0125449607149,0.0305306818336,0.0325365029275,0.00200582109392
10332,8964,2,12,0.0471058599651,0.00992834940553,0.00775951100513,0.00871508195996,0.000955570954829
10334,8479,3,5,0.0467790029943,0.00400254642591,0.0536224022508,0.0704015865922,0.0167791843414
10335,5780,3,6,0.0522822029889,0.00981184002012,0.12459076196,0.127787530422,0.00319676846266
10336,7581,1,5,0.0419919490814,0.021763542667,0.186014190316,0.289050340652,0.103036150336
10337,6155,4,2,0.0521091632545,0.0195496287197,0.0971967130899,0.0530356578529,-0.0441610552371
10338,3022,1,7,0.0516768544912,0.010419418104,0.17524279654,0.108374990523,-0.0668678060174
10340,9165,2,7,0.0721792653203,0.0173321571201,0.865309774876,0.570478260517,-0.294831514359
10341,1479,1,2,0.0604473054409,0.00939879473299,0.0930953919888,0.127712860703,0.0346174687147
10342,5162,1,6,0.0867307856679,0.0640294849873,0.0346224047244,0.0547877438366,0.0201653391123
10343,3766,2,6,0.0936951413751,0.0523754023015,0.0936231091619,0.0262933764607,-0.0673297345638
10344,7797,2,8,0.0576840825379,0.0328327529132,0.496933311224,0.349849134684,-0.14708417654
10345,1683,2,7,0.0971864685416,0.0138534009457,0.00634069368243,0.0176921281964,0.0113514345139
10346,2193,3,12,0.0531386472285,0.0110571170226,0.0180248077959,0.0302350129932,0.0122102051973
10347,8350,1,4,0.0809736028314,0.0231436844915,0.279988408089,0.0876645743847,-0.192323833704
10348,1341,1,6,0.115216828883,0.0897536873817,0.970006465912,0.637745320797,-0.332261145115
10349,6239,1,5,0.0444339998066,0.0113542312756,0.0280215870589,0.0324613302946,0.00443974323571
10351,2900,1,4,0.0584352500737,0.0177548844367,0.0227491836995,0.0179529506713,-0.00479623302817
10352,6404,3,5,0.027840891853,0.00779319414869,0.5581356287,0.642155885696,0.0840202569962
10353,8511,1,9,0.136006459594,0.0352070480585,0.0119420709088,0.0504344813526,0.038492411375
10354,2788,3,9,0.0772860124707,0.0284389201552,0.20422463119,0.0738243609667,-0.130400270224
10355,3333,7,14,0.0247864965349,0.00380429183133,0.802920103073,0.661041915417,-0.141878187656
10356,9225,2,7,0.0642798915505,0.0202168766409,0.375628918409,0.243835762143,-0.131793156266
10357,8353,3,9,0.0668681040406,0.036776214838,0.0610266178846,0.0418380908668,-0.0191885270178
10358,4241,1,7,0.06392750144,0.0238452646881,0.144460171461,0.327278345823,0.182818174362
10361,8179,1,5,0.0558147542179,0.00766656594351,0.0380791202188,0.0359255038202,-0.00215361639857
10362,8915,4,8,0.036592386663,0.0238278638572,0.111172676086,0.100545674562,-0.010627001524
10363,8424,3,4,0.0805360376835,0.00239412300289,0.0124550554901,0.0182980876416,0.00584303215146
10364,1573,3,5,0.0383292399347,0.00756836682558,0.206056758761,0.132413625717,-0.0736431330442
10365,8103,4,4,0.065791003406,0.016035746783,0.0702254921198,0.0346895121038,-0.035535980016
10366,2172,4,6,0.0467133522034,0.0122326016426,0.268799781799,0.158855438232,-0.109944343567
10367,6552,5,16,0.094450712204,0.0118980994448,0.30511572957,0.101045966148,-0.204069763422
10368,4802,1,2,0.0597828030586,0.0252744611353,0.0417724996805,0.0330856628716,-0.00868683680892
10369,4839,4,12,0.0947220027447,0.0469708964229,0.0302233342081,0.145427167416,0.11520383507
10370,4808,1,3,0.0602616369724,0.00581792229787,0.0560519360006,0.120330221951,0.0642782896757
10371,3344,4,5,0.0459746830165,0.0137703781947,0.0892440006137,0.122788757086,0.0335447564721
10372,4261,1,5,0.103928200901,0.00745934760198,0.106035090983,0.0546055473387,-0.0514295436442
10373,5753,2,6,0.0391322858632,0.0173016842455,0.0278723556548,0.036161955446,0.00828959979117
10374,4765,3,4,0.189937472343,0.0378413051367,0.926725804806,0.387434124947,-0.539291679859
10376,4534,2,5,0.030216768384,0.00342371151783,0.0135787408799,0.0110755590722,-0.0025031818077
10377,7850,1,4,0.0478363670409,0.0164458472282,0.15030875802,0.129353731871,-0.0209550261497
10378,1385,3,4,0.12391680479,0.0495646819472,0.357272982597,0.140562579036,-0.216710403562
10379,3125,2,7,0.0636435821652,0.0350117236376,0.0803050100803,0.077938131988,-0.00236687809229
10380,5229,2,4,0.0651401206851,0.0306431669742,0.0703517198563,0.0539225041866,-0.0164292156696
10381,748,3,3,0.0527691654861,0.00718199601397,0.177649706602,0.121362514794,-0.0562871918082
10382,3905,1,7,0.0415054596961,0.0156564023346,0.0974499881268,0.12655352056,0.0291035324335
10383,2599,8,11,0.0542281977832,0.00525053124875,0.362367659807,0.239507421851,-0.122860237956
10385,3483,2,9,0.0404633507133,0.00603153696284,0.00837857462466,0.0117893489078,0.00341077428311
10386,7442,2,9,0.0445006303489,0.0083431256935,0.469806164503,0.291505724192,-0.178300440311
10387,2687,3,7,0.0444640628994,0.0016622277908,0.144736647606,0.134203895926,-0.0105327516794
10388,6975,1,7,0.0364634729922,0.00728047359735,0.290777444839,0.392654687166,0.101877242327
10389,5614,2,8,0.0622754991055,0.0454647578299,0.325633108616,0.358341366053,0.0327082574368
10390,4827,6,7,0.040122512728,0.00504921842366,0.0561710484326,0.0445354133844,-0.0116356350482
10391,8508,2,13,0.0649477615952,0.0251925159246,0.0712077245116,0.120010204613,0.0488024801016
10393,6739,1,5,0.0688586086035,0.00476992782205,0.288684368134,0.0953948274255,-0.193289548159
10394,8495,3,19,0.0711231157184,0.0246993005276,0.65750426054,0.3256714046,-0.33183285594
10395,5685,4,8,0.299945622683,0.0852326154709,0.842859327793,0.146388411522,-0.696470916271
10396,5101,2,2,0.0650151073933,0.0117302881554,0.0126840760931,0.0106153814122,-0.00206869468093
10397,6130,3,4,0.0542697310448,0.00757261924446,0.056884881109,0.0760745331645,0.0191896520555
10398,4626,3,6,0.0372986532748,0.00852665957063,0.0710728764534,0.0952368304133,0.0241639539599
10399,6562,1,7,0.0516176186502,0.0171835515648,0.0234524291009,0.0585201941431,0.0350677669048
10400,9265,1,9,0.0817949548364,0.0339799374342,0.149436086416,0.137996196747,-0.0114398896694
10401,3360,2,4,0.0407990776002,0.0149399712682,0.408066093922,0.361636072397,-0.0464300215244
10402,5,4,4,0.0537705607712,0.00558432098478,0.412452936172,0.225861951709,-0.186590984464
10403,2512,2,11,0.04014178738,0.0160031169653,0.02753627114,0.0232276972383,-0.00430857390165
10404,2380,3,7,0.0495362170041,0.0249711275101,0.0544774457812,0.101259969175,0.0467825233936
10405,3496,1,6,0.0262462422252,0.0214780848473,0.978200912476,0.87814694643,-0.100053966045
10407,8130,3,3,0.08587089926,0.0372735373676,0.116322375834,0.0792571380734,-0.0370652377605
10408,4894,2,7,0.0670298412442,0.018999170512,0.051937546581,0.0818502902985,0.0299127437174
10409,7068,1,7,0.0278282314539,0.00832102913409,0.144435226917,0.0987112149596,-0.0457240119576
10410,3587,2,7,0.0328252092004,0.00953720044345,0.189923495054,0.171218276024,-0.0187052190304
10412,8970,7,4,0.0473741292953,0.0143148591742,0.32774066925,0.233793899417,-0.0939467698336
10413,4626,4,6,0.0758462920785,0.00903291907161,0.339229553938,0.144168406725,-0.195061147213
10414,3125,2,6,0.20186252892,0.0937898084521,0.0249595474452,0.0851030573249,0.0601435080171
10415,9021,3,4,0.125109657645,0.0261545795947,0.474141716957,0.138443529606,-0.335698187351
10416,7086,3,5,0.176344692707,0.023376584053,0.0163976103067,0.147091791034,0.130694180727
10417,6195,3,3,0.0547798275948,0.0212710574269,0.229201078415,0.149525165558,-0.0796759128571
10418,1381,2,5,0.107782937586,0.0725638195872,0.873154461384,0.518723785877,-0.354430675507
10419,5898,2,4,0.0711762979627,0.0089901080355,0.0178983975202,0.036020476371,0.0181220788509
10420,3220,2,4,0.0597364753485,0.00595818087459,0.0942664444447,0.200936868787,0.106670424342
10422,4024,2,6,0.0944255590439,0.0276447664946,0.0635900869966,0.0310347229242,-0.0325553640723
10423,3722,1,7,0.131661593914,0.0293325837702,0.0481362976134,0.15067769587,0.102541401982
10424,7565,1,7,0.0446957349777,0.0157583914697,0.228710576892,0.211856797338,-0.0168537795544
10425,1168,2,6,0.0418232791126,0.00133162993006,0.28184196353,0.219179794192,-0.0626621693373
10426,7285,1,5,0.122689463198,0.0407506451011,0.0822836011648,0.0313382409513,-0.0509453602135
10427,4852,1,3,0.0641202554107,0.0106339417398,0.0201421827078,0.0613777525723,0.0412355698645
10428,1189,1,11,0.0827768146992,0.0161097981036,0.968558311462,0.682767212391,-0.285791099072
10429,6851,2,6,0.0434207431972,0.0238766428083,0.031125606969,0.0774086117744,0.0462830066681
10430,8960,3,6,0.105177134275,0.0174227841198,0.210144504905,0.0711960047483,-0.138948500156
10431,9179,6,7,0.0607052855194,0.0061564440839,0.120702520013,0.0796584710479,-0.041044048965
10432,8433,1,7,0.048219203949,0.00946527160704,0.24938455224,0.272502213717,0.0231176614761
10433,7815,6,3,0.0523799210787,0.0278762988746,0.0181273296475,0.0353819318116,0.017254602164
10434,8072,3,3,0.0545561313629,0.00826674420387,0.156584724784,0.0615576691926,-0.0950270593166
10435,6657,3,6,0.0614134557545,0.0205903276801,0.0950685814023,0.0297300815582,-0.0653384998441
10436,6180,2,7,0.0504669696093,0.00410373462364,0.0224096514285,0.0166208874434,-0.00578876398504
10437,9291,3,4,0.0757967382669,0.00498908711597,0.0285480488092,0.0431592576206,0.0146112088114
10438,48,1,3,0.0794867575169,0.0254649762064,0.302721530199,0.134624421597,-0.168097108603
10439,2101,6,15,0.0714573785663,0.0165196526796,0.18106135726,0.0557592473924,-0.125302106142
10440,3253,1,7,0.198555111885,0.077762067318,0.978428304195,0.475567817688,-0.502860486507
10441,8776,3,4,0.0465218164027,0.00646299310029,0.0911009013653,0.0455210208893,-0.045579880476
10442,221,2,5,0.0381124019623,0.0131338601932,0.212333440781,0.244873896241,0.0325404554605
10443,8691,2,5,0.0871542990208,0.0148805817589,0.0731318593025,0.149849280715,0.0767174214125
10444,2012,1,6,0.0472384281456,0.0100601250306,0.365172952414,0.191728845239,-0.173444107175
10445,1265,3,3,0.0753863155842,0.0177565105259,0.13556240499,0.0936531946063,-0.0419092103839
10447,2075,2,6,0.128952428699,0.0601899325848,0.311696469784,0.0719602182508,-0.239736258984
10448,2441,1,6,0.0982888415456,0.0414157398045,0.0103813558817,0.0104153752327,3.40193510056e-05
10449,8440,1,6,0.0922956168652,0.019796712324,0.0409849509597,0.0783246532083,0.0373397022486
10450,3278,1,4,0.238099738955,0.0349348299205,0.0143816275522,0.160313889384,0.145932257175
10451,5446,5,9,0.0881799831986,0.0245576743037,0.97657930851,0.698937594891,-0.277641713619
10452,5393,1,9,0.047365874052,0.0182812269777,0.885160088539,0.716256320477,-0.168903768063
10453,2645,1,6,0.0925233885646,0.0422256216407,0.104182310402,0.0845908820629,-0.0195914283395
10454,2910,1,5,0.0445450246334,0.0184736177325,0.351720422506,0.264788389206,-0.0869320333004
10455,6066,2,5,0.102184213698,0.0819174423814,0.532600522041,0.295845597982,-0.236754924059
10456,1562,2,16,0.0538918860257,0.0245112292469,0.503625929356,0.404444217682,-0.0991817116737
10457,771,2,5,0.135434925556,0.026086371392,0.0222694855183,0.315982431173,0.293712943792
10458,5003,3,8,0.0475163049996,0.00108208379243,0.0824651569128,0.111257649958,0.0287924930453
10459,4559,4,5,0.0598502457142,0.00579695403576,0.023566685617,0.0699488371611,0.0463821515441
10460,4907,4,8,0.0591865293682,0.0177169851959,0.200086921453,0.106257818639,-0.0938291028142
10461,8903,4,16,0.0743346884847,0.0195831917226,0.988123118877,0.75578802824,-0.232335090637
10462,6315,2,4,0.0591634325683,0.0188523493707,0.100055992603,0.0718255639076,-0.0282304286957
10463,7392,3,2,0.0894416198134,0.00808905810118,0.0648041367531,0.0548106729984,-0.00999346375465
10464,9053,3,9,0.11344114691,0.030651120469,0.190621763468,0.0890760049224,-0.101545758545
10465,3521,1,6,0.0642341971397,0.0140442047268,0.202911257744,0.134729027748,-0.0681822299957
10466,6205,2,4,0.0512454696,0.0121026439592,0.12155071646,0.166203245521,0.0446525290608
10468,5487,3,13,0.0431321077049,0.0216416195035,0.608244180679,0.451560407877,-0.156683772802
10469,2781,1,2,0.10873722285,0.0154050001875,0.00695446506143,0.028511537239,0.0215570721775
10470,5887,3,4,0.0416374988854,0.00989176239818,0.253913521767,0.2255512923,-0.0283622294664
10471,1826,2,6,0.0588982515037,0.0265681203455,0.0141694303602,0.0409420095384,0.0267725791782
10472,1402,1,7,0.0607496313751,0.0168762281537,0.170427113771,0.064161002636,-0.106266111135
10473,8290,3,5,0.0317957028747,0.00393959041685,0.102149643004,0.064360588789,-0.037789054215
10474,4093,1,4,0.0565010271966,0.00840951688588,0.0267459750175,0.045053023845,0.0183070488274
10476,6849,1,5,0.0557582490146,0.00541121512651,0.323506951332,0.256936073303,-0.0665708780289
10478,1643,4,7,0.0685908570886,0.0234192926437,0.0532432049513,0.0638016685843,0.0105584636331
10479,4576,1,6,0.0648838505149,0.0170382000506,0.0378158576787,0.0496817864478,0.0118659287691
10480,6749,2,9,0.106074057519,0.051367610693,0.27763864398,0.12986792624,-0.14777071774
10481,7063,1,8,0.0263783019036,0.00173158687539,0.762088835239,0.669379532337,-0.0927093029022
10482,8904,2,8,0.0557706393301,0.0153504181653,0.0688222199678,0.118441604078,0.04961938411
10483,3933,1,7,0.10570461303,0.00201554689556,0.376171052456,0.135737478733,-0.240433573723
10484,5099,2,14,0.103348039091,0.0608924105763,0.362119495869,0.218641877174,-0.143477618694
10485,3584,3,4,0.0698500871658,0.00459236325696,0.0227889046073,0.0167511757463,-0.00603772886097
10486,8867,7,18,0.0609612464905,0.0264431908727,0.406539082527,0.245286539197,-0.16125254333
10487,8703,2,3,0.0445494055748,0.00875963456929,0.166037678719,0.166945502162,0.000907823443413
10488,97,6,16,0.0550436265767,0.0145250614733,0.79392683506,0.532764256001,-0.26116257906
10489,8804,7,2,0.0607797242701,0.0108632612973,0.0338602662086,0.0318598002195,-0.00200046598911
10490,2108,6,2,0.0583165995777,0.0358736030757,0.0503069609404,0.039784822613,-0.0105221383274
10491,6559,2,6,0.0571579448879,0.0101169683039,0.168558374047,0.169505730271,0.00094735622406
10492,2911,2,2,0.0521695911884,0.00859435647726,0.154151409864,0.121940165758,-0.0322112441063
10494,4826,1,8,0.028279742226,0.00305802654475,0.314897865057,0.289755374193,-0.0251424908638
10495,4208,2,5,0.0473739914596,0.029430327937,0.0396150946617,0.0402281805873,0.000613085925579
10497,4808,1,7,0.0565551407635,0.0107075395063,0.0528184324503,0.0398986041546,-0.0129198282957
10499,8232,1,7,0.0647145211697,0.00813718419522,0.327903985977,0.305336892605,-0.0225670933723
10501,2763,2,5,0.0404605343938,0.0170664973557,0.0469991751015,0.0519669465721,0.00496777147055
10503,5257,1,4,0.0560155510902,0.0203452706337,0.0896083861589,0.120925247669,0.0313168615103
10504,6370,1,4,0.0500255562365,0.0124095799401,0.162063807249,0.0752329677343,-0.0868308395147
10505,3665,2,7,0.0691782608628,0.0395722389221,0.022886922583,0.0309688616544,0.00808193907142
10506,8984,2,4,0.0535869412124,0.0333512760699,0.0897125676274,0.0990167632699,0.00930419564247
10507,8227,3,8,0.0547989495099,0.0257116574794,0.106824703515,0.0807073414326,-0.026117362082
10508,3603,3,8,0.0652052238584,0.00718045607209,0.399597913027,0.207561969757,-0.19203594327
10509,37,2,6,0.0623446255922,0.0254480652511,0.401650995016,0.574899852276,0.17324885726
10510,3465,3,6,0.0563405938447,0.0117427166551,0.0598891787231,0.0307179186493,-0.0291712600738
10511,3913,28,69,0.0861330032349,0.00691803963855,0.449525654316,0.50469326973,0.0551676154137
10512,3948,8,14,0.0972886681557,0.0678430572152,0.312972903252,0.179553195834,-0.133419707417
10513,5421,9,15,0.0457787811756,0.00875838566571,0.339069724083,0.385739445686,0.0466697216034
10514,8986,5,15,0.0655399858952,0.0346115753055,0.152451351285,0.188070133328,0.0356187820435
10515,8365,17,35,0.00966266077012,0.00206347624771,0.9865026474,0.940722942352,-0.0457797050476
10516,1148,10,16,0.040870603174,0.0122751863673,0.0169909819961,0.010260341689,-0.00673064030707
10517,8878,5,14,0.0664395838976,0.0421810820699,0.568235933781,0.30458471179,-0.263651221991
10518,7197,8,30,0.0210858657956,0.00197016471066,0.0840084478259,0.0962353348732,0.0122268870473
10519,8855,5,15,0.0695037618279,0.0236765481532,0.253520041704,0.408115237951,0.154595196247
10520,3953,28,55,0.0463836528361,0.0179229844362,0.371489316225,0.227976202965,-0.14351311326
10521,8799,3,13,0.00716789579019,0.00532452762127,0.974469304085,0.936717092991,-0.0377522110939
10522,8564,4,10,0.0530665107071,0.013468706049,0.768844425678,0.495813697577,-0.273030728102
10523,8988,2,10,0.0428454577923,0.0175277497619,0.25878700614,0.371436446905,0.112649440765
10524,3925,1,8,0.0310106556863,0.00431255856529,0.182417690754,0.210774734616,0.0283570438623
10525,8562,2,4,0.0614935271442,0.0161034893245,0.339189618826,0.184856697917,-0.154332920909
10526,8408,3,7,0.075068898499,0.0164497680962,0.483834475279,0.208819493651,-0.275014996529
10527,8408,4,10,0.104664504528,0.0367566458881,0.433122932911,0.176457121968,-0.256665825844
10528,9295,2,9,0.0735401436687,0.0123706534505,0.421063691378,0.134400352836,-0.286663353443
10529,9295,3,7,0.0418259650469,0.0149200251326,0.157816827297,0.10615824908,-0.051658578217
10530,7284,5,8,0.0704750195146,0.0216682106256,0.384708166122,0.335829168558,-0.0488789975643
10531,3965,3,10,0.0412196405232,0.0112607432529,0.542524397373,0.455493301153,-0.08703109622
10532,8802,4,12,0.0152701325715,0.00697661936283,0.673440814018,0.649240970612,-0.0241998434067
10533,5397,2,4,0.0865065827966,0.0524116791785,0.0689107850194,0.0618830062449,-0.0070277787745
10534,7904,7,14,0.0215402860194,0.0104901874438,0.697017669678,0.58359259367,-0.113425076008
10535,9078,9,25,0.0463287495077,0.0156529229134,0.895602881908,0.701325654984,-0.194277226925
10536,9240,5,17,0.0740975067019,0.0231798645109,0.905326843262,0.598537623882,-0.306789219379
10537,8866,7,18,0.0478875823319,0.0430228896439,0.800595402718,0.592451810837,-0.208143591881
10538,4954,1,5,0.0413477160037,0.0197786074132,0.0320622846484,0.0413007587194,0.00923847407103
10539,8847,2,8,0.0635064467788,0.0291209034622,0.888713419437,0.610122025013,-0.278591394424
10540,7259,5,21,0.0326639376581,0.0316088460386,0.729782223701,0.60004979372,-0.129732429981
10541,3964,4,10,0.0534285567701,0.0229852665216,0.170587211847,0.121380746365,-0.0492064654827
10542,8859,3,11,0.0461299307644,0.0111631052569,0.892824351788,0.669761955738,-0.223062396049
10544,2573,1,8,0.0446423999965,0.0165532752872,0.418971598148,0.320528656244,-0.0984429419041
10545,8702,5,7,0.0218558255583,0.00589670985937,0.471941769123,0.493291854858,0.0213500857353
10547,3959,6,18,0.0571177750826,0.01354704611,0.421184182167,0.260148286819,-0.161035895348
10548,8277,5,23,0.0844877660275,0.0243589244783,0.581132292747,0.274636596441,-0.306495696306
10549,8560,9,18,0.0185868199915,0.00863984692842,0.73807656765,0.769287526608,0.0312109589577
10550,8560,1,6,0.0644926577806,0.0149601986632,0.187573835254,0.052494507283,-0.135079324245
10551,8382,2,2,0.0532127320766,0.00960239861161,0.235848963261,0.167887464166,-0.067961499095
10552,7577,4,11,0.0521885789931,0.0312362853438,0.54197537899,0.32644033432,-0.21553504467
10553,7562,1,6,0.0435265116394,0.0103463763371,0.4208329916,0.354457378387,-0.0663756132126
10554,7425,4,5,0.0655075907707,0.00563055509701,0.0506163276732,0.0329133979976,-0.0177029296756
10555,6244,3,4,0.0644238144159,0.0171656012535,0.0683987960219,0.128682151437,0.0602833554149
10557,4984,2,8,0.037361998111,0.00724635832012,0.122023582458,0.224966987967,0.102943405509
10558,7308,8,10,0.0367395915091,0.0136879496276,0.761888563633,0.568442881107,-0.193445682526
10560,2548,1,11,0.0467442385852,0.0275490041822,0.346542865038,0.193521156907,-0.153021708131
10561,7189,1,11,0.0544048883021,0.0152560267597,0.661464452744,0.400974839926,-0.260489612818
10562,8934,2,5,0.0421000868082,0.00721280882135,0.139004305005,0.134747758508,-0.00425654649734
10563,2548,3,9,0.105174995959,0.0170215610415,0.172038078308,0.128323033452,-0.0437150448561
10564,8794,3,6,0.0665092840791,0.0194304846227,0.199802964926,0.116458393633,-0.0833445712924
10565,9072,2,9,0.0495638437569,0.015800267458,0.323218584061,0.478080123663,0.154861539602
10566,8565,6,17,0.0510693304241,0.0155471861362,0.674559354782,0.440126419067,-0.234432935715
10567,6998,1,6,0.0508091785014,0.00535942008719,0.0371822938323,0.0492616929114,0.0120793990791
10568,8849,5,7,0.055492091924,0.0271252207458,0.478464871645,0.310293197632,-0.168171674013
10569,821,4,5,0.102112971246,0.00399943301454,0.302274614573,0.049873445183,-0.252401173115
10570,8192,9,12,0.0375530421734,0.0122722266242,0.713304281235,0.719747722149,0.00644344091415
10571,7170,6,21,0.018073329702,0.00952742155641,0.472825169563,0.424608558416,-0.0482166111469
10572,6998,2,5,0.0547507405281,0.0107527598739,0.0763052925467,0.0457218401134,-0.0305834524333
10573,88,10,24,0.083915553987,0.0113090993837,0.0573642812669,0.0921186134219,0.034754332155
10574,8371,8,19,0.0147564560175,0.00748872943223,0.835284531116,0.746819913387,-0.0884646177292
10575,109,2,10,0.0569293797016,0.0307985842228,0.275587081909,0.270561218262,-0.00502586364746
10576,8932,1,12,0.119829766452,0.0745289549232,0.905412495136,0.508207380772,-0.397205114365
10577,1400,1,6,0.0494373589754,0.0244764387608,0.84829646349,0.630668103695,-0.217628359795
10578,7460,1,6,0.0355319865048,0.0124935247004,0.0759742558002,0.0501060634851,-0.0258681923151
10579,1325,4,4,0.0680643245578,0.0229743961245,0.0876089856029,0.072667516768,-0.0149414688349
10580,7432,2,7,0.036562666297,0.00357796647586,0.164677217603,0.190939173102,0.0262619554996
10581,6503,1,4,0.0535063333809,0.00792913977057,0.0119663020596,0.0171234235168,0.00515712145716
10582,2676,3,5,0.0506490729749,0.0178620070219,0.527933418751,0.309461444616,-0.218471974134
10583,7588,3,6,0.0578693151474,0.0129226995632,0.0654340982437,0.0940280035138,0.0285939052701
10584,8969,2,6,0.0755948349833,0.0369441956282,0.104828491807,0.10557166487,0.000743173062801
10585,8465,8,19,0.058338239789,0.0245542880148,0.663249969482,0.440230369568,-0.223019599915
10587,934,2,8,0.0682016313076,0.0121446736157,0.0108828796074,0.00644472753629,-0.00443815207109
10588,1440,1,1,0.0502403564751,0.0189638696611,0.0463912934065,0.0162219665945,-0.030169326812
10589,8192,5,7,0.0561495237052,0.0355988293886,0.430389046669,0.432479381561,0.00209033489227
10590,8884,2,6,0.0580076575279,0.0203083306551,0.552440226078,0.351581960917,-0.200858265162
10591,3950,2,7,0.059585031122,0.00812148954719,0.068721562624,0.0884319767356,0.0197104141116
10592,8983,2,4,0.0801275148988,0.00621169572696,0.49957126379,0.302749842405,-0.196821421385
10593,8448,1,8,0.0575141049922,0.0207554642111,0.463300466537,0.295884668827,-0.16741579771
10595,5438,2,12,0.0251625701785,0.0155378701165,0.692546367645,0.708166122437,0.0156197547913
10596,8501,5,16,0.0885233283043,0.0413558334112,0.782743573189,0.438906461,-0.343837112188
10597,8885,6,10,0.0385248921812,0.0070446296595,0.24406029284,0.248011410236,0.00395111739635
10598,9078,4,4,0.047498498112,0.0275314096361,0.284949928522,0.278523117304,-0.00642681121826
10599,2348,1,9,0.0507212430239,0.0223730113357,0.985778570175,0.812565267086,-0.173213303089
10600,5392,1,5,0.071488879621,0.0189102627337,0.913280785084,0.628391563892,-0.284889221191
10601,5438,2,5,0.0319989286363,0.00297199934721,0.708205461502,0.575875997543,-0.132329463959
10602,8232,2,9,0.139151081443,0.0169718898833,0.843697547913,0.376197218895,-0.467500329018
10603,7075,5,12,0.0679828599095,0.0109122209251,0.106693245471,0.0562164075673,-0.0504768379033
10604,8878,22,53,0.0149695985019,0.00618971837685,0.933272123337,0.866308629513,-0.066963493824
10605,7244,2,15,0.0370762683451,0.0133241647854,0.166627466679,0.103786341846,-0.0628411248326
10607,8386,2,15,0.1219631657,0.0795490443707,0.836957991123,0.433563947678,-0.403394043446
10609,9302,4,3,0.0436684004962,0.0146375894547,0.421291202307,0.302446126938,-0.118845075369
10610,3318,2,11,0.0524722971022,0.00350321317092,0.125380933285,0.0775107145309,-0.0478702187538
10612,2575,2,11,0.0484429299831,0.0202457960695,0.680960416794,0.458177089691,-0.222783327103
10613,7922,3,4,0.0455759800971,0.0159382279962,0.407132565975,0.320426017046,-0.0867065489292
10614,7919,2,8,0.147545099258,0.0284757949412,0.77291738987,0.283744364977,-0.489173024893
10615,8831,1,10,0.0460004992783,0.0147574739531,0.0982500687242,0.108105145395,0.00985507667065
10616,6827,5,15,0.0318879261613,0.0072642811574,0.192305952311,0.190344795585,-0.00196115672588
10617,9329,3,4,0.0429934449494,0.00620698044077,0.030526265502,0.0624249018729,0.0318986363709
10618,8960,1,4,0.119394145906,0.0332088172436,0.102257303894,0.155275180936,0.0530178770423
10619,2573,1,4,0.111214615405,0.080237865448,0.118898011744,0.0564082860947,-0.0624897256494
10620,8797,6,8,0.0428429357708,0.00559609709308,0.395239055157,0.33603310585,-0.0592059493065
10621,8985,3,4,0.0796091556549,0.023405469954,0.11857971549,0.15740455687,0.0388248413801
10622,7059,8,23,0.0536845773458,0.0207038652152,0.963165521622,0.765522003174,-0.197643518448
10623,8913,1,6,0.076039083302,0.00522675318643,0.926226854324,0.638867557049,-0.287359297276
10625,8232,1,12,0.0846133455634,0.00397262210026,0.468193441629,0.1557751894,-0.31241825223
10626,8791,4,9,0.0629067346454,0.0200552046299,0.370064944029,0.321264386177,-0.0488005578518
10627,9268,3,11,0.0679381266236,0.025393018499,0.126571372151,0.131733104587,0.00516173243523
10628,8966,5,21,0.0586854927242,0.0249946974218,0.0132021792233,0.0256271734834,0.0124249942601
10629,5932,4,11,0.0403988137841,0.0217866711318,0.760951042175,0.579422652721,-0.181528389454
10630,5448,5,11,0.0667550861835,0.0137192895636,0.169255122542,0.0938590094447,-0.0753961130977
10631,285,1,7,0.0582241602242,0.0205605942756,0.263855695724,0.134623035789,-0.129232659936
10632,7284,4,10,0.0735406577587,0.0155387977138,0.165683954954,0.110890306532,-0.0547936484218
10633,2505,4,7,0.0627664551139,0.00509730353951,0.333816230297,0.190243661404,-0.143572568893
10634,8870,2,4,0.0269474294037,0.00973954610527,0.254727512598,0.22613234818,-0.0285951644182
10635,9072,2,6,0.0171570833772,0.00405798107386,0.65169686079,0.585087060928,-0.0666097998619
10636,7330,2,7,0.0742788016796,0.0276680681854,0.297721505165,0.236049711704,-0.0616717934608
10637,5438,2,6,0.0599182248116,0.0423551052809,0.455627799034,0.546688616276,0.0910608172417
10638,9288,3,3,0.0581397153437,0.0425816252828,0.109214283526,0.0850069746375,-0.0242073088884
10639,8845,3,6,0.085045568645,0.0236790254712,0.172117903829,0.108578264713,-0.0635396391153
10640,4057,3,8,0.0720616653562,0.010872955434,0.465411931276,0.175163581967,-0.290248334408
10641,4043,1,2,0.10296549648,0.0223935190588,0.655506968498,0.31212040782,-0.343386560678
10642,2048,2,10,0.0670234486461,0.0177795216441,0.046051133424,0.0582233257592,0.0121721923351
10643,7914,1,4,0.0713501721621,0.0236282926053,0.224746614695,0.0696974620223,-0.155049145222
10644,6279,1,9,0.0702890008688,0.0167740657926,0.781411409378,0.459395259619,-0.322016149759
10645,8500,2,7,0.0841873884201,0.0314552746713,0.0949931740761,0.153501644731,0.0585084706545
10646,8142,3,8,0.0788003876805,0.0352919474244,0.166599035263,0.112987190485,-0.0536118447781
10647,7355,1,6,0.0703471004963,0.0258446130902,0.260656148195,0.14259929955,-0.118056848645
10648,8712,2,9,0.0371009372175,0.0123215923086,0.3254314363,0.30620893836,-0.0192224979401
10649,8986,2,6,0.0701962783933,0.0251201931387,0.297140955925,0.134162515402,-0.162978440523
10650,5663,1,4,0.0516621768475,0.0209027137607,0.286037296057,0.185231208801,-0.100806087255
10651,2591,2,4,0.132979080081,0.0323309227824,0.628535628319,0.211842298508,-0.416693329811
10652,4069,5,12,0.0483779124916,0.0138380387798,0.231735631824,0.331035643816,0.0993000119925
10653,101,3,3,0.0558059103787,0.010501162149,0.250155001879,0.140223219991,-0.109931781888
10654,8812,5,23,0.0803533345461,0.0825916901231,0.541454970837,0.383190989494,-0.158263981342
10655,8830,4,15,0.0573416315019,0.0044450503774,0.175183817744,0.0993069112301,-0.0758769065142
10656,5262,3,5,0.0530018508434,0.0079255560413,0.144084826112,0.0944848582149,-0.0495999678969
10657,95,1,6,0.0574485994875,0.0125460010022,0.364832639694,0.166809245944,-0.19802339375
10659,7233,6,10,0.0470875389874,0.033350776881,0.472541511059,0.596043109894,0.123501598835
10660,3543,1,8,0.0668257474899,0.00586052751169,0.101230330765,0.043224234134,-0.0580060966313
10661,3147,8,14,0.0436609536409,0.0280069150031,0.983496189117,0.82999920845,-0.153496980667
10662,8812,1,14,0.0792162716389,0.0131247583777,0.488836377859,0.335879832506,-0.152956545353
10663,3123,2,8,0.014058011584,0.00769795617089,0.996882200241,0.94840669632,-0.0484755039215
10664,3123,1,5,0.018542105332,0.0083527918905,0.998125493526,0.938477039337,-0.0596484541893
10665,8559,3,17,0.0134177720174,0.00709644239396,0.55122846365,0.523873448372,-0.0273550152779
10666,5130,1,5,0.0665613636374,0.0218200366944,0.177279636264,0.028066156432,-0.149213477969
10667,2866,6,9,0.095611564815,0.0417546927929,0.807067215443,0.446062326431,-0.361004889011
10668,3102,1,5,0.103977359831,0.033432379365,0.00660901004449,0.0154457641765,0.0088367536664
10669,7691,3,9,0.0465255863965,0.0147176301107,0.247385978699,0.407506614923,0.160120636225
10670,442,5,1,0.0697879120708,0.0397561937571,0.0111186718568,0.0120484130457,0.000929741188884
10671,5736,4,6,0.0616219528019,0.0286608040333,0.091943576932,0.0843323096633,-0.00761126726866
10673,4606,1,7,0.0494130551815,0.0156075116247,0.0590941049159,0.0232419669628,-0.035852137953
10674,5236,2,11,0.0502128452063,0.00715000880882,0.0260943491012,0.0267901141196,0.000695765018463
10675,6879,2,3,0.0380888246,0.016055777669,0.100709140301,0.118270337582,0.0175611972809
10676,5893,2,8,0.0474145673215,0.0120749678463,0.308304786682,0.187520757318,-0.120784029365
10677,7991,3,4,0.0555897057056,0.0259449910372,0.0864133536816,0.0547856092453,-0.0316277444363
10679,8278,2,3,0.0289242397994,0.0152486786246,0.949522852898,0.805039405823,-0.144483447075
10680,6913,2,6,0.0582663528621,0.0151021005586,0.144172027707,0.0749402120709,-0.0692318156362
10681,2030,1,4,0.105541169643,0.049063526094,0.0706127136946,0.0634051784873,-0.00720753520727
10682,6487,3,7,0.153759583831,0.0535954385996,0.0270728766918,0.0364721529186,0.00939927622676
10683,761,5,4,0.0727844014764,0.0327229425311,0.161569967866,0.146434292197,-0.0151356756687
10685,7688,5,6,0.0910647884011,0.0310334060341,0.423314362764,0.163619562984,-0.259694814682
10686,9155,2,8,0.0339379496872,0.005256857723,0.350012093782,0.288159757853,-0.0618523359299
10687,8674,3,7,0.0704825893044,0.0189913511276,0.285505414009,0.098071359098,-0.187434047461
10688,4945,1,6,0.0635062456131,0.0113223092631,0.07608756423,0.0224583018571,-0.0536292642355
10689,8410,1,7,0.0504912547767,0.0204354096204,0.772779166698,0.544959485531,-0.227819681168
10690,8463,2,8,0.0657400414348,0.0147707127035,0.148236244917,0.130181208253,-0.018055036664
10691,9306,1,9,0.0150599731132,0.011316165328,0.98111730814,0.91425538063,-0.0668619275093
10692,9303,4,6,0.0489077977836,0.00438623176888,0.0767443999648,0.108784355223,0.0320399552584
10693,7575,5,11,0.036802329123,0.00537063879892,0.190697535872,0.147589460015,-0.0431080758572
10694,4562,1,3,0.0477168746293,0.00331898825243,0.0465896464884,0.0662023797631,0.0196127332747
10695,1654,3,6,0.0862790718675,0.0539619661868,0.0732023194432,0.0353376083076,-0.0378647111356
10697,8347,3,3,0.0489612184465,0.0129228970036,0.170288026333,0.0919215455651,-0.0783664807677
10698,4595,1,7,0.0489139519632,0.00267237983644,0.210951134562,0.170935019851,-0.0400161147118
10699,9152,1,8,0.0690988302231,0.0134746944532,0.368670374155,0.185538649559,-0.183131724596
10700,4196,2,5,0.0823598578572,0.0355382934213,0.0103742191568,0.0237473975867,0.0133731784299
10703,7207,7,34,0.0363952927291,0.0174630247056,0.339232385159,0.294563412666,-0.0446689724922
10704,909,1,5,0.13892917335,0.0359545759857,0.86397010088,0.397114366293,-0.466855734587
10705,8263,1,3,0.108233250678,0.0745084136724,0.0257579348981,0.0396605543792,0.0139026194811
10706,7861,4,6,0.0381160564721,0.00862242467701,0.195279896259,0.186783254147,-0.00849664211273
10707,9317,2,6,0.0312494188547,0.0294367242604,0.926649749279,0.80242061615,-0.124229133129
10709,6238,4,13,0.0526856742799,0.0161800589412,0.162101864815,0.221085712314,0.0589838474989
10710,8970,7,20,0.0639945492148,0.0322983786464,0.781658291817,0.494752556086,-0.286905735731
10711,7570,2,5,0.0844334587455,0.0541911572218,0.167510926723,0.322138190269,0.154627263546
10713,8799,4,5,0.0694173946977,0.0165717322379,0.254391670227,0.203683078289,-0.050708591938
10714,3623,2,5,0.0792346075177,0.011243481189,0.0642058476806,0.0421694181859,-0.0220364294946
10715,6463,3,6,0.0836474522948,0.00820256024599,0.00645796442404,0.0445029772818,0.0380450114608
10716,2068,3,3,0.0543285422027,0.0105561492965,0.0490002706647,0.083779156208,0.0347788855433
10717,2133,2,5,0.0570418424904,0.00751155614853,0.173417672515,0.0606680028141,-0.112749665976
10718,3610,2,8,0.034797206521,0.00696548260748,0.180816918612,0.106488801539,-0.0743281170726
10719,7808,2,3,0.0504656136036,0.00730778137222,0.065016284585,0.12805236876,0.0630360841751
10720,5344,3,6,0.0494303740561,0.0116964364424,0.299610644579,0.139934971929,-0.15967567265
10721,6722,2,5,0.211783930659,0.0503797419369,0.880874991417,0.304628759623,-0.576246261597
10722,8313,1,5,0.045369502157,0.0114955911413,0.258373141289,0.156612053514,-0.101761087775
10723,8351,3,5,0.0438088923693,0.00611709989607,0.0392862446606,0.0263245608658,-0.0129616837949
10724,782,4,8,0.148667499423,0.0632788836956,0.791540920734,0.309116363525,-0.482424557209
10726,9078,5,10,0.0580893158913,0.0355828851461,0.880997419357,0.653105795383,-0.227891623974
10727,9296,6,16,0.140048161149,0.0332251079381,0.124523937702,0.0642853081226,-0.0602386295795
10728,5985,1,7,0.0537868849933,0.0243682004511,0.755078494549,0.504840672016,-0.250237822533
10729,9239,1,6,0.03015669249,0.0078107342124,0.569042026997,0.48760342598,-0.081438601017
10730,8570,5,6,0.0455586910248,0.00615065498278,0.262222349644,0.348535627127,0.086313277483
10731,6827,2,6,0.0657403171062,0.01558027789,0.220287784934,0.17230899632,-0.0479787886143
10732,8566,2,7,0.0586143918335,0.0259410496801,0.681300103664,0.406218796968,-0.275081306696
10734,8693,4,5,0.0690261498094,0.0205178242177,0.0285891331732,0.0246870815754,-0.00390205159783
10735,8562,1,7,0.0626664236188,0.0101454313844,0.471930921078,0.443603157997,-0.0283277630806
10736,7943,5,3,0.093812726438,0.0181043073535,0.0506373308599,0.129713833332,0.0790764987469
10737,8547,7,12,0.0560720972717,0.0253071524203,0.423621118069,0.639194488525,0.215573370457
10738,3948,4,7,0.0577637851238,0.0293072760105,0.653378546238,0.39592859149,-0.257449954748
10739,5342,3,3,0.0427913703024,0.0142697133124,0.010017009452,0.0220701713115,0.0120531618595
10740,4901,4,4,0.073508746922,0.00731556722894,0.0631144270301,0.13852109015,0.0754066631198
10741,6430,3,4,0.0400529690087,0.0119711989537,0.0833158493042,0.0351159982383,-0.0481998510659
10743,6719,2,6,0.0412739180028,0.00205829693004,0.0279913470149,0.0246187020093,-0.00337264500558
10744,7152,1,6,0.0542964674532,0.00572359189391,0.0495999604464,0.0164068806916,-0.0331930816174
10745,3956,2,8,0.0710959210992,0.012181407772,0.457801878452,0.266708910465,-0.191092967987
10746,8979,5,11,0.115957416594,0.0303974226117,0.576753497124,0.187954425812,-0.388799071312
10748,4397,3,14,0.0481068938971,0.00667824409902,0.213583886623,0.23841534555,0.0248314589262
10749,7161,3,11,0.0702283605933,0.00751188211143,0.128125429153,0.177838146687,0.0497127175331
10750,9098,9,17,0.0557255744934,0.0403894595802,0.665728628635,0.456173092127,-0.209555536509
10751,751,1,2,0.0656014978886,0.0258745513856,0.10646019876,0.0287021640688,-0.0777580365539
10752,8877,3,6,0.159122794867,0.0530389882624,0.902089595795,0.421537488699,-0.480552107096
10753,7056,1,6,0.0911761745811,0.00790346320719,0.137712672353,0.199320673943,0.0616080015898
10754,7167,4,15,0.0385228395462,0.0137254102156,0.331048518419,0.193669214845,-0.137379303575
10755,8269,1,10,0.0430055819452,0.00620444770902,0.253590643406,0.25449848175,0.000907838344574
10757,8303,1,9,0.159121111035,0.0240957885981,0.0227258186787,0.0344740636647,0.0117482449859
10758,3157,2,5,0.0527236945927,0.0132186124101,0.0613347962499,0.0449841730297,-0.0163506232202
10759,4891,1,5,0.0758944749832,0.0163975544274,0.0901112854481,0.109452344477,0.0193410590291
10761,4664,1,4,0.0985454693437,0.0213204976171,0.0115408282727,0.00889730732888,-0.00264352094382
10762,7508,1,6,0.0337587110698,0.0138227324933,0.0621157921851,0.0629733130336,0.000857520848513
10763,5612,4,6,0.0415326096117,0.033780425787,0.00338121107779,0.00524281524122,0.00186160416342
10764,6359,1,5,0.0893760323524,0.0221811998636,0.0644547194242,0.0580728799105,-0.00638183951378
10765,6039,2,4,0.0781008899212,0.0344428010285,0.132326126099,0.122112870216,-0.0102132558823
10766,2312,3,6,0.0358304269612,0.0207620058209,0.483577311039,0.439865976572,-0.0437113344669
10768,6895,3,5,0.053921032697,0.00790486298501,0.061746545136,0.06815110147,0.00640455633402
10769,2010,2,8,0.0403608493507,0.0205748286098,0.00203466764651,0.00753063103184,0.00549596361816
10770,6344,1,6,0.128365024924,0.0719579085708,0.71717107296,0.296295404434,-0.420875668526
10772,6012,1,4,0.12229257077,0.0246035661548,0.513191342354,0.114105671644,-0.39908567071
10773,7029,2,9,0.0513547174633,0.0129578830674,0.30061468482,0.186735138297,-0.113879546523
10774,4377,1,7,0.0801003277302,0.0211653206497,0.0118313040584,0.0385200083256,0.0266887042671
10775,4505,5,7,0.0894359275699,0.0158025063574,0.0103400442749,0.0288056284189,0.018465584144
10776,4018,5,1,0.0429853200912,0.00814454909414,0.0230888370425,0.0224404204637,-0.00064841657877
10777,8519,1,4,0.0402688235044,0.00388133013621,0.087651245296,0.108055412769,0.0204041674733
10780,7631,3,4,0.0571676939726,0.0103288255632,0.0166494697332,0.0120019288734,-0.00464754085988
10781,6069,5,4,0.0482070147991,0.002868327545,0.0726412460208,0.107104949653,0.0344637036324
10782,1871,3,4,0.0652206242085,0.0420907922089,0.102007091045,0.0633917525411,-0.0386153385043
10783,944,1,4,0.0102236429229,0.00266666989774,0.82683879137,0.859315335751,0.0324765443802
10784,7326,3,5,0.062829554081,0.0110295824707,0.0515901818871,0.0532532148063,0.00166303291917
10786,131,2,5,0.0615436248481,0.0144632710144,0.758937001228,0.4563601017,-0.302576899529
10787,3167,1,6,0.0180287975818,0.0092387245968,0.982304573059,0.912420451641,-0.069884121418
10788,7063,2,7,0.0641947612166,0.0574140921235,0.859982669353,0.603740274906,-0.256242394447
10789,354,2,6,0.138854324818,0.042082823813,0.773923873901,0.352723121643,-0.421200752258
10790,3869,3,6,0.0791376456618,0.0274895709008,0.424950391054,0.265525877476,-0.159424513578
10792,1118,5,5,0.0939892530441,0.0642918646336,0.181411504745,0.187660291791,0.00624878704548
10793,2650,2,8,0.0883506238461,0.0172221381217,0.33373272419,0.123745121062,-0.209987610579
10794,7762,3,4,0.0627834275365,0.00932483095676,0.0966252312064,0.0939360335469,-0.00268919765949
10795,5424,4,3,0.071233086288,0.0127132916823,0.00400994066149,0.00544078089297,0.00143084023148
10796,6571,2,5,0.0969629213214,0.0284474585205,0.834148168564,0.449096798897,-0.385051369667
10798,6128,3,6,0.0939896479249,0.0176319777966,0.364742159843,0.113146483898,-0.251595675945
10799,5998,2,6,0.0751397907734,0.00474025541916,0.0341916866601,0.0222570132464,-0.0119346734136
10800,8607,1,8,0.112363018095,0.0446377359331,0.0633845180273,0.0226676817983,-0.0407168343663
10801,2922,3,10,0.0675178542733,0.0208023805171,0.221099436283,0.120457023382,-0.100642412901
10802,5106,6,6,0.0683694109321,0.0103983022273,0.0519485324621,0.0790753364563,0.0271268039942
10804,6707,2,7,0.109435878694,0.0994299203157,0.917331218719,0.586915075779,-0.330416142941
10805,1062,3,4,0.0473911911249,0.0151957627386,0.237640500069,0.135010525584,-0.102629974484
10806,5594,2,6,0.0638053491712,0.0148707060143,0.175765573978,0.180619969964,0.0048543959856
10807,5480,2,2,0.0690342634916,0.025201773271,0.339785814285,0.167143702507,-0.172642111778
10808,6112,3,5,0.0863097310066,0.0205555763096,0.0468370355666,0.0901672244072,0.0433301888406
10809,1872,3,5,0.0581108815968,0.0121289519593,0.0657711103559,0.12900595367,0.0632348433137
10810,8733,1,5,0.0713881850243,0.0371612273157,0.0369586534798,0.049632910639,0.0126742571592
10811,8428,3,5,0.0376885645092,0.0120953796431,0.149905622005,0.109732232988,-0.0401733890176
10813,7,1,5,0.0958536937833,0.0443093776703,0.211920037866,0.104858972132,-0.107061065733
10814,3148,3,5,0.0366565100849,0.0135635398328,0.0134381912649,0.00866613257676,-0.0047720586881
10815,7101,1,5,0.0514237880707,0.0243412647396,0.0455262809992,0.0596143454313,0.0140880644321
10816,8861,1,5,0.0394926518202,0.010371745564,0.24984806776,0.178822040558,-0.0710260272026
10817,767,3,7,0.0643629357219,0.0072176172398,0.201713606715,0.185381218791,-0.0163323879242
10818,9320,3,10,0.0365993566811,0.0131431818008,0.185584932566,0.137214794755,-0.0483701378107
10819,8097,1,6,0.0431597344577,0.00887015461922,0.0304979775101,0.022794963792,-0.00770301371813
10820,1413,1,3,0.0931427255273,0.0154713280499,0.592510461807,0.281279534101,-0.311230927706
10822,2332,2,4,0.119258202612,0.0374310612679,0.642584204674,0.234838783741,-0.407745420933
10824,1163,4,6,0.0379465483129,0.0013260669075,0.127479895949,0.0991652011871,-0.0283146947622
10825,3339,3,3,0.0338602699339,0.00479447795078,0.0787971392274,0.0349542200565,-0.0438429191709
10826,9170,4,7,0.069061934948,0.0247402898967,0.202724859118,0.204321563244,0.0015967041254
10827,2031,2,6,0.0260026305914,0.00897776801139,0.800924897194,0.808026790619,0.00710189342499
10828,7286,1,6,0.0735086500645,0.0156535543501,0.0406830646098,0.030654778704,-0.0100282859057
10829,2569,1,8,0.0499152727425,0.0201052837074,0.00904070399702,0.0082902321592,-0.000750471837819
10830,3030,1,3,0.0643796846271,0.0195482540876,0.0356684587896,0.0351725071669,-0.000495951622725
10831,6065,5,6,0.0485046803951,0.00871120486408,0.903646945953,0.673908650875,-0.229738295078
10833,944,3,6,0.0941246747971,0.0405817255378,0.0729832574725,0.156087189913,0.0831039324403
10834,808,1,7,0.0657092258334,0.0310419425368,0.232295230031,0.10382951051,-0.12846571207
10836,774,2,7,0.102862305939,0.0150946062058,0.0916487947106,0.072853140533,-0.0187956541777
10837,2535,2,2,0.105969101191,0.0260077994317,0.961520671844,0.621208369732,-0.340312302113
10838,3465,2,5,0.0531428195536,0.0255060456693,0.101736240089,0.0522244460881,-0.0495117940009
10839,3869,1,5,0.0318128652871,0.0153442919254,0.376388370991,0.505707323551,0.12931895256
10840,3197,1,5,0.126016169786,0.103199660778,0.689316570759,0.328801035881,-0.360515534878
10841,2809,5,6,0.147148862481,0.0165787152946,0.0575535446405,0.0827842801809,0.0252307355404
10843,779,5,4,0.102665275335,0.0173381753266,0.910919129848,0.527903616428,-0.38301551342
10844,799,2,3,0.0654317587614,0.0288907755166,0.414977520704,0.229230821133,-0.185746699572
10845,3350,3,6,0.0516204237938,0.0102405007929,0.0574419423938,0.0689760744572,0.0115341320634
10846,2445,1,5,0.0595930702984,0.0153732886538,0.904575288296,0.647182404995,-0.257392883301
10847,1409,2,3,0.0665182843804,0.00865360349417,0.408492445946,0.378712654114,-0.029779791832
10848,5013,3,4,0.106420315802,0.0320827849209,0.0854733511806,0.284906148911,0.199432790279
10849,6912,1,4,0.0720495507121,0.0427776426077,0.119100667536,0.0987279415131,-0.0203727260232
10850,944,1,4,0.0659775435925,0.0112530440092,0.221636071801,0.324687331915,0.103051260114
10851,8663,3,5,0.0763347223401,0.0263604223728,0.00987571291625,0.025408545509,0.0155328325927
10852,2031,1,6,0.0411928296089,0.00152481044643,0.111547961831,0.0593874938786,-0.0521604679525
10854,2323,1,4,0.0439018569887,0.0129232127219,0.0887250080705,0.106903471053,0.0181784629822
10855,1925,2,2,0.0461647324264,0.00323036173359,0.0273213554174,0.0580280832946,0.0307067278773
10856,8440,2,3,0.0453291349113,0.00941899977624,0.0178654771298,0.0282485038042,0.0103830266744
10859,7232,4,17,0.0693201050162,0.0162509605289,0.300683259964,0.239242836833,-0.061440423131
10861,5816,1,8,0.120945967734,0.03313370049,0.568220734596,0.180333182216,-0.387887537479
10862,7965,5,10,0.125121563673,0.0389952808619,0.801359593868,0.353923082352,-0.447436511517
10863,4658,2,5,0.0726225227118,0.0349808931351,0.950764000416,0.686676025391,-0.264087975025
10865,5492,5,4,0.0832909345627,0.0246692765504,0.0944663658738,0.204394862056,0.109928496182
10866,4183,2,5,0.0376510322094,0.0130771389231,0.263069063425,0.207243010402,-0.0558260530233
10867,5612,2,3,0.0888886526227,0.0293074436486,0.188511967659,0.0374416746199,-0.151070296764
10868,4784,2,5,0.0688666775823,0.00419763708487,0.116371020675,0.0200745705515,-0.0962964519858
10869,6382,2,7,0.0360351614654,0.00220179092139,0.0633138939738,0.0468261353672,-0.0164877586067
10870,6011,1,6,0.19626198709,0.130519777536,0.000527431955561,0.00562201393768,0.00509458221495
10872,376,3,7,0.0498092658818,0.00974383298308,0.292281806469,0.12992271781,-0.162359088659
10873,6145,3,4,0.0890232920647,0.0263970177621,0.0440010651946,0.0309495180845,-0.0130515471101
10874,777,1,8,0.0318143814802,0.0179059561342,0.962385237217,0.823019564152,-0.139365673065
10875,2567,1,5,0.0689058229327,0.0298958905041,0.14405490458,0.113071523607,-0.0309833809733
10876,9014,3,4,0.0758654847741,0.0241309348494,0.0115039525554,0.0210546981543,0.00955074559897
10877,5872,1,7,0.0657780766487,0.027506750077,0.190241605043,0.177174523473,-0.0130670815706
10879,5991,2,3,0.0961782857776,0.0516016148031,0.0555626451969,0.0827862396836,0.0272235944867
10880,7033,1,4,0.0544234067202,0.017159063369,0.406226336956,0.235399737954,-0.170826599002
10881,4397,4,10,0.0594208650291,0.0103938905522,0.0329744555056,0.0504796355963,0.0175051800907
10882,3771,3,3,0.0272044315934,0.00579000683501,0.0637250691652,0.0697867944837,0.00606172531843
10884,1978,2,5,0.0288266912103,0.00441343849525,0.0825082808733,0.106232337654,0.0237240567803
10885,2846,3,3,0.0342803113163,0.00271989777684,0.0500679090619,0.051241338253,0.00117342919111
10886,5718,4,4,0.057480763644,0.00638530636206,0.429203003645,0.230850756168,-0.198352247477
10887,6038,1,8,0.0632649958134,0.0317529551685,0.0257502738386,0.0669256448746,0.0411753728986
10888,4163,3,5,0.0481984429061,0.0118378512561,0.295122414827,0.173721909523,-0.121400505304
10889,5898,1,8,0.0476380288601,0.0109373377636,0.157056748867,0.132462963462,-0.0245937854052
10890,771,2,4,0.152181372046,0.0157194845378,0.285304754972,0.280269414186,-0.00503534078598
10891,5024,3,9,0.0647817254066,0.0185274127871,0.374139934778,0.373401880264,-0.000738054513931
10893,8884,4,6,0.0791119858623,0.0224364921451,0.500304877758,0.209912583232,-0.290392279625
10895,8491,2,14,0.284610688686,0.167677000165,0.795716822147,0.215012982488,-0.580703854561
10896,8559,4,16,0.0394752472639,0.0202672425658,0.30827793479,0.210164144635,-0.0981137901545
10897,7058,2,8,0.0554539375007,0.0115592861548,0.0864185094833,0.0374590419233,-0.0489594675601
10898,8358,1,3,0.0586850754917,0.0110919121653,0.305443495512,0.14394043386,-0.161503061652
10899,1341,3,4,0.0553107559681,0.0548417456448,0.701249539852,0.49622413516,-0.205025404692
10900,4273,3,6,0.0855955779552,0.0177328269929,0.0276784338057,0.0375784114003,0.00989997759461
10901,6021,3,4,0.0308922287077,0.0172108709812,0.141263514757,0.117238640785,-0.0240248739719
10902,86,4,4,0.0684004947543,0.00935332663357,0.293160766363,0.0951261743903,-0.198034584522
10903,7197,1,5,0.0394502170384,0.0084223607555,0.0612870305777,0.0635715797544,0.00228454917669
10904,8874,2,6,0.031621593982,0.00136747187935,0.452863365412,0.460982590914,0.00811922550201
10906,5497,1,16,0.103782363236,0.0719188377261,0.772700250149,0.415656208992,-0.357044041157
10907,8287,1,2,0.0408840961754,0.0187996141613,0.32193878293,0.180810511112,-0.141128271818
10908,490,2,3,0.07342518121,0.0236675478518,0.134619519114,0.0274435952306,-0.107175923884
10909,6199,3,2,0.04621347785,0.0150270946324,0.046012353152,0.0457474552095,-0.000264897942543
10910,6625,3,5,0.0909968987107,0.0268568731844,0.347604334354,0.0814855769277,-0.266118764877
10912,8780,4,3,0.053506527096,0.0103203235194,0.0190296452492,0.0273301769048,0.00830053165555
10913,8460,1,4,0.0350523293018,0.0142536731437,0.0718303322792,0.0364884026349,-0.0353419296443
10917,476,2,5,0.0130208255723,0.0105255804956,0.740010738373,0.685125529766,-0.0548852086067
10918,932,3,7,0.0446311086416,0.0137900123373,0.0818927958608,0.0918601378798,0.00996734201908
10919,106,1,6,0.0732875838876,0.0344939567149,0.425153523684,0.311903744936,-0.113249778748
10920,3147,4,5,0.0895808637142,0.0474644191563,0.993946492672,0.743458092213,-0.250488400459
10921,6712,1,4,0.0744899436831,0.0339792966843,0.558433234692,0.336312621832,-0.22212061286
10922,1700,1,5,0.0852550342679,0.0468106381595,0.938473165035,0.638167440891,-0.300305724144
10923,8134,1,5,0.153135895729,0.0480222404003,0.864757597446,0.383358865976,-0.48139873147
10924,4631,2,4,0.0484459809959,0.0128900101408,0.0120315058157,0.0240821707994,0.0120506649837
10925,3869,3,5,0.0939376950264,0.0387883000076,0.769961118698,0.39793536067,-0.372025758028
10926,3156,3,7,0.041956987232,0.0207038931549,0.0112163554877,0.0188965070993,0.00768015161157
10927,3452,3,1,0.0698813125491,0.0123477457091,0.0322305932641,0.0406139604747,0.00838336721063
10928,2061,2,7,0.0344020016491,0.00993370637298,0.194671958685,0.136919438839,-0.057752519846
10930,1873,1,2,0.0231649037451,0.006519111339,0.393683344126,0.347806304693,-0.0458770394325
10932,9301,2,7,0.0515698902309,0.0167410057038,0.0115034691989,0.00855292845517,-0.00295054074377
10933,4585,3,3,0.0667584910989,0.0281357765198,0.243977546692,0.147584661841,-0.0963928848505
10935,2849,1,6,0.0941403135657,0.0238533485681,0.540492773056,0.358481287956,-0.1820114851
10936,1409,3,6,0.0859389901161,0.0238121990114,0.537602782249,0.876970589161,0.339367806911
10937,5010,1,9,0.0445054881275,0.014915487729,0.0129788257182,0.022445961833,0.00946713611484
10938,2445,2,5,0.0995455682278,0.0353304594755,0.455552816391,0.146523728967,-0.309029102325
10939,6782,3,5,0.0466539375484,0.0199309568852,0.32739251852,0.239659667015,-0.0877328515053
10940,8872,3,5,0.0432591252029,0.00709709199145,0.270173966885,0.152092263103,-0.118081703782
10942,7913,4,4,0.0539945363998,0.0103330956772,0.237939357758,0.0871527493,-0.150786608458
10943,1894,2,7,0.0483851246536,0.0151529219002,0.166016578674,0.0621291212738,-0.103887453675
10944,471,1,7,0.0420524291694,0.010628445074,0.538009643555,0.463192671537,-0.0748169720173
10945,6158,1,3,0.0795655846596,0.0186801981181,0.271209746599,0.0875433906913,-0.183666348457
10946,3234,3,4,0.173710048199,0.0588951781392,0.872313380241,0.357913732529,-0.514399647713
10947,1180,4,4,0.0845966413617,0.022908275947,0.429754912853,0.175883889198,-0.253871023655
10949,6938,2,5,0.0465149693191,0.0106834517792,0.264194637537,0.165981978178,-0.098212659359
10950,3803,1,4,0.0485564954579,0.000993697438389,0.0897402539849,0.154348447919,0.064608193934
10951,8014,3,4,0.139954760671,0.0883818864822,0.856222450733,0.409093350172,-0.447129100561
10952,1619,3,3,0.0828617811203,0.0260707642883,0.0581396408379,0.0316232927144,-0.0265163481236
10953,5890,1,7,0.0513935349882,0.00332900485955,0.274804770947,0.292651414871,0.0178466439247
10954,131,1,7,0.0328773297369,0.0159706939012,0.762201428413,0.737921535969,-0.0242798924446
10955,698,1,5,0.0396918840706,0.0132018113509,0.769068479538,0.666009485722,-0.103058993816
10956,78,2,5,0.16014778614,0.0529968477786,0.841560184956,0.331517130136,-0.510043025017
10957,5718,1,3,0.179762080312,0.0186063144356,0.723336160183,0.183575108647,-0.539761066437
10958,8933,1,4,0.0245778206736,0.00590231688693,0.072036460042,0.0998817756772,0.0278453156352
10959,6959,5,4,0.0712530091405,0.0222826506943,0.0539565421641,0.0588414818048,0.00488493964076
10961,304,1,7,0.0454317331314,0.007287458051,0.60185354948,0.526259899139,-0.075593650341
10962,2911,3,4,0.0363641791046,0.0192967709154,0.903815865517,0.718888342381,-0.184927523136
10963,131,1,7,0.0110925883055,0.00531304068863,0.951715826988,0.890692412853,-0.061023414135
10964,3349,1,5,0.0470986478031,0.0148813799024,0.0515665709972,0.0269276946783,-0.0246388763189
10965,6491,1,6,0.162264898419,0.0340442433953,0.866617679596,0.367506146431,-0.499111533165
10966,5712,3,3,0.0446959771216,0.0144866919145,0.0503095984459,0.0458960644901,-0.00441353395581
10968,3148,3,2,0.0918221846223,0.0785688087344,0.201729878783,0.457671165466,0.255941271782
10969,5379,1,10,0.0861425027251,0.0188471060246,0.101323239505,0.126853480935,0.0255302414298
10970,8108,4,4,0.0476584620774,0.0258884821087,0.48249784112,0.344479322433,-0.138018518686
10971,2039,1,5,0.022548744455,0.00781166926026,0.0363090857863,0.0353210531175,-0.000988032668829
10973,8461,3,7,0.105695664883,0.0694039389491,0.601340830326,0.274702519178,-0.326638311148
10974,8864,2,7,0.0600782521069,0.0178620070219,0.635256707668,0.39487528801,-0.240381419659
10975,3941,4,9,0.044384855777,0.0151807777584,0.312362998724,0.459414333105,0.147051334381
10976,6150,1,5,0.0514725781977,0.0114969080314,0.0375994257629,0.0387441366911,0.0011447109282
10977,8532,3,7,0.0392892695963,0.0142536656931,0.137269467115,0.184333369136,0.0470639020205
10978,1409,3,4,0.0602064169943,0.0153849693015,0.12506942451,0.109999634326,-0.0150697901845
10979,6636,2,6,0.0785641148686,0.0253205616027,0.357501089573,0.195659562945,-0.161841526628
10980,6431,1,8,0.0820607319474,0.0471447743475,0.119774438441,0.079839207232,-0.0399352312088
10981,7662,2,6,0.064328789711,0.00982312951237,0.028073053807,0.0163141246885,-0.0117589291185
10982,5944,1,5,0.0504259355366,0.0147570874542,0.155845239758,0.108432389796,-0.0474128499627
10983,2012,1,6,0.0721029937267,0.0315652899444,0.24508690834,0.138289764524,-0.106797143817
10985,292,2,4,0.0258921030909,0.0106749627739,0.331526130438,0.362162142992,0.0306360125542
10986,4993,2,4,0.0692586302757,0.0159860700369,0.0250325612724,0.0390042550862,0.0139716938138
10988,6037,4,3,0.0459034182131,0.0127799529582,0.0361915118992,0.0359503664076,-0.0002411454916
10989,8790,7,10,0.0305258985609,0.00772269628942,0.535467326641,0.42519775033,-0.110269576311
10990,3935,4,14,0.0278831925243,0.0172412078828,0.756549954414,0.66090708971,-0.0956428647041
10991,7251,1,9,0.0463850013912,0.0268445424736,0.573417842388,0.377645492554,-0.195772349834
10992,8847,1,11,0.065917275846,0.0293920636177,0.941843450069,0.689577639103,-0.252265810966
10993,7161,1,10,0.0345710255206,0.0158168878406,0.478594481945,0.445911258459,-0.0326832234859
10994,7222,2,4,0.0799138173461,0.0118799451739,0.155093044043,0.143315002322,-0.0117780417204
10995,7308,6,9,0.019895484671,0.0124343689531,0.765297293663,0.679092466831,-0.0862048268318
10996,4264,2,6,0.0416843891144,0.0212512481958,0.0390651971102,0.0627463236451,0.0236811265349
10997,5977,1,3,0.0327441729605,0.00715033430606,0.402121782303,0.499297589064,0.0971758067608
10998,3774,1,6,0.074296168983,0.00761020556092,0.0233270581812,0.0911727622151,0.0678457021713
10999,6335,2,7,0.190035030246,0.110062114894,0.912222981453,0.401411980391,-0.51081097126
